รเ X/Y,0,1,2,3,4,5,6,7,8,9,10,11,12,13,14,15,16,17,18,19,20,21,22,23,24,25,26,27,28,29,30,31,32,33,34,35,36,37,38,39,40,41,42,43,44,45,46,47,48,49,50,51,52,53,54,55,56,57,58,59,60,61,62,63,64,65,66,67,68,69,70,71,72,73,74,75,76,77,78,79,80,81,82,83,84,85,86,87,88,89,90,91,92,93,94,95,96,97,98,99,100,101,102,103,104,105,106,107,108,109,110,111,112,113,114,115,116,117,118,119,120,121,122,123,124,125,126,127,128,129,130,131,132,133,134,135,136,137,138,139,140,141,142,143,144,145,146,147,148,149,150,151,152,153,154,155,156,157,158,159,160,161,162,163,164,165,166,167,168,169,170,171,172,173,174,175,176,177,178,179,180,181,182,183,184,185,186,187,188,189,190,191,192,193,194,195,196,197,198,199,200,201,202,203,204,205,206,207,208,209,210,211,212,213,214,215,216,217,218,219,220,221,222,223,224,225,226,227,228,229,230,231,232,233,234,235,236,237,238,239,240,241,242,243,244,245,246,247,248,249,250,251,252,253,254,255
0,25.4,25.0,25.1,25.1,25.0,25.1,25.3,25.0,25.3,25.1,25.1,25.0,25.1,25.1,24.7,24.7,24.9,24.7,24.9,24.6,24.5,24.6,24.5,24.7,24.3,24.7,24.7,24.7,24.6,24.2,24.3,24.1,24.0,23.6,23.1,22.7,22.1,22.4,22.4,22.7,22.4,22.2,22.4,22.1,21.8,22.0,21.5,21.7,21.8,21.5,21.5,21.4,21.6,21.4,21.4,21.2,21.4,21.2,21.2,21.2,21.2,21.2,21.2,21.6,21.5,21.6,21.8,22.0,22.0,23.3,23.3,23.8,24.2,24.1,24.4,24.7,24.6,24.7,24.7,24.9,25.1,25.1,25.3,25.4,25.8,25.7,26.0,26.1,26.3,26.8,26.5,26.9,27.4,28.0,28.6,29.0,29.7,30.3,30.7,30.9,31.2,31.4,31.7,31.7,31.7,31.7,31.9,32.0,31.7,32.0,32.2,32.2,32.5,32.3,32.3,32.5,32.5,32.5,32.5,32.3,32.2,32.2,32.2,32.0,32.0,32.2,32.2,32.3,32.8,32.8,32.8,32.7,32.0,31.7,32.2,32.2,32.0,31.9,31.6,31.5,31.5,31.4,31.4,31.2,31.1,31.0,30.8,30.1,30.0,29.0,27.5,26.3,24.5,23.3,22.8,22.1,22.0,22.0,21.7,21.6,21.5,21.6,21.7,21.9,21.9,21.9,21.8,22.0,22.0,22.1,21.8,22.0,21.7,21.8,21.8,21.6,21.5,21.6,21.5,21.5,21.4,21.5,21.2,21.2,21.4,21.2,21.5,21.0,21.4,21.0,21.2,21.0,21.0,21.4,20.8,21.2,21.2,21.2,21.2,21.2,21.0,21.2,21.2,21.2,21.0,21.2,20.9,21.2,21.2,21.2,21.2,21.4,21.2,21.4,20.9,21.5,21.4,21.2,21.2,21.6,21.4,21.4,21.2,21.4,21.4,21.2,21.5,21.4,21.4,21.4,21.4,21.0,21.4,20.8,21.2,21.2,21.2,21.4,21.2,21.6,21.4,21.2,21.5,21.6,21.4,21.2,21.4,21.5,21.5,21.4,21.5,21.5,21.7,21.7,21.7,21.7
1,25.0,25.0,25.3,25.1,25.1,25.1,25.3,25.3,25.0,25.3,25.1,25.0,25.0,24.9,24.8,24.7,24.7,25.0,24.7,24.7,24.8,24.7,24.6,24.7,24.5,24.8,24.8,24.9,24.7,24.5,24.6,24.7,24.7,24.9,24.9,24.5,24.3,24.3,24.5,24.6,24.5,24.3,24.1,23.8,23.2,23.1,22.4,22.1,21.8,21.8,21.5,21.5,21.5,21.5,21.4,21.4,21.2,21.4,21.4,21.4,21.4,21.4,21.4,21.6,21.6,22.0,22.4,23.0,23.3,23.9,24.3,24.4,24.5,24.6,24.6,24.7,24.9,24.7,24.8,24.9,24.9,25.1,25.3,25.4,25.6,25.7,25.8,26.0,26.1,26.3,26.4,26.9,27.1,27.2,27.4,28.1,28.4,29.0,29.5,29.8,30.7,30.8,31.0,31.2,31.4,31.5,31.7,31.9,31.9,32.2,32.0,32.2,32.2,32.2,32.5,32.6,32.5,32.5,32.5,32.3,32.2,32.2,32.2,32.0,32.2,32.3,32.3,32.5,32.8,32.8,32.8,32.6,32.5,32.3,32.2,32.0,32.2,31.9,31.9,31.7,31.7,31.6,31.5,31.5,31.3,31.2,31.0,30.9,30.6,30.0,29.8,28.9,27.7,26.0,24.7,23.5,23.0,22.4,22.1,22.0,21.8,21.8,21.9,21.9,21.9,22.0,21.9,21.9,22.0,22.0,21.9,21.7,21.5,21.5,21.6,21.7,21.4,21.5,21.5,21.5,21.4,21.5,21.4,21.2,21.2,21.5,21.2,21.2,21.2,21.2,21.2,21.2,21.2,21.2,21.2,21.2,21.2,21.2,21.2,21.2,21.4,21.2,21.2,21.2,21.2,21.0,21.2,21.4,21.2,21.2,21.2,21.0,21.2,21.2,21.2,21.4,21.4,21.2,21.2,21.5,21.2,21.4,21.5,21.4,21.4,21.2,21.4,21.4,21.4,21.4,21.4,21.4,21.4,21.5,21.5,21.5,21.5,21.4,21.4,21.5,21.4,21.4,21.5,21.6,21.4,21.2,21.6,21.5,21.5,21.5,21.5,21.7,21.6,21.7,21.6,21.5
2,25.1,25.3,25.3,25.3,25.3,25.3,25.0,25.0,25.0,25.0,25.0,25.0,25.0,24.8,24.7,24.8,24.7,24.7,24.7,24.8,24.5,24.7,24.6,24.7,24.7,24.7,24.8,24.8,24.7,24.7,24.6,24.7,24.7,24.8,25.0,24.9,24.8,24.8,24.7,24.8,25.1,24.9,25.1,25.0,25.0,24.8,24.5,23.6,23.0,22.2,21.9,21.8,21.6,21.5,21.4,21.4,21.5,21.5,21.5,21.6,21.5,21.5,21.5,21.8,22.4,23.0,23.5,24.1,24.2,24.6,24.5,24.7,24.7,24.6,24.6,24.7,24.7,24.9,24.9,25.1,25.1,25.1,25.0,25.1,25.3,25.4,25.5,25.7,25.7,26.0,26.0,26.3,26.6,26.8,26.6,27.2,27.5,27.9,28.4,28.7,29.2,29.6,29.8,30.3,30.5,30.7,30.8,30.9,31.3,31.5,31.7,31.7,31.9,32.2,32.3,32.3,32.5,32.5,32.5,32.3,32.2,32.2,32.0,32.2,32.2,32.5,32.2,32.7,32.8,32.9,32.8,32.6,32.3,32.3,32.3,32.2,32.2,32.2,32.0,31.9,31.9,31.7,31.7,31.7,31.6,31.6,31.5,31.3,31.1,30.7,30.6,30.0,29.8,28.9,27.5,25.8,24.6,23.3,23.0,22.1,22.0,22.0,22.0,21.9,21.8,21.9,21.7,21.9,21.8,21.8,21.6,21.6,21.5,21.6,21.5,21.5,21.5,21.4,21.5,21.5,21.2,21.2,21.2,21.2,21.4,21.2,21.2,21.2,21.2,21.2,21.2,21.2,21.2,21.2,21.2,21.2,21.2,21.2,21.2,21.2,21.2,21.2,21.2,21.2,21.2,21.2,21.2,21.2,21.2,21.2,21.0,21.2,21.2,21.2,21.2,21.4,21.2,21.4,21.2,21.4,21.5,21.4,21.5,21.2,21.4,21.2,21.4,21.2,21.4,21.4,21.4,21.5,21.5,21.4,21.4,21.4,21.4,21.4,21.5,21.5,21.5,21.5,21.5,21.5,21.4,21.5,21.5,21.5,21.4,21.5,21.7,21.7,21.5,21.5,21.8,21.7
3,25.0,25.0,25.0,25.1,25.1,25.1,25.0,25.0,25.0,25.1,25.1,25.0,25.0,24.9,24.8,24.9,24.7,24.8,24.7,24.7,24.7,24.7,24.6,24.7,24.7,24.7,24.9,24.8,24.7,24.7,24.6,24.7,24.7,24.7,24.8,24.8,24.7,24.7,24.7,24.6,24.7,24.6,24.7,24.9,25.0,25.4,24.9,24.7,24.5,24.0,23.4,22.8,22.2,21.9,21.6,21.7,21.6,21.6,21.5,21.5,21.7,22.0,22.1,22.7,23.4,24.0,24.3,24.5,24.5,24.7,24.7,24.7,24.7,24.7,24.7,24.7,24.7,24.7,24.7,24.6,24.6,24.6,24.7,24.5,24.7,24.8,25.0,25.3,25.1,25.4,25.5,25.7,25.8,26.0,26.3,26.4,26.8,27.1,27.3,27.6,27.8,28.4,28.5,28.8,29.1,29.1,29.4,29.6,30.1,30.5,30.6,31.2,31.5,31.7,32.0,32.0,32.2,32.2,32.2,32.2,32.2,32.2,32.2,32.2,32.2,32.5,32.5,32.8,32.9,32.9,32.9,32.8,32.6,32.5,32.3,32.2,32.2,32.2,32.0,32.2,32.0,31.9,31.9,31.9,31.9,31.7,31.7,31.5,31.3,31.2,31.1,30.9,30.5,30.3,29.5,28.6,27.6,25.8,24.3,23.1,22.6,22.2,22.1,22.0,22.0,21.8,21.7,21.8,21.8,21.6,21.5,21.6,21.5,21.5,21.4,21.4,21.5,21.5,21.4,21.5,21.4,21.4,21.4,21.4,21.2,21.2,21.2,21.2,21.2,21.2,21.2,21.2,21.2,21.2,21.2,21.2,21.0,21.2,21.4,21.2,21.2,21.2,21.2,21.2,21.2,21.4,21.2,21.2,21.2,21.2,21.2,21.4,21.2,21.4,21.2,21.2,21.4,21.4,21.2,21.2,21.2,21.4,21.4,21.2,21.2,21.2,21.2,21.2,21.4,21.2,21.2,21.4,21.4,21.5,21.5,21.5,21.4,21.4,21.2,21.5,21.5,21.4,21.7,21.7,21.7,21.4,21.5,21.5,21.6,21.5,21.5,21.5,21.6,21.6,21.6,21.4
4,25.0,25.1,25.3,25.1,25.0,25.0,25.1,25.0,25.0,25.0,25.0,25.1,24.9,24.9,24.8,24.7,24.8,24.7,24.7,24.8,24.7,24.7,24.7,24.7,24.6,24.7,24.7,25.0,24.8,24.6,24.5,24.5,24.5,24.6,24.7,24.5,24.4,24.5,24.7,24.7,24.7,24.7,24.7,24.9,25.1,25.3,24.8,24.7,24.5,24.7,24.9,24.9,24.3,23.1,22.4,22.1,21.9,21.8,21.9,22.0,22.1,22.6,23.3,24.0,24.3,24.5,24.5,24.6,24.6,24.7,24.7,24.7,24.6,24.6,24.5,24.5,24.5,24.5,24.5,24.4,24.5,24.5,24.6,24.6,24.7,24.7,24.8,24.8,25.1,25.0,25.1,25.3,25.3,25.6,25.6,25.7,25.8,26.1,26.4,26.8,27.0,27.2,27.3,27.6,28.0,28.2,28.2,28.6,28.9,29.1,29.3,29.7,30.0,30.5,30.8,31.2,31.7,31.7,31.7,32.0,32.0,32.2,32.2,32.2,32.3,32.2,32.2,32.6,32.8,32.9,32.8,32.6,32.5,32.5,32.2,32.2,32.3,32.2,32.2,32.2,32.2,32.2,32.0,32.0,31.9,31.9,31.7,31.7,31.6,31.5,31.3,31.3,31.0,30.7,30.6,30.0,29.5,28.5,27.5,25.8,24.1,23.3,22.6,22.4,22.0,21.9,21.9,21.8,21.7,21.6,21.5,21.6,21.5,21.2,21.4,21.4,21.5,21.4,21.4,21.4,21.4,21.4,21.4,21.4,21.2,21.2,21.2,21.4,21.0,21.2,21.2,21.2,21.2,21.2,21.2,21.2,21.2,21.2,21.2,21.2,21.2,21.2,21.2,21.2,21.2,21.4,21.2,21.2,21.4,21.2,21.2,21.2,21.2,21.2,21.2,21.2,21.4,21.2,21.2,21.2,21.2,21.2,21.2,21.2,21.4,21.2,21.2,21.2,21.2,21.2,21.4,21.4,21.4,21.4,21.5,21.5,21.4,21.5,21.5,21.5,21.4,21.5,21.6,21.4,21.6,21.7,21.5,21.7,21.7,21.5,21.5,21.5,21.5,21.5,21.5,21.4
5,24.9,24.9,25.0,25.0,25.0,25.0,25.1,24.9,25.0,25.0,25.0,25.1,25.1,24.9,25.0,24.9,24.9,24.8,24.9,24.9,24.8,24.9,24.7,24.8,24.8,24.8,24.7,24.9,24.7,24.6,24.5,24.5,24.3,24.1,23.8,23.4,23.1,22.9,23.0,23.1,23.2,23.5,23.8,24.1,24.5,24.8,24.7,24.5,24.5,24.7,25.5,26.1,26.8,26.0,24.7,23.4,22.7,22.4,22.4,22.7,23.1,24.0,24.0,24.7,24.6,24.6,24.5,24.6,24.6,24.6,24.6,24.6,24.4,24.4,24.4,24.4,24.3,24.4,24.5,24.3,24.3,24.4,24.4,24.5,24.5,24.5,24.5,24.7,24.7,24.7,24.8,24.7,24.7,25.0,25.0,25.3,25.4,25.6,25.7,25.8,25.9,26.2,26.6,26.9,27.0,27.1,27.5,27.7,27.9,28.1,28.2,28.4,28.6,29.0,29.3,29.8,30.6,30.8,31.4,31.5,31.7,31.9,31.9,32.2,32.2,32.2,32.5,32.5,32.9,32.8,32.8,32.5,32.5,32.5,32.6,32.5,32.2,32.3,32.2,32.2,32.2,32.2,32.2,32.0,32.0,31.9,31.7,31.7,31.7,31.6,31.5,31.4,31.4,31.2,31.0,30.7,30.5,30.0,29.4,28.6,27.0,25.3,24.0,23.1,22.7,22.4,22.0,21.7,21.8,21.7,21.5,21.5,21.5,21.4,21.2,21.5,21.4,21.4,21.5,21.5,21.2,21.4,21.2,21.4,21.2,21.4,21.2,21.4,21.0,21.0,21.2,21.2,21.0,21.2,21.2,21.2,21.2,21.2,21.2,21.0,21.2,21.2,21.2,21.2,21.2,21.2,21.2,21.2,21.2,21.2,21.2,21.2,21.2,21.2,21.4,21.2,21.2,21.2,21.2,21.2,21.2,21.2,21.2,21.2,21.2,21.2,21.2,21.2,21.2,21.4,21.2,21.4,21.4,21.4,21.4,21.4,21.4,21.4,21.2,21.4,21.4,21.4,21.5,21.5,21.5,21.5,21.6,21.5,21.5,21.6,21.5,21.5,21.5,21.6,21.6,21.7
6,25.3,25.0,25.1,25.1,25.1,25.1,25.0,25.0,25.0,25.0,25.1,25.0,25.0,25.0,25.0,24.8,24.8,25.0,24.9,24.9,24.9,24.9,24.7,24.9,24.8,24.7,24.8,25.0,24.7,24.6,24.5,24.2,23.4,22.7,22.0,22.0,22.0,21.8,21.9,21.7,21.7,21.8,22.1,22.1,22.6,23.1,23.4,23.9,24.4,24.9,25.8,26.8,27.7,27.7,26.5,25.4,24.6,24.2,24.3,24.3,24.4,24.7,24.7,24.7,24.7,24.7,24.7,24.6,24.6,24.5,24.4,24.4,24.4,24.3,24.3,24.4,24.3,24.4,24.4,24.3,24.4,24.5,24.4,24.5,24.5,24.6,24.6,24.7,24.6,24.7,24.7,24.6,24.7,24.7,24.8,24.8,24.8,24.9,24.9,25.3,25.5,25.4,25.8,25.8,26.0,26.3,26.3,26.8,27.1,27.4,27.6,27.6,28.0,28.1,28.4,28.5,29.0,29.0,29.6,30.3,30.9,31.2,31.6,31.7,31.7,32.2,32.2,32.3,32.8,32.7,32.6,32.6,32.5,32.5,32.5,32.5,32.5,32.5,32.3,32.2,32.2,32.2,32.2,32.2,32.0,32.0,32.0,32.0,31.9,31.9,31.7,31.6,31.5,31.5,31.3,31.2,30.8,30.6,30.1,30.1,29.3,28.4,27.0,25.4,23.9,23.2,22.6,22.2,21.9,21.9,21.7,21.7,21.6,21.5,21.5,21.2,21.4,21.4,21.4,21.5,21.2,21.5,21.4,21.4,21.5,21.4,21.4,21.4,21.2,21.2,21.2,21.2,21.2,21.2,21.0,21.2,21.2,21.2,21.2,21.2,21.2,21.2,21.2,21.2,21.2,21.2,21.4,21.2,21.2,21.2,21.2,21.2,21.2,21.2,21.2,21.2,21.4,21.2,21.2,21.2,21.2,21.2,21.2,21.2,21.2,21.2,21.2,21.2,21.0,21.2,21.2,21.4,21.2,21.2,21.4,21.4,21.2,21.5,21.4,21.5,21.4,21.4,21.5,21.5,21.4,21.4,21.7,21.5,21.5,21.5,21.8,21.6,21.7,21.7,21.7,21.7
7,25.1,25.1,25.3,25.1,25.3,25.1,25.1,25.3,25.1,25.1,25.1,25.1,25.1,25.0,24.9,25.0,24.9,24.9,24.8,24.8,24.8,24.9,25.0,24.9,24.8,24.9,24.9,25.0,24.7,24.6,24.2,23.5,22.8,21.8,21.8,21.7,21.4,21.5,21.5,21.5,21.5,21.4,21.7,21.4,21.7,21.7,21.7,22.1,22.7,23.5,24.9,26.4,27.3,27.5,26.1,25.3,24.7,24.8,24.8,24.9,24.8,24.9,24.9,24.7,24.8,24.7,24.7,24.5,24.4,24.3,24.4,24.4,24.4,24.4,24.3,24.2,24.3,24.3,24.3,24.3,24.3,24.5,24.5,24.5,24.4,24.5,24.5,24.5,24.7,24.6,24.7,24.7,24.7,24.6,24.6,24.7,24.7,24.7,24.6,24.8,24.7,24.9,25.3,25.1,25.6,25.7,25.7,25.9,26.3,26.4,26.9,27.1,27.3,27.5,27.6,27.9,28.1,28.1,28.5,28.9,29.3,30.0,30.6,31.0,31.5,31.7,32.0,32.2,32.5,32.5,32.5,32.3,32.2,32.2,32.2,32.3,32.2,32.3,32.3,32.3,32.5,32.2,32.2,32.0,32.0,32.2,32.0,32.0,32.0,32.0,31.9,31.9,31.7,31.6,31.7,31.5,31.4,31.2,30.8,30.6,30.4,29.8,29.3,28.4,27.1,25.3,24.0,23.1,22.4,22.1,21.8,21.8,21.6,21.5,21.4,21.5,21.5,21.5,21.5,21.5,21.5,21.4,21.4,21.4,21.5,21.4,21.4,21.2,21.2,21.4,21.2,21.2,21.2,21.2,21.2,21.2,21.2,21.2,21.2,21.2,21.2,21.2,21.2,21.2,21.2,21.2,21.2,21.2,21.2,21.2,21.4,21.2,21.2,21.2,21.2,21.2,21.2,21.4,21.4,21.2,21.4,21.2,21.4,21.4,21.4,21.4,21.2,21.4,21.2,21.4,21.0,21.2,21.5,21.4,21.4,21.5,21.5,21.2,21.5,21.4,21.4,21.4,21.5,21.4,21.5,21.6,21.6,21.5,21.7,21.5,21.5,21.6,21.6,21.6,21.6,21.6
8,25.1,25.1,25.3,25.3,25.1,25.3,25.3,25.1,25.1,25.1,25.0,25.0,24.9,24.9,25.1,25.1,24.8,25.0,24.8,24.8,24.8,24.7,25.0,25.0,24.9,24.9,25.0,24.8,24.7,24.4,23.6,22.8,22.0,21.8,21.5,21.5,21.5,21.4,21.2,21.4,21.4,21.0,21.4,21.5,21.4,21.4,21.5,21.5,21.8,22.1,22.7,24.1,25.9,26.8,25.8,24.9,24.9,24.7,24.7,24.8,24.7,25.0,24.9,24.9,24.7,24.7,24.7,24.5,24.5,24.5,24.4,24.4,24.4,24.3,24.3,24.3,24.3,24.3,24.3,24.3,24.5,24.5,24.4,24.5,24.5,24.4,24.5,24.4,24.7,24.7,24.7,24.7,24.7,24.7,24.7,24.5,24.6,24.5,24.5,24.6,24.7,24.7,24.8,24.7,24.8,25.0,25.1,25.3,25.6,25.7,26.0,26.3,26.4,27.0,27.2,27.3,27.5,27.5,27.9,27.8,28.1,28.6,29.1,29.8,30.5,31.2,31.7,31.9,32.2,32.2,32.2,32.2,32.2,32.2,32.2,32.5,32.2,32.3,32.2,32.2,32.2,32.2,32.3,32.2,32.0,32.2,32.0,32.0,32.2,32.0,32.0,31.9,31.9,31.9,31.9,31.6,31.5,31.4,31.1,31.0,30.8,30.6,30.3,29.8,29.2,28.4,26.9,24.9,23.6,22.8,22.4,22.0,22.0,21.7,21.7,21.5,21.4,21.4,21.6,21.5,21.4,21.5,21.4,21.4,21.4,21.4,21.4,21.4,21.2,21.4,21.2,21.2,21.2,21.2,21.2,21.2,21.2,21.2,21.4,21.4,21.2,21.2,21.2,21.2,21.2,21.2,21.4,21.2,21.2,21.2,21.2,21.2,21.2,21.2,21.2,21.2,21.2,21.2,21.0,21.2,21.4,21.2,21.4,21.2,21.2,21.2,21.2,21.2,21.2,21.2,21.2,21.2,21.2,21.2,21.2,21.2,21.4,21.2,21.2,21.4,21.4,21.4,21.5,21.2,21.6,21.5,21.5,21.7,21.7,21.5,21.6,21.6,21.6,21.6,21.6,21.8
9,25.0,25.3,25.3,25.1,25.1,25.1,25.0,25.0,25.1,25.0,25.0,24.9,25.0,25.1,24.9,25.1,24.7,24.8,24.7,24.9,24.7,24.9,24.9,25.1,24.9,24.9,24.9,25.0,24.5,24.1,23.1,22.1,21.7,21.6,21.5,21.2,21.4,21.2,21.2,21.2,21.2,21.2,21.2,21.2,20.9,21.2,21.2,21.4,21.4,21.4,21.8,22.1,22.8,24.7,25.1,24.7,24.6,24.6,24.7,24.8,24.9,24.8,24.9,24.8,24.7,24.6,24.5,24.5,24.4,24.4,24.4,24.4,24.4,24.3,24.3,24.2,24.3,24.3,24.4,24.2,24.2,24.5,24.5,24.4,24.4,24.4,24.5,24.4,24.5,24.6,24.6,24.5,24.5,24.5,24.5,24.5,24.5,24.5,24.4,24.6,24.5,24.5,24.6,24.6,24.7,24.7,24.6,24.7,25.0,25.1,25.3,25.6,25.7,25.9,26.3,26.8,26.9,27.1,27.2,27.4,27.4,27.6,27.9,28.1,28.8,29.8,30.6,31.0,31.5,31.7,32.0,32.0,32.0,32.0,32.2,32.2,32.2,32.2,32.2,32.2,32.2,32.2,32.2,32.2,32.2,32.0,32.2,32.2,32.2,32.0,32.0,32.0,32.0,31.9,31.9,31.9,31.7,31.5,31.4,31.4,31.0,31.0,30.8,30.6,30.3,30.0,29.1,28.2,26.6,25.0,23.5,22.6,22.1,21.9,21.8,21.7,21.4,21.6,21.6,21.4,21.5,21.4,21.5,21.4,21.5,21.4,21.4,21.2,21.5,21.2,21.4,21.4,21.2,21.0,21.4,21.2,21.2,21.2,21.2,21.2,21.2,21.2,21.2,21.0,21.2,21.2,21.2,21.2,20.9,21.0,21.2,21.2,21.0,21.2,21.2,21.4,21.0,21.2,21.0,21.2,21.2,21.0,21.4,21.2,21.0,21.2,21.2,21.2,21.2,21.2,21.2,21.2,21.2,21.2,21.2,21.2,21.2,21.4,21.2,21.4,21.2,21.2,21.2,21.2,21.4,21.4,21.6,21.7,21.6,21.6,21.6,21.4,21.5,21.5,21.7,21.2
10,25.4,25.1,25.1,25.1,25.1,25.0,25.0,25.1,25.1,25.1,25.0,25.0,24.9,25.0,25.0,25.1,25.0,25.1,24.9,25.0,24.8,24.9,25.0,25.0,25.1,25.0,24.9,25.0,24.7,24.0,22.9,21.8,21.5,21.6,21.4,21.4,21.2,21.2,21.2,21.4,21.2,21.2,21.2,21.2,21.2,21.2,21.4,21.4,21.2,21.4,21.4,21.5,21.9,22.6,24.0,24.5,24.5,24.6,24.7,24.9,25.0,25.0,24.8,24.7,24.7,24.5,24.5,24.5,24.5,24.4,24.5,24.4,24.4,24.3,24.3,24.3,24.3,24.3,24.3,24.4,24.5,24.5,24.5,24.4,24.5,24.5,24.5,24.5,24.5,24.5,24.5,24.7,24.5,24.5,24.5,24.5,24.5,24.5,24.4,24.5,24.5,24.5,24.5,24.5,24.7,24.6,24.6,24.5,24.6,24.7,24.7,24.7,25.0,25.4,25.6,25.8,26.2,26.4,26.8,26.8,27.2,27.2,27.3,27.4,27.9,28.2,28.9,29.6,30.6,30.8,31.4,31.5,31.7,32.0,32.0,32.0,32.2,32.2,32.2,32.2,32.2,32.2,32.2,32.2,32.2,32.2,32.2,32.2,32.2,32.0,32.2,32.2,32.0,32.2,32.2,31.9,31.9,31.9,31.6,31.6,31.2,31.2,30.8,30.7,30.7,30.6,30.5,30.0,29.1,28.1,26.4,24.7,23.2,22.8,21.9,21.8,21.6,21.7,21.7,21.7,21.5,21.6,21.7,21.6,21.5,21.5,21.4,21.4,21.5,21.5,21.5,21.4,21.4,21.4,21.2,21.2,21.2,21.4,21.2,21.2,21.2,21.2,21.2,21.2,21.0,21.2,21.0,21.0,21.0,21.2,21.2,21.2,21.2,21.0,21.0,21.2,21.2,21.4,21.2,21.2,21.2,21.2,21.4,21.2,21.2,21.2,21.2,21.2,21.2,21.2,21.2,21.2,21.2,21.2,21.2,21.2,21.4,21.2,21.2,21.4,21.4,21.4,21.2,21.4,21.5,21.5,21.4,21.4,21.4,21.5,21.5,21.4,21.4,21.5,21.7,21.7
11,25.1,25.3,25.1,25.1,25.1,25.0,25.1,25.1,25.1,25.1,25.1,25.0,25.0,25.1,25.1,25.1,25.0,25.0,24.8,25.0,25.1,25.1,25.1,25.1,25.1,25.1,24.9,25.0,24.4,23.5,22.0,21.6,21.5,21.4,21.2,21.4,21.2,21.2,21.2,21.2,21.2,21.2,21.2,21.2,21.4,21.2,21.2,21.2,21.4,21.2,21.2,21.2,21.5,21.7,23.1,24.1,24.6,24.7,24.7,24.8,25.1,24.9,24.6,24.7,24.5,24.5,24.5,24.5,24.4,24.5,24.5,24.4,24.5,24.4,24.3,24.3,24.3,24.3,24.3,24.4,24.5,24.5,24.5,24.4,24.6,24.5,24.5,24.6,24.7,24.5,24.5,24.5,24.5,24.6,24.4,24.4,24.4,24.4,24.4,24.5,24.5,24.5,24.5,24.6,24.5,24.6,24.5,24.5,24.5,24.5,24.7,24.7,24.5,24.8,24.7,25.3,25.4,25.8,26.1,26.5,26.8,26.9,26.9,27.1,27.3,27.4,27.6,28.0,29.1,29.7,30.6,30.8,31.2,31.5,31.7,31.9,31.9,32.0,32.2,32.2,32.2,32.0,32.0,32.2,32.2,32.2,32.2,32.2,32.2,32.2,32.2,32.2,32.2,32.2,32.2,32.0,31.9,32.0,31.9,31.7,31.6,31.3,31.5,31.1,31.0,30.8,30.8,30.7,30.5,29.8,29.3,27.9,26.0,24.4,23.1,22.2,22.0,21.7,22.0,22.1,22.0,21.9,21.8,21.8,21.7,21.5,21.6,21.5,21.4,21.4,21.5,21.4,21.2,21.2,21.2,21.2,21.0,21.2,21.2,21.2,21.2,21.2,21.2,21.2,21.2,21.2,21.0,21.0,21.0,20.9,21.2,21.2,21.0,21.2,21.2,21.2,21.2,21.2,21.2,21.2,21.2,21.2,21.2,21.2,21.2,21.4,21.2,21.2,21.2,21.2,21.2,21.2,21.2,21.2,21.2,21.4,21.4,21.4,21.2,21.4,21.4,21.4,21.4,21.5,21.5,21.5,21.5,21.4,21.4,21.5,21.5,21.5,21.5,21.5,21.6,21.5
12,25.3,25.3,25.3,25.3,25.1,25.1,25.1,25.1,25.1,25.0,25.0,25.0,25.0,24.9,25.1,25.0,25.1,25.1,24.9,25.0,25.0,25.0,25.3,25.1,25.4,25.3,25.0,24.8,24.0,22.9,22.0,21.6,21.5,21.5,21.5,21.4,21.2,21.4,21.2,21.2,21.4,21.2,21.0,21.2,21.2,21.2,21.4,21.2,21.2,21.2,21.0,21.2,21.4,21.8,22.2,24.0,24.5,24.8,24.7,25.0,25.0,24.8,24.7,24.6,24.5,24.5,24.5,24.6,24.5,24.5,24.4,24.5,24.4,24.4,24.5,24.4,24.3,24.3,24.4,24.3,24.4,24.5,24.4,24.5,24.5,24.7,24.5,24.5,24.6,24.6,24.5,24.5,24.4,24.5,24.4,24.5,24.5,24.5,24.5,24.5,24.5,24.7,24.7,24.5,24.5,24.5,24.5,24.5,24.6,24.6,24.5,24.5,24.5,24.5,24.7,24.7,24.8,25.0,25.3,25.6,25.9,26.3,26.4,26.8,27.0,27.1,27.1,27.2,27.6,28.2,29.3,30.0,30.6,31.1,31.2,31.7,31.7,31.7,31.9,32.0,32.0,32.2,32.2,32.2,32.2,32.2,32.2,32.2,32.2,32.2,32.3,32.5,32.3,32.3,32.2,32.2,32.0,32.2,31.9,31.7,31.9,31.7,31.5,31.4,31.3,31.3,31.2,31.0,31.0,30.8,30.5,29.7,28.9,27.1,24.7,23.0,22.9,22.6,23.0,22.7,22.8,22.7,22.4,22.4,22.0,22.0,21.7,21.7,21.6,21.5,21.2,21.4,21.4,21.2,21.2,21.2,21.2,21.2,21.4,21.2,21.2,21.2,21.2,21.0,21.0,21.2,21.0,21.0,20.9,21.0,21.2,21.2,21.2,21.2,21.2,21.2,21.2,21.0,21.0,21.2,21.2,21.0,21.2,21.2,21.2,21.2,21.2,21.4,21.0,21.4,21.2,21.2,21.4,21.2,21.4,21.2,21.4,21.2,21.2,21.4,21.4,21.4,21.4,21.5,21.5,21.4,21.4,21.2,21.5,21.4,21.4,21.4,21.5,21.5,21.4,21.5
13,25.4,25.4,25.1,25.1,25.1,25.1,25.3,25.3,25.3,25.1,25.0,25.1,25.0,25.0,24.9,25.1,25.1,25.3,25.1,25.1,25.1,25.3,25.3,25.3,25.3,25.3,25.0,24.5,24.1,22.4,22.0,21.6,21.6,21.2,21.4,21.2,21.2,21.2,21.2,21.2,21.2,21.0,21.2,21.2,21.0,21.2,21.2,21.2,21.2,21.2,21.2,21.2,21.2,21.7,22.4,24.0,24.5,24.6,24.9,24.9,25.0,24.7,24.6,24.5,24.5,24.5,24.5,24.5,24.4,24.4,24.3,24.4,24.4,24.3,24.4,24.4,24.4,24.4,24.4,24.3,24.3,24.5,24.5,24.5,24.6,24.5,24.7,24.5,24.7,24.7,24.5,24.5,24.7,24.5,24.5,24.5,24.5,24.5,24.4,24.5,24.5,24.7,24.7,24.5,24.5,24.6,24.5,24.5,24.6,24.5,24.7,24.5,24.4,24.4,24.5,24.5,24.5,24.7,24.7,25.1,25.3,25.8,26.0,26.3,26.4,26.8,26.6,26.9,27.1,27.4,27.9,28.5,29.5,30.1,31.0,31.2,31.5,31.6,31.7,31.9,32.2,32.0,32.0,32.2,32.0,32.2,32.2,32.2,32.2,32.2,32.2,32.5,32.5,32.5,32.3,32.2,32.2,32.2,32.0,32.0,31.9,31.9,31.7,31.6,31.6,31.5,31.3,31.2,31.2,31.1,30.8,30.6,30.0,29.5,27.7,24.9,24.3,24.3,24.6,24.7,25.0,24.6,24.3,23.6,23.2,22.7,22.1,22.0,21.7,21.7,21.6,21.4,21.4,21.2,21.2,21.2,21.2,21.2,21.2,21.2,21.2,21.4,21.2,21.2,21.0,21.2,21.0,21.0,21.0,21.2,21.0,21.0,21.2,21.0,21.2,21.2,21.0,21.2,21.2,21.2,21.2,21.2,21.2,21.2,21.2,21.2,21.2,21.4,21.2,21.2,21.4,21.2,21.2,21.2,21.2,21.2,21.2,21.2,21.5,21.2,21.4,21.5,21.2,21.2,21.2,21.5,21.5,21.5,21.4,21.5,21.5,21.5,21.5,21.5,21.5,21.6
14,25.4,25.3,25.4,25.4,25.3,25.3,25.3,25.3,25.4,25.3,25.3,25.3,25.3,25.3,25.3,25.1,25.3,25.1,25.3,25.3,25.1,25.1,25.3,25.4,25.4,25.3,25.3,24.7,23.8,22.4,22.0,21.8,21.6,21.5,21.5,21.5,21.2,21.4,21.2,21.2,21.2,21.0,21.2,21.2,21.2,21.2,21.0,21.2,21.2,21.2,21.2,21.2,21.2,21.5,22.1,23.8,24.5,24.8,24.8,24.9,24.7,24.7,24.5,24.5,24.5,24.5,24.5,24.5,24.4,24.5,24.4,24.4,24.4,24.4,24.3,24.4,24.5,24.4,24.4,24.4,24.4,24.4,24.4,24.4,24.5,24.5,24.5,24.6,24.5,24.6,24.5,24.5,24.5,24.6,24.5,24.5,24.5,24.5,24.4,24.5,24.7,24.7,24.5,24.5,24.6,24.6,24.6,24.5,24.6,24.6,24.6,24.5,24.3,24.4,24.3,24.4,24.4,24.5,24.5,24.5,24.8,25.0,25.6,25.8,26.0,26.3,26.4,26.5,26.9,27.0,27.1,27.5,28.0,29.1,29.7,30.6,31.1,31.1,31.6,31.7,31.7,31.9,31.9,32.0,32.2,32.5,32.2,32.3,32.2,32.2,32.2,32.3,32.5,32.5,32.5,32.5,32.6,32.2,32.2,32.0,31.9,31.7,31.6,31.7,31.5,31.5,31.5,31.5,31.4,31.3,31.1,31.2,30.6,30.5,29.5,28.1,26.6,27.1,27.2,27.8,27.3,27.2,26.9,26.1,25.5,24.3,23.4,22.8,22.4,21.9,21.8,21.4,21.6,21.2,21.4,21.2,21.2,21.2,21.2,21.2,21.0,21.2,21.0,21.2,21.2,21.2,21.0,21.0,21.0,21.2,21.2,21.2,21.2,21.2,21.2,21.2,21.2,21.4,21.2,21.2,21.2,21.2,21.2,21.0,21.2,21.2,21.2,21.2,21.4,21.2,21.4,21.4,21.2,21.2,21.4,21.2,21.4,21.4,21.2,21.4,21.4,21.2,21.4,21.2,21.4,21.5,21.4,21.4,21.4,21.4,21.6,21.5,21.4,21.5,21.4,21.5
15,25.4,25.3,25.3,25.3,25.3,25.1,25.1,25.3,25.1,25.1,25.3,25.3,25.3,25.3,25.1,25.3,25.1,25.3,25.1,25.3,25.1,25.3,25.3,25.4,25.4,25.5,25.1,24.7,23.8,23.1,22.8,22.4,22.1,21.8,21.4,21.5,21.4,21.2,21.2,21.2,21.2,21.2,21.2,21.0,21.2,21.2,21.2,21.2,21.2,21.2,21.0,21.2,21.2,21.5,22.4,23.9,24.5,24.8,24.7,24.9,24.8,24.7,24.5,24.6,24.5,24.4,24.4,24.4,24.5,24.4,24.4,24.3,24.4,24.5,24.3,24.4,24.5,24.4,24.4,24.3,24.4,24.4,24.5,24.5,24.7,24.5,24.6,24.5,24.6,24.7,24.5,24.5,24.5,24.5,24.5,24.5,24.5,24.5,24.5,24.5,24.5,24.6,24.5,24.7,24.5,24.5,24.7,24.7,24.7,24.5,24.5,24.4,24.3,24.2,24.4,24.3,24.3,24.4,24.4,24.4,24.5,24.7,25.0,25.1,25.7,26.0,26.1,26.3,26.4,26.5,26.8,26.9,27.1,27.5,28.5,29.4,30.3,30.7,31.1,31.4,31.6,31.7,31.7,31.9,32.2,32.2,32.2,32.3,32.2,32.2,32.6,32.5,32.5,32.3,32.5,32.5,32.5,32.5,32.2,31.9,31.7,31.7,31.5,31.5,31.5,31.4,31.2,31.4,31.5,31.4,31.3,31.2,30.8,30.5,30.0,29.0,28.8,28.9,28.9,28.9,28.9,28.7,28.6,28.1,27.7,26.9,25.4,24.3,23.1,22.6,22.1,21.6,21.6,21.5,21.2,21.4,21.2,21.2,21.2,21.2,21.2,21.2,21.2,21.2,21.0,21.2,21.2,21.2,21.0,21.2,21.2,21.2,21.2,21.2,21.2,21.2,21.2,21.4,21.2,21.2,21.2,21.2,21.2,21.2,21.2,21.2,21.2,21.2,21.2,21.2,21.2,21.2,21.2,21.2,21.2,21.2,21.2,21.4,21.2,21.2,21.4,21.2,21.4,21.2,21.2,21.2,21.4,21.4,21.4,21.4,21.5,21.4,21.4,21.5,21.5,21.6
16,25.5,25.3,25.3,25.3,25.1,25.1,25.1,25.0,25.1,25.1,25.1,25.1,25.1,25.1,25.3,25.3,25.3,25.1,25.1,25.1,25.0,25.3,25.5,25.4,25.3,25.5,25.5,25.0,24.7,25.3,25.7,25.3,24.1,22.4,21.8,21.6,21.4,21.2,21.2,21.2,21.2,21.2,21.2,21.2,21.2,21.2,21.0,21.2,21.2,21.2,21.0,21.0,21.2,21.4,22.4,24.1,24.5,24.7,24.7,24.8,24.7,24.6,24.5,24.5,24.6,24.5,24.4,24.4,24.5,24.4,24.4,24.4,24.4,24.4,24.4,24.4,24.3,24.5,24.4,24.5,24.5,24.4,24.4,24.4,24.5,24.4,24.4,24.5,24.7,24.5,24.5,24.5,24.5,24.6,24.5,24.5,24.6,24.5,24.5,24.5,24.5,24.7,24.7,24.6,24.7,24.6,24.5,24.5,24.5,24.5,24.5,24.5,24.3,24.3,24.2,24.1,24.2,24.3,24.3,24.4,24.2,24.3,24.5,24.8,25.0,25.5,25.7,25.9,26.3,26.3,26.4,26.3,26.4,27.0,27.6,28.1,28.9,29.7,30.3,31.1,31.2,31.6,31.7,31.9,32.0,32.0,32.2,32.2,32.2,32.5,32.2,32.5,32.6,32.5,32.2,32.2,32.2,32.0,31.6,31.7,31.2,31.2,31.1,31.1,31.0,31.2,31.2,31.3,31.3,31.4,31.2,31.0,30.7,30.4,30.0,29.8,29.5,29.4,29.5,29.5,29.4,29.4,29.2,29.1,29.0,28.4,27.5,26.6,25.0,23.5,22.7,22.1,21.8,21.6,21.5,21.4,21.4,21.2,21.2,21.2,21.2,21.2,21.2,21.2,21.0,21.0,21.0,21.2,21.0,21.2,21.2,21.0,21.0,21.2,21.0,21.2,21.2,21.2,21.0,21.0,21.2,21.0,21.2,21.2,21.2,21.2,21.2,21.2,21.2,21.2,21.2,21.2,21.2,21.2,21.2,21.2,21.2,21.2,21.2,21.4,21.2,21.4,21.4,21.2,21.4,21.4,21.2,21.2,21.4,21.5,21.5,21.4,21.4,21.2,21.5,21.2
17,25.3,25.1,25.1,25.3,25.0,25.1,25.1,25.3,25.0,25.0,25.1,25.0,25.1,25.3,25.3,25.3,25.3,25.3,25.3,25.3,25.3,25.5,25.5,25.5,25.5,25.6,25.7,26.1,26.9,27.4,27.8,27.4,26.5,24.3,22.2,21.7,21.2,21.2,21.0,21.2,21.2,21.2,21.2,21.0,21.2,21.2,21.2,21.2,21.2,21.2,21.2,21.2,21.2,21.7,22.9,24.1,24.5,24.6,24.7,24.7,24.7,24.6,24.7,24.5,24.5,24.4,24.5,24.4,24.5,24.4,24.4,24.4,24.5,24.4,24.4,24.5,24.7,24.5,24.3,24.5,24.5,24.5,24.5,24.5,24.7,24.5,24.4,24.5,24.5,24.7,24.5,24.7,24.6,24.5,24.5,24.5,24.6,24.5,24.5,24.6,24.5,24.7,24.7,24.6,24.6,24.5,24.7,24.6,24.6,24.6,24.4,24.5,24.3,24.3,24.0,24.2,24.1,24.1,24.3,24.2,24.2,24.3,24.4,24.5,24.7,24.8,25.3,25.6,25.9,26.1,26.3,26.1,26.3,26.4,26.6,27.1,27.6,28.4,29.5,30.3,30.6,31.1,31.4,31.5,31.9,32.0,32.2,32.2,32.2,32.2,32.3,32.5,32.5,32.5,32.3,32.2,32.0,31.7,31.2,31.4,31.2,31.1,31.1,31.1,31.0,31.0,31.1,31.0,31.0,31.2,31.0,30.8,30.5,30.4,30.1,29.8,29.7,29.6,29.5,29.5,29.5,29.7,29.5,29.5,29.3,29.2,29.0,28.2,27.2,25.5,24.4,22.9,22.4,21.8,21.7,21.6,21.4,21.2,21.2,21.2,21.2,21.0,21.4,21.2,21.2,21.0,21.0,21.0,21.2,21.2,21.2,21.0,21.0,21.0,20.9,21.2,21.0,21.0,21.2,21.2,21.2,21.0,21.2,21.2,21.2,21.2,21.2,21.2,21.0,21.2,21.2,21.4,21.2,21.2,21.0,21.2,21.2,21.4,21.2,21.2,21.2,21.2,21.2,21.4,21.5,21.2,21.2,21.2,21.2,21.4,21.4,21.5,21.4,21.2,21.5,21.2
18,25.1,25.3,25.3,25.0,25.1,25.3,25.4,25.1,25.3,25.3,25.1,25.1,25.1,25.3,25.4,25.1,25.3,25.1,25.3,25.4,25.4,25.5,25.6,25.7,25.7,25.8,26.1,27.1,28.0,28.5,28.5,28.1,27.3,25.6,23.0,21.8,21.4,21.5,21.4,21.2,21.2,21.2,21.2,21.2,21.2,21.0,21.2,21.0,21.2,21.0,21.0,21.2,21.2,21.9,22.9,24.4,24.7,24.7,24.7,24.9,24.7,24.7,24.5,24.7,24.5,24.4,24.4,24.3,24.5,24.4,24.5,24.3,24.4,24.4,24.4,24.4,24.5,24.5,24.5,24.5,24.5,24.5,24.5,24.5,24.5,24.5,24.4,24.4,24.7,24.6,24.6,24.7,24.5,24.6,24.7,24.5,24.5,24.6,24.5,24.5,24.7,24.5,24.7,24.7,24.6,24.5,24.7,24.6,24.5,24.5,24.5,24.3,24.2,24.1,24.2,24.1,24.0,24.3,24.1,24.1,24.1,24.3,24.2,24.4,24.4,24.7,24.7,25.0,25.7,25.8,25.9,26.0,26.1,26.3,26.5,26.3,26.8,27.3,28.2,29.4,29.8,30.6,31.0,31.5,31.7,31.9,31.9,32.0,32.2,32.0,32.2,32.5,32.5,32.2,32.0,31.7,31.6,31.3,31.3,31.1,31.2,31.1,31.1,31.1,30.9,30.8,30.9,30.9,30.8,30.8,30.7,30.7,30.5,30.3,30.3,30.0,29.8,29.8,29.7,29.6,29.7,29.6,29.8,29.5,29.6,29.4,29.3,29.2,28.5,27.4,25.9,24.3,23.3,22.2,21.8,21.5,21.5,21.4,21.4,21.4,21.2,21.4,21.0,21.2,21.2,21.2,21.2,21.0,21.0,21.0,21.2,20.9,21.2,21.0,21.0,21.0,21.0,21.0,20.9,21.2,21.2,21.2,21.2,21.2,21.2,21.0,21.2,21.2,21.2,21.2,21.2,21.2,21.4,21.2,21.2,21.2,21.2,21.2,21.2,21.2,21.2,21.4,21.2,21.4,21.2,21.4,21.5,21.5,21.5,21.4,21.4,21.4,21.4,21.4,21.4,21.4
19,25.1,25.3,25.0,25.1,25.1,25.1,25.3,25.1,25.3,25.1,25.1,25.0,25.1,25.4,25.5,25.5,25.1,25.4,25.4,25.4,25.4,25.4,25.5,25.7,25.9,25.9,26.3,27.7,28.6,28.8,28.6,28.5,27.3,26.0,23.1,21.9,21.6,21.2,21.2,21.2,21.2,21.2,21.0,21.2,21.2,21.2,21.2,21.2,21.0,21.0,21.0,21.0,21.2,22.0,23.5,24.5,24.8,24.7,24.7,24.8,24.7,24.7,24.5,24.6,24.6,24.5,24.5,24.5,24.4,24.4,24.4,24.4,24.5,24.5,24.4,24.4,24.7,24.4,24.4,24.5,24.5,24.6,24.7,24.6,24.5,24.4,24.5,24.5,24.5,24.5,24.6,24.7,24.7,24.5,24.7,24.6,24.5,24.7,24.5,24.5,24.5,24.5,24.5,24.7,24.5,24.5,24.7,24.5,24.6,24.5,24.4,24.3,24.3,24.1,24.1,24.1,24.0,24.1,24.1,24.1,24.0,24.2,24.2,24.1,24.1,24.4,24.4,24.8,25.3,25.7,25.7,25.8,25.9,26.1,26.3,26.3,26.5,27.0,27.4,28.0,28.9,29.8,30.5,30.9,31.2,31.7,31.9,32.0,32.0,32.0,32.2,32.2,32.2,32.0,31.7,31.4,31.2,31.1,31.0,31.0,30.9,31.0,31.0,31.0,30.8,31.0,31.0,30.8,30.9,30.8,30.6,30.6,30.5,30.4,30.3,30.0,30.0,29.8,29.8,29.8,29.5,29.5,29.5,29.5,29.6,29.4,29.5,29.4,29.1,28.5,27.8,26.3,24.4,23.3,22.4,21.9,21.5,21.6,21.4,21.2,21.4,21.2,21.2,21.0,21.2,21.0,21.0,21.2,20.9,21.2,21.0,21.2,21.2,21.0,21.2,21.2,21.0,21.2,21.0,21.2,21.2,21.0,21.0,21.2,21.0,21.2,21.2,21.2,21.0,21.2,21.2,21.2,21.0,21.2,21.2,21.2,21.2,21.2,21.2,21.0,21.2,21.2,21.2,21.2,21.4,21.2,21.2,21.4,21.2,21.4,21.4,21.4,21.4,21.4,21.2,21.4
20,25.3,25.1,25.3,25.1,25.1,25.1,25.1,25.3,25.3,25.1,25.3,25.1,25.3,25.3,25.4,25.4,25.5,25.5,25.5,25.5,25.5,25.6,25.6,25.9,26.0,26.0,26.8,28.1,28.7,28.7,28.7,28.4,27.5,25.7,23.0,21.7,21.2,21.2,21.0,21.2,21.2,21.2,21.2,21.0,21.0,21.0,21.2,21.2,21.2,21.0,21.0,21.2,21.4,22.1,23.6,24.6,24.7,24.8,24.8,24.8,24.8,24.7,24.5,24.6,24.5,24.4,24.5,24.4,24.5,24.4,24.4,24.3,24.5,24.4,24.5,24.5,24.5,24.5,24.4,24.5,24.5,24.7,24.6,24.5,24.6,24.7,24.4,24.5,24.6,24.6,24.6,24.6,24.5,24.5,24.6,24.5,24.7,24.6,24.5,24.7,24.5,24.6,24.5,24.5,24.6,24.5,24.5,24.7,24.5,24.5,24.5,24.4,24.2,24.1,24.0,24.0,24.1,24.0,24.1,24.0,24.1,24.2,24.2,24.1,24.1,24.2,24.3,24.4,24.8,25.0,25.5,25.8,25.9,26.0,26.3,26.3,26.5,26.8,27.1,27.4,28.0,28.6,29.3,30.3,30.7,31.3,31.5,31.7,31.9,31.9,32.0,31.6,31.7,31.3,31.2,31.0,30.9,31.0,30.9,30.8,31.0,30.9,31.0,30.8,30.8,30.8,30.8,30.8,30.8,30.6,30.7,30.6,30.1,30.3,30.0,30.0,29.7,29.7,29.6,29.7,29.5,29.5,29.5,29.4,29.5,29.4,29.5,29.4,29.2,28.9,28.6,27.6,26.3,24.6,23.3,22.4,21.8,21.4,21.4,21.5,21.2,21.2,21.2,21.2,21.0,21.2,21.0,20.9,20.9,21.0,20.9,20.9,21.0,21.0,20.9,20.9,20.9,21.0,20.9,20.9,21.2,21.2,21.0,21.2,21.0,21.2,21.0,21.0,21.2,21.0,21.2,21.0,21.0,21.2,21.0,21.2,21.0,21.0,21.2,21.2,21.2,21.2,21.2,21.2,21.2,21.0,21.4,21.4,21.5,21.4,21.4,21.2,21.4,21.4,21.2,21.0
21,25.4,25.4,25.3,25.5,25.3,25.4,25.3,25.3,25.3,25.3,25.3,25.3,25.3,25.3,25.4,25.4,25.4,25.5,25.5,25.5,25.6,25.6,25.8,25.9,26.0,26.3,26.9,28.2,28.9,28.9,28.6,28.0,26.8,24.8,22.6,21.8,21.4,21.4,21.2,21.2,21.0,20.8,21.2,21.2,21.0,21.0,21.0,21.2,21.2,21.2,21.2,21.5,21.8,22.4,24.0,24.7,24.9,24.9,25.0,25.0,24.9,24.8,24.7,24.7,24.6,24.6,24.6,24.4,24.4,24.3,24.4,24.4,24.5,24.5,24.5,24.5,24.6,24.5,24.6,24.7,24.6,24.6,24.7,24.7,24.8,24.7,24.7,24.7,24.7,24.7,24.7,24.7,24.7,24.7,24.7,24.6,24.5,24.7,24.7,24.7,24.5,24.6,24.5,24.5,24.5,24.6,24.5,24.6,24.4,24.4,24.4,24.3,24.1,24.1,24.1,24.1,24.1,24.1,24.1,24.1,24.0,24.1,24.3,24.0,24.2,24.0,24.1,24.2,24.6,24.7,25.3,25.5,25.8,26.0,26.1,26.3,26.4,26.6,26.9,27.0,27.3,27.6,28.5,29.0,30.0,30.7,31.2,31.7,31.7,31.7,31.6,31.4,31.3,31.1,30.9,30.8,30.8,30.8,30.7,30.7,30.9,30.8,30.9,30.9,30.8,31.0,30.8,30.7,30.7,30.6,30.5,30.4,30.0,30.0,29.8,29.7,29.7,29.6,29.6,29.6,29.4,29.4,29.4,29.4,29.4,29.3,29.4,29.3,29.3,29.2,29.2,28.6,27.9,26.6,24.7,23.3,22.2,21.9,21.6,21.4,21.4,21.2,21.4,21.2,21.2,21.0,21.2,21.2,21.0,20.9,21.0,21.0,21.0,20.9,21.0,21.2,21.0,21.0,21.0,21.0,21.0,21.0,21.2,21.0,21.0,20.9,21.0,21.0,20.9,21.0,21.0,21.0,21.2,21.0,21.2,21.2,21.0,21.4,21.2,21.2,21.2,21.2,21.2,21.2,21.4,21.2,21.4,21.2,21.4,21.2,21.4,21.2,21.4,21.2,21.2,21.2
22,25.1,25.3,25.1,25.1,25.3,25.3,25.3,25.1,25.1,25.1,25.3,25.3,25.4,25.3,25.4,25.4,25.4,25.4,25.5,25.7,25.7,25.6,25.8,26.1,26.3,26.4,27.1,28.4,28.6,28.9,28.6,27.4,26.2,23.4,22.0,21.4,21.4,21.0,21.4,20.9,21.2,21.0,21.2,21.0,21.2,21.0,21.0,21.2,21.0,21.0,21.4,21.7,21.8,23.3,24.4,24.8,24.7,24.8,24.9,25.0,24.9,24.7,24.7,24.5,24.5,24.7,24.5,24.4,24.4,24.3,24.4,24.4,24.5,24.5,24.5,24.7,24.7,24.7,24.7,24.7,24.6,24.6,24.7,24.7,24.7,24.6,24.7,24.7,24.5,24.5,24.5,24.7,24.6,24.6,24.7,24.7,24.7,24.6,24.6,24.7,24.6,24.5,24.5,24.5,24.5,24.5,24.5,24.5,24.5,24.5,24.5,24.3,24.3,24.0,24.0,24.1,24.1,24.0,24.0,24.1,24.1,24.1,24.1,24.0,24.0,24.2,24.1,24.3,24.4,24.7,25.0,25.3,25.8,26.2,26.2,26.4,26.4,26.6,26.8,26.9,27.1,27.3,27.6,28.2,29.2,30.1,30.9,31.1,31.5,31.5,31.2,31.2,30.7,30.7,30.7,30.8,30.6,30.7,30.6,30.9,30.9,30.8,30.9,31.1,30.9,31.0,30.9,30.7,30.5,30.5,30.3,30.0,30.0,29.8,29.7,29.5,29.6,29.6,29.4,29.4,29.4,29.2,29.1,29.3,29.1,29.2,29.3,29.2,29.2,29.2,29.2,28.9,28.6,27.7,26.5,24.8,23.5,22.4,21.8,21.5,21.4,21.2,21.4,21.4,21.2,21.2,21.2,21.2,21.0,21.0,21.2,21.0,20.9,20.9,21.0,21.2,21.0,21.0,21.0,21.2,21.2,20.9,21.0,21.2,21.2,21.2,21.2,20.9,21.0,21.0,21.2,21.0,21.0,21.2,21.0,21.2,21.2,21.2,21.2,21.2,21.2,21.2,21.4,21.2,21.4,21.2,21.4,21.2,21.4,21.2,21.2,21.2,21.2,21.4,21.4,21.4
23,25.1,25.3,25.1,25.3,25.4,25.3,25.3,25.1,25.3,25.3,25.3,25.5,25.3,25.3,25.3,25.5,25.4,25.5,25.5,25.6,25.6,25.9,25.9,26.3,26.3,27.0,27.7,28.7,29.0,28.7,28.0,26.9,24.4,22.8,21.7,21.5,21.4,21.2,20.9,21.0,21.0,20.9,20.9,21.0,20.9,21.2,21.2,21.2,21.2,21.0,21.4,21.9,23.1,24.8,24.9,25.1,24.9,25.0,24.8,24.9,24.9,24.7,24.7,24.5,24.5,24.4,24.5,24.4,24.4,24.4,24.5,24.4,24.5,24.4,24.7,24.5,24.7,24.5,24.5,24.5,24.5,24.6,24.7,24.6,24.5,24.5,24.7,24.7,24.5,24.7,24.6,24.6,24.7,24.7,24.7,24.7,24.5,24.7,24.6,24.7,24.6,24.5,24.7,24.4,24.5,24.5,24.5,24.5,24.5,24.4,24.4,24.3,24.1,24.0,24.1,24.1,24.0,24.0,24.1,24.0,24.0,24.1,24.1,24.0,24.1,24.0,24.1,24.2,24.4,24.5,24.8,25.0,25.8,26.3,26.4,26.3,26.3,26.4,26.4,26.6,26.9,27.0,27.3,27.6,28.1,29.2,30.5,30.9,31.0,31.2,30.8,30.7,30.6,30.6,30.6,30.6,30.6,30.8,30.7,30.7,30.8,30.9,30.9,31.0,31.0,30.8,30.6,30.4,30.4,30.1,30.0,30.0,29.8,29.7,29.6,29.4,29.4,29.5,29.4,29.4,29.3,29.3,29.3,29.1,29.2,29.1,29.2,29.2,29.2,29.3,29.4,29.2,29.0,28.6,27.9,26.4,24.8,23.4,22.6,22.0,21.6,21.5,21.5,21.4,21.4,21.2,21.2,21.0,21.2,21.0,21.0,21.0,21.2,21.0,21.2,21.0,21.0,20.9,21.2,21.2,21.0,21.0,21.0,21.0,21.0,21.0,21.0,21.2,21.0,21.0,21.0,21.2,21.2,20.9,21.0,21.0,21.4,21.0,21.2,21.2,21.0,21.2,21.2,21.2,21.2,21.2,21.2,21.2,21.4,21.2,21.2,21.2,21.4,21.4,21.4,21.2
24,25.4,25.3,25.1,25.3,25.3,25.3,25.3,25.1,25.3,25.5,25.3,25.4,25.5,25.3,25.6,25.5,25.6,25.7,25.6,25.7,25.7,26.1,26.4,27.0,27.4,27.9,28.1,28.7,28.9,28.2,27.6,25.3,23.1,21.9,21.7,21.4,21.2,21.2,21.2,21.0,21.2,20.9,21.2,21.2,21.0,21.0,21.2,21.2,21.2,21.4,21.4,22.1,24.1,26.0,25.4,25.0,25.1,25.0,25.1,24.9,24.7,24.7,24.6,24.5,24.6,24.5,24.7,24.4,24.5,24.4,24.5,24.5,24.5,24.5,24.6,24.7,24.6,24.5,24.7,24.7,24.5,24.6,24.6,24.5,24.7,24.7,24.5,24.6,24.7,24.6,24.7,24.6,24.7,24.7,24.7,24.7,24.7,24.6,24.5,24.7,24.7,24.7,24.6,24.7,24.6,24.6,24.6,24.7,24.6,24.5,24.5,24.2,24.1,24.1,24.1,24.1,24.1,24.1,24.0,24.1,24.1,24.1,24.0,24.0,24.0,24.1,24.0,24.1,24.4,24.5,24.7,25.1,25.7,25.9,26.3,26.3,26.3,26.3,26.5,26.5,26.5,27.0,27.1,27.6,28.4,29.4,30.1,30.9,30.9,30.6,30.6,30.5,30.5,30.6,30.6,30.6,30.6,30.7,30.9,30.8,30.8,31.0,31.0,31.0,30.7,30.6,30.4,30.1,30.0,29.8,29.7,29.7,29.5,29.5,29.4,29.4,29.4,29.4,29.4,29.4,29.2,29.2,29.1,29.1,29.1,29.1,29.1,29.1,29.2,29.3,29.3,29.2,29.3,28.9,28.6,27.9,26.4,24.7,23.3,22.4,21.8,21.7,21.6,21.6,21.4,21.0,21.2,21.2,21.0,21.0,21.0,21.2,21.0,21.0,21.0,20.9,21.0,21.0,21.2,21.0,20.9,21.0,21.0,21.0,21.0,21.0,21.2,21.2,20.9,21.0,21.2,21.2,21.0,21.0,20.9,21.0,21.2,21.0,21.2,21.2,21.2,21.2,21.2,21.2,21.4,21.2,21.2,21.0,21.2,21.2,21.2,21.4,21.2,21.4,21.4,21.2
25,25.3,25.3,25.0,25.3,25.1,25.5,25.3,25.0,25.5,25.3,25.4,25.5,25.5,25.5,25.6,25.6,25.6,25.7,25.6,25.8,25.8,26.3,27.0,28.0,28.2,28.5,28.9,29.0,28.6,27.7,26.1,23.5,22.4,21.7,21.4,21.2,20.9,21.0,21.0,21.2,21.0,21.0,21.2,21.0,21.0,21.0,21.0,21.2,21.2,21.5,21.9,22.7,25.7,27.1,26.0,25.5,25.4,25.3,25.1,25.0,24.7,24.7,24.6,24.6,24.4,24.7,24.6,24.5,24.4,24.5,24.5,24.5,24.5,24.5,24.5,24.6,24.7,24.6,24.6,24.7,24.6,24.7,24.6,24.7,24.7,24.6,24.7,24.6,24.6,24.7,24.7,24.7,24.6,24.7,24.7,24.7,24.6,24.5,24.5,24.5,24.6,24.6,24.7,24.7,24.7,24.6,24.6,24.5,24.5,24.5,24.5,24.3,24.2,24.1,24.1,24.0,24.1,24.1,24.1,24.0,24.1,24.1,24.0,24.1,24.1,24.1,24.1,24.3,24.4,24.6,24.8,24.9,25.3,26.0,26.2,26.1,26.1,26.2,26.3,26.5,26.8,26.9,27.3,27.9,28.7,29.6,30.5,30.6,30.6,30.6,30.5,30.6,30.5,30.6,30.7,30.7,30.6,30.8,30.9,31.0,31.1,31.0,31.1,30.9,30.8,30.6,30.1,30.0,29.8,29.7,29.7,29.4,29.4,29.3,29.4,29.4,29.3,29.4,29.3,29.3,29.2,29.2,29.1,29.2,29.0,29.2,29.1,29.1,29.2,29.3,29.4,29.3,29.2,29.2,29.2,28.8,28.0,26.4,24.9,23.3,22.4,22.1,21.7,21.2,21.5,21.2,21.2,21.2,21.0,21.2,21.0,21.0,21.2,21.2,21.0,21.2,21.0,21.0,21.0,21.2,21.0,21.2,21.0,21.2,21.0,20.9,21.2,21.2,21.2,21.2,21.2,21.2,21.0,21.0,21.0,21.0,21.0,21.2,21.2,21.0,21.2,21.2,21.2,21.2,21.2,21.2,21.2,21.2,21.2,21.2,21.0,21.2,21.2,21.2,21.2,21.4
26,25.4,25.3,25.3,25.1,25.1,25.3,25.3,25.5,25.3,25.4,25.3,25.3,25.5,25.4,25.4,25.5,25.6,25.7,25.7,25.8,26.0,26.8,27.7,28.8,28.9,29.0,29.0,28.6,27.9,26.4,24.2,22.4,21.8,21.4,21.2,21.2,21.2,20.9,21.0,20.9,21.0,20.9,20.9,21.0,20.9,21.0,21.2,21.0,21.2,21.4,22.0,23.1,26.5,27.4,26.9,25.9,25.5,25.4,25.0,25.0,24.7,24.7,24.7,24.6,24.7,24.6,24.6,24.7,24.5,24.4,24.5,24.4,24.5,24.5,24.5,24.7,24.5,24.6,24.7,24.7,24.7,24.7,24.6,24.7,24.7,24.5,24.5,24.7,24.7,24.7,24.7,24.7,24.7,24.7,24.7,24.7,24.7,24.6,24.5,24.5,24.6,24.5,24.6,24.5,24.5,24.5,24.5,24.6,24.7,24.5,24.4,24.3,24.0,24.2,24.1,24.1,24.0,24.1,24.1,23.9,24.1,24.0,24.1,24.0,24.1,24.3,24.3,24.4,24.5,24.7,24.7,24.7,25.0,25.6,26.1,26.0,26.1,26.3,26.1,26.6,26.8,27.1,27.6,28.4,29.6,30.1,30.1,30.3,30.5,30.4,30.5,30.6,30.5,30.5,30.7,30.7,30.7,30.9,31.0,31.0,31.2,31.1,30.8,30.7,30.5,30.0,29.8,29.7,29.7,29.6,29.7,29.5,29.3,29.4,29.3,29.4,29.3,29.3,29.2,29.3,29.2,29.0,29.1,29.1,29.1,29.0,29.1,29.3,29.3,29.4,29.5,29.4,29.3,29.4,29.3,29.1,28.7,27.9,26.8,24.8,23.3,22.4,21.9,21.6,21.4,21.2,21.2,21.0,21.2,21.2,21.2,21.0,21.0,21.0,21.2,20.9,21.0,21.0,21.0,21.0,21.0,20.9,21.0,21.0,21.0,21.0,21.2,21.2,21.0,20.9,21.2,21.2,20.9,21.0,21.0,21.2,21.0,21.0,21.0,21.0,21.2,21.0,21.2,21.2,21.2,21.4,21.2,21.2,21.2,21.2,21.2,21.2,21.2,21.2,21.4,21.2
27,25.3,25.3,25.3,25.1,25.3,25.4,25.4,25.3,25.3,25.4,25.6,25.5,25.6,25.5,25.6,25.7,25.7,25.8,25.9,26.0,26.2,27.1,28.2,29.1,29.2,29.0,28.6,28.0,26.4,24.3,22.6,21.8,21.2,21.2,21.2,21.2,20.9,20.9,20.9,20.9,20.9,21.0,21.0,21.0,21.0,21.0,20.9,21.0,21.2,21.5,22.4,24.0,27.2,28.1,27.6,26.1,25.6,25.4,25.0,25.0,24.9,24.7,24.7,24.7,24.6,24.7,24.6,24.5,24.5,24.6,24.5,24.5,24.5,24.6,24.6,24.7,24.7,24.7,24.7,24.7,24.7,24.7,24.7,24.7,24.7,24.7,24.6,24.7,24.5,24.7,24.5,24.7,24.5,24.6,24.6,24.7,24.7,24.6,24.5,24.4,24.4,24.5,24.5,24.6,24.5,24.6,24.5,24.7,24.6,24.5,24.5,24.3,24.1,24.1,24.0,24.0,24.0,24.1,24.0,24.0,24.0,24.0,24.1,23.9,24.2,24.3,24.4,24.5,24.5,24.5,24.6,24.6,24.9,25.6,26.0,26.1,26.1,26.1,26.2,26.5,27.1,27.6,28.5,29.2,29.8,30.3,30.1,30.4,30.3,30.3,30.1,30.5,30.6,30.7,30.7,30.8,30.8,30.9,31.1,31.1,31.2,31.1,30.7,30.4,30.0,29.8,29.7,29.5,29.6,29.6,29.4,29.5,29.4,29.2,29.4,29.3,29.3,29.4,29.2,29.2,29.2,29.1,29.1,29.2,29.2,29.2,29.2,29.3,29.4,29.4,29.4,29.4,29.4,29.2,29.2,29.3,28.9,28.6,28.1,26.9,24.8,23.6,22.4,22.0,21.4,21.2,21.2,21.2,21.0,21.2,21.2,21.0,21.0,21.0,21.0,20.9,21.0,21.0,21.0,20.9,21.0,21.0,21.0,20.9,20.9,21.0,21.2,20.9,21.0,20.9,21.0,21.2,21.0,21.0,21.0,21.0,21.2,21.2,21.0,21.2,21.2,21.2,21.2,21.2,21.2,21.2,21.2,21.2,21.2,21.2,21.2,21.0,21.2,21.0,21.2,21.2
28,25.3,25.3,25.3,25.4,25.3,25.4,25.3,25.4,25.4,25.5,25.6,25.5,25.5,25.7,25.6,25.6,25.6,25.6,25.8,26.0,26.4,27.5,28.7,29.1,29.1,28.9,28.2,26.5,24.3,22.4,21.8,21.4,21.4,21.2,21.2,21.0,20.9,21.0,20.8,21.2,21.0,20.9,21.0,20.9,21.0,20.9,21.0,21.2,21.2,21.5,22.2,24.7,27.4,28.1,27.5,26.1,25.6,25.3,25.0,25.0,25.0,24.7,24.7,24.7,24.7,24.7,24.7,24.5,24.5,24.6,24.6,24.5,24.6,24.5,24.7,24.5,24.6,24.7,24.7,24.7,24.7,24.7,24.6,24.7,24.7,24.6,24.7,24.5,24.6,24.6,24.6,24.7,24.5,24.6,24.7,24.6,24.5,24.5,24.4,24.5,24.5,24.5,24.6,24.7,24.5,24.5,24.6,24.6,24.5,24.5,24.4,24.3,24.1,24.0,24.0,24.1,24.0,24.0,23.9,24.0,24.0,24.0,24.1,24.0,24.3,24.3,24.4,24.5,24.5,24.6,24.6,24.6,24.9,25.0,25.8,26.0,26.1,26.0,26.4,26.9,27.5,28.2,29.3,29.7,30.0,30.0,30.1,30.0,30.1,30.3,30.4,30.5,30.5,30.6,30.8,30.7,31.2,31.2,31.2,31.2,31.0,30.6,30.4,30.1,29.8,29.7,29.6,29.5,29.6,29.4,29.4,29.3,29.4,29.4,29.3,29.4,29.4,29.4,29.3,29.3,29.3,29.2,29.2,29.1,29.2,29.3,29.3,29.5,29.5,29.5,29.5,29.7,29.5,29.4,29.5,29.5,29.3,29.0,28.8,27.8,26.5,24.8,23.3,22.4,22.0,21.5,21.4,21.2,21.2,21.2,21.0,21.0,21.0,21.2,20.9,21.0,21.0,20.9,21.0,20.9,21.2,21.0,20.9,20.9,21.0,20.9,21.0,21.2,21.0,21.0,21.0,21.0,21.0,20.9,20.9,21.2,21.0,20.9,20.9,21.0,21.0,21.0,21.0,21.0,21.0,21.0,21.0,21.2,21.0,21.2,20.9,20.9,21.2,21.2,21.2,21.2
29,25.4,25.1,25.3,25.1,25.3,25.4,25.3,25.3,25.4,25.4,25.4,25.5,25.6,25.6,25.6,25.6,25.6,25.7,25.7,26.3,26.9,28.1,28.9,28.9,28.6,28.1,26.6,24.4,22.7,21.9,21.5,21.2,21.0,20.9,21.2,21.0,20.9,20.8,21.0,21.0,21.0,20.9,20.9,20.8,20.8,20.9,20.9,21.0,21.2,21.4,22.4,25.3,27.9,28.5,27.4,26.1,25.4,25.5,25.3,25.1,25.0,24.8,24.7,24.8,24.8,24.7,24.7,24.7,24.6,24.6,24.7,24.6,24.6,24.6,24.7,24.7,24.7,24.7,24.7,24.7,24.6,24.7,24.7,24.7,24.7,24.6,24.7,24.7,24.7,24.5,24.6,24.7,24.6,24.5,24.5,24.6,24.6,24.5,24.5,24.4,24.5,24.6,24.6,24.5,24.5,24.5,24.5,24.5,24.5,24.5,24.4,24.2,24.0,24.1,24.0,24.0,24.0,24.0,24.1,24.0,24.0,24.1,24.3,24.4,24.5,24.5,24.4,24.5,24.5,24.5,24.6,24.6,24.7,25.3,25.8,26.1,26.2,26.4,26.8,27.7,28.5,29.2,29.7,29.8,29.8,30.0,30.0,30.1,30.3,30.4,30.5,30.6,30.7,30.8,31.0,31.1,31.2,31.2,31.2,31.4,30.8,30.3,30.0,30.0,29.8,29.6,29.5,29.6,29.5,29.5,29.4,29.4,29.3,29.4,29.4,29.4,29.4,29.4,29.3,29.4,29.4,29.4,29.3,29.2,29.3,29.4,29.4,29.8,29.6,29.8,29.8,29.8,29.6,29.5,29.7,29.6,29.5,29.4,29.1,28.7,27.9,26.4,24.7,23.1,22.4,22.0,21.5,21.2,21.2,21.2,21.2,21.2,21.0,20.9,21.0,20.9,21.0,21.0,20.9,21.0,20.9,21.0,20.9,21.0,21.0,20.9,21.2,21.0,21.0,21.2,20.9,21.0,21.0,21.0,21.0,21.2,21.0,21.0,21.0,20.8,21.0,21.0,21.2,21.0,21.2,21.0,21.2,21.0,21.2,21.2,21.2,21.2,21.2,21.0,21.2,21.2
30,25.1,25.1,25.3,25.1,25.1,25.1,25.3,25.3,25.3,25.4,25.5,25.4,25.4,25.5,25.6,25.7,25.6,25.6,25.8,26.0,27.2,28.1,28.6,28.4,27.6,26.4,24.1,22.8,21.8,21.4,21.2,21.2,21.2,21.0,21.0,21.0,20.9,21.0,20.8,21.0,20.9,20.8,20.8,20.9,20.8,20.9,21.0,21.0,21.2,21.5,22.7,25.7,28.0,28.1,27.3,26.3,25.6,25.3,25.3,25.0,25.0,25.0,24.8,24.7,24.7,24.7,24.7,24.7,24.7,24.7,24.7,24.7,24.7,24.7,24.7,24.7,24.7,24.7,25.0,24.7,24.6,24.7,24.6,24.7,24.7,24.7,24.7,24.7,24.7,24.6,24.6,24.6,24.5,24.5,24.4,24.5,24.5,24.5,24.4,24.4,24.4,24.5,24.7,24.5,24.5,24.5,24.5,24.5,24.4,24.5,24.3,24.1,24.0,24.0,24.0,24.0,24.1,24.0,24.0,24.1,24.1,24.2,24.4,24.5,24.4,24.4,24.5,24.5,24.5,24.5,24.5,24.6,24.7,25.0,25.7,26.0,26.3,26.8,27.4,28.2,29.2,29.5,29.8,30.0,30.0,30.0,30.1,30.1,30.3,30.5,30.5,30.5,30.7,30.8,30.9,31.1,31.3,31.2,31.1,31.0,30.6,30.0,29.8,29.6,29.6,29.5,29.4,29.5,29.4,29.4,29.4,29.4,29.4,29.4,29.4,29.3,29.3,29.3,29.3,29.3,29.3,29.2,29.3,29.3,29.2,29.3,29.6,30.0,30.0,29.8,30.0,30.0,29.8,29.8,29.8,29.8,29.6,29.6,29.4,29.1,28.6,27.7,26.4,24.6,23.3,22.4,21.9,21.5,21.2,21.2,21.2,21.2,21.0,21.2,21.0,20.9,20.9,20.9,20.9,20.9,20.8,20.9,21.2,20.9,21.0,21.0,21.0,20.9,20.9,21.0,21.0,20.9,21.2,21.0,21.0,21.0,21.2,21.0,21.2,21.2,21.0,20.9,21.0,21.0,21.0,20.9,21.0,20.9,21.0,21.0,21.2,21.2,21.2,21.2,21.2,21.2
31,25.3,25.1,25.3,25.1,25.1,25.4,25.3,25.3,25.3,25.5,25.4,25.6,25.5,25.5,25.5,25.6,25.5,25.4,25.0,25.0,26.5,27.6,27.9,27.2,25.7,23.6,22.1,21.8,21.6,21.4,21.2,21.0,21.0,21.0,21.2,21.0,21.2,20.9,20.9,20.8,20.9,20.8,20.8,20.9,20.9,20.8,20.9,21.0,21.0,21.7,22.8,26.1,28.1,28.2,27.7,26.3,25.3,25.4,25.1,25.0,24.9,25.0,24.9,24.8,24.7,24.7,24.7,24.7,24.7,24.7,24.6,24.6,24.7,24.6,24.7,24.7,24.6,24.7,24.6,24.6,24.6,24.8,24.7,24.6,24.5,24.6,24.6,24.6,24.6,24.5,24.6,24.5,24.5,24.5,24.4,24.5,24.5,24.5,24.3,24.4,24.4,24.5,24.5,24.5,24.5,24.4,24.5,24.3,24.4,24.4,24.2,24.1,24.0,24.0,23.9,24.0,24.1,24.0,24.0,24.1,24.3,24.4,24.5,24.5,24.4,24.5,24.5,24.5,24.4,24.5,24.5,24.7,24.7,25.0,25.6,26.2,26.8,27.4,28.4,29.3,29.8,29.8,30.0,30.0,30.0,30.1,30.1,30.3,30.3,30.5,30.6,30.5,30.7,30.9,31.1,31.2,31.3,31.2,31.2,30.8,30.4,30.0,29.7,29.6,29.5,29.5,29.4,29.4,29.4,29.4,29.4,29.4,29.3,29.4,29.4,29.3,29.4,29.3,29.4,29.4,29.4,29.3,29.3,29.3,29.4,29.6,29.7,30.1,30.1,30.4,30.1,30.1,30.0,29.8,30.0,30.0,29.8,29.8,29.6,29.3,29.1,28.6,27.6,26.3,24.5,23.3,22.4,21.8,21.5,21.2,21.2,21.4,21.2,21.0,21.2,20.9,21.0,21.2,20.9,20.9,21.0,21.0,21.0,20.9,20.9,21.0,21.2,21.0,21.0,20.9,20.9,21.0,20.9,20.9,21.2,21.2,21.0,21.0,21.0,21.2,21.0,21.0,21.0,21.0,21.0,21.2,21.2,21.0,21.2,21.0,21.0,21.2,21.2,21.2,21.4,21.2
32,25.0,25.3,25.3,25.1,25.3,25.4,25.3,25.3,25.3,25.3,25.5,25.5,25.6,25.6,25.1,25.4,25.0,24.8,23.9,23.1,23.4,24.9,24.7,24.4,22.6,22.1,21.6,21.4,21.2,20.9,21.0,20.9,20.9,20.9,21.0,21.0,20.9,20.9,20.8,20.9,20.8,20.9,20.9,20.9,21.0,20.9,21.0,21.0,21.2,21.6,23.1,26.1,28.2,28.4,27.4,26.0,25.4,25.1,25.0,24.9,25.0,24.8,24.8,24.9,24.7,24.7,24.7,24.7,24.7,24.7,24.7,24.7,24.8,24.7,24.7,24.7,24.7,24.7,24.7,24.6,24.6,24.6,24.6,24.6,24.7,24.6,24.6,24.6,24.5,24.5,24.5,24.5,24.5,24.5,24.6,24.5,24.5,24.5,24.4,24.3,24.3,24.3,24.3,24.3,24.1,24.2,24.1,24.2,24.1,24.1,24.1,24.0,24.0,24.2,24.0,24.1,24.1,24.1,24.3,24.3,24.4,24.5,24.4,24.5,24.5,24.4,24.4,24.4,24.5,24.5,24.5,24.5,24.8,25.3,25.7,26.5,27.5,28.4,29.2,29.5,29.8,30.0,30.0,30.0,30.1,30.1,30.3,30.3,30.5,30.6,30.6,30.7,31.0,31.0,31.2,31.4,31.2,31.2,30.9,30.6,30.0,29.8,29.4,29.4,29.4,29.4,29.4,29.4,29.4,29.4,29.4,29.4,29.4,29.3,29.3,29.3,29.4,29.4,29.4,29.4,29.5,29.4,29.4,29.3,29.4,29.6,29.8,30.1,30.4,30.5,30.4,30.3,30.1,30.1,30.0,30.0,30.0,30.0,30.0,29.5,29.4,29.2,28.9,27.6,26.0,24.6,23.3,22.2,21.8,21.6,21.2,21.2,21.4,21.2,21.0,20.9,21.0,21.0,21.0,20.8,21.0,21.2,20.9,21.0,20.9,20.9,20.9,21.0,20.9,21.0,20.9,21.2,20.9,21.2,21.0,20.9,20.9,21.0,21.2,21.0,21.2,21.0,21.2,21.2,21.0,21.0,21.2,21.2,21.0,21.2,20.9,21.0,21.2,21.2,21.2,21.0
33,25.6,25.1,25.4,25.1,25.3,25.3,25.4,25.4,25.4,25.6,25.5,25.6,25.5,25.7,25.5,25.0,24.6,24.1,23.0,22.0,21.6,21.8,21.8,21.9,21.6,21.5,21.4,21.4,21.2,21.0,21.0,21.0,21.0,21.0,20.9,20.9,21.0,20.9,21.0,20.9,20.9,20.8,20.8,20.9,20.9,20.7,20.9,21.0,21.2,21.6,23.1,26.1,28.1,28.6,27.6,26.1,25.4,25.1,25.1,25.0,24.9,24.8,24.7,24.7,24.7,24.7,24.7,24.7,24.5,24.7,24.7,24.7,24.7,24.7,24.7,24.6,24.7,24.6,24.7,24.7,24.7,24.5,24.6,24.5,24.7,24.5,24.5,24.6,24.6,24.5,24.7,24.5,24.5,24.5,24.5,24.5,24.5,24.4,24.3,24.3,24.3,24.1,24.1,24.3,24.1,24.1,24.0,24.1,24.1,24.0,24.0,24.0,24.0,24.1,24.1,24.1,24.2,24.3,24.4,24.3,24.4,24.4,24.4,24.3,24.5,24.5,24.5,24.4,24.4,24.5,24.7,24.7,24.8,25.4,26.1,27.3,28.1,29.1,29.6,29.7,30.0,30.1,30.0,30.0,30.1,30.1,30.3,30.5,30.4,30.6,30.7,31.0,31.1,31.2,31.3,31.3,31.1,31.1,30.7,30.1,29.8,29.5,29.5,29.4,29.4,29.4,29.4,29.4,29.4,29.4,29.4,29.3,29.4,29.3,29.4,29.4,29.3,29.4,29.5,29.4,29.5,29.5,29.5,29.4,29.5,29.7,30.0,30.5,30.6,30.6,30.5,30.4,30.3,30.1,30.3,30.3,30.1,30.0,30.0,30.0,29.8,29.4,29.1,28.6,27.4,26.0,24.4,23.2,22.2,21.9,21.7,21.2,21.2,21.2,21.0,21.0,21.0,21.0,20.8,20.9,20.9,20.9,21.0,21.0,20.9,21.0,20.8,20.9,21.0,21.0,20.9,20.9,20.9,21.2,21.0,20.9,21.2,21.0,21.2,21.2,21.0,21.0,21.2,20.9,21.2,21.0,21.0,21.2,21.2,21.0,21.2,20.9,21.2,21.2,21.2,21.2
34,25.0,25.1,25.1,25.1,25.3,25.1,25.5,25.4,25.4,25.6,25.5,25.5,25.5,25.4,25.1,24.7,24.3,22.8,21.9,21.4,21.4,21.5,21.2,21.4,21.2,21.2,20.9,21.0,21.0,20.9,20.9,20.9,20.9,20.9,20.9,20.8,20.9,20.9,20.9,20.9,20.9,20.9,20.9,20.8,20.8,20.9,20.9,20.9,21.2,21.5,22.9,26.4,28.2,28.5,27.7,26.0,25.3,25.1,25.0,25.1,25.0,24.7,24.7,24.7,24.7,24.6,24.5,24.7,24.6,24.7,24.7,24.7,24.7,24.7,24.5,24.6,24.7,24.7,24.6,24.7,24.6,24.5,24.6,24.7,24.6,24.5,24.5,24.5,24.5,24.5,24.5,24.5,24.5,24.7,24.4,24.5,24.5,24.4,24.3,24.1,24.1,24.1,24.0,24.1,24.0,24.1,24.0,24.0,24.0,23.9,24.0,24.0,23.9,24.1,24.1,24.1,24.3,24.3,24.5,24.4,24.4,24.5,24.4,24.4,24.3,24.4,24.3,24.3,24.4,24.4,24.5,24.7,25.4,25.8,26.9,28.1,29.0,29.4,29.6,29.8,29.8,30.0,30.0,30.1,30.1,30.3,30.5,30.5,30.6,30.8,30.9,31.0,31.1,31.2,31.3,31.2,30.9,30.8,30.1,30.0,29.6,29.5,29.4,29.4,29.3,29.4,29.4,29.3,29.3,29.3,29.4,29.2,29.4,29.3,29.3,29.3,29.4,29.4,29.5,29.4,29.5,29.5,29.5,29.5,29.5,29.8,30.1,30.6,30.6,30.7,30.6,30.5,30.3,30.3,30.3,30.3,30.1,30.1,30.1,30.0,29.8,29.5,29.4,29.0,28.4,27.3,26.0,24.3,22.9,22.1,21.8,21.4,21.0,21.0,21.2,21.0,21.0,20.9,20.8,20.9,20.9,20.9,20.9,20.8,20.8,20.8,20.9,20.9,20.7,20.8,21.0,20.9,20.8,20.8,20.9,20.9,21.0,20.9,20.9,20.9,20.9,21.0,21.0,20.9,21.0,20.8,21.0,21.0,20.9,21.2,21.0,21.0,21.0,21.0,21.2,21.0
35,25.3,25.1,25.1,25.1,25.3,25.4,25.3,25.3,25.5,25.4,25.5,25.5,25.3,25.1,24.8,24.4,23.2,22.1,21.5,21.4,21.2,21.2,21.2,21.2,21.0,21.0,21.0,20.9,21.0,21.0,20.9,20.9,20.9,20.8,20.7,20.9,20.8,20.9,21.0,20.8,20.9,20.9,20.9,20.9,20.9,20.8,20.9,20.9,20.9,21.5,23.0,26.1,28.0,28.6,28.0,26.0,25.5,25.4,25.0,25.0,24.9,24.7,24.7,24.7,24.7,24.6,24.7,24.5,24.6,24.7,24.7,24.7,24.7,24.7,24.7,24.7,24.7,24.7,24.6,24.7,24.6,24.6,24.5,24.5,24.7,24.6,24.5,24.6,24.5,24.4,24.7,24.7,24.5,24.5,24.5,24.7,24.4,24.4,24.2,24.2,24.0,24.1,24.1,24.1,24.0,24.0,24.1,24.1,23.9,24.0,24.0,24.0,23.9,24.0,24.4,24.5,24.4,24.4,24.5,24.4,24.5,24.4,24.4,24.5,24.4,24.5,24.4,24.5,24.5,24.7,24.8,25.1,25.6,26.8,28.0,28.6,29.4,29.5,29.8,29.8,29.8,30.0,30.0,30.3,30.3,30.5,30.5,30.7,30.7,30.8,30.9,31.2,31.2,31.4,31.3,31.1,30.7,30.3,29.8,29.6,29.5,29.4,29.4,29.4,29.3,29.4,29.3,29.3,29.3,29.4,29.3,29.4,29.4,29.3,29.4,29.4,29.4,29.4,29.4,29.5,29.4,29.4,29.5,29.5,29.6,30.0,30.1,30.7,30.7,30.7,30.6,30.6,30.5,30.5,30.5,30.5,30.4,30.4,30.3,30.1,30.0,29.8,29.6,29.4,28.9,28.4,27.2,25.8,23.6,22.9,22.1,21.7,21.2,21.2,20.9,21.0,21.0,20.9,21.0,20.8,20.9,21.0,21.0,20.8,20.9,20.8,20.8,20.8,20.9,20.9,20.8,21.0,21.0,20.9,20.9,20.9,21.0,20.9,20.8,20.9,20.8,20.8,20.9,21.0,21.0,21.2,21.0,21.0,21.0,21.0,21.0,20.9,21.0,21.2,20.9,20.9
36,25.0,25.0,24.9,25.3,25.0,25.4,25.3,25.3,25.4,25.5,25.5,25.4,25.1,24.8,24.3,23.1,22.0,21.4,21.2,21.2,21.0,21.0,20.9,21.0,21.2,21.0,20.9,20.9,20.9,20.8,20.9,20.7,20.8,20.9,20.9,20.8,20.8,20.8,20.8,20.8,20.9,20.9,20.8,20.8,20.8,20.8,20.9,21.0,21.0,21.4,22.7,25.8,28.1,28.4,27.8,26.3,25.3,25.3,25.0,24.9,24.9,24.7,24.8,24.8,24.7,24.7,24.6,24.6,24.6,24.7,24.7,24.6,24.7,24.6,24.6,24.5,24.6,24.5,24.7,24.6,24.7,24.5,24.6,24.7,24.7,24.5,24.5,24.6,24.6,24.5,24.7,24.6,24.6,24.5,24.4,24.4,24.5,24.3,24.3,24.3,24.1,24.1,24.1,24.1,24.0,24.0,24.0,24.0,24.0,24.0,24.1,24.0,24.1,24.2,24.3,24.4,24.5,24.4,24.5,24.5,24.5,24.4,24.4,24.4,24.4,24.5,24.4,24.4,24.5,24.5,24.9,25.7,26.5,27.6,28.9,29.4,29.6,29.8,29.8,29.8,29.8,30.0,30.1,30.3,30.4,30.4,30.6,30.7,30.7,30.8,31.1,31.1,31.2,31.3,31.1,31.0,30.5,30.1,29.8,29.6,29.4,29.4,29.4,29.3,29.3,29.3,29.2,29.3,29.3,29.2,29.3,29.3,29.3,29.4,29.3,29.4,29.5,29.4,29.5,29.6,29.5,29.5,29.6,29.5,29.8,30.0,30.5,30.7,30.8,30.8,30.7,30.6,30.5,30.4,30.5,30.6,30.5,30.4,30.6,30.3,30.3,30.0,29.7,29.5,29.3,28.9,28.2,26.8,25.5,23.8,22.6,21.9,21.6,21.5,21.0,21.0,21.0,21.0,21.0,21.0,21.0,21.0,20.9,20.8,20.9,20.8,20.8,20.8,20.9,20.9,20.9,20.8,20.8,21.0,20.9,20.8,21.0,20.9,20.9,20.7,20.9,20.9,20.9,20.9,20.9,21.0,20.9,20.9,21.0,20.9,20.9,21.0,21.0,20.9,20.9,21.0
37,25.1,25.0,25.0,25.0,25.0,25.1,25.3,25.3,25.3,25.4,25.4,25.0,25.0,24.4,23.3,22.2,21.8,21.4,21.2,21.0,21.2,20.9,21.0,20.9,21.0,21.0,20.9,20.9,21.0,20.9,20.8,20.9,20.8,20.8,20.9,20.9,20.9,20.9,20.9,20.8,20.7,20.9,20.8,20.9,20.8,20.7,20.8,20.8,21.0,20.9,22.1,24.7,27.6,28.5,28.1,26.3,25.4,25.1,25.3,25.1,24.9,25.0,24.9,24.9,24.7,24.6,24.7,24.6,24.7,24.7,24.7,24.7,24.6,24.7,24.6,24.7,24.7,24.7,24.7,24.7,24.6,24.7,24.7,24.7,24.6,24.7,24.7,24.6,24.5,24.5,24.5,24.5,24.7,24.6,24.5,24.5,24.4,24.4,24.4,24.3,24.1,24.1,24.0,24.1,24.0,23.9,23.9,24.0,24.0,24.0,23.9,24.1,24.1,24.2,24.4,24.5,24.5,24.4,24.4,24.4,24.4,24.4,24.5,24.4,24.5,24.5,24.5,24.5,24.7,24.8,25.6,26.4,27.7,28.6,29.2,29.5,29.8,29.8,29.8,29.8,30.0,30.0,30.1,30.3,30.5,30.6,30.6,30.8,31.1,31.0,31.1,31.3,31.4,31.2,31.1,30.6,30.4,29.8,29.6,29.5,29.5,29.4,29.3,29.3,29.2,29.3,29.4,29.3,29.3,29.3,29.3,29.4,29.4,29.3,29.4,29.4,29.4,29.4,29.6,29.5,29.7,29.6,29.7,29.8,29.8,30.1,30.6,30.7,30.7,30.8,30.8,30.6,30.6,30.5,30.5,30.5,30.5,30.5,30.6,30.4,30.4,30.0,30.0,29.6,29.4,29.1,28.6,27.9,26.9,25.3,23.6,22.4,21.9,21.6,21.2,21.2,21.2,21.0,21.0,20.9,20.9,21.0,20.9,20.8,20.8,20.9,20.9,20.9,20.7,20.9,20.9,21.0,20.8,20.8,20.9,20.8,20.9,20.9,20.9,21.0,20.8,20.9,21.0,20.9,21.0,20.9,20.9,21.2,21.0,21.2,20.9,21.0,21.0,21.0,20.9,21.0
38,24.8,25.0,24.7,25.0,24.9,24.9,25.0,25.1,25.1,25.1,25.1,24.7,24.4,23.4,22.1,21.7,21.2,21.2,21.0,20.9,20.9,21.0,20.9,21.0,21.0,20.9,20.8,20.9,20.9,20.8,20.8,20.8,20.9,20.9,20.8,20.8,20.8,20.7,20.8,20.7,20.8,20.7,20.8,20.7,20.8,20.8,20.8,20.9,20.9,20.9,21.5,23.5,26.3,27.6,27.9,26.0,25.3,24.9,25.1,25.1,24.9,24.9,24.7,24.8,24.7,24.7,24.7,24.7,24.7,24.7,24.8,24.7,24.7,24.7,24.6,24.7,24.6,24.7,24.5,24.5,24.7,24.6,24.7,24.5,24.5,24.6,24.6,24.5,24.5,24.5,24.6,24.5,24.6,24.5,24.5,24.4,24.4,24.4,24.5,24.2,24.0,24.0,24.1,24.0,24.0,24.0,23.9,24.0,23.9,23.9,23.9,24.2,24.3,24.4,24.3,24.3,24.5,24.4,24.4,24.4,24.5,24.4,24.4,24.5,24.5,24.5,24.5,24.7,24.8,25.6,26.1,27.3,28.4,29.2,29.5,29.7,29.7,29.8,29.8,30.0,30.0,30.1,30.3,30.6,30.4,30.6,30.7,30.7,30.9,31.1,31.1,31.3,31.3,31.0,30.9,30.3,30.0,29.7,29.6,29.4,29.3,29.2,29.3,29.2,29.2,29.2,29.3,29.3,29.3,29.2,29.3,29.3,29.4,29.4,29.4,29.3,29.5,29.5,29.5,29.6,29.5,29.6,29.7,29.7,30.0,30.5,30.7,30.8,30.8,30.6,30.6,30.6,30.6,30.5,30.6,30.5,30.6,30.5,30.5,30.5,30.1,30.0,30.1,29.7,29.4,29.3,29.0,28.7,27.8,26.5,25.0,23.1,22.2,22.0,21.5,21.4,21.2,21.0,20.9,21.0,21.0,20.9,20.9,20.8,20.8,20.8,20.8,20.8,20.9,20.8,20.8,20.9,20.8,20.7,20.7,20.9,20.9,20.8,20.9,20.8,20.8,20.8,21.0,20.8,20.8,21.0,20.9,20.9,20.9,20.9,20.9,20.9,20.8,20.9,20.8,20.8
39,24.7,24.7,24.7,24.9,24.8,25.0,24.9,25.0,24.9,24.9,24.7,24.3,23.8,22.1,21.6,21.4,21.2,21.0,21.0,21.0,20.9,20.9,20.8,20.9,20.8,20.9,20.9,20.9,20.8,20.8,20.8,20.8,21.0,20.9,20.9,20.9,20.8,20.8,20.7,20.7,20.9,20.8,20.7,20.7,20.8,20.8,20.8,20.8,20.9,20.8,21.0,21.9,24.0,26.1,26.8,26.0,25.1,24.9,24.8,25.0,24.8,24.8,24.9,24.8,24.7,24.7,24.7,24.7,24.6,24.6,24.7,24.6,24.6,24.7,24.5,24.6,24.5,24.5,24.5,24.5,24.5,24.7,24.4,24.5,24.5,24.5,24.5,24.4,24.5,24.4,24.5,24.6,24.4,24.4,24.5,24.4,24.4,24.3,24.2,24.1,24.1,24.0,24.0,24.0,24.0,24.0,23.8,23.9,23.8,24.0,24.0,24.2,24.3,24.5,24.4,24.4,24.4,24.5,24.5,24.3,24.6,24.4,24.5,24.5,24.5,24.5,24.7,24.7,25.5,26.1,27.3,28.4,29.2,29.4,29.4,29.6,29.7,29.7,29.8,30.0,30.1,30.3,30.3,30.5,30.6,30.8,30.7,30.9,31.1,31.1,31.2,31.2,31.1,31.0,30.6,29.8,29.7,29.4,29.4,29.4,29.2,29.3,29.3,29.2,29.2,29.1,29.2,29.2,29.2,29.2,29.3,29.3,29.3,29.3,29.3,29.3,29.4,29.4,29.5,29.6,29.6,29.8,29.8,29.8,30.1,30.6,30.6,31.0,30.7,30.7,30.7,30.5,30.6,30.4,30.5,30.5,30.4,30.4,30.5,30.5,30.1,30.0,30.0,29.7,29.6,29.5,29.4,29.1,28.6,27.7,26.2,24.6,23.3,22.2,21.7,21.6,21.2,21.2,21.0,20.9,20.9,20.8,20.8,20.8,21.0,20.8,20.9,20.9,20.8,20.8,20.9,20.8,20.8,20.8,20.7,20.8,20.9,20.9,20.8,20.8,20.9,20.9,20.9,20.9,21.0,20.8,20.9,20.9,20.8,20.9,20.9,21.0,20.9,20.9,21.0,20.8
40,24.5,24.7,24.7,25.0,24.7,24.7,24.7,24.8,24.7,24.8,24.3,23.3,22.1,21.7,21.2,21.2,20.9,21.0,20.9,20.8,20.9,20.9,20.8,20.8,20.9,20.8,20.7,20.8,20.8,20.9,20.8,20.8,20.8,20.7,20.8,20.8,20.7,20.8,20.8,20.8,20.7,20.7,20.7,20.7,20.7,20.7,20.7,20.8,20.8,20.8,20.8,21.0,21.8,22.8,24.3,24.5,24.7,24.8,24.8,24.8,24.7,24.7,24.7,24.8,24.6,24.7,24.6,24.6,24.7,24.6,24.7,24.7,24.7,24.7,24.6,24.7,24.5,24.5,24.5,24.5,24.5,24.7,24.5,24.5,24.4,24.5,24.4,24.4,24.4,24.4,24.5,24.5,24.5,24.5,24.5,24.3,24.4,24.3,24.1,24.1,24.0,24.1,24.0,24.0,24.0,23.8,24.0,24.0,23.9,24.0,24.1,24.3,24.3,24.5,24.4,24.3,24.5,24.4,24.4,24.4,24.4,24.5,24.5,24.5,24.5,24.7,24.9,25.5,26.1,27.3,28.4,29.0,29.2,29.5,29.7,29.7,29.7,29.6,29.8,30.0,30.1,30.3,30.3,30.7,30.7,30.8,30.8,31.1,31.2,31.3,31.3,31.1,30.9,30.6,30.1,30.0,29.5,29.5,29.4,29.3,29.4,29.2,29.2,29.3,29.2,29.2,29.2,29.2,29.1,29.2,29.2,29.2,29.3,29.3,29.4,29.4,29.4,29.5,29.5,29.7,29.7,29.6,29.8,29.8,30.1,30.6,30.8,30.9,30.8,30.8,30.6,30.6,30.6,30.6,30.5,30.5,30.4,30.4,30.3,30.3,30.1,30.1,30.1,30.0,29.8,29.5,29.5,29.2,29.0,28.2,27.6,26.0,24.4,23.0,22.1,21.5,21.4,21.2,21.0,21.0,20.9,20.8,20.8,20.8,20.8,20.9,21.0,20.8,20.8,20.8,20.8,20.9,20.8,20.8,20.7,20.9,20.9,20.9,20.8,20.8,20.8,20.8,20.9,20.8,20.7,20.9,20.8,20.8,21.0,20.9,20.8,20.8,20.9,20.9,20.9,21.0
41,24.9,24.7,24.7,24.7,24.7,24.7,24.9,24.8,24.5,24.2,23.3,22.0,21.7,21.2,20.8,20.9,20.9,21.0,20.9,21.0,20.9,20.9,20.8,20.8,20.8,20.7,20.8,20.8,20.7,20.7,20.7,20.8,20.8,20.8,20.8,20.8,20.8,20.7,20.7,20.7,20.7,20.8,20.6,20.7,20.7,20.7,20.8,20.8,20.8,20.7,20.8,21.0,21.0,21.4,22.0,23.0,24.2,24.7,24.6,24.9,24.7,24.7,24.7,24.7,24.6,24.6,24.7,24.7,24.7,24.7,24.7,24.7,24.6,24.7,24.5,24.5,24.5,24.5,24.5,24.5,24.5,24.5,24.7,24.4,24.5,24.4,24.4,24.5,24.5,24.4,24.5,24.5,24.5,24.4,24.4,24.4,24.4,24.3,24.1,24.0,24.0,24.0,24.1,24.0,24.0,24.0,23.9,23.9,24.0,24.1,24.3,24.3,24.3,24.5,24.4,24.5,24.4,24.5,24.5,24.5,24.5,24.5,24.5,24.5,24.7,24.9,25.1,26.0,27.1,28.0,28.9,29.4,29.4,29.5,29.7,29.6,29.6,29.7,30.0,30.1,30.1,30.5,30.5,30.6,30.6,31.0,31.1,31.2,31.2,31.3,31.1,30.9,30.7,30.5,30.0,29.7,29.4,29.4,29.4,29.3,29.2,29.3,29.2,29.3,29.2,29.1,29.1,29.2,29.2,29.1,29.2,29.3,29.3,29.3,29.4,29.4,29.4,29.5,29.6,29.6,29.8,29.8,30.0,30.0,30.5,30.7,30.8,30.9,30.9,30.8,30.7,30.6,30.5,30.5,30.5,30.5,30.3,30.5,30.3,30.4,30.5,30.3,30.3,30.0,30.0,29.8,29.8,29.4,29.4,28.8,28.5,27.5,25.9,24.2,22.8,22.1,21.4,21.4,20.9,20.9,20.8,20.9,20.8,20.9,20.8,20.8,20.8,20.7,20.8,20.8,20.9,20.8,20.8,20.8,20.9,20.8,20.8,20.8,20.8,20.8,21.0,20.9,20.8,20.9,20.8,20.7,20.8,20.9,20.9,20.8,21.0,20.9,21.0,20.8,20.9,21.0
42,24.7,24.7,24.6,24.7,24.7,24.8,24.7,24.5,23.9,23.1,21.9,21.5,21.2,21.0,20.9,20.9,20.9,20.9,20.9,20.8,20.8,20.8,20.9,20.8,20.8,20.8,20.9,20.8,20.8,20.7,20.9,20.8,20.8,20.7,20.7,20.7,20.7,20.7,20.7,20.8,20.8,20.7,20.8,20.8,20.7,20.7,20.8,20.7,20.7,20.8,20.7,21.0,20.8,21.0,21.5,22.4,24.0,24.5,24.6,24.9,24.7,24.7,24.7,24.7,24.7,24.6,24.7,24.7,24.7,24.5,24.7,24.6,24.5,24.6,24.5,24.5,24.5,24.5,24.5,24.5,24.5,24.6,24.5,24.5,24.4,24.4,24.3,24.4,24.4,24.4,24.4,24.5,24.4,24.5,24.4,24.4,24.4,24.2,24.2,24.1,24.1,24.0,24.0,23.9,24.0,24.0,24.0,23.9,24.0,24.0,24.3,24.4,24.5,24.4,24.5,24.4,24.5,24.5,24.5,24.5,24.5,24.5,24.5,24.7,24.9,25.5,26.1,27.1,28.0,29.1,29.4,29.4,29.5,29.6,29.6,29.8,29.8,29.8,30.0,30.1,30.1,30.5,30.7,30.9,30.8,31.1,31.1,31.2,31.5,31.2,31.3,30.9,30.5,29.8,29.8,29.5,29.5,29.4,29.3,29.4,29.3,29.2,29.2,29.1,29.1,29.1,29.1,29.1,29.1,29.0,29.2,29.2,29.3,29.3,29.3,29.5,29.4,29.6,29.7,29.7,29.8,30.0,30.0,30.3,30.6,30.8,31.1,31.0,30.9,30.9,30.7,30.6,30.6,30.6,30.6,30.5,30.5,30.5,30.4,30.4,30.3,30.3,30.4,30.1,30.0,30.0,30.0,29.5,29.3,29.3,28.9,28.5,27.2,25.7,24.1,22.6,21.8,21.6,21.2,21.0,21.2,21.0,20.9,20.9,20.8,20.9,20.8,20.9,20.8,20.8,20.7,20.9,20.8,20.9,20.8,20.9,20.9,20.9,20.7,21.0,20.8,20.9,20.9,20.8,20.8,20.8,20.8,20.9,20.9,21.0,20.9,21.0,20.8,20.9,20.8,20.7
43,24.7,24.7,24.7,24.7,24.6,24.5,24.4,23.4,22.4,22.0,21.4,21.2,21.2,20.9,20.8,20.8,20.8,21.0,20.9,20.8,20.9,20.8,20.8,20.9,20.7,20.9,20.7,20.8,20.8,20.8,20.8,20.8,20.8,20.7,20.8,20.7,20.8,20.7,20.7,20.8,20.7,20.7,20.8,20.8,20.8,20.7,20.8,20.7,20.8,20.6,20.8,20.8,20.8,20.9,21.2,21.8,23.6,24.5,24.7,24.8,24.8,24.7,24.7,24.7,24.6,24.7,24.6,24.5,24.6,24.6,24.5,24.5,24.7,24.5,24.4,24.5,24.5,24.5,24.5,24.5,24.5,24.7,24.6,24.5,24.4,24.4,24.3,24.4,24.4,24.3,24.4,24.5,24.4,24.3,24.3,24.3,24.3,24.3,24.2,24.0,24.0,24.0,24.0,24.0,24.0,24.0,23.9,24.0,24.0,24.1,24.4,24.4,24.5,24.4,24.5,24.4,24.5,24.4,24.5,24.5,24.5,24.7,24.7,25.0,25.6,26.2,27.1,28.1,29.0,29.3,29.4,29.6,29.6,29.7,29.7,29.8,30.0,30.0,30.1,30.3,30.3,30.6,30.8,30.8,31.0,31.2,31.3,31.4,31.2,31.1,30.9,30.7,30.3,29.8,29.7,29.6,29.5,29.4,29.4,29.3,29.3,29.2,29.2,29.2,29.1,29.1,29.1,29.1,29.2,29.1,29.3,29.2,29.2,29.4,29.4,29.4,29.6,29.8,29.7,29.8,29.8,29.8,30.1,30.4,30.7,30.9,31.0,31.1,31.0,30.7,30.7,30.6,30.6,30.5,30.5,30.5,30.5,30.5,30.6,30.4,30.5,30.5,30.5,30.3,30.3,30.0,30.0,29.6,29.5,29.4,29.1,28.8,28.2,27.2,25.7,23.5,22.4,21.8,21.2,21.2,21.0,21.0,21.0,20.9,21.0,20.9,21.0,20.8,20.9,20.8,20.8,20.8,20.8,20.7,20.8,20.9,20.8,20.9,20.8,20.8,20.7,20.9,20.9,21.0,20.8,20.8,20.8,20.8,20.9,21.0,21.0,20.8,20.8,20.8,20.8,20.8
44,24.5,24.5,24.7,24.7,24.4,23.8,22.7,21.9,21.5,21.4,21.2,21.2,21.0,21.0,20.8,20.9,20.8,20.7,20.8,20.9,20.7,20.8,20.8,20.7,20.7,20.8,20.8,20.8,20.8,20.8,20.8,20.8,20.7,20.8,20.7,20.6,20.7,20.7,20.7,20.7,20.7,20.7,20.7,20.7,20.9,20.9,20.8,20.7,20.7,20.7,20.8,20.8,20.7,20.8,21.2,21.7,23.0,24.2,24.4,24.7,24.7,24.6,24.7,24.8,24.7,24.5,24.6,24.5,24.5,24.6,24.7,24.5,24.5,24.6,24.4,24.5,24.5,24.5,24.5,24.5,24.5,24.4,24.4,24.3,24.5,24.4,24.3,24.4,24.4,24.4,24.3,24.4,24.4,24.2,24.3,24.2,24.3,24.2,24.3,24.1,24.0,23.9,24.1,23.9,24.0,23.9,24.0,23.9,24.1,24.3,24.4,24.4,24.4,24.4,24.5,24.5,24.5,24.5,24.5,24.6,24.5,24.7,24.9,25.6,26.3,27.3,28.1,28.9,29.2,29.5,29.6,29.8,29.6,29.8,29.8,30.0,30.0,30.0,30.1,30.3,30.5,30.7,30.7,31.0,31.1,31.3,31.2,31.4,31.2,31.0,30.7,30.4,30.0,29.7,29.6,29.4,29.4,29.2,29.3,29.4,29.2,29.2,29.2,29.2,29.1,29.2,29.2,29.1,29.1,29.2,29.2,29.3,29.3,29.5,29.4,29.6,29.6,29.7,29.6,29.7,29.8,30.0,30.3,30.5,30.6,31.0,31.1,31.2,31.0,30.9,30.8,30.7,30.7,30.6,30.5,30.6,30.6,30.6,30.5,30.4,30.4,30.5,30.4,30.3,30.1,30.1,30.0,30.0,29.7,29.5,29.3,29.2,28.6,28.1,27.1,25.6,23.5,22.2,21.8,21.4,21.2,20.9,20.8,20.9,21.0,20.9,20.8,20.7,20.9,20.9,20.7,20.7,20.9,20.8,20.7,20.8,20.8,20.7,20.8,20.8,20.8,20.8,20.9,20.8,20.9,20.8,20.9,20.8,20.9,20.9,20.9,20.8,20.9,20.9,20.8,20.9
45,24.6,24.5,24.5,23.6,22.8,22.1,21.5,21.2,21.4,21.0,20.9,20.9,20.9,20.9,20.8,20.8,20.8,20.8,20.8,20.9,20.7,20.8,20.7,20.8,20.8,20.8,20.8,20.8,20.8,20.8,20.7,20.7,20.7,20.7,20.8,20.7,20.7,20.7,20.7,20.8,20.7,20.7,20.8,20.6,20.7,20.7,20.7,20.7,20.7,20.7,20.7,20.8,20.7,20.7,20.9,21.5,22.4,23.8,24.4,24.7,24.5,24.6,24.7,24.7,24.6,24.7,24.6,24.4,24.5,24.5,24.5,24.4,24.5,24.5,24.4,24.5,24.4,24.4,24.5,24.4,24.4,24.4,24.5,24.4,24.4,24.4,24.5,24.3,24.4,24.4,24.3,24.3,24.3,24.3,24.3,24.3,24.3,24.2,24.2,24.0,24.1,24.0,23.9,24.1,23.9,23.9,23.9,24.0,24.3,24.3,24.4,24.5,24.4,24.3,24.5,24.5,24.5,24.5,24.5,24.5,24.8,24.8,25.5,26.0,27.1,28.1,28.9,29.3,29.6,29.6,29.8,29.6,29.6,29.8,29.8,30.0,30.0,30.1,30.4,30.5,30.6,30.7,31.0,31.0,31.2,31.2,31.4,31.4,31.2,30.9,30.5,30.0,29.6,29.6,29.4,29.4,29.4,29.3,29.3,29.2,29.3,29.2,29.2,29.2,29.2,29.3,29.2,29.2,29.2,29.2,29.2,29.4,29.4,29.5,29.5,29.6,29.5,29.7,29.7,30.0,30.0,30.1,30.3,30.6,30.8,31.0,31.1,31.1,30.9,30.7,30.9,30.6,30.6,30.6,30.6,30.6,30.6,30.6,30.5,30.5,30.5,30.5,30.4,30.4,30.4,30.3,30.1,30.0,29.8,29.6,29.5,29.4,29.1,28.6,28.1,27.1,25.1,23.5,22.4,21.7,21.4,21.2,21.0,20.9,21.0,20.9,20.8,20.8,21.0,20.8,20.8,20.8,20.7,20.7,20.7,20.7,20.8,20.7,20.7,20.8,20.9,20.7,20.8,20.9,20.9,20.8,20.8,20.8,20.9,20.9,20.9,20.8,20.8,20.7,20.8,20.6
46,24.4,23.8,23.0,22.0,21.8,21.4,21.2,21.0,21.0,20.9,20.9,20.8,20.9,20.9,20.8,20.7,20.8,20.8,20.8,20.7,20.7,20.8,20.7,20.7,20.7,20.7,20.8,20.7,20.7,20.7,20.7,20.7,20.8,20.7,20.7,20.6,20.7,20.7,20.7,20.7,20.7,20.7,20.8,20.7,20.8,20.8,20.7,20.7,20.7,20.8,20.7,20.7,20.7,20.7,20.9,21.2,21.9,23.5,24.2,24.5,24.5,24.7,24.6,24.6,24.6,24.6,24.6,24.5,24.5,24.5,24.5,24.5,24.4,24.5,24.5,24.5,24.4,24.5,24.5,24.5,24.5,24.4,24.4,24.4,24.5,24.4,24.4,24.4,24.4,24.3,24.3,24.3,24.2,24.2,24.3,24.3,24.3,24.3,24.1,24.0,23.9,23.9,23.9,23.9,23.8,23.9,24.0,24.0,24.4,24.4,24.5,24.5,24.5,24.4,24.5,24.6,24.7,24.6,24.6,24.7,25.0,25.5,26.3,27.2,28.2,29.0,29.4,29.7,29.5,29.8,30.0,29.8,29.8,29.8,29.8,30.1,30.1,30.3,30.3,30.6,30.8,30.9,31.1,31.2,31.2,31.3,31.5,31.5,31.2,30.8,30.4,30.0,29.6,29.5,29.5,29.4,29.4,29.4,29.3,29.3,29.2,29.2,29.2,29.2,29.3,29.3,29.3,29.3,29.2,29.3,29.3,29.5,29.5,29.6,29.6,29.7,29.7,29.7,29.8,30.0,30.0,30.1,30.5,30.6,30.9,31.1,31.2,31.1,30.9,30.9,30.7,30.6,30.6,30.6,30.7,30.6,30.5,30.6,30.6,30.6,30.6,30.6,30.7,30.5,30.3,30.3,30.1,30.3,30.0,29.8,29.8,29.4,29.3,29.2,28.7,28.2,27.0,25.5,23.6,22.4,21.8,21.2,21.0,20.8,20.9,20.9,21.0,20.9,20.8,20.9,20.9,20.7,20.8,20.7,20.9,20.8,20.8,20.9,20.7,20.8,20.7,20.8,20.8,20.7,20.9,20.8,20.9,20.9,20.8,21.0,20.7,20.7,21.0,20.9,20.9,21.0
47,22.1,21.9,21.7,21.4,21.2,21.2,20.9,21.0,20.9,20.8,20.8,20.9,20.9,20.8,20.7,20.8,20.8,20.7,20.9,20.7,20.8,20.7,20.7,20.7,20.7,20.7,20.7,20.7,20.7,20.7,20.6,20.6,20.6,20.7,20.7,20.7,20.7,20.6,20.7,20.6,20.7,20.7,20.6,20.7,20.6,20.7,20.7,20.7,20.7,20.7,20.7,20.7,20.6,20.7,20.8,21.0,21.5,23.0,24.1,24.5,24.5,24.5,24.5,24.5,24.5,24.4,24.5,24.5,24.4,24.5,24.5,24.5,24.5,24.5,24.5,24.4,24.3,24.5,24.4,24.4,24.3,24.4,24.5,24.3,24.4,24.3,24.4,24.4,24.4,24.3,24.4,24.2,24.3,24.3,24.2,24.2,24.2,24.1,24.1,24.1,24.0,24.0,23.8,24.0,23.9,23.9,24.0,24.2,24.4,24.4,24.4,24.5,24.4,24.4,24.5,24.5,24.6,24.6,24.7,24.8,25.4,26.1,27.1,28.1,28.9,29.5,29.7,29.8,30.0,29.8,30.0,29.8,30.0,30.0,30.0,30.3,30.3,30.5,30.5,30.8,31.0,31.0,31.3,31.3,31.4,31.5,31.5,31.3,31.0,30.7,30.1,30.0,29.8,29.5,29.5,29.4,29.5,29.4,29.4,29.4,29.3,29.3,29.2,29.3,29.3,29.4,29.3,29.3,29.3,29.2,29.3,29.5,29.8,29.8,29.7,29.8,29.8,29.8,30.0,30.0,30.3,30.4,30.6,30.7,31.0,31.1,31.2,31.0,31.0,30.7,30.7,30.8,30.6,30.7,30.7,30.7,30.7,30.7,30.6,30.6,30.6,30.7,30.6,30.6,30.5,30.5,30.3,30.3,30.1,30.0,29.8,29.5,29.5,29.3,29.2,28.8,28.1,27.1,25.3,23.5,22.1,21.8,21.2,21.2,21.0,21.0,20.9,20.9,20.8,20.8,20.7,20.7,20.7,20.8,20.9,20.8,20.9,20.8,20.8,20.8,20.8,20.7,20.9,20.9,20.8,20.8,20.7,20.8,20.8,20.8,20.9,20.8,20.8,20.8,20.8,20.8
48,21.5,21.2,21.4,21.2,21.2,21.0,21.2,20.9,20.8,20.7,20.9,20.9,20.8,20.9,20.8,20.9,20.7,20.8,20.8,20.8,20.8,20.7,20.6,20.8,20.7,20.7,20.7,20.7,20.7,20.6,20.7,20.7,20.6,20.7,20.7,20.6,20.6,20.7,20.7,20.6,20.6,20.6,20.8,20.5,20.7,20.7,20.8,20.7,20.8,20.7,20.7,20.6,20.7,20.5,20.7,20.9,21.2,22.2,23.8,24.4,24.4,24.5,24.5,24.5,24.5,24.5,24.5,24.5,24.5,24.5,24.5,24.4,24.5,24.5,24.4,24.5,24.5,24.4,24.5,24.5,24.4,24.4,24.4,24.3,24.3,24.4,24.4,24.3,24.3,24.5,24.3,24.3,24.2,24.1,24.1,24.1,24.1,24.0,24.1,24.1,24.1,23.8,23.9,23.9,23.8,23.9,23.9,24.3,24.4,24.4,24.5,24.5,24.4,24.5,24.5,24.6,24.6,24.7,24.8,25.4,26.1,27.2,28.0,29.0,29.6,29.6,29.8,30.0,30.0,30.1,30.0,30.0,30.0,30.0,30.3,30.1,30.5,30.6,30.7,30.8,31.1,31.2,31.3,31.4,31.5,31.5,31.5,31.3,31.0,30.6,30.3,29.7,29.6,29.4,29.5,29.4,29.4,29.4,29.4,29.3,29.3,29.3,29.4,29.4,29.4,29.4,29.3,29.4,29.4,29.4,29.4,29.5,29.8,29.8,30.0,30.0,29.8,30.0,30.3,30.1,30.3,30.4,30.6,30.8,31.1,31.0,31.1,31.1,30.9,30.9,30.7,30.7,30.9,30.7,30.7,30.8,30.7,30.7,30.7,30.7,30.7,30.6,30.7,30.7,30.6,30.6,30.6,30.5,30.5,30.3,30.1,29.8,29.8,29.5,29.4,29.2,28.7,28.0,26.8,25.3,23.4,22.0,21.6,21.2,21.4,21.0,21.0,20.9,20.9,20.9,20.8,20.7,20.8,20.7,20.9,20.7,20.8,20.7,20.8,20.7,20.8,20.8,20.8,20.8,20.8,20.8,20.8,20.8,20.9,20.9,20.8,20.8,20.8,20.9,20.8,20.7
49,21.2,21.0,21.0,20.9,20.9,20.9,20.9,20.7,20.9,20.9,20.9,20.8,20.8,20.8,20.7,20.8,20.7,20.8,20.7,20.8,20.7,20.7,20.7,20.7,20.6,20.8,20.8,20.7,20.6,20.7,20.6,20.6,20.7,20.5,20.7,20.7,20.7,20.5,20.6,20.7,20.6,20.7,20.7,20.7,20.6,20.5,20.7,20.7,20.7,20.7,20.7,20.7,20.7,20.7,20.7,20.8,21.2,22.1,23.4,24.1,24.3,24.4,24.4,24.5,24.4,24.3,24.5,24.4,24.4,24.4,24.4,24.4,24.5,24.4,24.4,24.4,24.5,24.4,24.4,24.4,24.4,24.4,24.3,24.3,24.4,24.3,24.3,24.2,24.2,24.2,24.2,24.2,24.3,24.1,24.1,24.1,24.0,24.0,24.1,24.0,23.9,23.9,23.9,23.8,23.8,23.9,24.1,24.3,24.5,24.4,24.4,24.5,24.4,24.4,24.5,24.6,24.7,24.8,25.1,25.8,26.9,28.0,29.3,29.6,29.8,30.0,30.0,30.1,30.3,30.3,30.1,30.1,30.1,30.3,30.3,30.5,30.7,30.7,30.9,31.1,31.1,31.4,31.4,31.5,31.5,31.6,31.5,31.3,30.8,30.4,30.0,29.8,29.7,29.5,29.6,29.5,29.4,29.4,29.4,29.4,29.4,29.4,29.4,29.3,29.5,29.5,29.5,29.4,29.4,29.4,29.5,29.6,29.8,30.0,30.1,30.0,30.1,30.1,30.1,30.3,30.3,30.5,30.7,30.9,31.0,31.2,31.2,31.0,31.0,31.0,31.0,30.8,30.8,30.8,30.8,30.8,30.8,30.8,30.9,30.9,30.8,30.8,30.8,30.8,30.8,30.7,30.8,30.7,30.6,30.5,30.3,29.8,30.0,29.8,29.5,29.4,29.1,28.9,28.1,26.8,24.9,23.0,22.1,21.5,21.5,21.2,20.9,20.9,20.8,20.7,20.9,20.7,20.7,20.9,20.7,20.8,20.8,20.7,20.8,20.8,20.8,20.8,20.8,20.8,20.8,20.8,20.7,20.7,20.8,20.8,20.7,20.8,20.8,20.8,20.9,20.9
50,20.9,21.0,20.8,20.9,20.9,20.8,20.8,20.7,20.7,20.9,20.8,20.7,20.8,20.8,20.8,20.8,20.8,20.7,20.7,20.7,20.6,20.7,20.7,20.7,20.7,20.7,20.6,20.7,20.7,20.7,20.7,20.7,20.5,20.7,20.7,20.6,20.6,20.7,20.6,20.5,20.5,20.6,20.6,20.6,20.7,20.7,20.7,20.5,20.6,20.7,20.6,20.7,20.7,20.6,20.7,20.7,20.8,21.5,22.4,23.8,24.3,24.3,24.4,24.5,24.4,24.3,24.4,24.3,24.4,24.5,24.4,24.3,24.4,24.4,24.3,24.4,24.3,24.4,24.3,24.3,24.3,24.4,24.2,24.3,24.3,24.2,24.3,24.4,24.1,24.3,24.1,24.2,24.1,24.0,24.0,23.9,23.9,24.0,23.9,23.9,23.9,23.9,23.8,23.9,23.9,23.9,24.3,24.3,24.5,24.5,24.4,24.5,24.4,24.5,24.5,24.6,24.7,25.0,25.7,26.4,27.6,29.0,29.6,30.0,30.1,30.1,30.1,30.3,30.3,30.3,30.3,30.4,30.3,30.5,30.4,30.5,30.7,30.8,31.0,31.1,31.2,31.4,31.5,31.6,31.7,31.6,31.5,31.2,30.8,30.4,30.0,30.0,29.7,29.6,29.5,29.4,29.5,29.5,29.4,29.4,29.4,29.4,29.4,29.5,29.4,29.5,29.5,29.4,29.5,29.6,29.5,29.5,29.7,30.1,30.1,30.3,30.4,30.1,30.5,30.5,30.6,30.6,30.9,31.1,31.2,31.1,31.1,31.0,31.0,31.0,30.8,31.0,31.1,31.0,31.1,31.0,30.8,31.1,31.0,31.0,31.0,30.9,30.9,30.9,31.1,31.0,30.8,30.8,30.7,30.6,30.6,30.4,30.1,30.0,29.8,29.6,29.3,29.2,28.7,28.0,26.9,25.0,23.5,22.0,21.8,21.2,20.9,20.8,20.8,20.8,20.8,20.8,20.8,20.7,20.8,20.8,20.7,20.7,20.6,20.7,20.7,20.8,20.7,20.8,20.7,20.8,20.7,20.8,20.9,20.7,20.7,20.8,20.8,20.9,20.9,20.8
51,20.9,20.8,20.8,20.7,20.7,20.8,20.8,20.8,20.7,20.8,20.8,20.9,20.8,20.7,20.7,20.7,20.7,20.8,20.7,20.7,20.6,20.7,20.7,20.7,20.5,20.6,20.6,20.7,20.4,20.6,20.6,20.5,20.5,20.6,20.7,20.6,20.6,20.6,20.5,20.5,20.5,20.6,20.7,20.6,20.7,20.5,20.6,20.7,20.6,20.6,20.6,20.6,20.6,20.6,20.7,20.8,20.7,21.2,22.2,23.3,24.1,24.2,24.3,24.3,24.3,24.3,24.3,24.3,24.3,24.3,24.3,24.3,24.3,24.4,24.3,24.4,24.3,24.3,24.3,24.3,24.3,24.2,24.3,24.2,24.3,24.3,24.2,24.2,24.1,24.0,24.0,24.1,24.1,24.0,23.9,23.9,23.9,24.0,23.9,23.8,23.9,23.8,23.9,23.9,23.8,23.9,24.2,24.4,24.4,24.5,24.5,24.5,24.5,24.7,24.5,24.5,24.7,25.4,25.9,27.3,28.6,29.6,30.0,30.4,30.3,30.5,30.5,30.3,30.4,30.4,30.5,30.3,30.4,30.4,30.3,30.6,30.8,31.0,31.1,31.1,31.5,31.5,31.5,31.6,31.7,31.7,31.5,31.2,30.9,30.5,30.1,30.0,29.7,29.6,29.5,29.4,29.5,29.5,29.5,29.5,29.4,29.5,29.5,29.7,29.6,29.6,29.8,29.5,29.6,29.7,29.5,29.6,29.6,30.0,30.1,30.1,30.3,30.4,30.5,30.6,30.6,30.6,31.0,31.1,31.1,31.2,31.2,31.0,31.0,31.0,31.1,31.1,31.1,31.0,31.1,31.1,31.0,31.1,31.0,31.0,31.1,31.0,31.2,31.1,31.2,31.2,31.2,30.9,30.8,30.7,30.6,30.4,30.3,30.1,29.8,29.8,29.4,29.3,28.9,28.7,28.1,26.9,25.0,23.4,22.4,21.7,21.2,21.0,20.9,20.8,20.9,20.8,20.7,20.8,20.8,20.8,20.7,20.7,20.7,20.7,20.9,20.7,20.7,20.7,20.8,20.8,20.7,20.7,20.8,20.9,20.7,20.8,20.8,20.8,20.8,20.8
52,21.2,20.9,20.9,20.8,21.0,20.8,20.8,20.8,20.8,20.8,20.8,20.8,20.7,20.7,20.7,20.7,20.7,20.7,20.7,20.7,20.7,20.8,20.7,20.7,20.7,20.7,20.7,20.6,20.6,20.5,20.6,20.6,20.6,20.7,20.7,20.7,20.6,20.6,20.6,20.6,20.7,20.6,20.6,20.7,20.5,20.6,20.6,20.7,20.7,20.5,20.7,20.6,20.5,20.6,20.6,20.7,20.7,20.9,21.5,22.8,23.8,24.3,24.2,24.3,24.3,24.3,24.2,24.2,24.3,24.2,24.3,24.2,24.1,24.2,24.2,24.2,24.2,24.3,24.3,24.3,24.2,24.2,24.1,24.2,24.1,24.2,24.2,24.2,24.0,24.0,24.0,24.0,24.0,24.0,23.9,24.0,23.9,23.9,24.0,23.8,23.9,23.9,23.9,23.8,23.9,24.0,24.3,24.3,24.5,24.5,24.4,24.5,24.5,24.5,24.6,24.7,25.1,25.9,26.8,28.1,29.3,30.1,30.4,30.6,30.6,30.5,30.6,30.6,30.6,30.5,30.6,30.6,30.6,30.6,30.6,30.8,30.9,31.0,31.2,31.4,31.4,31.6,31.7,31.9,31.9,31.7,31.5,31.2,30.8,30.4,30.1,30.0,29.8,29.6,29.6,29.6,29.5,29.6,29.5,29.6,29.6,29.5,29.7,29.8,29.8,29.8,29.8,29.8,29.7,29.6,29.8,29.8,29.8,30.0,30.3,30.6,30.5,30.6,30.6,30.7,30.9,31.1,31.1,31.1,31.2,31.1,31.2,31.1,31.0,31.1,31.1,31.2,31.2,31.3,31.2,31.2,31.3,31.2,31.2,31.3,31.4,31.5,31.7,31.5,31.5,31.5,31.3,31.3,31.0,31.0,30.7,30.7,30.6,30.6,30.3,29.8,30.0,29.7,29.4,29.2,28.7,27.9,26.9,24.9,23.3,22.1,21.7,21.2,21.0,21.0,20.9,20.9,20.8,20.9,20.8,20.9,20.8,20.7,20.7,20.8,20.7,20.8,20.8,20.8,20.8,20.9,20.8,20.8,20.9,20.8,20.9,20.8,20.7,20.7,20.8,20.7
53,20.8,20.8,21.0,20.9,20.9,20.8,20.8,20.7,20.8,20.8,20.8,20.7,20.8,20.7,20.7,20.8,20.8,20.8,20.7,20.7,20.6,20.7,20.7,20.7,20.5,20.6,20.5,20.6,20.7,20.5,20.6,20.7,20.7,20.6,20.7,20.7,20.7,20.6,20.6,20.5,20.7,20.5,20.7,20.5,20.6,20.6,20.6,20.4,20.5,20.7,20.5,20.6,20.5,20.5,20.5,20.7,20.6,20.7,21.2,22.2,23.2,24.0,24.0,24.1,24.3,24.3,24.3,24.1,24.2,24.3,24.2,24.2,24.2,24.2,24.2,24.2,24.1,24.1,24.2,24.1,24.1,24.1,24.2,24.0,24.1,24.2,24.0,24.1,24.0,24.0,24.0,23.9,24.0,23.9,23.9,23.9,23.9,23.9,23.9,23.9,23.9,23.9,23.9,23.8,24.0,24.1,24.2,24.4,24.3,24.4,24.5,24.5,24.5,24.6,24.7,24.7,25.5,26.3,27.7,28.8,30.0,30.7,30.7,30.8,30.7,30.6,30.7,30.6,30.8,30.8,30.7,30.7,30.6,30.8,30.9,30.9,31.1,31.2,31.4,31.5,31.5,31.5,31.6,31.7,31.9,31.7,31.7,31.2,30.9,30.6,30.3,30.0,29.8,29.7,29.8,29.5,29.6,29.6,29.6,29.7,29.8,29.8,29.8,29.8,29.8,29.7,30.0,29.8,29.8,29.8,30.0,29.8,29.7,30.0,30.1,30.5,30.6,30.6,30.7,30.8,30.9,31.1,31.2,31.2,31.5,31.2,31.3,31.2,31.2,31.4,31.2,31.3,31.3,31.5,31.5,31.4,31.3,31.3,31.5,31.5,31.6,31.5,31.6,31.7,31.7,31.5,31.4,31.4,31.2,31.0,31.2,30.8,30.7,30.6,30.5,30.3,30.1,29.8,29.6,29.4,29.1,28.6,28.1,27.0,25.1,23.4,22.0,21.8,21.2,21.0,20.9,20.9,20.9,20.8,20.8,20.8,20.8,20.8,20.7,20.9,20.8,20.8,20.8,20.8,20.8,20.7,20.8,20.8,20.7,20.7,20.7,20.9,20.8,20.7,20.8,20.7
54,20.9,20.9,20.9,20.9,20.8,20.8,20.8,20.8,20.8,20.7,20.8,20.8,20.7,20.7,20.8,20.5,20.7,20.7,20.6,20.7,20.6,20.7,20.7,20.7,20.6,20.7,20.5,20.7,20.6,20.4,20.6,20.6,20.6,20.6,20.6,20.6,20.7,20.6,20.7,20.7,20.5,20.6,20.6,20.6,20.7,20.5,20.6,20.5,20.6,20.6,20.5,20.5,20.4,20.5,20.5,20.6,20.6,20.7,20.8,21.4,22.9,23.6,24.1,24.1,24.1,24.1,24.2,24.1,24.1,24.2,24.1,24.1,24.2,24.1,24.1,24.2,24.2,24.1,24.0,24.3,24.0,24.1,24.0,24.1,24.1,24.0,24.1,23.9,24.0,23.9,23.9,23.9,23.9,23.9,24.0,24.0,23.9,23.9,23.9,23.9,23.8,23.9,23.8,23.9,24.0,24.3,24.3,24.3,24.4,24.5,24.5,24.5,24.5,24.5,24.7,25.1,25.8,27.0,28.2,29.6,30.5,30.8,30.9,31.0,30.8,30.9,30.8,30.8,30.8,30.7,30.8,30.7,30.7,31.0,31.0,31.2,31.2,31.2,31.4,31.3,31.5,31.7,31.7,31.7,31.9,31.7,31.5,31.3,30.9,30.6,30.5,30.3,30.0,29.8,29.8,29.7,29.7,29.8,29.8,29.7,29.8,29.8,30.0,29.8,29.8,30.0,30.0,30.0,30.0,29.8,29.8,29.8,30.0,30.0,30.3,30.5,30.7,30.9,31.2,31.1,31.1,31.2,31.3,31.5,31.2,31.4,31.4,31.3,31.3,31.4,31.6,31.6,31.6,31.7,31.5,31.5,31.6,31.6,31.7,31.7,31.9,31.6,31.7,31.7,31.7,31.6,31.5,31.3,31.2,31.3,31.1,30.8,30.9,30.7,30.6,30.6,30.1,30.3,29.8,29.7,29.4,29.2,28.2,27.8,26.8,25.0,23.0,21.9,21.4,21.2,21.0,20.9,20.9,20.8,20.7,20.8,20.7,20.8,20.8,20.8,20.9,20.8,20.7,20.8,20.8,20.7,20.9,20.8,20.8,20.7,20.9,20.9,20.8,20.8,20.7,20.9
55,20.8,21.0,20.8,21.0,20.8,20.8,20.8,20.8,20.8,20.8,20.8,20.8,20.8,20.7,20.8,20.7,20.8,20.7,20.7,20.7,20.7,20.7,20.7,20.7,20.7,20.7,20.6,20.7,20.7,20.5,20.7,20.7,20.7,20.7,20.6,20.7,20.7,20.7,20.7,20.6,20.7,20.5,20.7,20.5,20.6,20.7,20.6,20.7,20.6,20.5,20.5,20.7,20.5,20.7,20.6,20.5,20.7,20.7,20.8,20.9,22.0,23.0,23.6,24.0,24.1,24.2,24.2,24.1,24.1,24.1,24.1,24.1,24.0,24.2,24.1,24.0,24.0,24.1,24.2,24.1,24.0,24.0,24.0,23.9,24.2,24.0,24.0,23.9,23.9,23.9,23.9,23.9,23.8,23.9,23.8,23.8,23.9,24.0,24.0,23.9,23.9,23.9,23.9,24.0,24.1,24.3,24.4,24.4,24.4,24.5,24.6,24.5,24.6,24.5,24.8,25.1,26.1,27.6,29.2,30.3,30.8,31.2,31.0,30.9,31.1,31.0,31.1,30.9,30.9,30.9,31.0,30.9,31.0,31.2,31.2,31.2,31.3,31.4,31.5,31.6,31.6,31.7,31.7,31.7,31.9,31.9,31.6,31.4,31.1,30.7,30.5,30.5,30.0,30.0,30.0,30.0,30.0,30.0,29.8,30.0,30.0,30.0,30.0,30.0,30.0,30.1,30.0,30.0,30.0,30.0,30.0,30.1,30.1,30.1,30.3,30.7,30.9,31.0,31.3,31.5,31.4,31.6,31.5,31.5,31.5,31.5,31.5,31.5,31.5,31.6,31.6,31.7,31.7,31.7,31.7,31.7,31.7,31.7,31.7,31.7,31.7,31.7,31.6,31.5,31.6,31.3,31.3,31.2,31.2,31.1,31.1,31.1,30.9,30.8,30.6,30.6,30.1,30.5,30.1,29.8,29.5,29.4,29.1,28.6,27.8,26.8,24.7,23.2,21.9,21.5,21.2,21.0,20.9,20.9,20.8,20.8,20.8,20.8,20.7,20.8,20.8,20.7,20.8,20.7,20.7,20.8,20.8,21.0,20.9,20.7,20.7,20.8,20.9,20.8,20.9,20.7
56,21.0,20.7,21.0,20.8,20.8,20.8,20.9,20.8,20.8,20.8,20.7,20.8,20.8,20.8,20.8,20.7,20.8,20.8,20.7,20.7,20.7,20.7,20.7,20.8,20.7,20.6,20.5,20.7,20.6,20.7,20.7,20.6,20.7,20.6,20.7,20.7,20.7,20.6,20.7,20.7,20.6,20.7,20.6,20.7,20.7,20.6,20.6,20.7,20.6,20.5,20.5,20.5,20.5,20.5,20.6,20.6,20.6,20.5,20.6,20.8,21.2,22.4,23.3,23.9,23.9,24.0,24.1,24.1,24.1,24.1,24.1,24.1,24.1,24.0,24.0,24.0,24.1,24.0,23.9,24.0,24.1,24.0,24.0,23.9,24.0,24.0,23.9,23.9,24.0,23.9,23.8,23.8,23.6,23.8,23.9,23.8,23.9,23.8,23.6,23.9,23.8,23.9,23.9,24.0,24.1,24.2,24.5,24.3,24.4,24.6,24.5,24.6,24.6,24.7,24.9,25.8,27.1,28.4,29.8,30.6,30.9,31.1,31.2,31.2,31.1,31.1,31.0,31.0,30.9,31.0,31.0,31.0,31.1,31.2,31.2,31.3,31.4,31.3,31.5,31.7,31.7,31.7,31.9,31.9,31.9,31.9,31.7,31.4,31.1,30.8,30.7,30.6,30.3,30.3,30.0,30.1,30.0,30.1,30.0,30.0,30.1,30.0,30.0,30.1,30.1,30.1,30.3,30.1,30.1,30.1,30.1,30.1,30.1,30.3,30.4,30.6,31.1,31.2,31.7,31.7,31.9,31.7,31.7,31.7,31.7,31.7,31.6,31.7,31.5,31.7,31.7,31.7,31.7,31.7,31.7,31.7,31.7,31.7,31.7,31.7,31.5,31.5,31.5,31.2,31.2,31.1,31.1,30.9,30.8,30.8,30.7,30.6,30.6,30.6,30.6,30.6,30.3,30.1,30.0,29.8,29.6,29.5,29.3,29.0,28.6,28.0,26.8,24.5,22.9,22.0,21.5,21.2,21.0,20.9,20.8,20.8,20.8,20.7,20.8,20.8,20.8,20.9,20.7,20.9,20.9,20.7,20.8,20.8,20.8,20.8,20.8,20.7,20.8,20.8,20.9,20.8
57,21.0,20.8,20.9,20.8,20.8,20.8,20.7,20.8,20.8,20.8,20.8,20.8,20.9,20.7,20.8,20.7,20.7,20.7,20.7,20.7,20.7,20.7,20.7,20.7,20.7,20.6,20.7,20.6,20.7,20.7,20.7,20.7,20.6,20.7,20.7,20.7,20.7,20.7,20.7,20.6,20.6,20.6,20.7,20.7,20.6,20.6,20.7,20.7,20.5,20.5,20.6,20.6,20.5,20.5,20.7,20.5,20.7,20.5,20.7,20.7,20.9,21.6,22.8,23.3,23.9,24.0,24.1,24.1,24.1,24.2,24.0,24.1,24.0,24.1,24.1,24.0,24.0,24.1,24.0,24.0,24.0,24.0,23.9,23.9,23.9,23.9,23.9,23.9,23.8,23.9,23.8,23.8,23.8,23.8,23.9,23.6,23.9,23.9,23.9,23.9,23.9,23.9,24.1,24.1,24.2,24.3,24.4,24.3,24.4,24.5,24.6,24.7,24.7,24.8,25.3,26.1,27.7,29.0,30.4,30.8,31.0,31.2,31.2,31.2,31.2,31.2,31.1,31.1,31.0,31.1,31.1,31.0,31.2,31.3,31.4,31.5,31.5,31.4,31.6,31.7,31.7,31.9,31.9,31.9,31.9,31.9,31.7,31.5,31.3,31.0,30.7,30.7,30.5,30.4,30.3,30.3,30.1,30.3,30.3,30.3,30.3,30.4,30.4,30.3,30.4,30.4,30.3,30.3,30.1,30.3,30.3,30.3,30.3,30.3,30.5,30.6,31.1,31.5,31.9,32.2,32.0,32.0,31.9,31.9,31.7,31.7,31.7,31.7,31.7,31.7,31.7,31.7,31.9,31.7,31.7,31.7,31.6,31.6,31.5,31.5,31.4,31.2,31.2,31.1,31.1,30.9,30.8,30.9,30.7,30.7,30.7,30.7,30.6,30.6,30.6,30.4,30.1,30.1,30.0,30.0,29.7,29.6,29.4,29.2,28.9,28.4,27.8,26.5,24.5,22.8,21.9,21.5,21.2,21.0,20.8,20.9,20.9,20.9,20.9,20.7,20.8,20.7,20.8,20.7,20.9,20.7,20.8,20.8,20.8,20.7,20.8,20.7,20.8,20.8,20.9,20.7
58,20.8,20.8,20.9,20.8,20.7,20.8,20.8,20.9,20.7,20.7,20.7,20.7,20.8,20.8,20.7,20.8,20.7,20.7,20.7,20.5,20.6,20.6,20.7,20.7,20.7,20.6,20.6,20.6,20.6,20.7,20.7,20.7,20.7,20.6,20.6,20.6,20.5,20.5,20.6,20.7,20.6,20.7,20.7,20.7,20.5,20.4,20.5,20.6,20.6,20.5,20.5,20.6,20.5,20.5,20.5,20.7,20.6,20.6,20.6,20.6,20.7,21.0,22.0,23.0,23.5,24.0,23.9,24.0,23.9,24.0,24.1,24.1,24.0,24.0,24.0,24.0,24.1,24.0,24.0,24.0,23.9,24.0,23.9,23.9,23.8,23.8,23.8,23.9,23.8,23.8,23.8,23.9,23.8,23.8,23.6,23.9,23.8,23.8,23.8,24.0,23.9,24.1,24.1,24.2,24.2,24.3,24.5,24.5,24.4,24.5,24.6,24.6,24.7,24.9,25.7,26.6,28.2,29.5,30.7,30.9,31.2,31.2,31.2,31.3,31.3,31.2,31.2,31.0,31.1,31.0,31.1,31.2,31.2,31.2,31.3,31.5,31.6,31.5,31.6,31.7,31.7,31.7,31.9,32.0,32.0,32.0,31.7,31.6,31.4,31.1,30.8,30.7,30.6,30.5,30.4,30.3,30.1,30.3,30.3,30.5,30.5,30.5,30.5,30.5,30.5,30.5,30.5,30.5,30.4,30.5,30.4,30.1,30.4,30.3,30.5,30.8,31.3,31.7,32.0,32.2,32.2,32.2,32.2,31.9,32.0,31.7,31.9,31.7,31.7,31.7,31.7,31.7,31.7,31.7,31.6,31.6,31.5,31.5,31.4,31.4,31.3,31.2,31.1,31.0,31.0,30.9,30.8,30.9,30.8,30.7,30.8,30.8,30.7,30.6,30.5,30.5,30.3,30.0,30.0,30.0,29.6,29.6,29.3,29.2,29.0,28.7,28.5,27.7,26.4,24.4,22.7,21.9,21.4,21.0,20.9,20.8,20.8,20.9,20.8,20.7,20.8,20.7,20.7,20.7,20.7,20.7,20.7,20.8,20.8,20.8,20.7,20.9,20.7,20.7,20.8,20.8
59,20.8,20.8,20.8,20.9,20.8,20.8,20.8,20.7,20.8,20.8,20.7,20.7,20.9,20.7,20.7,20.8,20.7,20.7,20.7,20.7,20.7,20.7,20.7,20.7,20.6,20.7,20.7,20.6,20.7,20.6,20.7,20.6,20.7,20.7,20.5,20.7,20.5,20.6,20.6,20.6,20.6,20.7,20.7,20.5,20.6,20.6,20.5,20.7,20.6,20.6,20.5,20.5,20.5,20.6,20.5,20.5,20.5,20.5,20.7,20.4,20.7,20.9,21.4,22.4,23.1,23.4,23.8,23.9,24.0,23.9,24.0,24.0,24.1,24.0,24.0,23.9,24.0,24.0,24.0,24.0,23.9,23.9,23.8,23.9,23.9,23.9,23.8,23.8,23.8,23.8,23.6,23.8,23.6,23.6,23.9,23.8,23.9,23.9,23.9,24.0,24.0,24.2,24.2,24.1,24.2,24.4,24.3,24.4,24.5,24.6,24.6,24.6,24.7,25.0,25.9,27.2,28.6,30.0,30.8,31.1,31.2,31.2,31.3,31.3,31.4,31.3,31.2,31.2,31.1,31.2,31.2,31.2,31.1,31.3,31.3,31.5,31.5,31.5,31.6,31.7,31.7,31.7,31.9,31.9,32.0,31.9,31.9,31.7,31.5,31.2,30.9,30.9,30.6,30.6,30.5,30.5,30.4,30.3,30.5,30.5,30.6,30.6,30.5,30.6,30.6,30.6,30.5,30.4,30.6,30.5,30.4,30.4,30.3,30.4,30.5,30.7,31.2,31.7,32.2,32.2,32.2,32.0,32.0,31.9,31.9,31.9,31.7,31.7,31.9,31.7,31.7,31.7,31.6,31.5,31.6,31.5,31.5,31.4,31.3,31.4,31.3,31.2,31.2,31.1,30.9,30.9,31.0,30.9,30.8,30.8,31.0,30.8,30.8,30.6,30.7,30.6,30.3,30.3,30.1,30.1,29.8,29.7,29.4,29.3,29.2,29.0,28.6,28.2,27.5,26.0,23.9,22.4,21.9,21.4,20.9,20.9,20.9,20.8,20.7,20.8,20.7,20.9,20.8,20.8,20.8,20.7,20.7,20.8,20.8,20.8,20.8,20.7,20.7,20.7,20.7,20.7
60,20.8,20.8,20.8,20.9,20.8,20.8,20.8,20.8,20.7,20.7,20.7,20.8,20.9,20.8,20.7,20.7,20.7,20.8,20.7,20.7,20.7,20.6,20.5,20.7,20.6,20.6,20.6,20.7,20.6,20.6,20.6,20.5,20.6,20.7,20.6,20.6,20.7,20.5,20.6,20.7,20.5,20.7,20.6,20.5,20.6,20.6,20.5,20.4,20.5,20.5,20.5,20.5,20.6,20.5,20.6,20.6,20.5,20.5,20.7,20.5,20.6,20.6,20.8,21.4,22.4,23.3,23.5,23.8,23.9,24.0,24.0,24.0,23.9,24.1,23.9,23.9,24.0,23.9,23.9,23.9,23.8,23.9,23.8,24.0,23.9,23.9,23.8,23.8,23.6,23.8,23.6,23.8,23.6,23.8,23.6,23.9,23.9,23.9,24.0,24.1,24.1,24.1,24.2,24.3,24.3,24.4,24.4,24.4,24.5,24.7,24.6,24.8,25.0,25.4,26.3,27.6,29.1,30.3,31.0,31.2,31.3,31.3,31.3,31.3,31.4,31.3,31.2,31.2,31.2,31.1,31.2,31.2,31.2,31.3,31.3,31.4,31.5,31.6,31.6,31.7,31.7,31.7,31.9,32.0,32.0,32.2,31.9,31.7,31.5,31.2,31.0,30.9,30.8,30.6,30.6,30.5,30.5,30.4,30.5,30.6,30.6,30.6,30.6,30.6,30.6,30.6,30.6,30.6,30.5,30.5,30.5,30.5,30.4,30.3,30.5,30.8,31.2,31.7,32.2,32.2,32.0,32.0,31.9,31.9,31.9,31.9,31.9,31.7,31.7,31.7,31.7,31.7,31.5,31.7,31.6,31.7,31.5,31.5,31.5,31.5,31.4,31.3,31.3,31.2,31.2,31.1,31.1,31.0,31.0,31.0,30.9,31.0,30.9,31.0,30.8,30.7,30.5,30.6,30.4,30.3,30.0,30.0,29.6,29.4,29.3,29.1,29.0,28.6,28.1,27.2,25.9,24.1,22.4,21.5,21.2,21.0,20.8,20.9,20.7,20.7,20.8,20.8,20.7,20.8,20.8,20.9,20.8,20.8,20.7,20.7,20.8,20.8,20.7,20.8,20.8,20.8
61,20.8,20.7,20.8,20.9,20.9,20.8,20.7,20.8,20.7,20.7,20.7,20.7,20.9,20.7,20.8,20.8,20.7,20.7,20.7,20.7,20.6,20.7,20.6,20.5,20.7,20.6,20.7,20.7,20.5,20.5,20.6,20.7,20.6,20.4,20.6,20.5,20.5,20.4,20.5,20.7,20.5,20.5,20.4,20.5,20.5,20.5,20.5,20.5,20.4,20.4,20.5,20.5,20.5,20.5,20.5,20.4,20.5,20.6,20.6,20.7,20.6,20.5,20.6,20.9,21.5,22.6,23.1,23.4,23.9,23.8,23.9,23.9,24.0,23.9,23.8,23.6,24.0,23.9,23.9,23.8,23.8,23.9,24.0,23.9,23.9,23.9,23.8,23.8,23.6,23.6,23.8,23.8,23.8,23.8,23.8,23.9,23.8,24.0,24.1,24.1,24.2,24.2,24.3,24.3,24.3,24.4,24.4,24.4,24.4,24.7,24.7,24.8,25.0,25.6,26.5,28.0,29.5,30.7,31.2,31.2,31.5,31.5,31.5,31.5,31.4,31.5,31.2,31.4,31.2,31.1,31.2,31.2,31.2,31.2,31.2,31.4,31.5,31.5,31.5,31.6,31.7,31.7,31.9,31.9,32.0,32.0,32.0,31.9,31.6,31.4,31.1,31.0,31.0,30.6,30.6,30.6,30.6,30.6,30.6,30.6,30.6,30.6,30.6,30.7,30.6,30.6,30.6,30.5,30.5,30.6,30.5,30.4,30.3,30.5,30.7,30.7,31.3,31.6,32.0,32.0,31.9,31.9,31.7,31.9,31.7,31.9,31.9,31.7,31.9,31.7,31.7,31.7,31.7,31.6,31.6,31.7,31.5,31.5,31.5,31.5,31.5,31.4,31.6,31.4,31.2,31.3,31.1,31.1,31.0,31.0,31.0,31.0,31.1,31.1,31.0,30.9,30.8,30.7,30.5,30.5,30.0,30.0,29.8,29.6,29.5,29.4,29.1,29.1,28.6,28.1,27.1,25.7,23.5,22.0,21.5,21.2,21.0,20.8,20.7,20.8,20.8,20.8,21.0,20.7,20.8,20.7,20.8,20.8,20.8,20.8,20.7,20.7,20.8,20.7,20.8,20.6
62,20.9,20.8,20.9,20.7,20.8,20.7,20.9,20.7,20.8,20.7,20.7,20.7,20.7,20.8,20.8,20.7,20.6,20.7,20.7,20.7,20.6,20.6,20.5,20.5,20.5,20.6,20.6,20.7,20.6,20.6,20.6,20.6,20.5,20.7,20.6,20.6,20.5,20.6,20.5,20.6,20.5,20.5,20.5,20.5,20.6,20.4,20.5,20.7,20.5,20.5,20.5,20.5,20.5,20.4,20.5,20.5,20.5,20.5,20.6,20.5,20.5,20.6,20.4,20.7,21.0,21.6,22.6,23.1,23.5,23.8,23.9,23.8,24.0,23.9,23.9,23.8,23.9,23.9,23.9,23.8,23.8,23.8,23.8,23.9,23.9,23.8,23.8,23.8,23.9,23.8,23.8,23.8,23.6,23.8,23.8,24.0,24.0,24.3,24.1,24.1,24.3,24.1,24.3,24.4,24.2,24.4,24.5,24.5,24.6,24.7,24.8,25.0,25.4,26.0,27.2,28.4,29.8,30.8,31.2,31.3,31.6,31.6,31.6,31.6,31.5,31.5,31.5,31.2,31.2,31.1,31.2,31.1,31.2,31.2,31.1,31.2,31.3,31.5,31.4,31.5,31.7,31.7,31.7,31.9,32.0,32.0,32.0,31.9,31.6,31.4,31.2,31.1,31.1,30.9,30.7,30.7,30.7,30.6,30.7,30.7,30.6,30.6,30.6,30.6,30.6,30.6,30.5,30.6,30.6,30.6,30.6,30.6,30.5,30.6,30.6,30.7,31.3,31.6,31.9,32.0,31.9,31.7,31.7,31.7,31.9,31.7,31.9,31.7,31.7,31.7,31.7,31.6,31.7,31.6,31.7,31.7,31.6,31.5,31.6,31.6,31.6,31.6,31.6,31.5,31.6,31.5,31.3,31.2,31.1,31.2,31.2,31.2,31.1,31.0,31.1,30.9,30.9,30.7,30.7,30.7,30.5,30.3,30.0,29.7,29.5,29.4,29.4,29.1,28.7,28.2,27.9,27.0,25.3,23.3,21.9,21.4,21.2,20.7,20.9,20.8,20.7,20.9,20.8,20.8,20.9,20.8,20.9,20.7,20.8,20.8,20.7,21.0,20.8,20.7,20.7,20.7
63,20.7,20.8,20.7,20.8,20.9,20.9,20.7,20.7,20.7,20.7,20.8,20.6,20.6,20.7,20.7,20.8,20.7,20.7,20.6,20.5,20.5,20.6,20.5,20.6,20.6,20.6,20.6,20.5,20.6,20.5,20.6,20.5,20.5,20.5,20.5,20.5,20.4,20.5,20.5,20.7,20.5,20.6,20.6,20.5,20.5,20.5,20.5,20.5,20.4,20.5,20.5,20.4,20.4,20.5,20.5,20.5,20.5,20.5,20.5,20.5,20.5,20.4,20.5,20.5,20.8,20.8,21.7,22.6,23.1,23.4,23.5,23.6,23.9,23.8,23.6,23.8,23.8,23.6,23.6,23.6,23.8,23.8,23.8,23.8,23.8,23.6,23.5,23.6,23.9,23.8,23.6,23.6,23.8,23.9,23.9,24.0,24.1,24.1,24.2,24.1,24.3,24.4,24.2,24.3,24.4,24.4,24.5,24.5,24.6,24.7,24.8,25.5,25.8,26.4,27.7,29.1,30.3,31.1,31.5,31.5,31.7,31.7,31.7,31.7,31.6,31.5,31.5,31.3,31.2,31.2,31.1,31.1,31.0,31.2,31.2,31.3,31.3,31.3,31.4,31.5,31.7,31.7,31.7,31.7,31.9,31.9,31.9,31.7,31.7,31.5,31.5,31.2,31.1,30.9,30.9,30.7,30.7,30.6,30.6,30.6,30.6,30.6,30.6,30.6,30.6,30.6,30.6,30.6,30.6,30.5,30.6,30.5,30.6,30.5,30.6,30.8,31.1,31.5,31.7,31.9,31.7,31.9,31.7,31.7,31.7,31.7,31.7,31.7,31.7,31.7,31.7,31.7,31.7,31.7,31.7,31.7,31.5,31.7,31.7,31.7,31.7,31.7,31.7,31.7,31.7,31.5,31.5,31.3,31.3,31.3,31.2,31.2,31.2,31.1,31.0,31.0,30.9,30.8,30.8,30.7,30.6,30.5,30.0,29.8,29.7,29.5,29.4,29.2,29.1,28.8,28.5,28.1,26.6,25.1,22.7,21.9,21.5,21.0,20.8,20.8,20.8,20.7,20.8,20.7,20.8,20.7,20.8,20.8,20.7,20.8,20.7,20.7,20.8,20.7,20.7,20.7
64,20.8,20.8,20.8,21.0,20.7,20.9,20.8,20.7,20.7,20.7,20.7,20.8,20.7,20.8,20.7,20.7,20.7,20.6,20.7,20.5,20.5,20.7,20.5,20.5,20.5,20.5,20.5,20.7,20.6,20.6,20.6,20.7,20.5,20.6,20.5,20.7,20.6,20.5,20.5,20.6,20.5,20.6,20.5,20.5,20.5,20.5,20.4,20.5,20.5,20.5,20.4,20.5,20.4,20.5,20.5,20.6,20.6,20.6,20.5,20.5,20.5,20.5,20.4,20.6,20.5,20.7,21.0,21.5,22.4,23.1,23.4,23.5,23.8,23.8,23.8,23.6,23.8,23.8,23.8,23.8,23.8,23.8,23.8,23.8,23.9,23.8,23.8,23.6,23.6,23.6,23.5,23.8,23.6,24.0,24.0,24.1,24.3,24.2,24.1,24.2,24.3,24.2,24.3,24.4,24.4,24.5,24.7,24.7,24.7,25.1,25.5,26.1,26.5,27.4,28.5,29.8,30.6,31.4,31.7,31.7,31.9,31.7,31.7,31.7,31.7,31.6,31.5,31.3,31.3,31.3,31.1,31.0,31.0,31.1,31.1,31.1,31.2,31.2,31.4,31.5,31.5,31.7,31.7,31.7,31.9,31.9,31.9,31.7,31.7,31.7,31.5,31.3,31.2,31.1,31.1,30.9,30.8,30.7,30.8,30.8,30.7,30.6,30.6,30.6,30.6,30.6,30.6,30.5,30.6,30.6,30.5,30.6,30.6,30.6,30.6,30.8,31.1,31.5,31.7,31.9,31.7,31.7,31.7,31.7,31.7,31.7,31.7,31.7,31.7,31.7,31.7,31.7,31.7,31.7,31.7,31.7,31.9,31.7,31.9,31.7,31.9,31.9,32.0,31.7,31.7,31.7,31.6,31.5,31.4,31.3,31.4,31.2,31.2,31.3,31.2,31.1,31.0,30.9,30.9,30.7,30.6,30.6,30.1,30.0,30.0,29.6,29.5,29.4,29.2,29.0,28.9,28.2,27.6,26.5,24.3,22.2,21.7,21.0,21.2,21.2,20.9,20.9,20.9,20.8,20.8,20.8,20.8,20.7,20.7,20.7,20.8,20.8,20.8,20.7,20.7,20.7
65,20.8,20.7,20.8,20.8,20.8,20.7,20.8,20.7,20.7,20.7,20.7,20.7,20.7,20.6,20.7,20.7,20.7,20.7,20.7,20.6,20.6,20.5,20.5,20.5,20.5,20.5,20.5,20.5,20.5,20.5,20.5,20.6,20.6,20.5,20.5,20.5,20.5,20.5,20.5,20.6,20.5,20.6,20.5,20.5,20.5,20.5,20.4,20.4,20.5,20.5,20.5,20.5,20.6,20.5,20.5,20.6,20.5,20.5,20.6,20.5,20.4,20.5,20.5,20.5,20.7,20.6,20.7,20.9,21.5,22.6,23.0,23.2,23.4,23.5,23.5,23.6,23.6,23.6,23.8,23.8,23.6,23.6,23.8,23.8,23.8,23.8,23.8,23.5,23.5,23.4,23.8,23.6,23.8,24.0,24.0,24.2,24.1,24.1,24.2,24.1,24.2,24.3,24.3,24.4,24.4,24.5,24.7,24.7,25.0,25.8,26.3,27.0,27.4,28.5,29.5,30.5,31.0,31.5,31.9,31.7,31.9,31.9,31.9,31.9,31.7,31.7,31.5,31.4,31.2,31.1,31.1,30.9,30.9,31.1,31.1,31.0,31.2,31.2,31.4,31.5,31.5,31.7,31.7,31.9,31.9,31.9,31.9,31.7,31.9,31.7,31.5,31.5,31.3,31.1,31.1,31.0,30.9,30.8,30.8,30.7,30.6,30.7,30.6,30.6,30.6,30.6,30.6,30.6,30.5,30.6,30.6,30.6,30.6,30.6,30.6,30.8,31.1,31.5,31.6,31.7,31.7,31.7,31.7,31.7,31.7,31.7,31.9,31.9,31.7,31.9,31.9,31.7,31.7,31.7,31.7,31.7,31.9,31.9,31.9,31.9,31.9,31.9,31.9,31.7,31.7,31.7,31.7,31.6,31.5,31.5,31.5,31.4,31.3,31.3,31.2,31.2,31.0,31.1,30.9,30.8,30.6,30.6,30.3,30.0,30.0,29.8,29.6,29.4,29.2,29.0,28.7,28.6,28.1,27.9,26.0,23.8,22.4,21.5,21.2,21.2,21.0,20.8,20.9,20.9,20.8,20.8,20.8,20.8,20.7,20.8,20.7,20.7,20.9,20.8,20.8,20.9
66,20.7,20.7,20.7,20.7,20.7,20.8,20.7,20.7,20.7,20.7,20.6,20.6,20.7,20.6,20.6,20.6,20.7,20.7,20.7,20.5,20.5,20.6,20.5,20.5,20.5,20.5,20.5,20.5,20.7,20.5,20.5,20.5,20.6,20.5,20.5,20.4,20.5,20.5,20.6,20.4,20.6,20.5,20.5,20.5,20.4,20.4,20.5,20.5,20.6,20.4,20.5,20.5,20.4,20.5,20.4,20.5,20.5,20.5,20.5,20.5,20.5,20.4,20.5,20.5,20.5,20.5,20.5,20.7,20.9,21.2,22.0,22.7,23.3,23.4,23.5,23.5,23.6,23.6,23.5,23.5,23.6,23.6,23.8,23.6,23.6,23.6,23.5,23.5,23.6,23.5,23.5,23.8,23.8,24.0,24.0,24.0,24.0,24.2,24.2,24.2,24.2,24.3,24.3,24.4,24.5,24.5,24.7,25.1,25.6,26.3,27.1,28.2,28.9,29.6,30.4,30.6,31.2,31.5,31.9,31.7,32.0,32.0,31.9,31.9,31.7,31.9,31.5,31.2,31.4,31.1,31.1,30.8,31.0,31.0,30.9,30.9,31.1,31.2,31.2,31.5,31.6,31.7,31.7,31.9,32.0,32.0,31.9,31.9,31.9,31.7,31.7,31.5,31.5,31.2,31.2,31.0,31.0,31.0,31.0,31.0,30.8,30.8,30.7,30.6,30.6,30.5,30.5,30.5,30.6,30.6,30.6,30.6,30.7,30.6,30.7,30.9,31.2,31.5,31.7,31.7,31.7,31.7,31.7,31.7,31.7,31.7,31.7,31.7,31.9,31.7,31.7,31.7,31.7,31.7,31.7,31.7,31.7,31.7,31.7,31.9,31.9,31.9,31.9,31.9,31.9,31.7,31.7,31.7,31.7,31.6,31.5,31.6,31.3,31.5,31.4,31.2,31.1,31.0,30.8,30.8,30.7,30.6,30.5,30.1,30.1,29.8,29.7,29.5,29.4,29.2,29.1,28.9,28.6,28.2,27.3,25.6,23.4,21.8,21.6,21.4,21.0,20.9,20.9,21.0,20.8,20.9,20.8,20.8,20.7,20.7,20.6,20.7,20.7,20.8,20.7,20.7
67,20.9,20.7,20.6,20.7,20.6,20.7,20.8,20.7,20.6,20.7,20.6,20.7,20.6,20.5,20.5,20.6,20.6,20.6,20.5,20.6,20.5,20.5,20.5,20.5,20.5,20.5,20.5,20.5,20.6,20.4,20.5,20.5,20.6,20.6,20.4,20.5,20.5,20.6,20.5,20.5,20.4,20.5,20.4,20.5,20.4,20.4,20.4,20.5,20.4,20.5,20.4,20.4,20.5,20.4,20.4,20.4,20.5,20.5,20.3,20.4,20.5,20.5,20.4,20.6,20.5,20.5,20.5,20.5,20.6,20.8,21.0,21.8,22.6,23.0,23.3,23.4,23.5,23.6,23.5,23.5,23.5,23.6,23.5,23.5,23.6,23.5,23.5,23.5,23.4,23.6,23.6,23.8,23.8,24.0,24.1,24.0,24.1,24.0,24.1,24.2,24.3,24.2,24.5,24.5,24.5,24.7,25.3,25.7,26.3,27.3,28.6,29.4,29.8,30.3,30.9,31.2,31.7,31.9,32.0,32.0,32.0,32.0,32.0,31.7,31.7,31.7,31.6,31.3,31.2,31.2,31.1,31.0,30.8,30.9,30.9,31.1,31.1,31.3,31.4,31.5,31.5,31.7,31.9,31.9,31.9,32.0,31.9,32.0,31.7,31.7,31.7,31.7,31.6,31.4,31.2,31.1,31.1,31.1,30.9,30.9,30.8,30.9,30.7,30.6,30.5,30.6,30.6,30.6,30.6,30.6,30.7,30.6,30.6,30.6,30.7,30.8,31.1,31.4,31.6,31.7,31.9,31.7,31.7,31.7,31.7,31.7,31.7,31.7,31.9,31.7,31.7,31.7,31.7,31.7,31.7,31.7,31.9,31.7,31.7,31.7,31.9,31.7,31.9,31.7,31.9,31.7,31.6,31.6,31.5,31.6,31.5,31.5,31.5,31.5,31.5,31.4,31.2,31.0,31.0,30.8,30.7,30.6,30.5,30.1,30.1,30.0,29.8,29.5,29.4,29.3,29.2,29.0,28.9,28.6,28.1,27.1,25.3,23.1,21.8,21.4,21.2,21.0,20.8,20.9,20.8,20.8,20.8,20.7,20.6,20.6,20.7,20.6,20.8,20.7,20.7,20.7
68,20.7,20.7,20.7,20.7,20.6,20.7,20.7,20.7,20.7,20.7,20.5,20.5,20.6,20.5,20.5,20.5,20.5,20.6,20.5,20.5,20.6,20.5,20.6,20.5,20.6,20.5,20.6,20.5,20.6,20.5,20.5,20.5,20.4,20.4,20.4,20.4,20.5,20.5,20.4,20.4,20.5,20.3,20.6,20.5,20.4,20.4,20.4,20.5,20.5,20.4,20.5,20.4,20.5,20.4,20.4,20.5,20.5,20.5,20.4,20.4,20.5,20.4,20.4,20.4,20.6,20.5,20.5,20.5,20.5,20.7,20.7,20.8,21.5,22.4,22.8,23.3,23.3,23.5,23.3,23.5,23.5,23.5,23.5,23.5,23.8,23.6,23.6,23.4,23.4,23.5,23.8,23.9,23.9,23.9,23.9,24.0,24.0,24.0,24.2,24.2,24.3,24.3,24.4,24.6,24.7,25.1,25.8,26.4,27.6,28.8,29.5,30.1,30.5,30.9,31.2,31.3,31.7,31.9,32.2,32.0,32.2,32.0,32.0,32.0,31.9,31.7,31.7,31.4,31.3,31.2,31.0,31.0,30.8,30.9,31.0,31.0,31.0,31.2,31.2,31.5,31.7,31.7,31.9,32.0,32.0,32.0,32.0,32.0,32.0,31.9,31.7,31.7,31.7,31.5,31.5,31.3,31.2,31.1,31.2,31.1,31.0,31.0,30.8,30.8,30.8,30.6,30.6,30.6,30.7,30.7,30.6,30.6,30.6,30.7,30.8,30.9,31.2,31.5,31.7,31.9,31.9,31.7,31.7,31.7,31.7,31.7,31.7,31.7,31.7,31.7,31.7,31.7,31.7,31.7,31.7,31.9,31.7,31.7,31.6,31.5,31.7,31.5,31.7,31.7,31.7,31.6,31.5,31.5,31.3,31.4,31.4,31.5,31.4,31.5,31.5,31.4,31.3,31.1,31.1,30.9,30.7,30.6,30.5,30.1,30.1,30.0,29.8,29.5,29.5,29.4,29.1,29.1,29.0,28.8,28.6,28.2,26.6,24.4,22.4,21.7,21.2,20.9,20.9,20.7,20.8,20.7,20.8,20.6,20.7,20.5,20.6,20.7,20.7,20.8,20.7,20.7
69,20.7,20.7,20.7,20.7,20.7,20.7,20.7,20.7,20.6,20.7,20.6,20.5,20.7,20.5,20.7,20.5,20.5,20.7,20.6,20.5,20.7,20.6,20.5,20.5,20.5,20.6,20.4,20.6,20.5,20.4,20.5,20.6,20.6,20.4,20.5,20.5,20.4,20.4,20.4,20.4,20.5,20.5,20.4,20.3,20.5,20.3,20.3,20.4,20.4,20.4,20.4,20.3,20.4,20.2,20.4,20.5,20.5,20.5,20.4,20.4,20.6,20.3,20.4,20.5,20.5,20.4,20.6,20.5,20.5,20.6,20.6,20.7,20.8,21.4,21.8,22.4,22.9,23.2,23.3,23.5,23.5,23.6,23.5,23.6,23.8,23.6,23.5,23.5,23.5,23.6,23.8,24.0,23.9,24.0,24.1,24.0,24.1,24.2,24.1,24.2,24.4,24.5,24.6,24.8,25.6,26.1,26.8,28.0,28.9,29.8,30.3,30.7,30.8,31.1,31.4,31.7,31.9,32.2,32.2,32.2,32.2,32.2,32.2,32.0,31.9,31.7,31.7,31.3,31.2,31.2,31.0,30.9,31.0,30.9,30.9,31.0,31.0,31.2,31.3,31.5,31.7,31.7,32.0,32.0,32.2,32.0,32.0,32.0,32.0,31.9,31.9,31.7,31.7,31.7,31.6,31.5,31.4,31.3,31.2,31.3,31.1,31.1,30.9,31.1,30.8,30.8,30.7,30.7,30.7,30.7,30.7,30.6,30.7,30.7,30.7,30.8,31.2,31.4,31.7,32.0,31.9,31.7,31.7,31.7,31.7,31.7,31.7,31.7,31.7,31.7,31.9,31.7,31.7,31.7,31.7,31.7,31.7,31.7,31.6,31.7,31.7,31.6,31.5,31.5,31.4,31.5,31.4,31.1,31.2,31.2,31.1,31.2,31.1,31.3,31.3,31.2,31.2,31.2,31.2,30.9,30.9,30.7,30.6,30.3,30.5,30.0,29.8,29.7,29.5,29.3,29.4,29.2,29.2,29.1,28.9,28.6,27.9,26.0,23.5,22.0,21.4,21.0,20.9,20.7,20.8,20.7,20.8,20.6,20.7,20.7,20.6,20.7,20.8,20.7,20.7,20.7
70,20.6,20.7,20.7,20.7,20.6,20.7,20.7,20.7,20.7,20.7,20.6,20.6,20.7,20.6,20.5,20.6,20.5,20.5,20.6,20.4,20.5,20.6,20.5,20.5,20.4,20.4,20.5,20.5,20.5,20.5,20.6,20.4,20.5,20.4,20.4,20.4,20.4,20.3,20.5,20.3,20.4,20.4,20.3,20.4,20.3,20.4,20.4,20.4,20.4,20.4,20.4,20.4,20.4,20.4,20.3,20.3,20.4,20.5,20.4,20.5,20.4,20.4,20.4,20.4,20.5,20.5,20.4,20.5,20.5,20.7,20.4,20.5,20.5,20.7,20.9,21.5,21.8,22.4,22.9,23.1,23.3,23.4,23.4,23.5,23.4,23.4,23.6,23.5,23.6,23.8,24.0,23.9,24.0,24.0,23.9,24.1,24.1,24.1,24.3,24.3,24.5,24.7,24.8,25.7,26.3,27.1,28.2,29.0,29.8,30.6,30.8,31.1,31.1,31.4,31.7,31.9,32.2,32.3,32.5,32.5,32.7,32.5,32.2,32.2,31.9,31.9,31.7,31.4,31.3,31.2,31.1,30.8,30.8,30.8,30.8,30.8,31.1,31.1,31.2,31.6,31.7,31.9,32.0,32.2,32.2,32.2,32.2,32.0,32.0,31.7,31.7,31.6,31.7,31.7,31.7,31.5,31.5,31.5,31.4,31.5,31.3,31.2,31.1,31.1,31.0,31.0,30.8,30.8,30.7,30.8,30.8,30.8,30.7,30.8,30.9,30.8,31.1,31.5,31.7,31.9,31.7,31.7,31.7,31.7,31.7,31.7,31.7,31.7,31.7,31.9,31.7,31.7,31.7,31.7,31.9,31.7,31.7,31.7,31.7,31.6,31.5,31.6,31.5,31.4,31.3,31.2,31.1,31.2,31.1,31.0,31.0,31.0,31.1,31.1,31.1,31.1,31.1,31.2,31.1,31.1,30.9,30.7,30.6,30.3,30.3,30.0,29.7,29.6,29.5,29.4,29.3,29.2,29.2,29.1,29.0,28.9,28.6,27.3,24.9,22.7,21.7,21.0,20.9,20.9,20.7,20.7,20.8,20.7,20.7,20.7,20.7,20.7,20.7,20.8,20.8,20.6
71,20.7,20.6,20.7,20.7,20.5,20.6,20.6,20.6,20.7,20.7,20.6,20.5,20.5,20.6,20.5,20.6,20.4,20.5,20.6,20.5,20.5,20.6,20.6,20.6,20.5,20.5,20.4,20.5,20.5,20.5,20.5,20.4,20.4,20.4,20.5,20.3,20.4,20.4,20.3,20.6,20.4,20.4,20.4,20.3,20.4,20.4,20.4,20.4,20.5,20.3,20.4,20.3,20.4,20.3,20.4,20.4,20.3,20.4,20.5,20.4,20.4,20.4,20.3,20.3,20.5,20.4,20.4,20.4,20.4,20.5,20.7,20.5,20.5,20.5,20.5,20.8,21.0,21.5,21.7,22.1,22.7,23.1,23.1,23.3,23.2,23.3,23.4,23.3,23.6,23.6,23.9,23.8,24.0,24.0,24.0,24.1,24.0,24.1,24.2,24.4,24.5,24.8,25.8,26.5,27.3,28.5,29.4,30.3,30.6,30.8,30.8,31.0,31.3,31.6,32.0,32.0,32.6,32.5,32.8,32.7,32.7,32.5,32.3,32.2,31.9,31.9,31.6,31.4,31.3,31.0,31.0,30.8,30.7,30.8,30.8,31.0,31.0,31.2,31.4,31.5,31.7,31.9,32.0,32.2,32.2,32.2,32.2,31.9,31.7,31.3,31.2,31.0,31.1,31.6,31.6,31.5,31.7,31.7,31.6,31.6,31.4,31.5,31.5,31.2,31.2,31.1,31.0,30.9,30.9,30.8,30.8,30.8,30.7,30.8,30.9,30.8,31.1,31.5,31.6,31.7,31.7,31.7,31.7,31.7,31.7,31.7,31.7,31.7,31.7,31.7,31.7,31.7,31.9,31.7,31.7,31.7,31.7,31.7,31.7,31.7,31.6,31.7,31.5,31.3,31.2,31.1,31.2,31.0,31.0,30.9,30.8,30.8,30.8,30.8,30.8,30.8,31.0,31.0,31.1,31.0,31.0,30.8,30.7,30.6,30.3,30.3,29.8,29.7,29.5,29.4,29.4,29.1,29.2,29.1,29.1,29.1,28.7,28.1,26.4,23.8,22.1,21.2,20.9,20.9,20.9,20.6,20.8,20.7,20.7,20.7,20.7,20.7,20.7,20.7,20.7,20.4
72,20.6,20.5,20.6,20.7,20.6,20.6,20.7,20.5,20.5,20.6,20.6,20.6,20.5,20.6,20.5,20.4,20.4,20.7,20.5,20.5,20.5,20.6,20.6,20.5,20.5,20.6,20.5,20.4,20.5,20.4,20.4,20.5,20.4,20.4,20.4,20.4,20.4,20.3,20.4,20.4,20.4,20.3,20.4,20.4,20.5,20.4,20.4,20.4,20.4,20.4,20.4,20.4,20.4,20.4,20.3,20.4,20.3,20.4,20.3,20.4,20.4,20.4,20.2,20.4,20.4,20.3,20.3,20.4,20.4,20.4,20.4,20.3,20.4,20.5,20.5,20.6,20.6,20.6,20.9,21.2,21.6,21.9,22.1,22.4,23.0,22.9,23.1,23.1,23.3,23.4,23.6,23.6,23.8,23.9,24.0,23.9,24.1,24.1,24.2,24.4,24.8,25.6,26.4,27.6,28.8,29.5,30.0,30.6,30.6,30.9,31.0,31.2,31.4,31.7,32.2,32.3,32.8,32.8,32.9,32.9,32.8,32.8,32.5,32.2,32.0,31.9,31.6,31.3,31.2,31.1,31.0,30.8,30.7,30.8,30.8,31.0,31.0,31.1,31.3,31.5,31.7,32.0,32.2,32.5,32.6,32.3,32.2,31.9,31.4,30.8,30.0,29.6,30.7,31.4,31.7,31.7,31.7,31.7,31.7,31.7,31.7,31.7,31.5,31.4,31.2,31.2,31.1,31.1,31.0,31.0,30.8,30.8,30.9,30.9,30.9,31.2,31.2,31.5,31.7,31.9,31.7,31.9,31.7,31.7,31.7,31.7,31.9,31.7,31.7,31.7,31.7,31.7,31.7,31.9,31.7,31.9,31.7,31.7,31.9,31.7,31.7,31.7,31.5,31.3,31.4,31.2,31.1,31.0,31.0,30.9,30.8,30.7,30.8,30.7,30.8,30.8,30.7,30.8,30.8,30.8,31.0,31.0,30.8,30.6,30.4,30.1,30.0,29.7,29.6,29.6,29.4,29.4,29.2,29.2,29.1,29.0,29.1,28.7,27.4,25.1,22.7,21.7,21.2,21.0,20.8,20.7,20.7,20.7,20.7,20.8,20.7,20.6,20.7,20.7,20.7,20.6
73,20.7,20.5,20.6,20.7,20.6,20.6,20.6,20.7,20.6,20.6,20.5,20.6,20.6,20.6,20.5,20.6,20.5,20.6,20.5,20.5,20.5,20.6,20.6,20.5,20.4,20.5,20.4,20.4,20.4,20.4,20.4,20.4,20.5,20.3,20.5,20.4,20.4,20.4,20.4,20.5,20.4,20.3,20.3,20.4,20.2,20.4,20.3,20.3,20.3,20.4,20.3,20.4,20.4,20.4,20.4,20.3,20.3,20.2,20.4,20.3,20.4,20.5,20.3,20.4,20.3,20.3,20.3,20.3,20.4,20.4,20.3,20.4,20.5,20.5,20.5,20.4,20.4,20.6,20.6,20.7,20.7,20.9,21.2,21.4,21.9,22.0,22.1,22.4,22.7,23.0,23.0,23.1,23.3,23.3,23.3,23.4,23.5,23.5,23.8,24.2,25.1,26.4,27.7,28.9,29.6,30.3,30.6,30.7,30.8,31.1,31.2,31.3,31.5,31.7,32.5,32.8,32.8,33.0,33.0,33.0,33.0,33.0,32.8,32.3,32.2,31.9,31.7,31.4,31.2,31.1,30.8,30.8,30.8,30.7,30.8,30.8,30.9,31.1,31.2,31.5,31.7,32.0,32.2,32.5,32.6,32.2,31.9,31.4,30.6,28.6,27.6,27.9,29.7,31.0,31.7,31.7,31.9,32.0,32.2,32.0,31.9,31.9,31.7,31.7,31.3,31.4,31.3,31.1,31.1,30.8,30.8,30.9,30.9,31.0,30.9,31.1,31.2,31.6,31.7,31.7,31.7,31.7,31.7,31.9,31.9,31.7,31.7,31.7,31.7,31.9,31.7,31.9,31.9,31.9,31.9,31.9,31.9,31.9,31.9,31.7,31.7,31.7,31.7,31.5,31.4,31.2,31.2,31.0,31.0,30.8,30.6,30.6,30.7,30.6,30.6,30.6,30.6,30.7,30.7,30.8,31.0,30.9,30.9,30.6,30.6,30.4,30.1,30.0,29.8,29.5,29.4,29.4,29.3,29.3,29.1,29.1,29.1,28.9,28.4,26.5,23.8,22.1,21.2,20.9,20.8,20.8,20.7,20.7,20.7,20.7,20.7,20.7,20.6,20.6,20.6,20.5
74,20.7,20.7,20.5,20.5,20.7,20.6,20.7,20.6,20.5,20.6,20.7,20.7,20.7,20.6,20.5,20.5,20.5,20.5,20.4,20.6,20.5,20.5,20.5,20.5,20.5,20.5,20.4,20.5,20.5,20.5,20.5,20.4,20.5,20.4,20.5,20.4,20.4,20.3,20.4,20.4,20.3,20.3,20.3,20.4,20.4,20.3,20.3,20.4,20.2,20.4,20.3,20.4,20.4,20.4,20.3,20.4,20.4,20.4,20.2,20.3,20.4,20.4,20.2,20.4,20.4,20.2,20.3,20.3,20.3,20.3,20.4,20.4,20.3,20.3,20.4,20.6,20.4,20.5,20.5,20.5,20.6,20.6,20.6,20.7,20.9,21.0,21.4,21.4,21.6,21.7,21.8,22.0,22.0,22.1,22.1,22.1,22.4,22.4,22.9,24.1,25.5,27.2,28.9,29.6,30.0,30.6,30.9,31.0,30.8,31.0,31.2,31.7,31.7,32.2,32.5,32.8,32.9,33.1,33.1,33.2,33.0,33.0,32.8,32.6,32.2,31.7,31.6,31.2,31.2,31.1,31.0,30.9,30.8,30.9,30.8,31.0,31.0,31.1,31.3,31.7,31.9,32.2,32.5,32.6,32.7,32.2,31.6,30.7,28.7,26.0,25.5,26.9,28.7,30.6,31.7,31.9,32.0,32.0,32.2,32.2,32.2,32.2,31.9,31.9,31.7,31.4,31.4,31.5,31.2,31.1,31.0,31.0,31.0,31.0,31.1,31.2,31.4,31.5,31.7,31.9,31.9,31.9,31.9,31.9,31.7,31.9,31.9,31.7,31.9,31.9,31.9,32.2,32.0,32.2,32.2,32.0,32.0,32.0,31.9,32.0,31.7,31.9,31.7,31.7,31.5,31.5,31.2,31.1,31.0,30.8,30.7,30.6,30.6,30.5,30.5,30.4,30.6,30.6,30.6,30.7,30.8,30.8,30.7,30.6,30.6,30.5,30.1,29.8,29.8,29.6,29.4,29.4,29.3,29.3,29.1,29.1,29.2,29.0,28.8,27.5,24.9,22.4,21.5,21.2,20.8,20.7,20.8,20.7,20.8,20.8,20.7,20.5,20.7,20.7,20.7,20.9
75,20.7,20.7,20.7,20.7,20.6,20.7,20.7,20.6,20.8,20.6,20.6,20.5,20.6,20.6,20.6,20.6,20.4,20.5,20.6,20.4,20.5,20.5,20.6,20.5,20.5,20.5,20.5,20.5,20.4,20.4,20.5,20.5,20.5,20.5,20.4,20.5,20.4,20.3,20.3,20.3,20.3,20.3,20.4,20.4,20.5,20.4,20.3,20.4,20.4,20.4,20.4,20.4,20.5,20.4,20.4,20.4,20.5,20.4,20.4,20.4,20.3,20.2,20.2,20.3,20.4,20.2,20.2,20.3,20.4,20.4,20.3,20.4,20.3,20.4,20.4,20.4,20.4,20.5,20.4,20.4,20.4,20.6,20.7,20.7,20.6,20.6,20.7,20.9,20.9,20.8,21.0,21.2,21.2,21.4,21.2,21.4,21.7,21.9,23.1,24.7,27.0,28.6,29.5,30.5,30.5,30.7,30.8,30.8,31.0,31.2,31.5,31.7,31.9,32.5,32.6,33.0,32.9,33.2,33.2,33.2,33.2,33.1,32.8,32.7,32.2,31.9,31.5,31.4,31.3,31.1,31.0,30.9,31.0,30.8,30.9,31.0,31.1,31.2,31.3,31.7,31.9,32.0,32.5,32.5,32.5,32.2,31.1,29.5,26.5,24.3,24.1,25.9,27.9,30.0,31.4,32.0,32.2,32.5,32.7,32.5,32.5,32.3,32.2,31.9,31.9,31.7,31.5,31.7,31.4,31.4,31.2,31.1,31.1,31.1,31.2,31.2,31.5,31.6,31.7,31.9,31.9,31.9,31.9,31.9,31.9,31.9,31.9,31.9,32.0,32.0,32.0,32.2,32.2,32.2,32.2,32.2,32.2,32.0,32.2,32.2,32.0,31.9,31.9,31.7,31.7,31.5,31.5,31.2,31.2,30.9,30.8,30.6,30.6,30.5,30.3,30.4,30.5,30.5,30.6,30.7,30.7,30.7,30.7,30.6,30.4,30.4,30.1,30.0,29.8,29.7,29.4,29.5,29.3,29.3,29.2,29.2,29.3,29.2,29.1,28.5,26.3,23.4,22.0,21.0,20.8,20.8,20.7,20.8,20.7,20.7,20.7,20.6,20.6,20.6,20.7,20.7
76,20.7,20.7,20.7,20.7,20.7,20.7,20.5,20.7,20.6,20.7,20.6,20.7,20.6,20.7,20.5,20.7,20.7,20.7,20.5,20.6,20.5,20.6,20.5,20.7,20.6,20.5,20.5,20.5,20.6,20.4,20.5,20.4,20.5,20.6,20.5,20.4,20.5,20.4,20.4,20.4,20.4,20.3,20.4,20.3,20.4,20.4,20.5,20.4,20.4,20.4,20.4,20.5,20.5,20.4,20.4,20.5,20.2,20.4,20.4,20.4,20.3,20.3,20.3,20.4,20.4,20.4,20.4,20.3,20.4,20.4,20.4,20.4,20.4,20.5,20.3,20.4,20.4,20.4,20.4,20.5,20.5,20.6,20.6,20.6,20.6,20.7,20.7,20.7,20.7,20.7,20.8,20.9,20.8,21.0,21.0,20.9,21.7,22.6,24.2,26.3,28.4,29.6,30.3,30.6,30.7,30.8,30.9,31.2,31.2,31.4,31.7,31.7,32.2,32.6,32.8,33.1,33.2,33.2,33.3,33.5,33.5,33.2,33.0,32.7,32.3,32.0,31.5,31.4,31.2,31.0,31.0,31.0,31.0,31.0,31.0,31.0,31.1,31.2,31.4,31.6,32.0,32.2,32.3,32.5,32.3,31.6,30.1,27.9,24.7,23.0,23.1,24.7,27.1,29.4,31.4,32.0,32.5,32.6,32.7,32.8,32.8,32.7,32.5,32.5,32.2,31.9,31.9,31.7,31.6,31.5,31.4,31.3,31.2,31.3,31.3,31.4,31.6,31.7,31.9,32.0,32.0,32.0,31.9,31.9,32.0,32.0,32.0,32.0,32.2,32.2,32.2,32.2,32.2,32.2,32.3,32.2,32.2,32.2,32.2,32.2,32.2,32.0,32.0,31.9,31.9,31.7,31.6,31.5,31.2,31.2,30.8,30.7,30.6,30.5,30.5,30.3,30.3,30.5,30.6,30.6,30.6,30.6,30.6,30.6,30.4,30.3,30.4,30.0,29.8,29.7,29.5,29.4,29.4,29.4,29.3,29.3,29.3,29.2,29.4,28.9,27.1,24.4,22.4,21.6,21.2,20.9,20.8,20.7,20.8,20.7,20.7,20.7,20.7,20.7,20.7,20.8
77,20.8,20.8,20.7,20.7,20.7,20.7,20.6,20.5,20.6,20.6,20.5,20.5,20.6,20.6,20.7,20.7,20.6,20.7,20.6,20.6,20.6,20.5,20.7,20.7,20.5,20.5,20.5,20.4,20.5,20.5,20.5,20.4,20.4,20.5,20.3,20.6,20.6,20.4,20.3,20.3,20.4,20.4,20.4,20.3,20.4,20.4,20.5,20.4,20.4,20.4,20.4,20.4,20.4,20.4,20.5,20.4,20.5,20.4,20.4,20.4,20.5,20.5,20.4,20.4,20.3,20.2,20.3,20.2,20.4,20.4,20.5,20.3,20.4,20.4,20.4,20.4,20.5,20.5,20.4,20.4,20.4,20.5,20.5,20.5,20.6,20.5,20.5,20.6,20.5,20.7,20.7,20.7,20.8,20.8,20.9,21.4,22.1,23.6,25.7,27.8,29.3,30.1,30.5,30.7,30.8,30.9,31.1,31.2,31.2,31.5,31.7,32.2,32.3,32.8,33.1,33.1,33.1,33.5,33.3,33.3,33.5,33.2,33.1,32.6,32.2,32.0,31.7,31.3,31.1,31.1,31.0,31.0,31.1,31.0,31.1,31.1,31.1,31.3,31.6,31.7,31.9,32.2,32.2,32.2,32.2,31.4,29.0,25.9,23.5,22.4,22.6,24.0,26.3,28.6,30.9,32.2,32.7,32.8,32.8,32.9,33.0,32.8,32.8,32.5,32.2,32.0,32.0,31.7,31.7,31.5,31.5,31.5,31.5,31.5,31.5,31.6,31.9,31.9,32.0,32.2,32.0,32.2,32.0,32.0,32.0,32.2,32.2,32.0,32.0,32.2,32.2,32.2,32.2,32.2,32.2,32.2,32.2,32.0,32.0,32.0,32.0,32.0,31.9,31.9,31.7,31.7,31.6,31.6,31.5,31.4,31.0,30.8,30.6,30.5,30.1,30.1,30.1,30.1,30.5,30.4,30.6,30.5,30.5,30.5,30.4,30.3,30.1,30.1,30.0,29.8,29.7,29.5,29.4,29.3,29.3,29.3,29.3,29.3,29.4,29.2,27.7,25.5,22.8,21.7,21.2,21.0,20.7,20.8,20.7,20.8,20.7,20.7,20.7,20.7,20.7,20.7
78,20.9,20.7,20.7,20.6,20.7,20.7,20.5,20.6,20.7,20.7,20.7,20.5,20.7,20.6,20.5,20.6,20.7,20.6,20.5,20.7,20.5,20.7,20.6,20.7,20.6,20.5,20.6,20.5,20.5,20.3,20.4,20.5,20.5,20.5,20.4,20.3,20.5,20.4,20.4,20.5,20.4,20.4,20.3,20.4,20.4,20.3,20.4,20.4,20.5,20.4,20.4,20.4,20.4,20.3,20.3,20.5,20.3,20.3,20.5,20.5,20.4,20.4,20.4,20.4,20.3,20.3,20.4,20.3,20.4,20.4,20.5,20.5,20.5,20.3,20.3,20.5,20.4,20.5,20.5,20.5,20.5,20.5,20.5,20.5,20.6,20.6,20.6,20.6,20.7,20.7,20.7,20.7,20.8,20.8,20.9,21.7,23.0,24.8,27.2,29.0,29.8,30.5,30.7,30.7,31.0,31.1,31.2,31.2,31.2,31.6,31.9,32.2,32.7,32.8,33.3,33.2,33.4,33.5,33.5,33.4,33.6,33.2,33.1,32.8,32.5,31.7,31.3,31.2,31.1,31.2,30.9,31.1,31.2,31.0,31.0,31.1,31.2,31.2,31.5,31.7,32.2,32.2,32.2,32.2,32.0,30.6,28.0,24.8,23.0,22.1,22.2,23.4,25.6,28.1,30.4,31.9,32.5,32.8,32.9,33.0,33.1,33.1,32.9,32.9,32.7,32.5,32.0,31.9,31.7,31.7,31.6,31.6,31.6,31.5,31.7,31.6,31.9,32.0,32.0,32.2,32.2,32.2,32.3,32.2,32.2,32.2,32.2,32.2,32.2,32.2,32.2,32.2,31.9,32.0,31.9,32.0,32.0,31.7,31.7,31.7,31.9,31.7,31.7,31.7,31.6,31.6,31.6,31.7,31.5,31.5,31.2,31.0,30.8,30.6,30.4,30.3,30.0,30.1,30.3,30.4,30.5,30.6,30.6,30.5,30.6,30.3,30.1,30.1,30.0,29.8,29.5,29.5,29.4,29.2,29.2,29.3,29.2,29.3,29.4,29.3,28.6,26.6,23.9,22.0,21.2,21.0,21.0,20.7,20.9,20.7,20.7,20.7,20.7,20.8,20.8,20.7
79,20.5,20.7,20.7,20.7,20.7,20.7,20.7,20.7,20.7,20.7,20.7,20.6,20.7,20.6,20.7,20.6,20.5,20.5,20.7,20.6,20.6,20.7,20.5,20.6,20.5,20.3,20.5,20.4,20.6,20.5,20.5,20.6,20.6,20.4,20.5,20.4,20.5,20.5,20.5,20.4,20.4,20.4,20.3,20.4,20.3,20.5,20.4,20.3,20.4,20.3,20.4,20.4,20.4,20.3,20.4,20.4,20.4,20.4,20.5,20.5,20.4,20.5,20.4,20.3,20.4,20.4,20.3,20.3,20.3,20.4,20.4,20.4,20.5,20.4,20.5,20.4,20.4,20.4,20.4,20.5,20.5,20.6,20.6,20.6,20.5,20.5,20.6,20.5,20.7,20.6,20.8,20.8,20.8,21.0,21.5,22.7,24.0,26.3,28.5,29.7,30.3,30.5,30.7,31.0,31.0,31.2,31.2,31.2,31.4,31.7,32.0,32.3,32.7,33.0,33.1,33.2,33.3,33.5,33.5,33.5,33.4,33.1,33.0,32.7,32.2,31.7,31.4,31.2,31.1,31.1,31.1,31.0,30.9,31.0,31.0,31.1,31.1,31.3,31.5,31.7,32.0,32.2,32.2,32.2,31.9,30.6,28.2,25.3,23.3,22.4,22.1,23.2,24.9,27.6,30.1,32.0,32.7,32.9,33.1,33.2,33.2,33.2,33.1,33.0,32.8,32.6,32.2,32.2,31.9,31.7,31.9,31.7,31.7,31.7,31.7,31.7,31.9,31.9,32.0,32.3,32.3,32.3,32.2,32.2,32.3,32.2,32.2,32.2,32.2,32.2,32.2,32.0,31.9,31.7,31.9,31.7,31.7,31.5,31.6,31.5,31.5,31.5,31.5,31.3,31.4,31.5,31.3,31.3,31.2,31.3,31.1,31.1,30.8,30.7,30.4,30.1,30.0,30.0,30.0,30.0,30.3,30.5,30.4,30.4,30.5,30.1,30.1,30.0,29.8,29.8,29.6,29.6,29.4,29.3,29.3,29.3,29.4,29.4,29.5,29.4,28.9,27.3,24.7,22.4,21.6,20.9,20.9,20.9,20.9,20.8,20.9,20.9,20.8,20.8,20.9,20.6
80,20.8,20.8,20.7,20.8,20.8,20.7,20.7,20.7,20.6,20.7,20.7,20.5,20.6,20.6,20.6,20.6,20.7,20.7,20.7,20.6,20.5,20.6,20.5,20.5,20.5,20.6,20.5,20.6,20.5,20.4,20.5,20.5,20.6,20.5,20.5,20.5,20.5,20.5,20.5,20.4,20.4,20.3,20.3,20.5,20.4,20.4,20.4,20.4,20.5,20.3,20.4,20.4,20.2,20.3,20.5,20.5,20.4,20.4,20.4,20.5,20.5,20.4,20.5,20.4,20.4,20.3,20.5,20.4,20.4,20.3,20.3,20.5,20.5,20.5,20.4,20.4,20.4,20.4,20.4,20.5,20.5,20.6,20.4,20.5,20.6,20.6,20.7,20.7,20.7,20.7,20.7,20.7,20.9,21.4,22.0,23.4,25.5,27.9,29.2,29.8,30.5,30.7,30.8,31.0,31.0,31.0,31.1,31.3,31.4,31.9,32.2,32.8,32.9,33.0,33.2,33.2,33.3,33.4,33.4,33.5,33.3,33.2,32.9,32.8,32.2,31.7,31.2,31.1,31.1,31.0,31.0,31.0,31.0,31.0,31.0,31.2,31.1,31.3,31.5,31.9,32.2,32.2,32.2,32.2,32.0,31.4,29.4,27.1,24.8,23.2,22.6,23.3,24.7,27.6,29.8,31.9,32.7,32.8,33.1,33.1,33.2,33.3,33.4,33.2,32.9,32.8,32.5,32.2,32.0,32.0,31.7,31.7,31.9,31.7,31.9,32.0,32.0,32.2,32.2,32.3,32.2,32.2,32.3,32.5,32.5,32.2,32.2,32.2,32.2,32.0,31.9,32.0,31.9,31.7,31.7,31.7,31.6,31.5,31.6,31.5,31.3,31.5,31.3,31.3,31.2,31.1,31.1,31.1,31.1,31.1,31.2,31.0,31.1,30.8,30.4,30.4,30.1,30.0,30.0,30.0,30.0,30.3,30.5,30.3,30.3,30.3,30.0,29.8,29.8,29.5,29.5,29.5,29.4,29.4,29.3,29.4,29.4,29.4,29.5,29.5,29.2,28.0,25.3,22.7,21.4,21.0,20.9,20.8,20.9,20.8,20.8,20.8,20.8,20.8,20.8,21.0
81,20.7,20.8,20.7,20.7,20.5,20.7,20.7,20.7,20.7,20.6,20.7,20.6,20.6,20.5,20.6,20.6,20.6,20.6,20.6,20.5,20.5,20.5,20.6,20.6,20.5,20.5,20.5,20.5,20.4,20.5,20.4,20.4,20.4,20.3,20.3,20.5,20.5,20.4,20.4,20.3,20.5,20.4,20.4,20.4,20.4,20.4,20.4,20.4,20.4,20.3,20.4,20.4,20.4,20.3,20.4,20.5,20.4,20.4,20.4,20.5,20.5,20.4,20.3,20.3,20.3,20.4,20.5,20.4,20.4,20.5,20.5,20.4,20.5,20.4,20.4,20.4,20.5,20.4,20.4,20.5,20.6,20.6,20.5,20.5,20.7,20.7,20.6,20.6,20.7,20.7,20.8,20.9,21.2,21.6,22.7,24.6,27.0,28.7,29.8,30.3,30.6,30.8,30.7,30.8,30.9,31.1,31.2,31.2,31.5,32.0,32.3,32.8,33.0,33.1,33.2,33.2,33.3,33.3,33.4,33.4,33.3,33.1,32.8,32.2,31.9,31.5,31.2,31.0,30.9,30.9,30.9,31.0,31.0,30.9,30.9,31.0,31.2,31.3,31.6,31.9,32.0,32.2,32.2,32.2,32.2,31.7,30.8,29.2,27.1,25.1,23.9,23.3,24.7,27.3,29.8,31.9,32.8,33.0,33.3,33.3,33.3,33.5,33.3,33.3,33.0,32.8,32.7,32.2,32.2,32.2,32.0,31.9,32.0,31.9,32.0,32.0,32.2,32.2,32.3,32.3,32.3,32.6,32.3,32.3,32.2,32.2,32.0,32.0,31.9,31.9,31.9,31.7,31.7,31.6,31.6,31.5,31.4,31.4,31.4,31.3,31.3,31.2,31.2,31.1,31.1,31.0,31.0,30.9,31.0,30.9,30.9,30.8,30.8,30.7,30.6,30.3,30.0,30.0,30.0,30.0,30.1,30.3,30.3,30.3,30.1,30.1,30.0,29.8,29.8,29.6,29.5,29.4,29.3,29.4,29.4,29.3,29.4,29.3,29.4,29.6,29.2,28.4,25.8,23.2,21.7,21.0,20.8,20.8,21.0,20.8,20.7,20.8,20.7,20.7,20.9,20.5
82,20.6,20.7,20.7,20.7,20.6,20.6,20.7,20.7,20.7,20.6,20.5,20.5,20.5,20.5,20.6,20.6,20.6,20.6,20.5,20.5,20.5,20.5,20.5,20.5,20.4,20.5,20.4,20.5,20.4,20.4,20.4,20.4,20.3,20.4,20.5,20.4,20.4,20.4,20.5,20.4,20.5,20.4,20.4,20.4,20.3,20.4,20.3,20.3,20.5,20.3,20.4,20.3,20.3,20.2,20.3,20.4,20.3,20.4,20.3,20.2,20.3,20.4,20.4,20.5,20.2,20.3,20.4,20.4,20.5,20.4,20.4,20.4,20.5,20.4,20.5,20.4,20.4,20.3,20.4,20.4,20.5,20.5,20.5,20.5,20.5,20.6,20.6,20.5,20.7,20.8,20.9,21.2,21.7,22.8,24.0,26.3,28.4,29.6,30.3,30.5,30.6,30.8,30.9,31.0,31.0,31.1,31.2,31.4,31.7,32.0,32.5,32.9,33.0,33.0,33.4,33.4,33.3,33.3,33.3,33.2,33.2,33.0,32.8,32.2,31.6,31.3,31.1,30.8,30.9,30.9,30.7,30.8,30.8,31.0,30.8,31.1,31.2,31.5,31.7,31.9,32.0,32.2,32.3,32.2,32.2,32.0,31.6,30.7,29.4,27.7,26.1,25.0,25.5,27.7,30.1,32.2,32.8,32.9,33.2,33.2,33.3,33.4,33.3,33.4,33.2,33.2,32.7,32.6,32.3,32.2,32.2,32.0,32.2,32.0,32.2,32.2,32.3,32.2,32.5,32.3,32.5,32.5,32.2,32.3,32.2,32.0,32.0,31.9,32.0,31.9,31.7,31.7,31.7,31.7,31.5,31.5,31.4,31.3,31.3,31.2,31.2,31.2,31.1,31.0,31.2,31.0,31.1,31.0,30.8,30.8,30.8,30.7,30.6,30.8,30.6,30.5,30.3,30.0,30.0,29.8,30.0,30.1,30.3,30.1,30.1,30.1,30.0,30.0,29.8,29.6,29.5,29.5,29.5,29.3,29.2,29.2,29.3,29.3,29.4,29.5,29.2,28.1,26.0,23.4,21.6,21.2,20.9,20.8,20.9,20.7,20.8,20.7,20.7,20.7,20.7,20.9
83,20.5,20.6,20.7,20.7,20.6,20.7,20.7,20.6,20.5,20.5,20.5,20.5,20.6,20.5,20.7,20.5,20.5,20.6,20.7,20.6,20.6,20.6,20.5,20.6,20.4,20.5,20.4,20.4,20.4,20.4,20.5,20.4,20.4,20.3,20.4,20.5,20.4,20.4,20.5,20.4,20.5,20.4,20.4,20.4,20.4,20.3,20.4,20.4,20.4,20.4,20.3,20.5,20.4,20.5,20.3,20.4,20.4,20.4,20.4,20.4,20.5,20.5,20.3,20.4,20.4,20.4,20.4,20.4,20.4,20.5,20.4,20.5,20.5,20.5,20.4,20.3,20.4,20.5,20.5,20.5,20.4,20.5,20.5,20.5,20.6,20.5,20.7,20.7,20.7,20.8,20.9,21.4,22.4,24.1,25.8,27.7,29.5,30.3,30.6,30.6,30.7,31.0,30.9,31.1,31.0,31.1,31.2,31.5,31.7,32.2,32.7,32.9,33.0,33.2,33.2,33.3,33.4,33.3,33.2,33.2,33.0,32.8,32.2,31.9,31.5,31.1,31.0,30.8,30.8,30.8,30.8,30.7,30.8,30.8,30.9,31.1,31.3,31.5,31.7,32.0,32.0,32.2,32.2,32.2,32.2,32.2,31.9,31.7,30.9,30.0,28.7,27.2,27.1,28.2,30.7,32.2,32.9,32.9,33.2,33.2,33.4,33.4,33.5,33.5,33.3,33.2,32.8,32.7,32.2,32.5,32.2,32.2,32.2,32.2,32.2,32.3,32.5,32.5,32.6,32.6,32.6,32.5,32.5,32.2,32.2,32.0,32.0,31.9,31.7,31.9,31.7,31.7,31.6,31.5,31.5,31.4,31.4,31.3,31.3,31.2,31.1,31.2,31.2,31.0,31.1,31.0,31.1,31.0,30.8,30.9,30.7,30.7,30.6,30.6,30.5,30.5,30.3,30.0,30.0,30.0,30.0,30.0,30.1,30.1,30.1,30.3,29.8,30.0,29.6,29.6,29.5,29.4,29.4,29.4,29.2,29.2,29.3,29.2,29.4,29.6,29.2,28.4,26.4,23.6,21.8,21.2,20.8,20.8,20.8,20.8,20.7,20.7,20.8,20.7,20.7,20.7
84,20.8,20.6,20.7,20.7,20.6,20.7,20.5,20.7,20.7,20.5,20.6,20.6,20.5,20.6,20.5,20.5,20.4,20.6,20.5,20.5,20.4,20.5,20.5,20.5,20.4,20.4,20.4,20.5,20.5,20.4,20.3,20.3,20.4,20.4,20.3,20.3,20.4,20.4,20.4,20.4,20.4,20.4,20.3,20.3,20.4,20.4,20.3,20.4,20.4,20.4,20.4,20.2,20.4,20.3,20.4,20.3,20.3,20.4,20.3,20.4,20.4,20.4,20.5,20.4,20.4,20.2,20.3,20.4,20.5,20.4,20.5,20.5,20.5,20.5,20.5,20.4,20.4,20.4,20.4,20.4,20.4,20.5,20.5,20.5,20.5,20.7,20.6,20.7,20.7,21.0,21.2,22.4,23.4,25.6,27.5,29.1,30.1,30.6,30.6,30.7,30.8,30.9,31.0,31.0,31.2,31.2,31.3,31.4,31.9,32.5,32.7,33.0,33.0,33.2,33.2,33.3,33.4,33.2,33.3,33.1,32.9,32.8,32.2,31.7,31.2,31.0,30.7,30.7,30.6,30.6,30.6,30.7,30.8,31.0,31.1,31.1,31.3,31.6,31.6,32.0,32.0,32.2,32.2,32.2,32.2,32.2,32.2,32.0,32.0,31.6,30.8,29.8,29.0,29.6,31.3,32.3,32.9,33.2,33.2,33.2,33.5,33.3,33.5,33.5,33.4,33.2,33.0,32.8,32.7,32.5,32.5,32.3,32.5,32.5,32.5,32.5,32.5,32.5,32.6,32.7,32.5,32.3,32.2,32.2,32.0,32.0,32.0,31.9,31.7,31.7,31.7,31.7,31.7,31.6,31.5,31.5,31.3,31.3,31.4,31.2,31.1,31.1,31.2,31.0,31.1,31.1,30.8,31.0,30.9,30.8,30.7,30.8,30.7,30.6,30.5,30.3,30.4,30.0,30.0,30.0,30.0,30.0,30.0,30.1,30.1,30.1,29.8,29.8,29.7,29.7,29.5,29.4,29.4,29.4,29.4,29.2,29.2,29.3,29.4,29.4,29.4,28.1,26.3,23.4,21.9,21.2,21.0,20.7,20.8,20.7,20.7,20.7,20.7,20.7,20.7,20.7
85,20.6,20.5,20.7,20.8,20.7,20.6,20.7,20.5,20.5,20.6,20.7,20.6,20.6,20.5,20.7,20.5,20.5,20.5,20.5,20.5,20.5,20.5,20.6,20.4,20.5,20.6,20.4,20.5,20.4,20.4,20.4,20.4,20.4,20.4,20.4,20.4,20.3,20.3,20.4,20.3,20.4,20.3,20.3,20.5,20.4,20.3,20.4,20.3,20.3,20.3,20.5,20.4,20.4,20.3,20.4,20.4,20.3,20.3,20.4,20.4,20.4,20.4,20.3,20.2,20.2,20.3,20.3,20.4,20.3,20.4,20.4,20.4,20.3,20.6,20.4,20.5,20.5,20.4,20.5,20.4,20.5,20.5,20.5,20.7,20.7,20.6,20.7,20.7,20.9,21.2,21.9,23.3,25.1,27.3,28.9,29.8,30.5,30.6,30.6,30.8,31.0,30.9,31.1,31.1,31.2,31.2,31.4,31.5,31.9,32.5,32.8,33.0,33.0,33.1,33.2,33.2,33.3,33.2,33.1,33.0,32.9,32.6,31.9,31.6,31.1,30.8,30.6,30.6,30.6,30.6,30.7,30.7,30.8,31.0,30.9,31.2,31.4,31.7,31.9,32.0,32.0,32.2,32.2,32.2,32.2,32.2,32.2,32.2,32.2,32.2,32.0,31.6,30.9,31.0,31.7,32.3,32.9,33.1,33.2,33.2,33.3,33.3,33.4,33.5,33.3,33.3,33.0,32.9,32.8,32.7,32.5,32.3,32.6,32.5,32.5,32.5,32.6,32.6,32.8,32.7,32.5,32.2,32.0,31.9,32.0,31.9,31.9,31.7,31.7,31.7,31.7,31.7,31.6,31.5,31.4,31.4,31.4,31.4,31.2,31.3,31.1,31.1,31.0,31.2,31.0,31.1,30.9,30.9,30.9,30.7,30.6,30.6,30.6,30.5,30.5,30.3,30.1,30.1,30.1,30.1,30.1,29.8,30.0,30.0,30.0,30.0,30.0,29.8,29.6,29.7,29.6,29.5,29.4,29.4,29.2,29.2,29.3,29.4,29.4,29.4,29.2,28.2,25.9,23.5,21.7,21.2,20.8,20.9,20.8,20.7,20.7,20.7,20.6,20.7,20.7,20.7
86,20.5,20.7,20.7,20.6,20.6,20.7,20.5,20.6,20.5,20.5,20.5,20.5,20.7,20.5,20.5,20.5,20.5,20.5,20.5,20.4,20.4,20.5,20.4,20.5,20.4,20.4,20.4,20.5,20.5,20.3,20.3,20.4,20.3,20.4,20.4,20.3,20.4,20.4,20.4,20.4,20.4,20.5,20.4,20.4,20.4,20.4,20.4,20.4,20.4,20.4,20.3,20.3,20.4,20.4,20.4,20.4,20.4,20.4,20.4,20.4,20.4,20.2,20.3,20.4,20.3,20.4,20.2,20.3,20.4,20.4,20.4,20.4,20.4,20.5,20.3,20.4,20.4,20.5,20.3,20.4,20.4,20.5,20.5,20.7,20.5,20.5,20.7,20.8,21.2,21.8,22.9,24.6,27.0,28.7,29.7,30.3,30.6,30.8,30.8,31.0,30.9,31.0,31.1,31.2,31.2,31.4,31.5,31.7,32.0,32.7,32.8,33.0,33.1,33.2,33.2,33.2,33.2,33.1,33.0,32.9,32.8,32.3,31.9,31.2,30.8,30.6,30.5,30.6,30.6,30.6,30.7,30.7,30.7,30.9,31.1,31.3,31.5,31.7,31.9,32.2,32.2,32.2,32.2,32.2,32.2,32.2,32.3,32.5,32.2,32.5,32.2,32.3,32.2,32.2,32.2,32.7,32.8,33.1,33.1,33.3,33.2,33.2,33.3,33.4,33.4,33.3,33.0,32.9,32.8,32.8,32.6,32.5,32.6,32.8,32.7,32.7,32.7,32.7,32.6,32.5,32.3,32.2,32.2,32.0,31.9,32.0,31.7,31.7,31.7,31.7,31.5,31.6,31.4,31.5,31.3,31.3,31.3,31.3,31.3,31.1,31.1,31.1,31.0,30.9,30.9,31.0,30.9,30.9,30.8,30.9,30.8,30.6,30.7,30.6,30.5,30.3,30.3,30.1,30.0,30.0,30.1,30.0,30.0,29.8,30.0,30.0,30.0,29.8,29.7,29.5,29.4,29.5,29.4,29.4,29.3,29.4,29.2,29.3,29.3,29.3,29.0,28.0,25.8,23.3,21.6,21.0,20.9,20.8,20.8,20.7,20.8,20.7,20.7,20.6,20.6,20.7
87,20.6,20.5,20.6,20.6,20.6,20.7,20.5,20.6,20.5,20.5,20.6,20.5,20.5,20.5,20.4,20.5,20.5,20.5,20.5,20.5,20.4,20.4,20.5,20.4,20.3,20.4,20.4,20.4,20.4,20.5,20.4,20.3,20.3,20.4,20.4,20.5,20.4,20.4,20.4,20.4,20.3,20.3,20.4,20.4,20.4,20.4,20.4,20.4,20.3,20.2,20.3,20.4,20.3,20.3,20.3,20.3,20.3,20.4,20.3,20.3,20.3,20.3,20.3,20.2,20.2,20.2,20.5,20.4,20.4,20.4,20.4,20.4,20.4,20.5,20.3,20.5,20.5,20.6,20.4,20.6,20.4,20.5,20.5,20.6,20.7,20.6,20.5,20.8,21.6,22.6,24.3,26.4,28.4,29.3,30.0,30.6,30.7,30.8,31.0,31.0,31.0,31.1,31.2,31.2,31.3,31.4,31.5,31.9,32.2,32.6,32.8,33.0,32.9,33.0,33.1,33.2,33.1,33.0,33.0,32.8,32.6,32.2,31.7,31.2,30.6,30.7,30.6,30.6,30.6,30.6,30.7,30.8,31.0,31.1,31.2,31.3,31.5,31.9,32.0,32.2,32.2,32.3,32.3,32.2,32.2,32.2,32.2,32.3,32.5,32.5,32.6,32.7,32.8,32.5,32.7,32.8,32.9,33.1,33.2,33.3,33.3,33.3,33.5,33.3,33.4,33.2,33.2,33.0,32.8,32.8,32.8,32.7,32.6,32.7,32.7,32.8,32.8,32.6,32.5,32.2,32.2,32.0,31.9,31.9,31.9,31.7,31.7,31.7,31.7,31.6,31.6,31.5,31.5,31.4,31.3,31.2,31.2,31.2,31.2,31.2,31.0,30.9,30.9,31.0,30.9,30.9,30.8,30.8,30.8,30.8,30.8,30.7,30.7,30.6,30.6,30.4,30.3,30.1,30.0,30.1,30.0,30.1,30.0,30.0,30.0,30.0,30.0,29.8,29.8,29.6,29.4,29.4,29.4,29.5,29.3,29.3,29.3,29.3,29.3,29.4,29.0,27.7,25.3,22.7,21.6,21.2,20.9,20.9,20.7,20.8,20.5,20.7,20.7,20.7,20.7,20.7
88,20.6,20.6,20.7,20.6,20.5,20.6,20.5,20.6,20.6,20.6,20.5,20.6,20.5,20.6,20.4,20.5,20.5,20.4,20.5,20.5,20.4,20.5,20.5,20.5,20.4,20.4,20.4,20.5,20.4,20.4,20.4,20.4,20.4,20.4,20.5,20.3,20.3,20.4,20.4,20.4,20.4,20.3,20.4,20.4,20.4,20.4,20.4,20.2,20.2,20.4,20.4,20.3,20.3,20.4,20.3,20.4,20.4,20.4,20.3,20.3,20.2,20.2,20.3,20.3,20.3,20.4,20.4,20.3,20.3,20.3,20.4,20.4,20.3,20.4,20.4,20.5,20.5,20.4,20.5,20.5,20.5,20.5,20.5,20.5,20.6,20.8,20.7,21.0,21.9,23.6,25.7,27.7,29.4,30.0,30.5,30.7,30.6,30.9,30.8,30.9,31.0,31.1,31.1,31.3,31.3,31.4,31.5,31.7,32.2,32.8,32.8,33.0,33.0,33.0,33.1,33.0,33.0,32.9,32.8,32.8,32.5,32.0,31.7,31.2,30.7,30.6,30.5,30.5,30.5,30.6,30.7,30.8,30.9,31.1,31.2,31.5,31.7,31.9,32.0,32.2,32.5,32.5,32.5,32.2,32.2,32.3,32.5,32.5,32.5,32.5,32.8,32.8,33.2,32.9,32.9,32.9,33.2,33.2,33.4,33.3,33.2,33.2,33.2,33.3,33.3,33.2,33.2,33.0,32.9,32.7,32.8,32.8,32.8,32.8,32.8,32.6,32.5,32.5,32.2,32.2,32.0,31.9,31.7,31.7,31.9,31.7,31.7,31.7,31.6,31.5,31.5,31.5,31.4,31.3,31.4,31.2,31.1,31.2,31.2,31.2,31.1,31.0,31.0,31.0,30.9,30.8,30.9,30.9,30.7,30.9,30.7,30.7,30.7,30.6,30.4,30.5,30.5,30.3,30.3,30.1,30.1,30.0,30.1,29.8,29.8,30.0,29.8,29.8,29.7,29.6,29.5,29.4,29.4,29.3,29.3,29.2,29.2,29.3,29.3,29.4,28.7,27.3,24.5,22.4,21.0,20.9,20.8,20.7,20.7,20.7,20.6,20.8,20.7,20.6,20.6,20.6
89,20.5,20.7,20.4,20.6,20.5,20.6,20.6,20.5,20.5,20.6,20.5,20.6,20.6,20.5,20.5,20.5,20.5,20.5,20.5,20.5,20.4,20.4,20.4,20.6,20.4,20.4,20.4,20.5,20.4,20.4,20.5,20.4,20.4,20.5,20.3,20.4,20.4,20.4,20.5,20.3,20.3,20.3,20.3,20.3,20.4,20.2,20.4,20.4,20.4,20.4,20.3,20.4,20.2,20.3,20.3,20.2,20.3,20.4,20.3,20.2,20.4,20.3,20.3,20.4,20.4,20.4,20.4,20.3,20.4,20.3,20.4,20.3,20.3,20.3,20.4,20.4,20.4,20.5,20.4,20.4,20.4,20.6,20.6,20.6,20.6,20.7,20.9,21.7,23.0,25.0,27.1,28.9,29.8,30.3,30.5,30.8,30.7,31.0,30.9,30.9,31.1,31.1,31.2,31.3,31.3,31.5,31.6,31.7,32.2,32.6,32.8,32.8,32.8,32.9,32.9,33.0,33.0,32.8,32.8,32.3,32.2,31.7,31.6,30.9,30.7,30.6,30.6,30.6,30.6,30.8,30.8,31.0,31.1,31.2,31.3,31.6,31.7,32.0,32.2,32.3,32.3,32.5,32.5,32.5,32.5,32.5,32.5,32.5,32.8,32.8,32.9,33.0,33.2,33.1,33.2,33.1,33.2,33.1,33.2,33.2,33.2,33.2,33.2,33.4,33.2,33.4,33.2,33.2,33.0,32.9,32.8,32.8,32.8,32.8,32.7,32.5,32.3,32.2,32.0,32.0,32.0,31.9,31.7,31.7,31.7,31.7,31.5,31.5,31.5,31.5,31.4,31.5,31.5,31.2,31.1,31.1,31.1,31.1,31.1,31.1,31.0,31.1,31.0,31.1,31.0,30.9,30.8,30.7,30.8,30.7,30.8,30.8,30.7,30.6,30.6,30.5,30.4,30.3,30.3,30.1,30.1,30.3,30.0,30.0,30.1,29.8,29.8,29.8,29.8,29.7,29.6,29.5,29.4,29.4,29.4,29.3,29.3,29.3,29.4,29.3,28.5,26.3,23.9,21.9,21.4,20.9,20.7,20.7,20.5,20.7,20.6,20.7,20.7,20.6,20.6,20.8
90,20.7,20.5,20.7,20.5,20.5,20.5,20.6,20.6,20.6,20.5,20.5,20.5,20.5,20.6,20.4,20.5,20.4,20.6,20.5,20.4,20.5,20.4,20.4,20.4,20.4,20.4,20.5,20.3,20.3,20.3,20.5,20.4,20.4,20.4,20.4,20.4,20.4,20.4,20.4,20.4,20.4,20.1,20.5,20.1,20.2,20.3,20.4,20.4,20.4,20.3,20.4,20.4,20.3,20.3,20.3,20.4,20.3,20.2,20.3,20.2,20.3,20.4,20.4,20.2,20.3,20.5,20.3,20.3,20.4,20.4,20.3,20.2,20.4,20.5,20.4,20.5,20.5,20.5,20.4,20.6,20.5,20.6,20.6,20.6,20.7,21.0,21.4,22.4,24.1,26.5,28.5,29.5,30.0,30.5,30.7,30.9,30.8,31.0,31.1,31.1,31.1,31.2,31.2,31.4,31.3,31.5,31.5,31.9,32.2,32.6,32.8,32.8,33.0,32.8,32.8,32.8,32.8,32.5,32.5,32.2,32.0,31.7,31.5,31.0,30.7,30.6,30.6,30.6,30.7,31.0,31.0,31.0,31.1,31.2,31.4,31.7,32.0,32.2,32.3,32.3,32.6,32.6,32.5,32.6,32.6,32.6,32.7,32.7,32.8,32.8,32.9,33.0,33.2,33.2,33.2,33.1,33.2,33.2,33.2,33.2,33.2,33.2,33.3,33.5,33.4,33.3,33.3,33.2,33.0,32.8,32.8,32.8,32.8,32.8,32.3,32.2,32.2,32.0,32.0,31.9,31.7,31.7,31.6,31.7,31.7,31.6,31.5,31.5,31.4,31.3,31.4,31.4,31.3,31.2,31.2,31.1,31.0,31.0,31.1,31.1,31.1,31.0,31.0,31.0,30.9,30.8,30.9,30.7,30.8,30.8,30.7,30.6,30.7,30.6,30.6,30.5,30.3,30.4,30.4,30.3,30.3,30.3,30.3,30.0,30.1,30.0,29.8,29.8,29.8,29.5,29.5,29.5,29.4,29.4,29.4,29.3,29.4,29.3,29.3,29.3,28.2,25.9,23.1,21.8,20.9,20.8,20.8,20.7,20.6,20.7,20.7,20.7,20.7,20.7,20.6,20.7
91,20.6,20.6,20.7,20.6,20.5,20.5,20.4,20.5,20.4,20.5,20.5,20.5,20.5,20.5,20.5,20.6,20.5,20.5,20.6,20.4,20.3,20.5,20.4,20.4,20.3,20.5,20.4,20.5,20.4,20.4,20.3,20.4,20.3,20.3,20.4,20.3,20.3,20.5,20.3,20.2,20.4,20.2,20.4,20.3,20.2,20.1,20.3,20.4,20.3,20.2,20.3,20.4,20.4,20.4,20.2,20.3,20.4,20.3,20.2,20.2,20.2,20.3,20.4,20.5,20.4,20.3,20.4,20.3,20.3,20.4,20.4,20.4,20.3,20.4,20.4,20.4,20.5,20.6,20.6,20.5,20.5,20.6,20.7,20.7,20.9,21.2,22.1,23.5,25.8,27.9,29.2,29.7,30.3,30.6,30.8,30.8,31.0,31.2,31.0,31.2,31.2,31.2,31.2,31.4,31.3,31.5,31.6,31.9,32.2,32.3,32.7,32.7,32.8,32.8,32.7,32.6,32.3,32.3,32.2,32.0,31.7,31.5,31.2,31.0,30.8,30.8,30.7,30.6,30.9,31.0,31.0,31.1,31.2,31.3,31.5,31.7,32.0,32.2,32.3,32.5,32.5,32.6,32.5,32.6,32.7,32.8,32.7,32.8,32.9,33.0,33.0,33.1,33.2,33.2,33.2,33.2,33.3,33.2,33.2,33.2,33.2,33.2,33.2,33.3,33.4,33.2,33.3,33.0,33.0,33.0,32.8,32.6,32.5,32.5,32.2,31.9,32.0,31.9,31.9,31.7,31.7,31.5,31.7,31.5,31.6,31.5,31.5,31.6,31.5,31.4,31.4,31.2,31.2,31.2,31.1,31.0,30.9,31.0,31.0,31.0,31.0,31.0,31.0,31.0,31.0,30.9,30.7,30.7,30.8,30.7,30.6,30.6,30.8,30.6,30.6,30.5,30.5,30.5,30.5,30.3,30.5,30.3,30.4,30.1,30.1,30.0,30.0,29.7,29.6,29.5,29.4,29.5,29.4,29.4,29.2,29.2,29.4,29.3,29.4,29.1,27.7,25.0,22.7,21.5,21.0,20.9,20.8,20.7,20.6,20.5,20.7,20.7,20.6,20.4,20.7,20.6
92,20.6,20.5,20.6,20.6,20.6,20.5,20.5,20.4,20.5,20.5,20.6,20.7,20.5,20.5,20.5,20.6,20.5,20.5,20.4,20.5,20.4,20.4,20.5,20.4,20.3,20.4,20.5,20.4,20.4,20.4,20.4,20.4,20.2,20.3,20.3,20.3,20.4,20.2,20.2,20.3,20.3,20.4,20.2,20.3,20.2,20.2,20.3,20.3,20.2,20.2,20.3,20.4,20.3,20.2,20.3,20.2,20.3,20.4,20.2,20.3,20.3,20.3,20.3,20.3,20.3,20.2,20.4,20.2,20.4,20.4,20.3,20.3,20.4,20.4,20.4,20.5,20.5,20.5,20.5,20.6,20.5,20.7,20.7,20.8,21.2,21.6,22.8,25.1,27.1,29.2,29.8,30.4,30.6,30.7,30.8,30.8,31.0,31.1,31.1,31.2,31.2,31.2,31.2,31.3,31.4,31.3,31.7,32.0,32.0,32.5,32.5,32.6,32.5,32.5,32.2,32.2,32.2,32.2,32.0,31.9,31.6,31.5,31.2,31.0,30.7,30.8,30.8,30.8,31.0,31.0,31.2,31.2,31.3,31.5,31.6,31.9,32.2,32.2,32.5,32.5,32.7,32.5,32.6,32.7,32.8,32.8,32.8,32.8,33.0,33.0,33.2,33.2,33.2,33.2,33.1,33.2,33.1,33.2,33.2,33.2,33.2,33.2,33.2,33.2,33.6,33.2,33.2,33.0,33.0,32.8,32.7,32.5,32.5,32.2,32.0,31.9,31.9,31.7,31.7,31.7,31.5,31.7,31.5,31.5,31.5,31.5,31.5,31.4,31.5,31.5,31.3,31.2,31.2,31.1,31.2,31.0,30.8,31.0,31.0,30.9,30.9,31.0,31.0,31.0,30.8,30.8,30.7,30.7,30.6,30.6,30.6,30.6,30.6,30.6,30.6,30.6,30.6,30.5,30.5,30.5,30.5,30.3,30.1,30.3,30.1,30.1,30.0,30.0,29.6,29.5,29.4,29.5,29.4,29.4,29.4,29.3,29.4,29.3,29.3,28.6,27.2,24.4,22.1,21.2,20.8,20.9,20.8,20.7,20.7,20.7,20.7,20.7,20.7,20.6,20.6,20.6
93,20.7,20.7,20.6,20.7,20.6,20.5,20.6,20.5,20.5,20.6,20.6,20.7,20.6,20.6,20.5,20.6,20.6,20.6,20.5,20.5,20.5,20.5,20.4,20.5,20.5,20.5,20.5,20.3,20.4,20.3,20.4,20.4,20.4,20.4,20.3,20.3,20.4,20.3,20.2,20.4,20.4,20.4,20.4,20.3,20.3,20.1,20.2,20.3,20.4,20.2,20.3,20.3,20.4,20.2,20.4,20.3,20.2,20.4,20.5,20.3,20.3,20.4,20.4,20.4,20.4,20.4,20.2,20.4,20.4,20.4,20.3,20.3,20.4,20.4,20.4,20.5,20.7,20.5,20.5,20.5,20.6,20.7,20.7,20.9,21.7,22.7,24.4,26.6,28.5,29.6,30.0,30.6,30.6,30.9,30.8,31.0,31.0,31.1,31.1,31.2,31.1,31.2,31.4,31.3,31.4,31.4,31.6,31.7,32.0,32.2,32.2,32.3,32.3,32.0,32.2,32.0,32.0,31.7,31.7,31.7,31.6,31.3,31.2,31.0,31.0,31.0,31.0,30.9,31.0,31.2,31.2,31.5,31.5,31.7,31.7,32.0,32.2,32.5,32.5,32.7,32.8,32.7,32.8,32.8,32.8,32.8,32.8,33.0,33.0,33.0,33.0,33.1,33.2,33.0,33.0,33.0,33.2,33.3,33.2,33.2,33.2,33.3,33.2,33.3,33.2,33.2,33.3,33.2,33.0,32.6,32.5,32.3,32.2,32.0,32.0,31.7,31.7,31.7,31.7,31.7,31.6,31.5,31.4,31.4,31.6,31.5,31.5,31.5,31.4,31.3,31.2,31.2,31.2,31.1,31.1,31.0,31.0,31.0,30.9,31.1,31.0,30.9,31.0,31.0,30.8,30.8,30.8,30.7,30.6,30.6,30.6,30.6,30.6,30.6,30.6,30.7,30.6,30.6,30.4,30.5,30.5,30.5,30.5,30.1,30.3,30.3,29.8,29.8,29.6,29.6,29.5,29.5,29.5,29.4,29.4,29.2,29.3,29.3,29.2,28.4,26.3,23.6,21.9,21.4,20.9,20.7,20.8,20.7,20.7,20.7,20.5,20.7,20.7,20.5,20.7,20.8
94,20.7,20.8,20.7,20.6,20.6,20.7,20.5,20.6,20.7,20.5,20.7,20.5,20.6,20.6,20.6,20.5,20.7,20.7,20.7,20.5,20.4,20.5,20.4,20.4,20.5,20.5,20.6,20.4,20.3,20.5,20.5,20.4,20.3,20.4,20.3,20.4,20.4,20.3,20.4,20.3,20.3,20.4,20.2,20.2,20.3,20.3,20.3,20.3,20.3,20.3,20.3,20.3,20.3,20.4,20.2,20.3,20.4,20.3,20.3,20.3,20.4,20.3,20.3,20.4,20.3,20.4,20.3,20.3,20.5,20.3,20.4,20.4,20.3,20.4,20.5,20.4,20.5,20.5,20.7,20.7,20.7,20.7,20.8,21.4,22.6,24.1,25.9,28.1,29.5,30.3,30.5,30.6,30.7,31.0,30.9,31.1,31.1,31.2,31.1,31.2,31.2,31.3,31.4,31.2,31.4,31.5,31.6,31.7,32.0,32.0,32.2,32.0,32.0,31.7,31.7,31.7,31.7,31.6,31.5,31.5,31.5,31.4,31.2,31.2,31.1,31.1,31.1,31.1,31.2,31.3,31.4,31.5,31.7,31.9,32.0,32.2,32.5,32.6,32.8,32.8,32.7,32.8,32.8,32.8,32.8,32.8,32.8,33.0,33.0,33.0,33.1,33.1,33.2,33.1,33.0,33.2,33.2,33.2,33.3,33.2,33.3,33.2,33.2,33.3,33.2,33.2,33.2,32.9,32.8,32.2,32.2,32.2,32.0,32.0,31.7,31.7,31.7,31.7,31.6,31.5,31.5,31.5,31.5,31.2,31.5,31.4,31.4,31.4,31.3,31.2,31.2,31.2,31.2,31.1,31.1,31.0,30.9,31.0,31.0,30.9,30.9,30.8,30.8,30.9,30.8,30.8,30.8,30.6,30.6,30.7,30.6,30.6,30.6,30.6,30.7,30.6,30.6,30.6,30.5,30.6,30.5,30.5,30.5,30.3,30.1,30.1,30.0,30.0,29.8,29.6,29.6,29.5,29.4,29.4,29.4,29.2,29.4,29.3,29.0,27.8,25.4,22.9,21.5,21.2,20.8,20.7,20.9,20.8,20.7,20.7,20.7,20.6,20.7,20.7,20.7,20.8
95,20.5,20.7,20.7,20.7,20.7,20.6,20.7,20.7,20.6,20.7,20.6,20.6,20.7,20.5,20.5,20.6,20.5,20.6,20.5,20.6,20.5,20.6,20.5,20.5,20.6,20.5,20.4,20.6,20.6,20.5,20.4,20.4,20.4,20.4,20.5,20.4,20.3,20.4,20.4,20.4,20.3,20.4,20.4,20.4,20.3,20.3,20.4,20.3,20.2,20.4,20.4,20.3,20.4,20.4,20.4,20.4,20.2,20.4,20.4,20.4,20.4,20.4,20.4,20.4,20.4,20.4,20.5,20.4,20.4,20.4,20.4,20.4,20.4,20.3,20.4,20.5,20.4,20.5,20.5,20.6,20.8,21.0,21.4,21.9,23.5,25.3,27.5,28.9,30.0,30.3,30.6,30.7,30.8,30.9,31.0,31.0,31.0,31.1,31.1,31.2,31.2,31.3,31.3,31.3,31.5,31.4,31.5,31.5,31.7,31.7,31.7,31.6,31.5,31.5,31.6,31.5,31.6,31.5,31.5,31.5,31.5,31.4,31.3,31.2,31.2,31.2,31.2,31.2,31.3,31.5,31.7,31.5,31.7,31.9,32.2,32.2,32.6,32.6,32.8,32.7,32.8,32.7,32.8,32.8,32.8,32.8,32.7,32.8,32.8,32.9,33.0,33.0,33.1,33.0,33.2,33.2,33.4,33.3,33.3,33.3,33.4,33.2,33.2,33.2,33.0,32.8,32.9,32.5,32.3,32.2,32.0,32.0,31.9,31.7,31.7,31.5,31.5,31.6,31.5,31.5,31.4,31.4,31.5,31.2,31.5,31.4,31.4,31.4,31.4,31.3,31.2,31.2,31.2,31.2,31.1,30.9,31.0,30.8,31.0,30.8,30.8,30.8,30.8,30.7,30.8,30.8,30.6,30.6,30.6,30.6,30.6,30.6,30.6,30.7,30.6,30.7,30.6,30.6,30.5,30.6,30.5,30.6,30.5,30.3,30.4,30.1,30.0,29.8,29.7,29.6,29.5,29.7,29.4,29.4,29.4,29.4,29.2,29.0,28.2,26.6,23.8,22.1,21.2,20.9,20.8,20.7,20.8,20.7,20.7,20.8,20.8,20.8,20.6,20.7,20.7,20.7
96,20.6,20.6,20.7,20.7,20.7,20.7,20.6,20.7,20.7,20.7,20.6,20.6,20.5,20.6,20.6,20.6,20.6,20.7,20.5,20.6,20.5,20.5,20.6,20.4,20.4,20.7,20.5,20.5,20.4,20.5,20.4,20.5,20.4,20.4,20.5,20.2,20.4,20.3,20.3,20.4,20.4,20.3,20.4,20.4,20.2,20.4,20.4,20.3,20.3,20.3,20.4,20.4,20.3,20.4,20.4,20.3,20.4,20.3,20.2,20.3,20.4,20.4,20.4,20.4,20.4,20.4,20.4,20.3,20.3,20.3,20.4,20.3,20.5,20.4,20.4,20.4,20.4,20.6,20.6,20.7,20.9,21.2,21.9,23.5,25.1,27.2,28.9,29.7,30.4,30.6,30.6,30.7,30.8,30.8,31.0,31.0,31.0,31.0,31.1,31.2,31.2,31.3,31.4,31.4,31.5,31.3,31.5,31.5,31.7,31.6,31.4,31.2,31.1,31.0,31.2,31.4,31.3,31.4,31.5,31.5,31.5,31.4,31.3,31.3,31.2,31.2,31.2,31.3,31.5,31.5,31.7,31.9,31.9,32.2,32.2,32.3,32.6,32.7,32.8,32.6,32.8,32.8,32.8,32.8,32.7,32.8,32.8,32.8,32.8,32.8,32.9,33.0,33.0,33.0,33.2,33.2,33.3,33.3,33.3,33.2,33.2,33.2,33.2,33.1,32.8,32.8,32.5,32.2,32.2,31.9,31.7,31.7,31.7,31.6,31.5,31.5,31.4,31.5,31.4,31.4,31.3,31.3,31.2,31.3,31.3,31.4,31.3,31.3,31.2,31.2,31.2,31.2,31.1,31.0,31.0,31.1,30.8,30.9,30.9,30.8,30.7,30.8,30.8,30.8,30.6,30.6,30.6,30.6,30.6,30.6,30.5,30.6,30.5,30.5,30.6,30.6,30.6,30.6,30.6,30.5,30.6,30.5,30.4,30.5,30.3,30.3,29.8,29.8,29.6,29.6,29.5,29.4,29.4,29.2,29.3,29.0,29.2,28.6,27.3,25.0,22.7,21.5,21.4,20.9,20.7,20.9,20.8,20.7,20.7,20.6,20.7,20.7,20.7,20.6,20.7,20.7
97,20.6,20.7,20.6,20.6,20.4,20.5,20.7,20.5,20.5,20.6,20.4,20.7,20.6,20.6,20.5,20.5,20.5,20.5,20.6,20.4,20.4,20.5,20.4,20.5,20.5,20.4,20.4,20.5,20.4,20.4,20.3,20.3,20.4,20.3,20.4,20.3,20.4,20.3,20.3,20.4,20.4,20.4,20.4,20.4,20.3,20.2,20.4,20.4,20.3,20.3,20.3,20.3,20.4,20.3,20.4,20.4,20.2,20.2,20.3,20.4,20.4,20.3,20.2,20.3,20.2,20.4,20.5,20.4,20.4,20.4,20.4,20.3,20.3,20.4,20.4,20.6,20.5,20.5,20.6,20.7,20.9,21.4,22.6,24.4,26.4,28.2,29.4,30.0,30.4,30.6,30.6,30.7,30.8,30.8,31.0,30.8,31.1,31.1,31.1,31.0,31.1,31.1,31.2,31.3,31.2,31.2,31.2,31.4,31.3,31.1,31.0,30.9,30.7,31.0,31.0,31.0,31.4,31.5,31.5,31.4,31.5,31.5,31.3,31.4,31.4,31.5,31.5,31.5,31.5,31.6,31.9,32.0,32.0,32.2,32.2,32.5,32.5,32.5,32.6,32.6,32.7,32.6,32.8,32.8,32.8,32.8,32.8,32.8,32.8,32.8,32.8,33.0,33.0,33.1,33.2,33.2,33.2,33.3,33.3,33.2,33.1,33.1,32.9,32.7,32.5,32.2,32.2,32.0,31.9,31.9,31.7,31.7,31.5,31.5,31.5,31.4,31.3,31.3,31.3,31.4,31.3,31.2,31.2,31.1,31.4,31.3,31.3,31.1,31.2,31.1,31.0,31.1,31.1,31.0,30.9,30.8,30.9,30.9,30.8,30.6,30.9,30.8,30.7,30.7,30.7,30.6,30.5,30.5,30.4,30.3,30.5,30.5,30.4,30.7,30.6,30.5,30.5,30.5,30.5,30.4,30.5,30.5,30.5,30.3,30.1,30.1,30.0,29.8,29.6,29.5,29.4,29.4,29.3,29.2,29.2,28.9,28.7,27.8,25.9,23.3,22.1,21.0,21.0,20.7,20.8,20.7,20.8,20.7,20.7,20.7,20.6,20.7,20.6,20.5,20.5,20.7
98,20.7,20.7,20.7,20.7,20.7,20.7,20.6,20.7,20.7,20.6,20.7,20.5,20.7,20.5,20.6,20.6,20.5,20.6,20.4,20.5,20.5,20.5,20.6,20.5,20.5,20.5,20.5,20.5,20.5,20.5,20.4,20.3,20.7,20.5,20.4,20.4,20.5,20.4,20.4,20.5,20.4,20.5,20.4,20.5,20.3,20.4,20.4,20.3,20.4,20.5,20.4,20.4,20.5,20.3,20.4,20.4,20.4,20.4,20.3,20.5,20.3,20.2,20.3,20.4,20.3,20.3,20.4,20.3,20.4,20.4,20.4,20.5,20.5,20.4,20.4,20.6,20.5,20.6,20.7,20.7,21.2,21.9,24.0,25.9,28.1,29.4,30.0,30.3,30.5,30.6,30.8,30.8,30.9,31.0,31.0,31.0,31.1,31.1,31.1,31.1,31.2,31.2,31.2,31.4,31.2,31.2,31.2,31.0,30.9,30.8,30.7,30.7,30.7,31.0,31.1,31.2,31.4,31.5,31.5,31.5,31.5,31.5,31.5,31.5,31.6,31.6,31.6,31.7,31.7,31.9,32.0,32.2,32.2,32.5,32.5,32.6,32.7,32.5,32.7,32.6,32.7,32.8,32.8,32.8,32.8,32.7,32.8,32.8,32.9,32.8,32.9,32.9,33.0,33.1,33.3,33.3,33.3,33.2,33.2,33.1,32.9,32.8,32.5,32.5,32.2,32.2,31.9,31.7,31.7,31.7,31.5,31.5,31.3,31.5,31.2,31.3,31.3,31.3,31.2,31.2,31.2,31.2,31.2,31.2,31.2,31.2,31.2,31.2,31.2,31.0,31.1,31.1,31.0,30.9,31.0,30.9,30.8,30.9,30.7,30.8,30.7,30.7,30.7,30.6,30.6,30.6,30.6,30.6,30.5,30.4,30.4,30.5,30.6,30.6,30.6,30.6,30.6,30.5,30.5,30.6,30.6,30.5,30.5,30.3,30.1,30.1,30.0,29.8,29.7,29.5,29.4,29.4,29.3,29.3,29.2,28.9,28.1,26.3,24.4,22.6,21.4,21.0,21.0,20.9,20.8,20.7,20.8,20.8,20.7,20.7,20.7,20.6,20.7,20.7,20.6,20.6
99,20.6,20.6,20.6,20.6,20.7,20.6,20.7,20.7,20.7,20.6,20.6,20.7,20.6,20.6,20.5,20.4,20.5,20.5,20.6,20.4,20.5,20.5,20.5,20.5,20.4,20.5,20.4,20.5,20.5,20.4,20.4,20.3,20.4,20.3,20.5,20.5,20.5,20.4,20.4,20.4,20.3,20.4,20.4,20.4,20.3,20.4,20.3,20.4,20.4,20.4,20.4,20.4,20.4,20.4,20.4,20.4,20.3,20.3,20.3,20.3,20.3,20.4,20.4,20.3,20.3,20.3,20.4,20.4,20.4,20.3,20.5,20.4,20.5,20.4,20.4,20.6,20.5,20.7,20.7,21.0,21.6,23.1,25.3,27.3,28.9,29.7,30.1,30.4,30.5,30.7,30.6,30.8,30.9,31.0,30.9,30.9,31.0,31.1,31.0,31.2,31.1,31.2,31.2,31.2,31.1,31.0,31.0,30.7,30.6,30.6,30.6,30.7,30.7,30.7,31.2,31.4,31.5,31.5,31.6,31.6,31.5,31.7,31.5,31.6,31.7,31.7,31.7,31.7,31.9,32.0,32.2,32.2,32.2,32.3,32.2,32.5,32.3,32.5,32.5,32.6,32.6,32.7,32.8,32.8,32.7,32.8,32.8,32.8,32.8,32.9,32.8,33.0,33.1,33.0,33.3,33.3,33.3,33.0,33.0,32.8,32.6,32.5,32.2,32.2,31.7,31.7,31.7,31.5,31.7,31.5,31.3,31.2,31.2,31.2,31.2,31.2,31.2,31.2,31.2,31.2,31.1,31.2,31.1,31.2,31.2,31.2,31.2,31.1,31.1,31.1,31.0,31.0,31.0,30.8,30.8,31.0,30.8,30.7,30.6,30.7,30.6,30.6,30.6,30.5,30.5,30.5,30.5,30.5,30.4,30.5,30.5,30.5,30.5,30.6,30.5,30.5,30.3,30.3,30.4,30.5,30.5,30.4,30.3,30.3,30.0,30.0,30.0,29.8,29.6,29.5,29.4,29.3,29.2,29.2,28.9,28.6,27.4,24.7,22.8,21.7,21.2,20.9,20.8,20.8,20.8,20.7,20.8,20.6,20.7,20.6,20.6,20.6,20.6,20.5,20.7,20.5
100,20.6,20.6,20.7,20.6,20.7,20.6,20.7,20.7,20.7,20.7,20.5,20.7,20.7,20.6,20.5,20.7,20.5,20.6,20.5,20.6,20.5,20.5,20.5,20.4,20.5,20.5,20.4,20.4,20.4,20.4,20.4,20.5,20.4,20.4,20.4,20.4,20.5,20.4,20.4,20.3,20.4,20.2,20.4,20.4,20.4,20.4,20.4,20.3,20.5,20.3,20.4,20.4,20.5,20.4,20.4,20.3,20.4,20.4,20.4,20.4,20.5,20.4,20.4,20.5,20.3,20.4,20.5,20.4,20.3,20.4,20.4,20.6,20.4,20.4,20.5,20.5,20.5,20.6,20.7,21.4,22.4,24.4,26.3,28.5,29.8,30.3,30.5,30.6,30.6,30.7,30.8,30.8,30.8,31.0,30.9,31.0,31.1,31.1,31.1,31.1,31.1,31.2,31.1,31.2,31.0,31.0,30.8,30.7,30.6,30.6,30.7,30.8,31.0,31.2,31.5,31.5,31.7,31.7,31.6,31.7,31.7,31.7,31.7,31.9,31.7,31.9,31.7,31.9,32.0,32.0,32.2,32.2,32.5,32.5,32.3,32.5,32.5,32.5,32.5,32.5,32.7,32.8,32.8,32.7,32.8,32.8,32.8,32.8,32.9,32.8,33.0,33.0,33.0,33.2,33.2,33.2,33.0,32.8,32.8,32.5,32.2,32.0,32.0,31.7,31.6,31.7,31.5,31.3,31.3,31.2,31.1,31.1,31.1,31.1,31.0,31.1,31.0,31.2,31.1,31.2,31.1,31.1,31.1,31.2,31.1,31.1,31.1,31.1,31.1,31.1,31.1,31.0,31.0,30.8,30.8,30.8,30.7,30.8,30.6,30.6,30.6,30.6,30.6,30.6,30.5,30.5,30.3,30.4,30.4,30.4,30.5,30.3,30.5,30.6,30.5,30.4,30.5,30.3,30.1,30.5,30.5,30.5,30.3,30.0,30.1,30.0,30.0,29.7,29.5,29.5,29.4,29.2,29.2,29.0,28.6,27.6,26.1,23.5,21.9,21.6,21.0,20.8,20.9,20.9,20.8,20.8,20.8,20.7,20.7,20.7,20.5,20.6,20.5,20.7,20.6,20.7
101,20.7,20.6,20.7,20.6,20.6,20.6,20.6,20.6,20.6,20.7,20.6,20.6,20.6,20.5,20.7,20.6,20.5,20.5,20.5,20.5,20.5,20.5,20.4,20.4,20.4,20.5,20.5,20.4,20.4,20.4,20.4,20.4,20.5,20.4,20.4,20.4,20.5,20.5,20.5,20.4,20.5,20.4,20.3,20.4,20.5,20.4,20.3,20.4,20.5,20.3,20.2,20.4,20.4,20.4,20.4,20.4,20.4,20.3,20.3,20.4,20.2,20.4,20.4,20.4,20.3,20.5,20.4,20.3,20.4,20.4,20.4,20.4,20.6,20.4,20.4,20.5,20.6,20.7,21.0,21.8,23.5,25.7,28.1,29.3,30.0,30.4,30.5,30.6,30.7,30.8,30.8,30.7,30.7,30.9,30.9,31.0,30.9,31.1,31.0,31.0,31.1,31.2,31.1,31.1,31.1,31.0,31.0,30.7,30.7,30.6,31.0,31.0,31.2,31.5,31.6,31.6,31.6,31.7,31.7,31.6,31.7,31.7,31.7,31.7,31.9,31.9,31.9,32.0,32.2,32.2,32.2,32.2,32.2,32.2,32.3,32.3,32.3,32.3,32.5,32.5,32.6,32.7,32.7,32.6,32.8,32.8,32.8,33.0,32.9,32.8,33.0,33.1,33.1,33.1,33.2,32.8,32.8,32.5,32.2,32.2,31.9,31.9,31.6,31.6,31.5,31.4,31.1,31.2,31.1,31.0,31.0,31.0,31.0,30.9,31.1,31.0,31.0,31.0,31.1,31.1,31.1,31.1,31.1,31.2,31.1,31.0,31.1,31.1,31.0,30.9,31.0,31.0,31.0,30.9,30.9,30.8,30.8,30.7,30.6,30.6,30.6,30.6,30.6,30.5,30.5,30.6,30.5,30.3,30.3,30.4,30.4,30.3,30.4,30.5,30.4,30.3,30.4,30.4,30.4,30.3,30.3,30.4,30.3,30.3,30.0,29.8,29.8,29.7,29.5,29.4,29.4,29.2,29.1,28.7,28.1,26.8,24.4,22.4,21.4,21.2,20.8,20.8,20.7,20.7,20.7,20.7,20.7,20.7,20.7,20.6,20.6,20.7,20.8,20.6,20.5,20.5
102,20.5,20.5,20.5,20.6,20.5,20.7,20.5,20.5,20.6,20.6,20.6,20.6,20.6,20.6,20.4,20.5,20.5,20.5,20.4,20.5,20.5,20.5,20.5,20.5,20.5,20.5,20.4,20.4,20.4,20.4,20.4,20.6,20.4,20.4,20.4,20.4,20.5,20.4,20.4,20.4,20.4,20.4,20.2,20.4,20.4,20.4,20.4,20.4,20.4,20.2,20.4,20.4,20.3,20.3,20.2,20.4,20.3,20.2,20.4,20.3,20.5,20.4,20.3,20.4,20.4,20.4,20.5,20.4,20.4,20.5,20.4,20.4,20.5,20.5,20.5,20.6,20.6,20.7,21.2,22.6,24.3,26.8,28.8,29.7,30.5,30.6,30.6,30.6,30.7,30.8,30.7,30.8,30.8,30.9,30.9,31.0,31.0,31.1,31.0,31.1,30.9,31.0,31.2,31.2,31.1,31.0,31.0,30.9,30.9,31.1,31.3,31.5,31.5,31.6,31.6,31.7,31.7,31.7,31.7,31.7,31.7,31.7,31.7,31.9,31.9,31.9,31.9,32.0,32.2,32.2,32.2,32.2,32.2,32.2,32.2,32.3,32.5,32.3,32.5,32.5,32.5,32.6,32.8,32.8,32.8,32.9,32.9,33.0,33.0,32.9,33.1,33.0,33.0,32.9,32.8,32.7,32.5,32.2,32.0,31.7,31.6,31.6,31.4,31.3,31.2,31.1,31.1,31.1,31.0,30.9,30.8,30.9,30.9,30.9,30.9,30.8,31.0,30.9,31.1,31.0,31.0,31.1,31.1,30.9,31.0,31.0,31.1,31.0,30.9,31.0,30.9,31.0,30.8,30.8,30.8,30.6,30.7,30.6,30.5,30.6,30.5,30.6,30.5,30.4,30.5,30.4,30.3,30.1,30.3,30.3,30.3,30.4,30.3,30.3,30.4,30.3,30.3,30.3,30.3,30.3,30.3,30.4,30.0,30.1,30.0,30.0,29.8,29.7,29.3,29.4,29.3,28.9,28.8,28.1,27.3,25.1,23.1,21.7,21.0,20.9,20.7,20.8,20.7,20.7,20.7,20.7,20.8,20.7,20.7,20.5,20.6,20.6,20.7,20.5,20.6,20.7
103,20.6,20.5,20.5,20.6,20.7,20.6,20.6,20.6,20.6,20.7,20.6,20.6,20.6,20.4,20.6,20.6,20.5,20.5,20.4,20.5,20.5,20.6,20.5,20.5,20.5,20.5,20.4,20.5,20.5,20.4,20.5,20.5,20.5,20.4,20.5,20.4,20.4,20.4,20.4,20.5,20.4,20.3,20.4,20.2,20.4,20.3,20.3,20.4,20.4,20.4,20.4,20.4,20.4,20.4,20.4,20.5,20.4,20.4,20.3,20.4,20.5,20.4,20.4,20.4,20.4,20.5,20.5,20.4,20.4,20.5,20.5,20.5,20.5,20.5,20.6,20.7,20.7,21.0,21.7,23.4,25.8,28.1,29.5,30.0,30.5,30.6,30.5,30.6,30.7,30.7,30.7,30.8,30.9,30.9,31.1,31.0,31.0,31.2,31.2,31.0,31.1,31.2,31.1,31.2,31.1,31.2,31.2,31.1,31.3,31.3,31.6,31.7,31.7,31.7,31.7,31.7,31.7,31.9,31.9,31.9,31.9,31.9,31.7,31.9,31.9,32.0,32.0,31.9,32.0,32.2,32.0,32.2,32.2,32.2,32.2,32.2,32.2,32.5,32.5,32.5,32.6,32.7,32.8,32.8,32.8,32.8,33.0,32.9,33.0,33.0,32.9,32.8,32.8,32.8,32.5,32.5,32.0,31.9,31.7,31.7,31.5,31.3,31.2,31.2,31.0,31.0,31.0,30.8,30.9,30.9,30.9,30.8,30.8,30.8,30.8,30.9,30.9,30.9,31.1,31.0,31.0,31.0,31.0,31.0,31.0,30.8,31.0,31.0,31.0,31.0,30.8,30.8,30.8,30.7,30.6,30.6,30.6,30.5,30.6,30.5,30.6,30.5,30.5,30.4,30.5,30.5,30.4,30.3,30.3,30.3,30.3,30.4,30.3,30.3,30.3,30.4,30.1,30.1,30.3,30.3,30.3,30.3,30.1,30.0,30.0,29.8,29.8,29.6,29.3,29.3,29.1,28.8,28.6,27.6,25.9,23.4,22.2,21.2,21.0,20.9,20.7,20.6,20.8,20.6,20.6,20.7,20.8,20.6,20.7,20.7,20.5,20.6,20.6,20.7,20.5,20.4
104,20.6,20.7,20.5,20.6,20.5,20.6,20.6,20.5,20.6,20.7,20.6,20.5,20.7,20.5,20.6,20.6,20.7,20.5,20.6,20.4,20.6,20.5,20.5,20.5,20.3,20.5,20.4,20.4,20.4,20.5,20.5,20.5,20.5,20.5,20.5,20.4,20.5,20.4,20.5,20.4,20.3,20.4,20.3,20.3,20.4,20.3,20.4,20.4,20.3,20.4,20.3,20.4,20.3,20.3,20.4,20.4,20.4,20.5,20.3,20.4,20.4,20.4,20.5,20.4,20.4,20.5,20.4,20.4,20.4,20.5,20.4,20.4,20.6,20.6,20.6,20.7,20.8,21.2,22.4,24.4,26.9,28.8,29.8,30.6,30.4,30.7,30.6,30.6,30.7,30.7,30.7,30.9,30.8,30.8,31.0,31.0,31.1,31.0,31.0,31.1,31.1,31.1,31.2,31.2,31.2,31.2,31.2,31.2,31.4,31.4,31.7,31.7,31.7,31.7,31.9,31.9,31.9,31.9,32.0,31.7,31.9,31.9,32.0,32.0,32.0,32.0,31.9,32.2,32.0,32.0,32.2,32.2,32.2,32.2,32.2,32.5,32.5,32.3,32.5,32.5,32.6,32.6,32.7,32.8,32.9,33.0,32.8,32.9,32.8,32.8,32.7,32.5,32.7,32.2,32.2,32.0,31.9,31.6,31.6,31.4,31.3,31.2,31.2,31.1,31.0,30.9,30.8,31.0,30.8,30.8,30.8,30.7,30.8,30.7,30.7,30.7,30.7,30.8,30.8,30.9,30.9,30.9,31.0,31.0,30.9,31.0,30.9,31.0,31.0,30.9,30.8,30.8,30.8,30.7,30.7,30.7,30.6,30.6,30.5,30.5,30.5,30.6,30.4,30.4,30.3,30.4,30.3,30.3,30.1,30.1,30.3,30.3,30.3,30.4,30.3,30.3,30.1,30.1,30.1,30.3,30.3,30.1,30.1,30.0,29.8,29.8,29.8,29.5,29.3,29.2,29.0,28.9,28.0,26.3,24.2,22.4,21.7,20.9,20.7,20.8,20.7,20.8,20.6,20.7,20.7,20.6,20.7,20.7,20.7,20.4,20.7,20.6,20.7,20.5,20.7,20.4
105,20.5,20.7,20.5,20.6,20.5,20.5,20.4,20.6,20.6,20.5,20.7,20.6,20.5,20.5,20.6,20.7,20.5,20.5,20.5,20.5,20.4,20.5,20.5,20.4,20.4,20.5,20.4,20.4,20.3,20.4,20.4,20.5,20.4,20.5,20.4,20.4,20.4,20.4,20.5,20.4,20.3,20.5,20.3,20.3,20.3,20.3,20.3,20.3,20.3,20.4,20.5,20.4,20.2,20.4,20.4,20.3,20.5,20.4,20.4,20.4,20.4,20.4,20.5,20.4,20.5,20.6,20.5,20.5,20.5,20.5,20.5,20.5,20.6,20.5,20.7,20.7,20.9,21.7,23.1,25.6,27.8,29.4,30.0,30.5,30.6,30.6,30.8,30.7,30.6,30.8,30.9,30.8,30.8,30.9,31.0,30.9,31.0,31.0,31.0,31.0,31.1,31.0,31.2,31.1,31.2,31.2,31.3,31.3,31.4,31.5,31.6,31.7,31.7,31.9,32.0,31.9,31.9,31.9,32.0,31.9,32.0,32.0,32.0,32.0,31.9,32.0,31.9,31.9,32.0,32.2,32.0,32.2,32.2,32.2,32.2,32.2,32.3,32.2,32.6,32.6,32.7,32.7,32.8,32.8,32.8,32.8,32.8,32.6,32.8,32.7,32.5,32.5,32.2,32.0,32.0,31.9,31.7,31.6,31.6,31.4,31.3,31.2,31.1,31.1,30.9,31.0,30.8,30.8,30.7,30.7,30.6,30.7,30.7,30.6,30.6,30.7,30.7,30.8,30.7,30.8,30.8,30.9,30.9,30.8,30.8,31.0,31.0,30.9,30.9,30.9,30.9,30.8,30.7,30.6,30.6,30.7,30.6,30.5,30.5,30.5,30.4,30.5,30.4,30.4,30.4,30.3,30.3,30.3,30.3,30.3,30.1,30.3,30.3,30.1,30.3,30.1,30.3,30.1,30.3,30.1,30.1,30.1,30.0,30.1,30.0,29.8,29.7,29.5,29.4,29.0,28.7,28.2,26.9,24.7,22.8,21.8,21.4,20.8,20.9,20.7,20.6,20.5,20.7,20.5,20.6,20.6,20.7,20.6,20.7,20.7,20.5,20.5,20.7,20.7,20.7,20.6
106,20.7,20.5,20.5,20.5,20.7,20.5,20.6,20.5,20.6,20.6,20.5,20.5,20.5,20.5,20.5,20.5,20.5,20.5,20.6,20.4,20.4,20.4,20.5,20.5,20.5,20.4,20.5,20.4,20.4,20.4,20.4,20.5,20.4,20.4,20.5,20.5,20.5,20.4,20.4,20.4,20.4,20.4,20.4,20.5,20.3,20.3,20.3,20.2,20.3,20.2,20.4,20.4,20.4,20.4,20.5,20.4,20.4,20.4,20.4,20.4,20.4,20.5,20.4,20.4,20.5,20.5,20.3,20.5,20.6,20.5,20.4,20.5,20.5,20.7,20.7,20.7,21.2,22.2,24.0,26.9,28.4,29.6,30.1,30.5,30.6,30.6,30.6,30.7,30.6,30.7,30.7,30.9,30.8,31.0,30.9,30.9,31.0,31.1,31.0,31.0,31.0,31.1,31.1,31.2,31.1,31.2,31.3,31.4,31.5,31.6,31.7,31.7,31.7,31.9,31.9,31.9,31.9,31.9,32.0,31.9,31.9,32.0,31.9,31.9,31.9,32.0,32.0,32.0,32.0,32.2,32.2,32.2,32.2,32.2,32.2,32.5,32.3,32.5,32.5,32.5,32.6,32.6,32.8,32.7,32.8,32.7,32.5,32.5,32.3,32.3,32.2,32.2,32.0,31.9,31.7,31.7,31.7,31.6,31.5,31.5,31.2,31.1,31.1,31.0,30.9,30.8,30.8,30.8,30.6,30.7,30.6,30.6,30.6,30.6,30.6,30.6,30.7,30.7,30.6,30.7,30.8,30.7,30.8,30.8,30.9,30.8,30.8,30.9,31.0,30.8,30.8,31.0,30.8,30.7,30.6,30.6,30.6,30.5,30.5,30.5,30.3,30.5,30.4,30.5,30.3,30.3,30.4,30.1,30.4,30.3,30.3,30.1,30.3,30.0,30.1,30.3,30.0,30.1,30.0,30.1,30.3,30.1,30.0,30.0,29.8,29.8,29.6,29.4,29.3,29.0,28.4,27.4,25.7,23.4,22.2,21.4,21.2,20.8,20.7,20.9,20.7,20.7,20.7,20.6,20.5,20.6,20.7,20.6,20.5,20.5,20.5,20.5,20.6,20.5,20.7,20.6
107,20.8,20.7,20.7,20.5,20.7,20.7,20.5,20.6,20.6,20.7,20.6,20.5,20.5,20.5,20.5,20.5,20.5,20.4,20.4,20.4,20.4,20.5,20.4,20.4,20.3,20.4,20.4,20.4,20.4,20.4,20.5,20.4,20.5,20.5,20.4,20.4,20.5,20.4,20.5,20.4,20.5,20.5,20.4,20.4,20.3,20.4,20.4,20.4,20.3,20.3,20.4,20.3,20.3,20.4,20.4,20.5,20.4,20.4,20.4,20.4,20.5,20.4,20.5,20.5,20.4,20.5,20.4,20.4,20.4,20.5,20.4,20.4,20.5,20.6,20.5,21.2,21.6,23.0,24.9,27.5,28.9,29.7,30.3,30.5,30.6,30.6,30.6,30.6,30.7,30.8,30.7,30.9,30.9,30.9,31.0,30.8,30.9,31.0,31.0,31.0,31.0,31.0,31.2,31.2,31.2,31.4,31.3,31.3,31.5,31.5,31.7,31.7,31.7,31.7,31.7,31.7,31.9,31.9,31.9,31.9,31.9,31.9,32.0,31.9,31.9,32.0,32.0,32.0,32.0,32.0,32.2,32.2,32.2,32.2,32.2,32.2,32.3,32.5,32.7,32.5,32.5,32.6,32.5,32.5,32.6,32.5,32.3,32.2,32.2,32.0,32.0,31.9,31.7,31.7,31.7,31.5,31.5,31.5,31.4,31.2,31.2,31.1,31.0,31.0,30.8,30.8,30.8,30.7,30.7,30.7,30.6,30.6,30.6,30.6,30.6,30.6,30.6,30.6,30.6,30.7,30.7,30.7,30.7,30.7,30.9,30.9,31.0,30.9,30.9,30.9,30.9,30.9,30.7,30.6,30.6,30.6,30.5,30.5,30.6,30.5,30.5,30.4,30.4,30.3,30.4,30.3,30.4,30.1,30.3,30.3,30.3,30.3,30.3,30.1,30.3,30.0,30.0,30.0,30.1,30.1,30.1,30.1,30.0,29.8,29.8,29.7,29.5,29.4,29.0,28.5,27.8,26.3,24.4,22.4,21.5,20.9,20.9,20.7,20.7,20.7,20.6,20.7,20.6,20.5,20.5,20.5,20.7,20.6,20.5,20.5,20.5,20.5,20.6,20.5,20.5,20.6
108,20.7,20.6,20.6,20.6,20.5,20.5,20.6,20.5,20.6,20.6,20.7,20.6,20.5,20.7,20.4,20.5,20.6,20.4,20.6,20.4,20.5,20.5,20.4,20.5,20.3,20.4,20.4,20.4,20.4,20.3,20.4,20.4,20.4,20.4,20.5,20.4,20.6,20.4,20.4,20.4,20.4,20.5,20.5,20.2,20.3,20.4,20.5,20.4,20.4,20.4,20.5,20.4,20.4,20.4,20.4,20.4,20.4,20.4,20.4,20.4,20.5,20.5,20.6,20.4,20.5,20.5,20.4,20.5,20.5,20.6,20.5,20.6,20.5,20.7,20.7,21.0,22.1,23.8,26.1,28.2,29.5,30.1,30.3,30.6,30.6,30.6,30.7,30.7,30.8,30.8,30.8,30.9,31.0,30.8,30.8,30.9,31.0,31.0,31.1,31.1,31.1,31.1,31.1,31.1,31.2,31.3,31.5,31.3,31.5,31.5,31.7,31.7,31.7,31.9,31.9,31.9,31.7,31.9,31.9,31.9,31.9,31.7,31.9,31.9,32.0,32.0,32.0,32.0,32.0,32.2,32.2,32.2,32.2,32.2,32.2,32.2,32.5,32.5,32.2,32.5,32.5,32.3,32.5,32.5,32.3,32.2,32.2,32.2,31.9,31.7,31.7,31.7,31.7,31.7,31.6,31.6,31.5,31.3,31.3,31.2,31.1,31.1,31.0,30.9,30.8,30.8,30.7,30.7,30.7,30.6,30.5,30.6,30.6,30.5,30.5,30.6,30.6,30.6,30.6,30.6,30.8,30.8,30.7,30.7,30.8,30.8,30.8,31.0,30.9,30.8,30.9,31.0,30.9,30.8,30.7,30.7,30.5,30.5,30.4,30.6,30.3,30.5,30.5,30.5,30.3,30.3,30.4,30.3,30.3,30.3,30.3,30.1,30.1,30.1,30.0,30.0,30.0,30.0,30.1,30.0,30.0,30.1,30.0,30.0,29.7,29.7,29.4,29.2,28.9,28.2,27.1,25.0,23.0,21.7,21.5,20.8,20.8,20.7,20.7,20.7,20.7,20.6,20.7,20.7,20.6,20.5,20.5,20.7,20.6,20.4,20.5,20.5,20.5,20.6,20.7,20.7
109,20.5,20.6,20.6,20.6,20.5,20.5,20.5,20.5,20.5,20.6,20.5,20.6,20.5,20.4,20.5,20.5,20.4,20.5,20.5,20.5,20.4,20.4,20.4,20.4,20.4,20.5,20.5,20.4,20.5,20.4,20.4,20.4,20.3,20.4,20.4,20.5,20.4,20.3,20.3,20.4,20.4,20.3,20.4,20.4,20.4,20.4,20.3,20.4,20.5,20.4,20.4,20.4,20.4,20.3,20.4,20.2,20.4,20.4,20.4,20.4,20.5,20.4,20.3,20.5,20.4,20.5,20.4,20.3,20.5,20.5,20.5,20.4,20.5,20.5,20.7,21.2,22.6,24.7,27.1,28.9,29.4,30.0,30.1,30.6,30.6,30.7,30.6,30.6,30.6,30.9,30.8,30.9,30.8,30.8,30.9,31.0,31.1,31.1,31.0,31.2,31.2,31.2,31.2,31.3,31.3,31.3,31.4,31.5,31.5,31.5,31.6,31.7,31.7,31.7,31.9,31.7,31.7,31.7,31.9,31.9,32.0,31.9,31.9,32.0,32.0,32.0,32.2,32.2,32.2,32.3,32.2,32.3,32.2,32.3,32.2,32.2,32.2,32.2,32.5,32.2,32.2,32.2,32.2,32.2,32.2,32.2,32.0,32.0,31.7,31.7,31.7,31.6,31.6,31.6,31.5,31.4,31.5,31.2,31.3,31.2,31.0,31.0,31.0,30.9,30.9,30.8,30.6,30.6,30.7,30.6,30.5,30.5,30.5,30.5,30.5,30.6,30.5,30.6,30.7,30.7,30.7,30.7,30.7,30.8,30.9,30.7,30.8,30.8,30.9,30.9,30.8,30.7,30.8,30.7,30.7,30.7,30.5,30.5,30.6,30.4,30.5,30.3,30.4,30.5,30.4,30.5,30.4,30.5,30.3,30.3,30.3,30.3,30.0,30.1,30.0,30.0,30.0,30.1,30.0,30.0,30.0,30.0,30.0,29.6,29.6,29.5,29.2,29.0,28.4,27.3,25.6,23.5,21.9,21.4,21.0,20.7,20.8,20.8,20.7,20.7,20.7,20.6,20.7,20.5,20.6,20.6,20.6,20.6,20.6,20.5,20.6,20.5,20.6,20.6,20.5,20.7
110,20.7,20.6,20.5,20.5,20.5,20.5,20.5,20.5,20.5,20.6,20.7,20.5,20.6,20.6,20.4,20.5,20.5,20.6,20.3,20.5,20.5,20.6,20.5,20.5,20.4,20.4,20.7,20.5,20.4,20.5,20.3,20.4,20.4,20.3,20.5,20.5,20.4,20.3,20.3,20.5,20.4,20.3,20.3,20.4,20.4,20.3,20.4,20.4,20.4,20.3,20.3,20.5,20.4,20.4,20.4,20.4,20.4,20.4,20.3,20.4,20.3,20.3,20.4,20.4,20.4,20.4,20.3,20.4,20.5,20.5,20.5,20.6,20.6,20.6,20.9,21.7,23.1,25.6,27.7,29.2,30.0,30.0,30.3,30.6,30.7,30.6,30.6,30.8,30.7,30.8,30.7,30.8,30.8,30.8,30.8,30.8,31.0,30.9,31.0,31.2,31.3,31.3,31.2,31.2,31.3,31.5,31.6,31.5,31.5,31.6,31.7,31.7,31.7,31.7,31.7,31.7,31.7,31.7,31.7,31.9,31.9,31.9,32.0,32.0,32.2,32.2,32.2,32.2,32.3,32.2,32.5,32.5,32.3,32.2,32.2,32.2,32.2,32.2,32.2,32.0,32.2,32.0,32.0,32.0,32.0,31.9,31.7,31.9,31.7,31.7,31.6,31.5,31.5,31.5,31.5,31.3,31.2,31.2,31.2,31.1,31.0,31.0,30.9,30.9,30.7,30.7,30.6,30.6,30.6,30.6,30.6,30.5,30.5,30.5,30.6,30.5,30.5,30.5,30.6,30.6,30.6,30.7,30.7,30.7,30.7,30.8,30.9,31.0,30.9,30.8,30.8,30.8,30.8,30.7,30.6,30.7,30.6,30.5,30.6,30.5,30.5,30.5,30.5,30.3,30.3,30.5,30.4,30.3,30.3,30.3,30.4,30.3,30.1,30.0,30.1,30.0,30.0,30.1,30.3,30.1,30.0,30.0,30.0,29.8,29.5,29.4,29.2,28.6,27.9,26.3,24.4,23.0,21.8,21.2,21.0,20.8,20.8,20.7,20.7,20.7,20.7,20.6,20.6,20.6,20.7,20.5,20.6,20.5,20.5,20.5,20.5,20.5,20.7,20.5,20.6,20.5
111,20.6,20.4,20.5,20.5,20.5,20.5,20.5,20.6,20.6,20.7,20.6,20.5,20.6,20.4,20.5,20.5,20.5,20.5,20.5,20.5,20.4,20.6,20.5,20.4,20.4,20.4,20.4,20.5,20.4,20.5,20.4,20.4,20.3,20.3,20.4,20.4,20.3,20.3,20.4,20.4,20.4,20.4,20.3,20.3,20.5,20.4,20.4,20.4,20.4,20.3,20.3,20.4,20.4,20.3,20.4,20.3,20.4,20.4,20.4,20.4,20.4,20.4,20.5,20.4,20.2,20.2,20.5,20.3,20.4,20.5,20.6,20.5,20.7,20.7,20.9,22.1,24.2,26.5,28.4,29.4,29.8,30.4,30.3,30.6,30.6,30.7,30.7,30.7,30.8,30.8,30.8,30.9,30.9,31.0,31.0,31.0,31.1,31.2,31.1,31.2,31.2,31.3,31.2,31.3,31.3,31.5,31.5,31.7,31.7,31.6,31.7,31.7,31.7,31.7,31.7,31.7,31.9,31.9,31.9,31.9,31.9,32.0,32.0,32.2,32.2,32.2,32.2,32.2,32.3,32.3,32.3,32.3,32.3,32.2,32.2,32.2,32.2,32.2,32.2,32.0,32.2,32.2,32.0,31.9,31.9,31.9,31.9,31.7,31.7,31.6,31.5,31.5,31.5,31.3,31.4,31.3,31.2,31.2,31.1,31.1,31.1,31.0,30.8,30.8,30.8,30.6,30.6,30.6,30.6,30.6,30.5,30.5,30.4,30.5,30.4,30.6,30.5,30.6,30.6,30.6,30.6,30.7,30.7,30.8,30.7,30.7,30.7,30.8,30.8,30.8,30.8,30.8,30.8,30.7,30.8,30.7,30.6,30.6,30.4,30.5,30.5,30.4,30.5,30.4,30.5,30.3,30.4,30.3,30.3,30.1,30.3,30.1,30.1,30.0,30.1,30.0,30.0,30.0,30.0,30.1,30.0,30.0,30.0,29.6,29.6,29.3,29.0,28.1,27.4,25.3,23.3,21.8,21.2,20.8,20.7,20.8,20.7,20.6,20.7,20.7,20.7,20.6,20.7,20.5,20.7,20.6,20.6,20.5,20.6,20.5,20.4,20.6,20.5,20.5,20.4,20.4
112,20.4,20.5,20.5,20.6,20.6,20.5,20.5,20.6,20.5,20.4,20.4,20.5,20.5,20.6,20.5,20.4,20.5,20.4,20.4,20.4,20.5,20.4,20.5,20.5,20.4,20.5,20.4,20.4,20.4,20.4,20.4,20.4,20.2,20.3,20.2,20.5,20.4,20.4,20.3,20.4,20.5,20.4,20.3,20.4,20.3,20.3,20.4,20.3,20.4,20.4,20.4,20.4,20.3,20.4,20.4,20.3,20.4,20.3,20.4,20.3,20.3,20.4,20.4,20.4,20.4,20.5,20.4,20.4,20.4,20.5,20.5,20.6,20.7,20.8,21.2,22.7,24.5,27.1,29.0,29.7,30.0,30.4,30.3,30.6,30.7,30.7,30.7,30.7,30.7,30.9,30.8,30.9,31.0,31.0,31.0,31.0,31.1,31.1,31.0,31.3,31.2,31.3,31.4,31.4,31.5,31.4,31.6,31.6,31.6,31.7,31.7,31.7,31.7,31.7,31.7,31.9,31.9,31.9,32.0,31.9,32.0,32.2,32.0,32.2,32.2,32.2,32.2,32.2,32.2,32.2,32.3,32.3,32.2,32.2,32.2,32.0,32.2,32.0,32.0,32.0,31.9,31.9,31.9,31.9,31.9,31.9,31.7,31.7,31.7,31.6,31.6,31.5,31.4,31.3,31.3,31.3,31.2,31.2,31.2,31.1,31.1,30.8,30.8,30.8,30.7,30.7,30.6,30.6,30.6,30.5,30.5,30.4,30.4,30.3,30.5,30.4,30.5,30.5,30.5,30.6,30.6,30.7,30.7,30.7,30.8,30.7,30.8,30.8,30.9,30.9,30.8,30.8,30.7,30.7,30.8,30.6,30.6,30.7,30.6,30.6,30.4,30.4,30.6,30.3,30.4,30.1,30.3,30.1,30.1,30.1,30.0,30.1,30.0,30.0,30.0,30.0,29.8,30.0,30.0,30.0,30.0,30.0,29.8,29.5,29.4,29.0,28.6,27.4,26.0,23.9,22.2,21.6,21.2,20.7,20.8,20.7,20.7,20.6,20.6,20.6,20.7,20.7,20.7,20.6,20.6,20.7,20.6,20.7,20.7,20.6,20.5,20.7,20.5,20.5,20.6,20.6
113,20.8,20.5,20.6,20.5,20.5,20.6,20.5,20.7,20.7,20.4,20.5,20.5,20.5,20.5,20.5,20.5,20.4,20.4,20.5,20.5,20.5,20.5,20.4,20.4,20.4,20.3,20.4,20.5,20.5,20.4,20.3,20.4,20.4,20.4,20.2,20.3,20.3,20.2,20.2,20.2,20.2,20.4,20.4,20.4,20.4,20.3,20.4,20.2,20.3,20.3,20.2,20.3,20.4,20.4,20.3,20.2,20.4,20.4,20.4,20.3,20.5,20.3,20.4,20.5,20.4,20.4,20.4,20.4,20.5,20.4,20.6,20.6,20.7,20.8,21.5,23.3,25.7,27.8,29.3,29.7,30.0,30.4,30.5,30.6,30.7,30.6,30.6,30.7,30.8,30.9,30.9,31.0,31.0,31.0,31.1,31.1,31.1,31.2,31.2,31.1,31.3,31.3,31.4,31.4,31.5,31.5,31.5,31.5,31.5,31.7,31.7,31.7,31.7,31.7,31.9,31.9,32.0,32.0,32.0,32.0,32.2,32.2,32.0,32.2,32.2,32.2,32.2,32.2,32.2,32.3,32.3,32.2,32.2,32.0,32.0,32.0,32.0,31.9,32.0,31.7,31.9,31.7,31.7,31.7,31.7,31.7,31.7,31.5,31.5,31.5,31.5,31.4,31.5,31.4,31.5,31.2,31.3,31.1,31.1,31.1,31.1,30.9,30.8,30.7,30.7,30.7,30.5,30.6,30.6,30.6,30.4,30.5,30.4,30.4,30.5,30.5,30.5,30.5,30.6,30.6,30.6,30.6,30.7,30.7,30.7,30.8,30.7,30.8,30.7,30.8,30.8,30.8,30.7,30.9,30.7,30.7,30.6,30.7,30.6,30.6,30.5,30.3,30.5,30.4,30.4,30.3,30.4,30.3,30.1,30.1,30.1,30.0,30.0,29.8,30.0,29.8,29.8,29.8,29.6,29.8,30.0,29.8,29.7,29.4,29.3,28.9,27.9,26.6,24.7,23.1,21.8,21.2,20.8,20.7,20.8,20.7,20.7,20.5,20.5,20.5,20.5,20.7,20.7,20.6,20.7,20.5,20.5,20.7,20.6,20.5,20.7,20.5,20.7,20.5,20.5,20.2
114,20.6,20.7,20.7,20.6,20.5,20.6,20.6,20.6,20.7,20.6,20.5,20.5,20.4,20.5,20.5,20.5,20.5,20.5,20.5,20.5,20.5,20.5,20.5,20.4,20.5,20.4,20.5,20.4,20.4,20.2,20.4,20.3,20.2,20.3,20.4,20.2,20.3,20.3,20.3,20.4,20.4,20.4,20.4,20.4,20.2,20.3,20.3,20.2,20.3,20.3,20.3,20.3,20.3,20.3,20.3,20.3,20.3,20.4,20.3,20.3,20.4,20.4,20.4,20.3,20.4,20.4,20.4,20.4,20.5,20.4,20.6,20.5,20.7,21.0,21.9,23.9,26.4,28.2,29.3,29.5,30.0,30.3,30.5,30.6,30.6,30.7,30.7,30.7,30.8,31.0,31.0,31.1,31.1,31.2,31.2,31.2,31.3,31.2,31.2,31.4,31.3,31.4,31.2,31.4,31.5,31.5,31.5,31.5,31.5,31.7,31.7,31.7,31.7,31.9,31.9,32.0,32.0,32.0,32.0,32.0,32.0,32.2,32.0,32.2,32.2,32.2,32.2,32.2,32.2,32.2,32.0,32.0,32.0,32.0,31.7,32.0,31.7,31.7,31.7,31.7,31.7,31.7,31.7,31.7,31.7,31.7,31.7,31.5,31.4,31.5,31.4,31.3,31.4,31.3,31.3,31.2,31.2,31.2,31.1,31.1,31.0,31.0,30.7,30.7,30.7,30.7,30.6,30.6,30.6,30.6,30.5,30.4,30.5,30.4,30.3,30.3,30.4,30.4,30.5,30.6,30.7,30.6,30.7,30.8,30.8,30.7,30.8,30.8,30.8,30.8,30.8,30.8,30.8,30.8,30.7,30.6,30.6,30.6,30.6,30.4,30.5,30.3,30.5,30.4,30.3,30.1,30.4,30.1,30.3,30.1,30.0,30.1,30.0,29.8,30.0,30.0,29.8,29.6,30.0,29.8,29.7,29.8,29.5,29.3,29.1,28.6,27.3,25.5,23.4,22.1,21.4,21.2,20.8,20.6,20.7,20.6,20.7,20.5,20.5,20.5,20.6,20.7,20.6,20.5,20.6,20.5,20.6,20.5,20.5,20.7,20.6,20.4,20.5,20.5,20.5,20.7
115,20.9,20.5,20.7,20.6,20.6,20.6,20.7,20.6,20.6,20.6,20.6,20.5,20.6,20.6,20.5,20.5,20.5,20.5,20.6,20.4,20.5,20.5,20.6,20.4,20.5,20.5,20.5,20.5,20.4,20.4,20.3,20.3,20.3,20.5,20.4,20.2,20.3,20.2,20.3,20.4,20.3,20.4,20.2,20.4,20.3,20.4,20.3,20.2,20.3,20.3,20.2,20.3,20.3,20.4,20.3,20.4,20.2,20.3,20.4,20.4,20.5,20.4,20.4,20.3,20.4,20.4,20.4,20.4,20.5,20.5,20.6,20.6,20.8,21.4,22.4,24.5,27.1,28.9,29.5,30.0,30.1,30.3,30.5,30.6,30.6,30.7,30.7,30.7,31.0,31.0,31.1,31.2,31.2,31.2,31.4,31.3,31.5,31.4,31.3,31.3,31.4,31.5,31.4,31.5,31.4,31.6,31.5,31.6,31.5,31.5,31.7,31.7,31.7,31.7,31.9,32.0,32.0,32.0,32.0,32.2,32.2,32.2,32.2,32.2,32.2,32.2,32.2,32.2,32.2,32.2,32.0,31.9,31.9,31.7,31.7,31.7,31.7,31.7,31.7,31.7,31.7,31.7,31.7,31.7,31.6,31.6,31.5,31.5,31.4,31.5,31.3,31.5,31.3,31.3,31.3,31.2,31.1,31.0,31.2,31.1,31.0,31.0,30.7,30.7,30.7,30.7,30.5,30.6,30.6,30.5,30.5,30.6,30.6,30.5,30.5,30.5,30.5,30.5,30.6,30.5,30.6,30.6,30.6,30.8,30.7,30.8,30.7,30.7,30.8,30.8,30.8,30.7,30.9,30.7,30.7,30.7,30.6,30.6,30.5,30.5,30.5,30.3,30.5,30.5,30.4,30.4,30.3,30.1,30.1,30.0,30.1,30.0,30.0,29.8,29.8,29.8,29.8,29.8,29.8,29.7,29.7,29.6,29.4,29.2,28.8,28.0,26.3,24.4,22.7,21.7,21.4,20.8,20.8,20.7,20.7,20.5,20.6,20.5,20.5,20.6,20.6,20.6,20.8,20.5,20.5,20.6,20.6,20.6,20.5,20.5,20.6,20.6,20.5,20.6,20.5,20.6
116,20.8,20.7,20.7,20.7,20.6,20.5,20.6,20.6,20.4,20.7,20.6,20.5,20.5,20.5,20.7,20.5,20.5,20.6,20.7,20.7,20.5,20.7,20.5,20.5,20.5,20.5,20.5,20.4,20.5,20.5,20.5,20.5,20.4,20.4,20.4,20.4,20.3,20.4,20.2,20.4,20.4,20.3,20.4,20.4,20.4,20.4,20.5,20.4,20.3,20.4,20.5,20.3,20.3,20.2,20.4,20.3,20.3,20.3,20.3,20.4,20.3,20.4,20.4,20.4,20.4,20.4,20.4,20.4,20.5,20.5,20.5,20.5,20.8,21.7,22.8,25.5,27.7,29.0,29.4,29.8,30.1,30.4,30.4,30.6,30.7,30.8,30.7,30.8,30.9,30.9,31.1,31.2,31.2,31.2,31.3,31.3,31.4,31.4,31.3,31.3,31.3,31.5,31.4,31.4,31.4,31.5,31.5,31.5,31.5,31.6,31.7,31.9,31.7,31.9,32.0,32.0,32.0,32.2,32.2,32.2,32.2,32.2,32.2,32.2,32.0,32.0,31.9,31.9,32.0,31.9,31.9,31.7,31.7,31.7,31.7,31.7,31.7,31.7,31.7,31.6,31.7,31.6,31.6,31.6,31.6,31.6,31.5,31.5,31.3,31.3,31.4,31.3,31.4,31.4,31.2,31.2,31.2,31.2,31.1,31.0,31.0,30.9,30.8,30.7,30.7,30.7,30.7,30.6,30.6,30.5,30.5,30.5,30.5,30.5,30.4,30.5,30.4,30.5,30.5,30.5,30.6,30.6,30.6,30.7,30.6,30.8,30.8,30.8,30.7,30.8,30.7,30.8,30.8,30.7,30.7,30.7,30.6,30.5,30.5,30.6,30.3,30.3,30.5,30.4,30.4,30.3,30.1,30.3,30.1,30.0,30.1,30.0,30.0,29.8,29.8,29.8,29.8,29.6,29.7,29.8,29.5,29.5,29.3,28.9,28.5,27.2,25.5,23.5,22.0,21.2,21.0,20.7,20.7,20.7,20.6,20.5,20.7,20.6,20.5,20.5,20.7,20.6,20.7,20.6,20.6,20.5,20.7,20.6,20.6,20.7,20.7,20.6,20.5,20.6,20.7,20.7
117,20.8,20.7,20.7,20.7,20.7,20.7,20.7,20.6,20.6,20.4,20.6,20.6,20.6,20.5,20.6,20.5,20.6,20.6,20.5,20.5,20.5,20.5,20.5,20.5,20.5,20.5,20.5,20.4,20.5,20.6,20.5,20.5,20.4,20.4,20.4,20.4,20.5,20.2,20.4,20.4,20.4,20.5,20.4,20.4,20.4,20.4,20.5,20.4,20.4,20.4,20.4,20.3,20.3,20.4,20.3,20.4,20.2,20.5,20.4,20.3,20.4,20.4,20.5,20.3,20.5,20.4,20.3,20.4,20.4,20.6,20.5,20.7,20.9,21.8,23.3,25.9,28.4,29.2,29.8,30.3,30.3,30.4,30.3,30.5,30.6,30.8,30.7,30.8,30.9,31.0,31.2,31.2,31.3,31.4,31.4,31.4,31.4,31.4,31.2,31.5,31.4,31.5,31.4,31.5,31.5,31.4,31.5,31.4,31.6,31.6,31.7,31.9,31.9,31.9,32.0,32.0,32.0,32.2,32.2,32.0,32.2,32.2,32.2,32.0,31.9,32.0,31.9,31.9,31.7,31.9,31.7,31.7,31.7,31.7,31.7,31.7,31.7,31.6,31.6,31.7,31.6,31.5,31.5,31.5,31.5,31.5,31.5,31.5,31.4,31.4,31.3,31.4,31.3,31.3,31.2,31.3,31.2,31.2,31.1,31.1,31.2,30.9,30.9,30.8,30.8,30.8,30.6,30.6,30.6,30.6,30.6,30.6,30.6,30.5,30.4,30.5,30.5,30.5,30.5,30.5,30.6,30.6,30.7,30.6,30.8,30.7,30.7,30.8,30.8,30.8,30.8,30.7,30.8,30.7,30.7,30.6,30.6,30.5,30.6,30.5,30.5,30.3,30.5,30.3,30.3,30.3,30.1,30.0,30.1,30.0,29.8,30.0,30.0,29.8,29.7,29.6,29.6,29.6,29.6,29.6,29.5,29.4,29.1,28.5,27.8,26.0,24.3,22.4,21.2,21.0,20.9,20.8,20.7,20.8,20.7,20.7,20.7,20.6,20.6,20.7,20.6,20.7,20.7,20.7,20.7,20.7,20.7,20.6,20.6,20.6,20.5,20.7,20.5,20.6,20.5,20.5
118,20.7,20.7,20.7,20.7,20.5,20.6,20.6,20.5,20.5,20.5,20.5,20.5,20.5,20.6,20.5,20.5,20.5,20.5,20.5,20.7,20.6,20.6,20.5,20.5,20.5,20.4,20.5,20.5,20.5,20.5,20.4,20.4,20.4,20.4,20.5,20.4,20.4,20.4,20.5,20.4,20.4,20.4,20.4,20.3,20.4,20.4,20.2,20.4,20.4,20.4,20.4,20.3,20.4,20.4,20.2,20.4,20.4,20.3,20.4,20.3,20.4,20.5,20.4,20.5,20.4,20.4,20.4,20.3,20.4,20.5,20.5,20.6,21.0,22.0,23.9,26.6,28.5,29.3,29.7,30.0,30.1,30.4,30.5,30.6,30.7,30.7,30.8,30.8,30.8,31.1,31.2,31.2,31.2,31.3,31.3,31.2,31.3,31.3,31.3,31.3,31.4,31.4,31.3,31.4,31.3,31.5,31.5,31.5,31.5,31.7,31.7,31.9,31.9,31.9,32.0,32.2,32.2,32.2,32.2,32.0,32.0,32.0,31.9,32.0,31.7,31.7,31.7,31.7,31.7,31.7,31.7,31.6,31.5,31.5,31.6,31.7,31.7,31.5,31.6,31.5,31.7,31.6,31.5,31.5,31.5,31.6,31.4,31.5,31.5,31.4,31.2,31.4,31.3,31.4,31.3,31.2,31.2,31.2,31.3,31.1,31.1,31.0,30.9,30.8,30.7,30.6,30.7,30.6,30.5,30.6,30.5,30.5,30.5,30.5,30.4,30.4,30.4,30.5,30.5,30.6,30.5,30.6,30.5,30.7,30.6,30.7,30.8,30.7,30.8,30.8,30.7,30.7,30.8,30.7,30.7,30.7,30.6,30.6,30.6,30.5,30.3,30.3,30.4,30.3,30.4,30.1,30.1,30.0,30.0,30.0,30.0,30.0,29.8,29.8,29.8,29.6,29.5,29.4,29.5,29.5,29.4,29.1,29.0,28.1,27.0,25.0,23.0,21.8,21.2,20.8,20.8,20.7,20.7,20.5,20.5,20.7,20.6,20.6,20.5,20.6,20.7,20.7,20.7,20.5,20.6,20.6,20.6,20.5,20.7,20.6,20.5,20.6,20.5,20.6,20.5,20.7
119,20.6,20.7,20.7,20.7,20.7,20.6,20.5,20.6,20.5,20.6,20.6,20.6,20.5,20.5,20.5,20.7,20.4,20.5,20.5,20.5,20.5,20.5,20.5,20.5,20.5,20.5,20.5,20.4,20.5,20.3,20.5,20.4,20.5,20.5,20.5,20.6,20.4,20.3,20.4,20.4,20.4,20.5,20.5,20.4,20.5,20.4,20.5,20.3,20.4,20.4,20.5,20.3,20.5,20.4,20.3,20.4,20.4,20.4,20.4,20.3,20.4,20.4,20.4,20.5,20.4,20.4,20.4,20.4,20.4,20.5,20.5,20.7,20.9,22.2,24.6,27.1,28.7,29.4,29.8,30.1,30.4,30.4,30.6,30.6,30.8,30.8,30.7,31.0,31.0,31.2,31.1,31.2,31.2,31.4,31.2,31.2,31.4,31.3,31.3,31.3,31.2,31.3,31.4,31.3,31.5,31.5,31.6,31.6,31.7,31.7,31.7,31.9,32.0,31.9,32.0,32.0,32.0,32.0,32.0,32.0,31.9,31.9,31.7,31.7,31.7,31.7,31.7,31.5,31.6,31.6,31.7,31.6,31.5,31.5,31.6,31.7,31.7,31.7,31.7,31.6,31.7,31.6,31.5,31.5,31.5,31.5,31.5,31.5,31.5,31.5,31.4,31.2,31.2,31.2,31.3,31.2,31.3,31.1,31.2,31.2,31.1,31.0,30.8,31.0,30.7,30.7,30.7,30.7,30.5,30.6,30.5,30.5,30.5,30.5,30.5,30.5,30.5,30.4,30.5,30.4,30.6,30.6,30.5,30.6,30.7,30.7,30.7,30.7,30.7,30.7,30.8,30.7,30.8,30.6,30.7,30.6,30.6,30.6,30.5,30.6,30.3,30.3,30.3,30.3,30.1,30.3,30.1,30.0,30.0,29.8,29.8,29.8,29.6,29.8,29.8,29.6,29.6,29.5,29.4,29.5,29.3,29.1,28.4,27.7,25.8,24.2,22.4,21.4,21.2,20.9,20.7,20.6,20.7,20.5,20.7,20.5,20.7,20.5,20.6,20.6,20.7,20.7,20.6,20.7,20.5,20.6,20.6,20.5,20.4,20.5,20.5,20.5,20.4,20.6,20.5,20.6
120,20.7,20.7,20.7,20.7,20.6,20.6,20.5,20.6,20.6,20.6,20.7,20.6,20.5,20.6,20.5,20.6,20.4,20.7,20.5,20.5,20.4,20.6,20.4,20.5,20.4,20.6,20.4,20.5,20.4,20.5,20.5,20.4,20.4,20.5,20.5,20.4,20.5,20.3,20.5,20.4,20.4,20.4,20.3,20.5,20.5,20.4,20.4,20.3,20.3,20.3,20.5,20.4,20.3,20.3,20.4,20.3,20.4,20.3,20.4,20.2,20.4,20.4,20.4,20.5,20.5,20.4,20.4,20.4,20.5,20.6,20.6,20.7,21.5,22.8,25.0,27.5,29.0,29.5,30.0,30.3,30.3,30.3,30.6,30.6,30.8,30.8,30.8,31.0,31.0,31.2,31.2,31.2,31.2,31.4,31.5,31.2,31.3,31.2,31.3,31.2,31.2,31.3,31.3,31.4,31.5,31.5,31.5,31.6,31.6,31.7,31.9,31.9,32.0,31.9,32.0,32.0,32.0,31.7,31.9,31.7,31.7,31.7,31.7,31.7,31.5,31.5,31.5,31.6,31.5,31.5,31.5,31.6,31.5,31.6,31.7,31.7,31.7,31.7,31.7,31.7,31.5,31.5,31.5,31.7,31.6,31.5,31.7,31.4,31.5,31.4,31.5,31.2,31.3,31.5,31.2,31.2,31.2,31.2,31.1,31.2,31.1,31.0,31.0,30.9,30.9,30.8,30.7,30.6,30.7,30.6,30.5,30.6,30.6,30.5,30.4,30.4,30.6,30.5,30.5,30.6,30.5,30.6,30.5,30.6,30.6,30.8,30.6,30.7,30.7,30.8,30.9,30.8,30.8,30.6,30.6,30.6,30.6,30.6,30.6,30.5,30.4,30.3,30.5,30.5,30.1,30.3,30.1,30.0,30.0,30.0,29.8,29.8,29.8,29.8,29.7,29.6,29.5,29.4,29.4,29.3,29.1,28.8,28.0,26.8,24.7,23.0,21.8,21.2,20.9,20.7,20.7,20.7,20.7,20.7,20.6,20.5,20.5,20.6,20.5,20.6,20.6,20.6,20.7,20.7,20.4,20.6,20.5,20.5,20.4,20.7,20.5,20.5,20.7,20.6,20.6,20.8
121,20.8,20.7,20.8,20.7,20.7,20.7,20.6,20.6,20.6,20.7,20.4,20.5,20.4,20.6,20.6,20.5,20.6,20.5,20.7,20.5,20.4,20.5,20.5,20.5,20.5,20.6,20.4,20.5,20.4,20.4,20.5,20.4,20.5,20.4,20.5,20.6,20.4,20.4,20.4,20.4,20.5,20.5,20.4,20.4,20.4,20.3,20.3,20.4,20.3,20.4,20.4,20.4,20.3,20.5,20.4,20.4,20.5,20.5,20.3,20.2,20.4,20.3,20.5,20.6,20.4,20.4,20.4,20.4,20.4,20.6,20.7,20.8,21.4,23.1,25.7,28.0,29.2,29.6,30.0,30.3,30.4,30.4,30.6,30.6,30.7,30.9,30.9,31.0,31.1,31.1,31.2,31.3,31.3,31.2,31.3,31.2,31.3,31.2,31.2,31.2,31.2,31.4,31.4,31.3,31.4,31.5,31.5,31.5,31.7,31.9,31.9,31.9,31.9,31.9,31.9,31.9,31.7,31.7,31.7,31.6,31.6,31.5,31.6,31.5,31.5,31.5,31.5,31.4,31.5,31.5,31.5,31.5,31.5,31.6,31.6,31.7,31.7,31.6,31.7,31.7,31.7,31.7,31.7,31.7,31.6,31.6,31.6,31.5,31.5,31.4,31.4,31.4,31.5,31.3,31.2,31.2,31.2,31.2,31.2,31.2,31.2,31.1,31.0,30.9,30.8,30.8,30.8,30.8,30.7,30.7,30.6,30.6,30.5,30.6,30.6,30.6,30.6,30.5,30.6,30.5,30.5,30.6,30.6,30.6,30.6,30.6,30.7,30.7,30.8,30.6,30.7,30.8,30.8,30.6,30.7,30.6,30.6,30.6,30.6,30.5,30.5,30.3,30.3,30.1,30.3,30.0,30.1,29.8,29.8,29.8,29.8,29.7,29.7,29.7,29.8,29.5,29.4,29.3,29.2,29.1,28.9,28.5,27.2,25.8,23.9,22.4,21.4,21.0,20.7,20.7,20.6,20.7,20.7,20.5,20.7,20.6,20.5,20.6,20.7,20.7,20.6,20.8,20.7,20.6,20.6,20.6,20.6,20.5,20.5,20.5,20.6,20.5,20.5,20.5,20.6,20.5
122,20.7,20.8,20.7,20.7,20.7,20.6,20.7,20.5,20.6,20.6,20.6,20.5,20.7,20.7,20.6,20.5,20.5,20.5,20.6,20.4,20.6,20.6,20.5,20.5,20.4,20.5,20.5,20.4,20.4,20.3,20.4,20.4,20.5,20.7,20.5,20.4,20.4,20.5,20.4,20.5,20.5,20.5,20.4,20.4,20.5,20.4,20.4,20.4,20.4,20.5,20.4,20.5,20.5,20.4,20.2,20.5,20.4,20.6,20.3,20.4,20.5,20.5,20.4,20.5,20.5,20.4,20.4,20.5,20.5,20.6,20.7,20.9,21.8,23.8,26.2,28.4,29.3,29.6,30.0,30.3,30.3,30.1,30.6,30.7,30.8,30.9,31.0,31.0,31.1,31.1,31.2,31.2,31.3,31.3,31.2,31.2,31.2,31.2,31.1,31.2,31.2,31.3,31.3,31.5,31.5,31.6,31.6,31.7,31.9,31.7,31.9,32.0,31.7,31.7,31.9,31.6,31.6,31.5,31.5,31.3,31.5,31.5,31.4,31.5,31.3,31.4,31.5,31.5,31.4,31.5,31.5,31.7,31.7,31.6,31.6,31.7,31.7,31.7,31.7,31.6,31.6,31.7,31.7,31.6,31.6,31.7,31.6,31.4,31.7,31.3,31.3,31.4,31.3,31.3,31.3,31.3,31.2,31.2,31.2,31.1,31.2,31.1,31.1,30.9,30.9,30.9,30.8,30.8,30.9,30.7,30.7,30.6,30.6,30.6,30.6,30.5,30.6,30.6,30.6,30.6,30.6,30.6,30.6,30.5,30.7,30.8,30.8,30.7,30.7,30.8,30.7,30.7,30.7,30.6,30.6,30.7,30.6,30.6,30.6,30.6,30.5,30.4,30.5,30.4,30.1,30.3,30.0,30.0,30.0,29.8,29.8,29.8,29.6,29.6,29.5,29.5,29.5,29.3,29.2,29.0,28.7,27.7,26.4,24.5,22.8,21.7,21.0,20.9,20.7,20.8,20.6,20.7,20.6,20.7,20.6,20.7,20.7,20.6,20.6,20.7,20.6,20.6,20.7,20.5,20.6,20.5,20.6,20.5,20.7,20.7,20.5,20.7,20.5,20.6,20.6,20.6
123,20.8,20.8,20.7,20.7,20.7,20.7,20.7,20.7,20.7,20.7,20.7,20.6,20.7,20.7,20.6,20.7,20.5,20.7,20.6,20.4,20.5,20.5,20.5,20.5,20.4,20.6,20.5,20.5,20.5,20.4,20.4,20.5,20.5,20.4,20.4,20.5,20.4,20.5,20.5,20.6,20.4,20.5,20.4,20.4,20.4,20.5,20.4,20.4,20.3,20.3,20.4,20.4,20.3,20.4,20.4,20.4,20.5,20.3,20.5,20.3,20.5,20.4,20.4,20.5,20.4,20.5,20.5,20.5,20.7,20.6,20.7,20.9,21.9,23.9,26.5,28.7,29.5,30.0,30.0,30.1,30.4,30.4,30.6,30.7,30.9,30.9,31.0,31.1,31.1,31.1,31.2,31.2,31.2,31.2,31.2,31.2,31.2,31.2,31.2,31.4,31.4,31.5,31.4,31.5,31.5,31.7,31.7,31.9,31.9,31.9,31.9,31.9,31.7,31.7,31.7,31.6,31.5,31.2,31.3,31.2,31.2,31.3,31.5,31.3,31.4,31.4,31.4,31.4,31.5,31.5,31.6,31.7,31.6,31.6,31.7,31.7,31.7,31.7,31.9,31.7,31.7,31.7,31.7,31.7,31.6,31.5,31.6,31.5,31.3,31.5,31.4,31.3,31.3,31.2,31.4,31.2,31.2,31.2,31.2,31.2,31.2,31.1,31.1,31.0,31.0,30.8,30.9,30.8,30.8,30.7,30.7,30.7,30.7,30.6,30.6,30.6,30.6,30.5,30.6,30.6,30.6,30.6,30.6,30.7,30.7,30.7,30.8,30.7,30.7,30.7,30.7,30.7,30.7,30.6,30.7,30.7,30.6,30.6,30.6,30.6,30.5,30.5,30.5,30.4,30.4,30.1,30.1,30.0,30.0,29.8,29.6,29.7,29.8,29.6,29.6,29.6,29.4,29.2,29.0,28.8,28.2,27.1,25.1,23.2,22.0,21.4,21.0,20.8,20.7,20.7,20.6,20.6,20.6,20.5,20.7,20.7,20.6,20.5,20.5,20.7,20.7,20.7,20.6,20.6,20.6,20.6,20.6,20.6,20.6,20.5,20.6,20.6,20.6,20.5,20.5,20.4
124,20.5,20.6,20.7,20.6,20.7,20.7,20.7,20.7,20.7,20.7,20.5,20.6,20.6,20.8,20.6,20.5,20.5,20.6,20.5,20.5,20.6,20.5,20.5,20.5,20.5,20.4,20.5,20.5,20.5,20.5,20.7,20.5,20.4,20.4,20.5,20.4,20.4,20.4,20.5,20.5,20.6,20.4,20.5,20.4,20.4,20.4,20.4,20.4,20.4,20.4,20.5,20.4,20.4,20.4,20.4,20.3,20.5,20.4,20.6,20.4,20.5,20.4,20.5,20.6,20.6,20.5,20.5,20.7,20.7,20.6,20.8,21.0,22.4,24.5,27.1,28.8,29.6,29.8,30.0,30.3,30.4,30.5,30.7,30.6,30.8,30.9,31.0,31.1,31.1,31.1,31.1,31.1,31.2,31.2,31.2,31.2,31.2,31.2,31.2,31.3,31.3,31.4,31.5,31.5,31.7,31.7,31.9,31.7,31.9,31.9,31.9,31.7,31.5,31.6,31.3,31.2,31.2,31.2,31.2,31.2,31.2,31.3,31.3,31.4,31.3,31.4,31.5,31.5,31.5,31.6,31.6,31.6,31.6,31.7,31.7,31.7,31.7,31.7,31.7,31.7,31.9,31.7,31.7,31.7,31.6,31.5,31.7,31.5,31.5,31.4,31.3,31.4,31.3,31.2,31.2,31.1,31.1,31.2,31.2,31.1,31.2,31.2,31.1,31.0,31.0,30.9,30.9,30.8,30.8,30.7,30.8,30.7,30.7,30.6,30.7,30.7,30.6,30.6,30.8,30.7,30.6,30.6,30.7,30.7,30.9,30.7,30.8,30.8,30.8,30.8,30.7,30.7,30.7,30.7,30.6,30.8,30.6,30.6,30.6,30.5,30.4,30.5,30.4,30.3,30.3,30.0,30.0,30.0,30.0,29.8,29.7,29.7,29.5,29.5,29.5,29.4,29.2,29.2,29.0,28.6,27.7,26.3,24.4,22.4,21.6,21.2,20.9,20.8,20.6,20.6,20.5,20.7,20.4,20.5,20.7,20.6,20.7,20.6,20.6,20.6,20.7,20.5,20.7,20.5,20.6,20.7,20.4,20.5,20.7,20.7,20.7,20.6,20.4,20.6,20.6,20.6
125,20.5,20.7,20.7,20.8,20.7,20.7,20.7,20.6,20.7,20.6,20.6,20.5,20.4,20.7,20.5,20.5,20.7,20.6,20.5,20.5,20.7,20.4,20.5,20.4,20.5,20.5,20.5,20.5,20.5,20.4,20.5,20.6,20.4,20.4,20.4,20.5,20.4,20.4,20.4,20.5,20.5,20.4,20.5,20.5,20.5,20.3,20.4,20.3,20.3,20.5,20.5,20.5,20.4,20.4,20.3,20.4,20.5,20.6,20.4,20.4,20.5,20.5,20.5,20.4,20.6,20.5,20.6,20.5,20.6,20.7,20.8,21.2,22.7,24.8,27.4,29.2,29.6,30.0,30.0,30.3,30.4,30.6,30.6,30.8,30.9,30.9,30.9,31.0,31.1,31.1,31.2,31.2,31.2,31.3,31.2,31.2,31.2,31.3,31.5,31.3,31.5,31.5,31.5,31.7,31.7,31.7,31.9,31.7,31.9,31.7,31.6,31.6,31.4,31.3,31.1,31.1,31.2,31.1,31.2,31.2,31.3,31.2,31.3,31.4,31.4,31.4,31.4,31.5,31.5,31.6,31.5,31.7,31.6,31.7,31.7,31.7,31.7,31.7,31.7,31.7,31.7,31.7,31.7,31.7,31.6,31.6,31.6,31.5,31.5,31.5,31.4,31.4,31.3,31.2,31.1,31.3,31.2,31.1,31.2,31.2,31.1,31.1,31.1,31.1,30.9,30.9,30.9,30.8,30.9,30.7,30.8,30.8,30.7,30.8,30.6,30.7,30.6,30.6,30.7,30.7,30.6,30.6,30.7,30.8,30.8,30.8,30.8,30.8,30.7,30.7,30.8,30.7,30.7,30.7,30.6,30.6,30.5,30.6,30.5,30.5,30.4,30.4,30.4,30.1,30.3,30.1,29.8,30.0,29.8,29.7,29.6,29.6,29.5,29.5,29.4,29.3,29.2,29.0,28.6,28.0,26.8,24.9,23.1,21.7,21.4,21.0,20.8,20.7,20.6,20.7,20.6,20.7,20.5,20.6,20.6,20.7,20.7,20.7,20.6,20.5,20.6,20.6,20.7,20.7,20.7,20.7,20.6,20.7,20.6,20.7,20.5,20.6,20.7,20.4,20.5,20.4
126,20.6,20.7,20.7,20.6,20.7,20.7,20.7,20.7,20.7,20.6,20.6,20.5,20.5,20.6,20.5,20.4,20.6,20.5,20.5,20.5,20.5,20.5,20.5,20.4,20.4,20.4,20.4,20.5,20.4,20.5,20.4,20.4,20.3,20.3,20.5,20.5,20.4,20.4,20.4,20.3,20.5,20.5,20.5,20.4,20.4,20.4,20.3,20.4,20.4,20.4,20.5,20.4,20.3,20.4,20.4,20.4,20.5,20.5,20.5,20.5,20.4,20.5,20.5,20.5,20.3,20.5,20.6,20.6,20.6,20.7,20.7,21.5,23.0,25.1,27.8,29.4,29.6,30.0,30.0,30.3,30.5,30.6,30.7,30.9,30.8,31.0,30.8,31.1,31.1,31.1,31.2,31.1,31.2,31.2,31.2,31.4,31.3,31.4,31.2,31.5,31.5,31.5,31.7,31.6,31.7,31.9,31.9,31.9,31.7,31.7,31.6,31.3,31.2,31.1,31.1,31.0,31.1,31.1,31.2,31.1,31.2,31.3,31.3,31.5,31.4,31.4,31.5,31.6,31.5,31.5,31.7,31.7,31.7,31.7,31.7,31.7,31.7,31.7,31.7,31.7,31.7,31.7,31.7,31.6,31.6,31.6,31.5,31.4,31.5,31.4,31.3,31.3,31.3,31.2,31.1,31.2,31.2,31.2,31.2,31.1,31.1,31.0,31.0,30.9,31.0,31.0,30.8,30.9,30.9,31.0,30.8,30.8,30.7,30.7,30.8,30.7,30.6,30.7,30.7,30.6,30.7,30.6,30.7,30.7,30.7,30.8,30.8,30.8,30.8,30.6,30.7,30.7,30.7,30.6,30.7,30.6,30.5,30.5,30.6,30.4,30.5,30.5,30.3,30.3,30.3,30.0,29.8,30.0,29.8,29.6,29.6,29.5,29.5,29.4,29.3,29.2,29.2,28.9,28.6,27.4,25.8,23.8,22.2,21.2,20.9,20.7,20.7,20.6,20.5,20.5,20.5,20.7,20.5,20.6,20.6,20.5,20.7,20.6,20.6,20.7,20.5,20.7,20.6,20.6,20.5,20.6,20.7,20.6,20.7,20.6,20.6,20.4,20.6,20.5,20.7,20.5
127,20.7,20.7,20.7,20.7,20.6,20.5,20.6,20.7,20.6,20.5,20.6,20.5,20.6,20.5,20.5,20.5,20.5,20.7,20.5,20.5,20.4,20.4,20.5,20.4,20.5,20.4,20.4,20.5,20.3,20.4,20.4,20.4,20.4,20.5,20.5,20.5,20.4,20.4,20.3,20.4,20.4,20.5,20.4,20.4,20.4,20.4,20.3,20.4,20.3,20.3,20.4,20.4,20.4,20.3,20.4,20.4,20.4,20.4,20.5,20.5,20.4,20.4,20.5,20.5,20.4,20.5,20.5,20.5,20.7,20.7,20.9,21.7,23.3,25.8,28.1,29.3,29.6,30.0,30.3,30.5,30.5,30.7,30.6,30.8,30.9,31.0,31.0,31.2,31.2,31.1,31.2,31.2,31.2,31.4,31.3,31.3,31.4,31.5,31.5,31.5,31.5,31.7,31.7,31.9,31.9,31.9,31.7,31.7,31.5,31.3,31.4,31.2,31.1,31.0,31.0,30.9,31.0,31.0,31.2,31.2,31.2,31.3,31.3,31.4,31.5,31.4,31.5,31.6,31.5,31.6,31.7,31.7,31.7,31.7,31.7,31.7,31.7,31.7,31.7,31.7,31.7,31.7,31.7,31.7,31.7,31.5,31.6,31.5,31.5,31.5,31.3,31.3,31.3,31.2,31.2,31.1,31.1,31.1,31.2,31.1,31.1,31.0,31.1,31.0,30.9,30.9,31.0,30.8,30.9,30.8,30.8,30.9,30.8,30.8,30.7,30.7,30.6,30.7,30.6,30.7,30.6,30.6,30.7,30.6,30.9,30.6,30.8,30.8,30.8,30.8,30.7,30.7,30.7,30.6,30.6,30.6,30.5,30.6,30.4,30.4,30.3,30.4,30.3,30.1,30.0,30.0,29.8,29.8,29.6,29.7,29.6,29.4,29.4,29.3,29.2,29.2,28.9,28.7,27.8,26.4,24.7,22.9,21.7,21.0,20.8,20.8,20.6,20.6,20.5,20.5,20.5,20.5,20.5,20.4,20.6,20.6,20.6,20.4,20.5,20.5,20.5,20.7,20.5,20.7,20.6,20.7,20.5,20.5,20.5,20.5,20.6,20.7,20.5,20.5,20.5,20.3
128,20.6,20.5,20.7,20.7,20.7,20.6,20.7,20.7,20.5,20.6,20.5,20.4,20.5,20.5,20.5,20.4,20.5,20.5,20.4,20.4,20.4,20.5,20.4,20.5,20.4,20.5,20.4,20.4,20.4,20.3,20.5,20.3,20.4,20.5,20.4,20.4,20.4,20.3,20.4,20.4,20.4,20.5,20.4,20.4,20.4,20.4,20.4,20.2,20.2,20.4,20.4,20.3,20.4,20.4,20.3,20.4,20.4,20.5,20.3,20.4,20.4,20.4,20.4,20.5,20.5,20.4,20.4,20.4,20.6,20.7,20.9,21.5,23.4,26.0,28.4,29.5,29.7,30.1,30.0,30.5,30.6,30.7,30.8,30.8,30.9,31.0,31.0,31.0,31.2,31.2,31.2,31.3,31.2,31.3,31.3,31.4,31.5,31.5,31.5,31.6,31.7,31.7,31.9,31.9,31.9,31.9,31.7,31.6,31.5,31.2,31.0,31.1,30.8,30.9,30.8,30.9,31.1,31.2,31.1,31.2,31.3,31.4,31.4,31.3,31.5,31.5,31.5,31.5,31.7,31.7,31.7,31.5,31.7,31.7,31.7,31.7,31.7,31.7,31.7,31.7,31.6,31.7,31.7,31.6,31.7,31.5,31.5,31.5,31.5,31.3,31.3,31.3,31.3,31.2,31.2,31.2,31.1,31.1,31.1,31.1,31.1,31.0,31.0,31.0,30.9,30.9,30.9,30.8,30.8,30.9,30.8,30.8,31.0,30.8,30.8,30.7,30.7,30.7,30.8,30.8,30.7,30.7,30.6,30.7,30.6,30.8,30.8,30.7,30.8,30.7,30.7,30.7,30.6,30.7,30.6,30.6,30.3,30.4,30.5,30.3,30.3,30.1,30.3,30.1,30.0,29.8,29.8,29.7,29.6,29.6,29.4,29.4,29.3,29.3,29.1,29.1,28.6,27.9,26.5,25.1,23.8,22.1,21.4,20.9,20.7,20.6,20.7,20.5,20.4,20.4,20.5,20.5,20.5,20.5,20.6,20.5,20.6,20.5,20.4,20.6,20.6,20.5,20.7,20.4,20.6,20.6,20.5,20.5,20.7,20.5,20.5,20.5,20.6,20.5,20.6,20.5
129,20.8,20.7,20.7,20.5,20.7,20.5,20.6,20.6,20.7,20.6,20.5,20.5,20.6,20.6,20.5,20.5,20.4,20.5,20.5,20.4,20.4,20.4,20.5,20.4,20.4,20.4,20.4,20.4,20.4,20.5,20.3,20.3,20.4,20.5,20.5,20.4,20.4,20.3,20.4,20.4,20.4,20.3,20.4,20.5,20.3,20.2,20.3,20.2,20.4,20.3,20.3,20.3,20.2,20.3,20.4,20.4,20.4,20.4,20.5,20.4,20.4,20.3,20.4,20.4,20.4,20.5,20.5,20.6,20.7,20.7,20.9,21.9,23.9,26.3,28.5,29.5,29.8,30.1,30.3,30.6,30.6,30.6,30.8,30.9,30.9,31.0,31.0,31.2,31.2,31.2,31.2,31.4,31.5,31.5,31.4,31.4,31.5,31.5,31.5,31.7,31.7,31.9,31.9,31.9,31.9,31.9,31.6,31.2,31.1,31.0,31.0,30.8,30.7,30.8,30.9,31.0,31.1,31.1,31.2,31.1,31.3,31.4,31.5,31.5,31.5,31.4,31.5,31.5,31.6,31.5,31.6,31.6,31.7,31.6,31.7,31.7,31.6,31.7,31.6,31.7,31.7,31.6,31.6,31.5,31.6,31.5,31.5,31.5,31.5,31.3,31.3,31.3,31.2,31.2,31.2,31.1,31.2,31.2,31.1,31.1,31.0,31.0,31.0,31.0,30.9,30.8,30.9,30.8,30.8,30.8,30.8,30.7,30.8,30.8,30.8,30.8,30.9,30.8,30.7,30.8,30.8,30.7,30.7,30.7,30.8,30.8,30.6,30.7,30.7,30.7,30.6,30.6,30.7,30.5,30.5,30.6,30.3,30.5,30.4,30.1,30.3,30.1,30.3,30.0,30.0,30.0,29.8,29.7,29.6,29.5,29.3,29.3,29.1,29.1,29.1,28.6,28.2,27.4,25.7,24.0,22.4,21.6,20.9,20.7,20.6,20.7,20.6,20.7,20.6,20.4,20.4,20.5,20.5,20.6,20.5,20.6,20.4,20.5,20.4,20.5,20.4,20.5,20.5,20.5,20.4,20.6,20.6,20.5,20.5,20.6,20.5,20.5,20.6,20.5,20.7,20.6
130,20.6,20.7,20.7,20.6,20.6,20.6,20.6,20.6,20.5,20.6,20.5,20.5,20.6,20.5,20.5,20.4,20.5,20.5,20.4,20.5,20.4,20.5,20.4,20.5,20.5,20.5,20.4,20.4,20.4,20.4,20.5,20.5,20.3,20.4,20.4,20.4,20.4,20.3,20.4,20.3,20.3,20.4,20.4,20.4,20.3,20.5,20.4,20.4,20.3,20.4,20.4,20.3,20.4,20.5,20.2,20.3,20.4,20.4,20.3,20.5,20.3,20.4,20.4,20.5,20.6,20.4,20.5,20.6,20.6,20.7,21.0,22.0,24.1,26.8,28.7,29.6,30.0,30.3,30.4,30.6,30.7,30.9,30.8,31.0,31.0,31.0,31.2,31.3,31.2,31.3,31.3,31.5,31.5,31.4,31.5,31.4,31.6,31.5,31.5,31.7,32.0,32.0,32.0,32.0,31.9,31.5,31.3,31.2,31.0,30.7,30.8,30.8,30.7,30.8,30.8,31.0,31.1,31.1,31.3,31.2,31.2,31.2,31.2,31.5,31.5,31.5,31.5,31.5,31.5,31.6,31.5,31.7,31.6,31.7,31.6,31.6,31.6,31.6,31.5,31.6,31.6,31.6,31.5,31.5,31.5,31.5,31.5,31.4,31.5,31.5,31.3,31.3,31.3,31.2,31.2,31.2,31.1,31.1,31.1,31.0,31.0,31.0,30.9,31.0,30.8,30.8,30.8,30.8,30.8,30.7,30.8,30.9,30.8,30.8,30.7,30.7,30.8,30.7,30.7,30.7,30.8,30.8,30.8,30.7,30.8,30.8,31.0,30.7,30.8,30.7,30.8,30.7,30.6,30.5,30.6,30.5,30.5,30.3,30.4,30.4,30.3,30.3,30.0,30.0,30.0,29.8,29.8,29.6,29.5,29.4,29.3,29.3,29.1,29.1,28.9,28.5,27.8,26.3,24.8,22.8,21.7,21.2,20.9,20.7,20.7,20.7,20.6,20.5,20.4,20.5,20.4,20.5,20.6,20.5,20.5,20.5,20.7,20.5,20.2,20.4,20.4,20.5,20.5,20.6,20.7,20.4,20.6,20.6,20.7,20.5,20.5,20.4,20.5,20.5,20.5,20.6
131,20.6,20.7,20.7,20.7,20.6,20.6,20.6,20.5,20.7,20.6,20.6,20.5,20.7,20.6,20.4,20.6,20.4,20.4,20.5,20.4,20.4,20.4,20.5,20.4,20.4,20.4,20.4,20.5,20.3,20.3,20.4,20.4,20.4,20.3,20.5,20.4,20.4,20.3,20.4,20.4,20.4,20.4,20.3,20.4,20.4,20.4,20.4,20.3,20.2,20.4,20.3,20.2,20.4,20.4,20.4,20.3,20.4,20.4,20.4,20.4,20.5,20.4,20.4,20.5,20.5,20.4,20.5,20.5,20.7,20.7,21.0,22.2,24.7,27.2,28.7,29.8,30.0,30.3,30.5,30.6,30.8,30.8,31.0,31.0,31.1,31.0,31.1,31.2,31.2,31.5,31.4,31.5,31.5,31.5,31.5,31.6,31.7,31.5,31.7,31.9,31.9,32.0,31.9,31.7,31.7,31.3,31.0,30.9,30.7,30.7,30.7,30.8,30.7,30.9,30.9,31.1,31.1,31.1,31.2,31.2,31.3,31.4,31.4,31.4,31.4,31.4,31.6,31.5,31.6,31.6,31.7,31.6,31.5,31.5,31.6,31.7,31.5,31.6,31.6,31.5,31.5,31.5,31.5,31.5,31.5,31.4,31.5,31.5,31.4,31.3,31.2,31.3,31.2,31.2,31.2,31.2,31.1,31.2,31.0,31.1,30.9,31.0,31.0,30.7,30.9,30.7,30.7,30.7,30.8,30.7,30.7,30.7,30.9,30.9,30.7,30.8,30.8,30.7,30.8,30.7,30.8,30.9,30.8,30.8,30.8,30.9,30.8,30.7,30.7,30.6,30.7,30.6,30.6,30.6,30.6,30.6,30.5,30.4,30.4,30.3,30.0,30.1,30.0,30.0,29.8,29.8,29.6,29.6,29.5,29.4,29.3,29.2,29.1,29.1,28.6,28.1,26.9,25.6,23.8,22.4,21.5,20.9,20.9,20.7,20.7,20.6,20.4,20.6,20.6,20.4,20.6,20.5,20.6,20.5,20.5,20.5,20.5,20.5,20.4,20.5,20.4,20.6,20.7,20.6,20.6,20.5,20.8,20.5,20.6,20.4,20.5,20.5,20.6,20.5,20.7,20.7
132,20.7,20.6,20.6,20.6,20.7,20.5,20.5,20.6,20.5,20.6,20.6,20.6,20.7,20.6,20.6,20.6,20.4,20.5,20.5,20.4,20.3,20.4,20.4,20.5,20.2,20.4,20.4,20.3,20.4,20.3,20.3,20.4,20.3,20.4,20.4,20.3,20.4,20.4,20.4,20.4,20.4,20.3,20.3,20.3,20.3,20.3,20.3,20.3,20.3,20.3,20.3,20.3,20.3,20.4,20.3,20.4,20.4,20.4,20.4,20.4,20.4,20.3,20.3,20.4,20.4,20.4,20.5,20.5,20.5,20.7,21.0,22.2,24.9,27.2,28.9,29.8,30.1,30.5,30.3,30.7,30.7,30.9,30.9,31.0,31.1,31.0,31.2,31.3,31.2,31.4,31.5,31.6,31.5,31.5,31.5,31.5,31.5,31.5,31.7,31.7,31.7,32.0,32.0,31.6,31.3,31.1,30.8,30.6,30.6,30.6,30.6,30.8,30.7,30.8,31.0,31.1,31.1,31.2,31.2,31.2,31.4,31.3,31.2,31.3,31.4,31.5,31.5,31.5,31.6,31.5,31.6,31.4,31.5,31.4,31.5,31.5,31.5,31.5,31.5,31.6,31.5,31.5,31.5,31.5,31.5,31.5,31.4,31.4,31.4,31.4,31.4,31.2,31.2,31.3,31.1,31.1,31.0,31.1,31.2,31.0,31.1,31.0,31.0,30.8,30.8,30.8,30.8,30.7,30.7,30.6,30.6,30.6,30.8,30.7,30.7,30.7,30.7,30.6,30.7,30.8,30.7,30.7,30.6,30.7,30.7,30.7,30.7,30.7,30.7,30.6,30.6,30.7,30.6,30.6,30.5,30.4,30.3,30.3,30.3,30.3,30.1,30.0,30.0,29.8,29.8,29.6,29.6,29.5,29.3,29.2,29.2,29.0,28.9,28.6,28.1,27.3,26.0,24.3,22.8,21.8,21.2,20.8,20.8,20.6,20.7,20.7,20.6,20.4,20.5,20.5,20.4,20.4,20.6,20.6,20.5,20.6,20.4,20.5,20.4,20.4,20.7,20.5,20.5,20.6,20.5,20.6,20.7,20.6,20.6,20.5,20.5,20.5,20.4,20.5,20.5,20.4
133,20.7,20.7,20.6,20.7,20.7,20.7,20.5,20.7,20.7,20.5,20.6,20.6,20.6,20.6,20.6,20.5,20.4,20.6,20.5,20.3,20.4,20.6,20.4,20.4,20.4,20.4,20.4,20.3,20.4,20.3,20.4,20.2,20.5,20.3,20.4,20.4,20.3,20.2,20.4,20.2,20.3,20.4,20.3,20.4,20.3,20.4,20.3,20.2,20.3,20.4,20.3,20.4,20.4,20.4,20.4,20.4,20.4,20.4,20.4,20.4,20.4,20.4,20.3,20.4,20.3,20.4,20.5,20.6,20.5,20.7,21.2,22.4,25.1,27.4,28.9,30.0,30.1,30.6,30.5,30.7,30.7,30.8,31.0,30.9,31.1,31.1,31.2,31.2,31.3,31.5,31.4,31.6,31.4,31.5,31.5,31.5,31.6,31.6,31.7,31.7,31.9,31.7,31.5,31.4,31.1,30.8,30.8,30.6,30.5,30.6,30.7,30.8,30.8,30.9,31.0,31.2,31.1,31.2,31.2,31.2,31.2,31.5,31.4,31.5,31.5,31.5,31.6,31.5,31.5,31.6,31.5,31.5,31.4,31.5,31.5,31.4,31.4,31.5,31.5,31.3,31.5,31.5,31.5,31.4,31.4,31.4,31.3,31.4,31.4,31.3,31.3,31.2,31.2,31.3,31.2,31.2,31.1,31.2,31.1,31.1,31.0,30.9,30.8,30.8,30.8,30.7,30.8,30.8,30.7,30.7,30.6,30.7,30.6,30.7,30.6,30.7,30.7,30.8,30.6,30.8,30.8,30.7,30.8,30.7,30.7,30.6,30.7,30.7,30.6,30.7,30.6,30.6,30.6,30.6,30.6,30.5,30.3,30.3,30.1,30.3,30.1,30.1,30.0,29.8,29.8,29.6,29.6,29.4,29.3,29.2,29.1,28.9,28.8,28.4,27.6,26.4,24.7,23.1,22.0,21.4,21.0,20.7,20.7,20.5,20.6,20.5,20.5,20.5,20.4,20.5,20.5,20.5,20.6,20.4,20.5,20.5,20.6,20.4,20.5,20.6,20.5,20.6,20.6,20.5,20.5,20.7,20.5,20.6,20.5,20.5,20.5,20.4,20.5,20.5,20.5,20.5
134,20.7,20.7,20.7,20.7,20.6,20.7,20.6,20.6,20.7,20.7,20.5,20.6,20.7,20.6,20.5,20.5,20.5,20.6,20.6,20.4,20.4,20.4,20.4,20.4,20.4,20.3,20.5,20.5,20.4,20.3,20.4,20.4,20.4,20.5,20.3,20.5,20.4,20.4,20.5,20.4,20.2,20.3,20.4,20.3,20.3,20.3,20.2,20.4,20.3,20.4,20.2,20.3,20.4,20.2,20.4,20.3,20.5,20.4,20.4,20.4,20.2,20.3,20.3,20.3,20.4,20.4,20.5,20.6,20.7,20.7,21.2,22.7,25.3,27.9,29.4,30.1,30.3,30.6,30.6,30.7,30.8,30.8,31.0,31.0,31.0,31.1,31.2,31.3,31.4,31.4,31.5,31.5,31.6,31.5,31.5,31.5,31.6,31.7,31.6,31.7,31.7,31.7,31.3,31.2,31.0,30.8,30.6,30.6,30.7,30.6,30.7,30.8,30.8,31.0,31.0,31.2,31.2,31.1,31.3,31.3,31.3,31.2,31.2,31.4,31.5,31.5,31.5,31.4,31.4,31.5,31.5,31.4,31.4,31.5,31.5,31.2,31.4,31.4,31.5,31.5,31.4,31.5,31.4,31.5,31.3,31.4,31.4,31.4,31.4,31.3,31.3,31.2,31.3,31.4,31.2,31.2,31.1,31.1,31.1,31.1,31.0,30.9,31.0,30.8,30.7,30.8,30.7,30.7,30.8,30.6,30.6,30.6,30.7,30.6,30.6,30.6,30.8,30.8,30.8,30.9,30.8,30.7,30.7,30.8,30.8,30.7,30.7,30.7,30.7,30.7,30.6,30.6,30.6,30.6,30.5,30.5,30.3,30.1,30.1,30.1,30.0,30.1,30.0,30.0,29.8,29.6,29.5,29.4,29.2,29.1,28.9,28.6,28.4,28.0,27.0,25.6,23.8,22.0,21.4,20.9,20.8,20.6,20.7,20.6,20.5,20.5,20.6,20.5,20.5,20.6,20.4,20.5,20.5,20.4,20.5,20.5,20.7,20.5,20.6,20.6,20.5,20.6,20.7,20.7,20.5,20.6,20.7,20.5,20.4,20.5,20.6,20.5,20.5,20.5,20.6,20.7
135,20.7,20.6,20.7,20.6,20.6,20.6,20.6,20.6,20.7,20.6,20.6,20.7,20.6,20.7,20.6,20.5,20.5,20.6,20.4,20.5,20.4,20.4,20.4,20.4,20.3,20.4,20.3,20.4,20.5,20.3,20.5,20.3,20.2,20.3,20.4,20.4,20.4,20.2,20.3,20.2,20.2,20.4,20.2,20.4,20.3,20.4,20.4,20.3,20.2,20.2,20.3,20.3,20.2,20.3,20.2,20.4,20.3,20.3,20.3,20.4,20.4,20.3,20.4,20.4,20.4,20.5,20.4,20.5,20.4,20.7,21.2,22.8,25.7,28.1,29.4,30.0,30.0,30.5,30.6,30.8,30.7,30.8,30.9,31.0,31.0,31.1,31.2,31.4,31.3,31.5,31.5,31.6,31.4,31.5,31.5,31.6,31.7,31.7,31.7,31.7,31.5,31.3,31.1,30.7,30.6,30.7,30.6,30.6,30.6,30.7,30.9,30.9,30.9,31.0,31.1,31.1,31.2,31.2,31.2,31.2,31.2,31.4,31.4,31.4,31.4,31.4,31.5,31.5,31.5,31.4,31.4,31.2,31.4,31.3,31.4,31.5,31.3,31.4,31.3,31.3,31.5,31.5,31.5,31.5,31.4,31.4,31.2,31.3,31.3,31.2,31.3,31.2,31.3,31.2,31.2,31.2,31.2,31.1,31.1,31.0,31.1,31.0,30.9,30.8,30.8,30.7,30.6,30.6,30.6,30.7,30.6,30.6,30.6,30.6,30.7,30.7,30.7,30.8,30.7,30.7,30.8,30.7,30.8,30.7,30.7,30.7,30.6,30.6,30.6,30.6,30.6,30.6,30.6,30.6,30.5,30.4,30.3,30.4,30.3,30.1,30.0,30.0,30.0,29.8,29.8,29.5,29.4,29.4,29.2,29.0,28.7,28.6,28.2,27.3,26.1,24.4,22.8,21.8,21.2,21.0,20.7,20.8,20.5,20.5,20.5,20.4,20.6,20.5,20.5,20.4,20.5,20.4,20.5,20.5,20.5,20.6,20.5,20.5,20.5,20.6,20.5,20.7,20.5,20.5,20.6,20.6,20.5,20.5,20.5,20.7,20.5,20.6,20.5,20.5,20.7,20.5
136,20.9,20.7,20.7,20.7,20.7,20.7,20.7,20.7,20.7,20.7,20.7,20.7,20.8,20.7,20.7,20.7,20.5,20.5,20.6,20.5,20.6,20.5,20.5,20.5,20.4,20.4,20.4,20.4,20.3,20.5,20.4,20.5,20.4,20.5,20.4,20.4,20.4,20.3,20.4,20.2,20.3,20.2,20.3,20.3,20.3,20.4,20.4,20.4,20.3,20.3,20.2,20.2,20.3,20.3,20.3,20.2,20.3,20.4,20.2,20.3,20.3,20.4,20.4,20.3,20.5,20.4,20.3,20.4,20.7,20.7,21.4,23.1,25.8,28.2,29.4,30.0,30.4,30.6,30.6,30.7,30.8,30.8,30.8,30.9,31.0,31.2,31.2,31.4,31.5,31.4,31.5,31.5,31.5,31.6,31.5,31.6,31.6,31.7,31.7,31.7,31.4,31.3,30.9,30.8,30.6,30.6,30.6,30.7,30.6,30.8,30.8,31.0,31.0,31.0,31.2,31.2,31.2,31.2,31.2,31.2,31.3,31.4,31.4,31.4,31.4,31.3,31.3,31.5,31.4,31.5,31.4,31.3,31.3,31.3,31.4,31.4,31.3,31.4,31.4,31.4,31.3,31.5,31.5,31.4,31.4,31.4,31.4,31.5,31.3,31.2,31.3,31.3,31.2,31.2,31.3,31.2,31.2,31.1,31.2,31.1,31.1,31.0,30.9,30.8,30.7,30.8,30.6,30.8,30.7,30.7,30.6,30.8,30.6,30.7,30.7,30.7,30.7,30.7,30.8,30.8,30.8,30.8,30.7,30.7,30.7,30.8,30.7,30.6,30.6,30.6,30.6,30.6,30.5,30.6,30.5,30.4,30.3,30.3,30.1,30.0,30.0,29.8,29.8,29.8,29.7,29.5,29.4,29.2,29.1,28.9,28.6,28.2,27.7,26.6,24.7,23.4,22.0,21.5,20.7,20.9,20.7,20.7,20.7,20.5,20.5,20.6,20.5,20.5,20.5,20.5,20.4,20.4,20.6,20.5,20.6,20.4,20.6,20.5,20.7,20.5,20.6,20.6,20.5,20.5,20.7,20.5,20.7,20.5,20.5,20.5,20.6,20.5,20.5,20.7,20.7,20.7
137,20.8,20.7,20.7,20.7,20.7,20.7,20.6,20.6,20.7,20.7,20.7,20.7,20.7,20.7,20.7,20.7,20.5,20.7,20.7,20.6,20.4,20.5,20.5,20.5,20.4,20.5,20.5,20.4,20.4,20.4,20.5,20.3,20.4,20.2,20.4,20.4,20.3,20.4,20.3,20.2,20.3,20.2,20.2,20.3,20.2,20.3,20.4,20.3,20.4,20.2,20.3,20.3,20.2,20.3,20.2,20.4,20.3,20.2,20.3,20.4,20.3,20.3,20.4,20.4,20.4,20.5,20.4,20.5,20.6,20.8,21.7,23.4,26.1,28.6,29.6,30.3,30.4,30.7,30.6,30.7,30.8,30.8,30.9,31.0,31.0,31.2,31.2,31.5,31.4,31.5,31.5,31.5,31.4,31.5,31.5,31.6,31.7,31.7,31.6,31.5,31.2,31.1,30.6,30.6,30.6,30.6,30.6,30.7,30.8,30.9,30.9,31.0,31.1,31.1,31.1,31.2,31.1,31.3,31.4,31.3,31.5,31.5,31.4,31.5,31.3,31.2,31.4,31.5,31.4,31.5,31.4,31.4,31.3,31.5,31.3,31.3,31.4,31.5,31.4,31.5,31.3,31.4,31.4,31.4,31.4,31.5,31.3,31.5,31.3,31.3,31.4,31.3,31.2,31.2,31.3,31.2,31.3,31.2,31.2,31.1,31.1,31.1,31.1,31.0,30.9,30.8,30.7,30.7,30.6,30.6,30.7,30.6,30.7,30.7,30.7,30.7,30.6,30.6,30.6,30.7,30.9,30.6,30.8,30.8,30.7,30.6,30.6,30.8,30.6,30.7,30.7,30.5,30.6,30.5,30.4,30.3,30.3,30.1,30.3,30.0,30.0,30.0,29.8,29.8,29.7,29.4,29.4,29.1,29.0,28.6,28.2,27.9,27.1,25.8,24.0,22.4,21.5,21.2,20.9,20.7,20.7,20.7,20.6,20.4,20.6,20.5,20.5,20.6,20.5,20.5,20.4,20.6,20.5,20.4,20.7,20.6,20.5,20.6,20.5,20.5,20.6,20.4,20.6,20.7,20.6,20.6,20.6,20.7,20.5,20.6,20.5,20.7,20.7,20.5,20.7,20.7
138,20.7,20.7,20.7,20.7,20.7,20.7,20.7,20.6,20.6,20.7,20.7,20.7,20.8,20.7,20.7,20.7,20.6,20.6,20.6,20.5,20.6,20.7,20.6,20.5,20.5,20.4,20.5,20.5,20.4,20.4,20.5,20.3,20.5,20.4,20.4,20.3,20.4,20.3,20.4,20.2,20.4,20.3,20.2,20.4,20.4,20.2,20.4,20.4,20.4,20.3,20.3,20.3,20.3,20.3,20.3,20.2,20.3,20.4,20.2,20.4,20.4,20.3,20.5,20.3,20.4,20.4,20.4,20.5,20.5,20.7,21.6,23.5,26.4,28.6,29.5,30.1,30.5,30.6,30.6,30.7,30.7,30.8,30.9,30.8,31.1,31.1,31.2,31.2,31.2,31.5,31.5,31.7,31.5,31.7,31.5,31.6,31.7,31.7,31.5,31.2,31.0,30.8,30.6,30.6,30.6,30.5,30.6,30.8,31.0,30.9,31.0,31.0,31.0,31.1,31.1,31.2,31.2,31.2,31.3,31.3,31.2,31.4,31.4,31.4,31.2,31.4,31.2,31.3,31.4,31.4,31.3,31.2,31.3,31.2,31.2,31.1,31.4,31.3,31.3,31.3,31.3,31.5,31.5,31.4,31.3,31.4,31.3,31.3,31.4,31.4,31.3,31.5,31.3,31.3,31.3,31.2,31.2,31.2,31.2,31.2,31.1,31.2,31.1,31.0,30.8,30.8,30.8,30.7,30.7,30.6,30.6,30.6,30.6,30.6,30.7,30.7,30.7,30.6,30.6,30.8,30.6,30.8,30.8,30.7,30.6,30.8,30.7,30.6,30.6,30.6,30.7,30.5,30.6,30.4,30.4,30.4,30.4,30.1,30.1,30.0,30.0,29.8,29.8,29.6,29.6,29.4,29.3,29.0,28.8,28.5,27.9,27.2,26.0,24.5,23.0,21.6,21.0,21.0,20.8,20.7,20.5,20.5,20.5,20.5,20.7,20.5,20.5,20.5,20.4,20.3,20.4,20.5,20.5,20.5,20.7,20.6,20.6,20.5,20.5,20.5,20.5,20.5,20.6,20.6,20.7,20.6,20.5,20.5,20.4,20.6,20.5,20.5,20.4,20.5,20.5,20.4
139,20.9,20.8,20.7,20.7,20.7,20.8,20.7,20.7,20.7,20.6,20.7,20.7,20.7,20.7,20.7,20.7,20.5,20.6,20.6,20.7,20.7,20.6,20.6,20.7,20.5,20.5,20.4,20.5,20.4,20.5,20.5,20.3,20.4,20.3,20.4,20.3,20.3,20.4,20.5,20.4,20.4,20.4,20.5,20.2,20.4,20.4,20.4,20.4,20.4,20.2,20.3,20.3,20.4,20.3,20.4,20.3,20.4,20.2,20.2,20.3,20.2,20.4,20.4,20.4,20.4,20.3,20.6,20.5,20.4,20.7,21.7,23.8,26.4,28.9,29.8,30.3,30.6,30.7,30.6,30.7,30.8,30.8,30.8,31.1,31.1,31.2,31.2,31.2,31.3,31.5,31.6,31.6,31.5,31.6,31.5,31.6,31.7,31.5,31.2,31.2,30.7,30.6,30.6,30.6,30.6,30.6,30.7,30.8,31.0,30.9,31.0,31.1,31.0,31.1,31.2,31.2,31.3,31.2,31.3,31.2,31.4,31.3,31.2,31.5,31.3,31.3,31.4,31.5,31.3,31.4,31.3,31.3,31.2,31.4,31.2,31.2,31.3,31.4,31.4,31.3,31.2,31.4,31.3,31.4,31.3,31.4,31.4,31.4,31.4,31.4,31.3,31.3,31.2,31.3,31.4,31.3,31.2,31.2,31.3,31.2,31.2,31.1,31.1,31.1,30.9,30.8,30.8,30.7,30.8,30.6,30.6,30.6,30.6,30.6,30.6,30.6,30.6,30.7,30.7,30.7,30.7,30.7,30.8,30.8,30.8,30.7,30.6,30.7,30.6,30.6,30.6,30.6,30.5,30.5,30.3,30.3,30.1,30.1,30.1,30.0,30.0,29.7,29.7,29.5,29.5,29.2,29.1,28.7,28.6,28.1,27.6,26.4,25.1,23.5,22.1,21.4,20.9,20.8,20.6,20.7,20.7,20.6,20.5,20.6,20.5,20.5,20.5,20.6,20.5,20.5,20.5,20.4,20.6,20.5,20.7,20.6,20.7,20.7,20.6,20.5,20.5,20.5,20.7,20.6,20.6,20.7,20.7,20.6,20.6,20.6,20.5,20.5,20.5,20.5,20.5,20.5
140,20.6,20.7,20.7,20.7,20.7,20.7,20.7,20.6,20.7,20.7,20.5,20.7,20.7,20.5,20.6,20.6,20.6,20.6,20.6,20.6,20.6,20.6,20.6,20.6,20.5,20.4,20.5,20.5,20.5,20.5,20.6,20.4,20.4,20.4,20.3,20.3,20.5,20.3,20.4,20.4,20.4,20.2,20.3,20.4,20.4,20.3,20.5,20.4,20.4,20.5,20.3,20.3,20.4,20.4,20.4,20.3,20.4,20.3,20.3,20.2,20.4,20.4,20.3,20.4,20.5,20.4,20.5,20.5,20.5,20.7,21.8,24.0,26.9,29.1,29.8,30.1,30.6,30.7,30.6,30.7,30.7,30.8,30.9,31.0,31.0,31.2,31.2,31.4,31.5,31.5,31.6,31.7,31.5,31.6,31.6,31.5,31.6,31.5,31.0,30.9,30.6,30.6,30.6,30.6,30.6,30.6,30.6,30.8,30.8,30.8,31.0,31.0,31.0,31.0,31.1,31.1,31.2,31.3,31.3,31.3,31.2,31.2,31.2,31.4,31.3,31.2,31.2,31.3,31.3,31.3,31.2,31.2,31.2,31.2,31.2,31.2,31.2,31.3,31.3,31.2,31.3,31.4,31.4,31.2,31.3,31.5,31.4,31.4,31.4,31.3,31.3,31.4,31.3,31.4,31.3,31.2,31.2,31.2,31.4,31.2,31.2,31.1,31.1,31.1,30.9,30.9,30.9,30.7,30.8,30.7,30.6,30.6,30.6,30.6,30.6,30.6,30.6,30.7,30.7,30.7,30.7,30.6,30.7,30.7,30.7,30.6,30.7,30.6,30.6,30.6,30.6,30.5,30.5,30.4,30.4,30.3,30.1,30.1,30.0,30.0,30.0,29.7,29.6,29.6,29.5,29.2,29.1,28.6,28.4,27.8,27.2,25.6,24.2,22.7,21.5,20.9,20.8,20.7,20.5,20.6,20.6,20.4,20.6,20.5,20.6,20.5,20.6,20.4,20.5,20.4,20.6,20.4,20.5,20.4,20.5,20.5,20.6,20.5,20.7,20.5,20.6,20.5,20.5,20.5,20.5,20.7,20.7,20.5,20.6,20.7,20.6,20.7,20.5,20.4,20.5,20.4
141,20.8,20.7,20.7,20.7,20.8,20.8,20.7,20.7,20.7,20.7,20.7,20.6,20.6,20.6,20.7,20.6,20.5,20.6,20.5,20.4,20.5,20.7,20.4,20.5,20.4,20.5,20.5,20.5,20.6,20.5,20.6,20.4,20.5,20.5,20.4,20.3,20.4,20.4,20.4,20.3,20.4,20.3,20.4,20.5,20.3,20.4,20.4,20.4,20.4,20.3,20.4,20.3,20.4,20.4,20.4,20.4,20.5,20.4,20.3,20.2,20.3,20.5,20.4,20.5,20.5,20.4,20.5,20.6,20.6,20.8,21.8,24.2,27.1,29.2,30.0,30.3,30.6,30.8,30.7,30.8,30.7,30.9,30.9,31.1,31.2,31.2,31.3,31.5,31.5,31.6,31.5,31.5,31.5,31.6,31.5,31.5,31.5,31.2,30.9,30.6,30.5,30.5,30.6,30.6,30.6,30.7,30.8,30.8,30.8,30.9,30.9,31.0,31.0,31.0,31.1,31.1,31.2,31.2,31.2,31.2,31.1,31.3,31.4,31.2,31.3,31.3,31.2,31.2,31.2,31.3,31.2,31.2,31.2,31.1,31.2,31.1,31.2,31.2,31.3,31.3,31.2,31.2,31.3,31.3,31.3,31.4,31.4,31.3,31.3,31.3,31.3,31.3,31.3,31.4,31.4,31.4,31.3,31.3,31.3,31.2,31.2,31.2,31.2,31.1,31.0,31.0,30.8,31.0,30.8,30.8,30.7,30.7,30.7,30.6,30.6,30.6,30.6,30.6,30.7,30.7,30.8,30.6,30.6,30.6,30.7,30.6,30.6,30.6,30.5,30.6,30.7,30.6,30.5,30.3,30.1,30.1,30.0,30.0,30.0,29.8,29.8,29.8,29.7,29.4,29.2,29.1,29.0,28.6,28.0,27.5,25.9,24.7,23.1,21.9,21.2,21.0,20.7,20.7,20.7,20.5,20.6,20.6,20.5,20.5,20.5,20.7,20.5,20.5,20.5,20.5,20.5,20.5,20.6,20.4,20.5,20.7,20.5,20.7,20.5,20.5,20.5,20.6,20.5,20.6,20.5,20.5,20.5,20.7,20.6,20.6,20.5,20.5,20.5,20.5,20.5,20.4
142,20.7,20.7,20.7,20.7,20.7,20.7,20.8,20.8,20.7,20.7,20.6,20.6,20.6,20.6,20.6,20.6,20.6,20.7,20.6,20.6,20.5,20.5,20.5,20.5,20.4,20.4,20.3,20.5,20.4,20.4,20.5,20.4,20.3,20.4,20.3,20.4,20.4,20.4,20.4,20.4,20.3,20.3,20.4,20.4,20.4,20.5,20.5,20.3,20.3,20.3,20.3,20.4,20.4,20.4,20.4,20.3,20.4,20.3,20.3,20.2,20.4,20.4,20.4,20.4,20.4,20.5,20.6,20.6,20.7,20.9,22.0,24.3,27.1,29.2,30.1,30.6,30.8,30.7,30.8,30.7,30.7,30.9,31.0,31.1,31.3,31.3,31.2,31.4,31.5,31.7,31.5,31.6,31.5,31.6,31.7,31.4,31.4,31.0,30.7,30.6,30.5,30.5,30.6,30.6,30.6,30.7,30.7,30.7,30.7,30.8,30.8,30.9,31.0,30.9,31.1,31.0,31.2,31.1,31.2,31.2,31.2,31.2,31.3,31.2,31.3,31.2,31.2,31.2,31.2,31.2,31.2,31.1,31.1,31.2,31.1,31.2,31.2,31.2,31.2,31.1,31.2,31.2,31.2,31.2,31.2,31.4,31.3,31.4,31.4,31.3,31.3,31.5,31.3,31.3,31.2,31.3,31.2,31.2,31.2,31.2,31.3,31.2,31.2,31.1,31.0,31.0,30.9,31.0,30.8,30.8,30.7,30.7,30.6,30.6,30.6,30.6,30.7,30.8,30.7,30.7,30.6,30.6,30.6,30.6,30.6,30.6,30.6,30.6,30.6,30.6,30.6,30.5,30.5,30.4,30.1,30.5,29.8,30.0,29.8,30.0,29.6,29.6,29.5,29.4,29.3,29.1,28.6,28.1,27.4,26.4,25.3,23.5,22.1,21.4,20.9,20.8,20.7,20.5,20.6,20.5,20.5,20.5,20.4,20.5,20.5,20.6,20.6,20.5,20.6,20.5,20.4,20.4,20.6,20.5,20.5,20.5,20.7,20.6,20.6,20.6,20.4,20.7,20.6,20.7,20.6,20.6,20.6,20.7,20.5,20.8,20.6,20.5,20.6,20.5,20.6,20.8
143,20.8,20.8,20.8,20.8,20.8,20.8,20.8,20.8,20.8,20.7,20.7,20.6,20.6,20.6,20.7,20.7,20.5,20.5,20.6,20.6,20.7,20.5,20.5,20.5,20.5,20.5,20.5,20.5,20.6,20.5,20.5,20.4,20.5,20.3,20.4,20.2,20.4,20.4,20.5,20.5,20.5,20.4,20.4,20.4,20.4,20.3,20.4,20.5,20.4,20.4,20.2,20.4,20.4,20.4,20.3,20.5,20.5,20.4,20.4,20.3,20.5,20.5,20.5,20.3,20.4,20.5,20.6,20.5,20.7,21.2,22.1,24.5,27.5,29.4,30.0,30.6,30.7,30.8,30.7,30.7,30.8,31.0,31.0,31.2,31.3,31.4,31.5,31.5,31.5,31.6,31.6,31.7,31.6,31.7,31.6,31.5,31.2,30.8,30.6,30.6,30.4,30.5,30.6,30.6,30.7,30.7,30.8,30.7,30.8,30.8,30.8,31.0,31.0,31.0,31.1,31.2,31.3,31.1,31.1,31.2,31.2,31.2,31.2,31.2,31.2,31.2,31.2,31.2,31.2,31.1,31.2,31.2,31.1,31.2,31.1,31.1,31.2,31.1,31.1,31.2,31.2,31.1,31.2,31.3,31.2,31.2,31.5,31.3,31.3,31.3,31.3,31.4,31.5,31.4,31.3,31.3,31.3,31.3,31.2,31.3,31.3,31.2,31.2,31.2,31.0,31.1,30.9,30.8,30.8,30.8,30.7,30.9,30.7,30.6,30.6,30.8,30.8,30.6,30.6,30.7,30.6,30.7,30.6,30.6,30.6,30.7,30.6,30.5,30.6,30.6,30.6,30.4,30.4,30.1,30.1,30.3,30.0,30.0,30.0,29.8,29.8,29.7,29.6,29.3,29.3,28.9,28.6,28.1,27.1,25.8,24.2,22.4,21.6,21.4,20.8,20.8,20.7,20.5,20.5,20.6,20.5,20.5,20.4,20.4,20.6,20.5,20.5,20.6,20.5,20.5,20.5,20.6,20.6,20.5,20.7,20.5,20.5,20.6,20.5,20.6,20.6,20.6,20.7,20.6,20.7,20.6,20.4,20.7,20.6,20.6,20.7,20.7,20.5,20.6,20.5,20.6
144,20.6,20.8,20.7,20.7,20.6,20.7,20.7,20.7,20.7,20.6,20.6,20.7,20.6,20.5,20.6,20.7,20.6,20.5,20.6,20.5,20.4,20.5,20.4,20.4,20.5,20.5,20.5,20.5,20.4,20.5,20.2,20.4,20.4,20.4,20.4,20.4,20.4,20.4,20.4,20.5,20.4,20.4,20.4,20.3,20.4,20.4,20.4,20.5,20.4,20.4,20.4,20.4,20.5,20.4,20.4,20.4,20.4,20.5,20.5,20.4,20.5,20.4,20.4,20.4,20.4,20.5,20.6,20.6,20.8,21.4,22.4,24.7,27.6,29.5,30.3,30.7,30.7,30.8,30.7,30.7,31.0,31.1,31.1,31.2,31.3,31.5,31.6,31.5,31.5,31.5,31.7,31.7,31.6,31.5,31.3,31.1,31.0,30.7,30.4,30.5,30.4,30.5,30.6,30.7,30.6,30.7,30.7,30.8,30.9,30.8,30.8,30.9,30.9,31.0,31.1,31.0,31.1,31.1,31.2,31.2,31.2,31.2,31.2,31.2,31.2,31.2,31.2,31.2,31.1,31.2,31.1,31.1,31.0,31.0,31.1,31.1,31.0,31.1,31.2,31.1,31.2,31.1,31.2,31.2,31.3,31.3,31.3,31.4,31.3,31.4,31.2,31.2,31.2,31.4,31.2,31.4,31.4,31.3,31.4,31.3,31.4,31.4,31.2,31.2,31.1,31.0,31.0,31.0,31.0,30.8,30.7,30.7,30.8,30.7,30.6,30.6,30.7,30.7,30.6,30.7,30.6,30.6,30.6,30.6,30.6,30.6,30.6,30.6,30.6,30.4,30.6,30.4,30.3,30.3,30.3,30.1,30.0,30.0,30.0,29.8,29.6,29.5,29.5,29.3,29.2,28.6,28.2,27.4,26.3,24.9,23.3,21.8,21.0,20.7,20.7,20.7,20.6,20.6,20.5,20.5,20.5,20.6,20.5,20.6,20.5,20.6,20.5,20.5,20.5,20.5,20.5,20.5,20.6,20.5,20.5,20.4,20.6,20.6,20.5,20.6,20.4,20.4,20.5,20.6,20.6,20.7,20.5,20.6,20.6,20.6,20.7,20.5,20.6,20.5,20.7,20.7
145,20.7,20.8,20.7,20.7,20.7,20.7,20.7,20.7,20.6,20.7,20.6,20.5,20.7,20.5,20.6,20.5,20.6,20.5,20.5,20.7,20.4,20.5,20.5,20.4,20.5,20.4,20.5,20.4,20.4,20.2,20.5,20.4,20.5,20.5,20.4,20.5,20.4,20.3,20.4,20.5,20.4,20.2,20.5,20.4,20.4,20.4,20.3,20.5,20.4,20.3,20.4,20.3,20.4,20.4,20.4,20.4,20.4,20.4,20.4,20.5,20.4,20.6,20.5,20.4,20.5,20.5,20.5,20.5,20.8,21.2,22.7,25.6,28.4,29.7,30.1,30.7,30.7,30.9,30.8,30.9,30.9,31.2,31.2,31.4,31.5,31.6,31.5,31.6,31.6,31.7,31.6,31.7,31.6,31.5,31.3,31.0,30.7,30.6,30.4,30.5,30.4,30.6,30.7,30.7,30.6,30.7,30.8,30.8,30.8,30.9,30.8,30.9,31.0,31.0,31.1,31.1,31.1,31.1,31.2,31.2,31.2,31.2,31.2,31.2,31.2,31.2,31.1,31.2,31.2,31.1,31.1,31.1,31.0,31.0,31.0,31.0,31.0,31.1,31.1,31.1,31.1,31.1,31.2,31.2,31.1,31.4,31.2,31.3,31.2,31.3,31.2,31.4,31.3,31.3,31.4,31.4,31.3,31.4,31.4,31.3,31.2,31.3,31.2,31.1,31.1,31.1,31.1,30.8,31.0,30.9,30.8,30.8,30.7,30.7,30.7,30.7,30.6,30.7,30.6,30.6,30.6,30.6,30.6,30.6,30.7,30.6,30.6,30.6,30.6,30.4,30.4,30.3,30.3,30.3,30.1,30.1,30.0,29.8,29.8,29.6,29.8,29.5,29.5,29.1,28.8,28.5,27.8,27.1,25.5,23.8,22.4,21.2,20.9,20.6,20.7,20.7,20.6,20.4,20.5,20.4,20.6,20.5,20.6,20.5,20.6,20.5,20.5,20.5,20.5,20.5,20.5,20.5,20.5,20.6,20.6,20.5,20.6,20.6,20.5,20.5,20.5,20.7,20.5,20.6,20.6,20.4,20.5,20.6,20.7,20.7,20.7,20.7,20.7,20.7,20.7,20.7
146,20.9,20.8,20.8,20.8,20.7,20.7,20.7,20.8,20.7,20.6,20.7,20.7,20.7,20.7,20.5,20.5,20.5,20.5,20.5,20.5,20.6,20.5,20.5,20.6,20.4,20.5,20.5,20.5,20.4,20.4,20.5,20.4,20.4,20.4,20.4,20.3,20.5,20.4,20.3,20.5,20.2,20.5,20.4,20.4,20.4,20.3,20.3,20.3,20.4,20.5,20.5,20.5,20.4,20.4,20.4,20.3,20.4,20.4,20.4,20.4,20.5,20.5,20.5,20.4,20.4,20.3,20.5,20.5,20.7,21.5,23.1,25.9,28.6,30.0,30.6,30.7,30.8,31.0,30.8,31.0,31.0,31.2,31.3,31.5,31.6,31.7,31.6,31.7,31.7,31.7,31.7,31.7,31.7,31.4,31.0,30.8,30.6,30.6,30.4,30.5,30.5,30.6,30.7,30.6,30.7,30.8,30.7,30.8,30.8,30.9,30.8,30.9,31.0,31.0,31.0,31.0,31.1,31.1,31.2,31.2,31.2,31.2,31.1,31.2,31.1,31.1,31.1,31.1,31.0,31.0,31.1,30.9,31.0,31.0,30.9,31.0,30.9,31.0,31.0,31.1,31.1,31.1,31.1,31.1,31.2,31.2,31.2,31.2,31.4,31.4,31.4,31.3,31.3,31.5,31.3,31.4,31.4,31.4,31.4,31.5,31.4,31.3,31.2,31.2,31.1,31.2,31.1,31.0,31.1,30.9,30.8,30.9,30.8,30.7,30.7,30.6,30.6,30.6,30.6,30.6,30.6,30.6,30.6,30.6,30.6,30.6,30.6,30.5,30.5,30.5,30.5,30.4,30.1,30.1,30.1,30.0,30.0,30.0,30.0,29.6,29.8,29.5,29.4,29.1,29.0,28.2,27.6,26.1,24.7,23.1,22.0,21.0,20.7,20.7,20.5,20.7,20.6,20.4,20.4,20.5,20.5,20.4,20.5,20.4,20.4,20.4,20.5,20.4,20.3,20.4,20.4,20.5,20.5,20.4,20.5,20.6,20.7,20.5,20.7,20.6,20.6,20.5,20.5,20.7,20.5,20.5,20.6,20.7,20.7,20.6,20.6,20.6,20.8,20.6,20.8,20.7
147,20.7,20.7,20.7,20.7,20.7,20.7,20.7,20.7,20.7,20.6,20.6,20.7,20.6,20.6,20.5,20.5,20.5,20.5,20.4,20.5,20.4,20.5,20.4,20.5,20.5,20.4,20.4,20.4,20.4,20.4,20.5,20.5,20.4,20.4,20.4,20.3,20.5,20.3,20.4,20.5,20.3,20.3,20.4,20.4,20.4,20.3,20.4,20.4,20.4,20.4,20.5,20.5,20.4,20.4,20.5,20.3,20.4,20.4,20.4,20.4,20.5,20.5,20.4,20.4,20.4,20.4,20.6,20.6,20.9,21.4,23.3,26.3,28.8,29.8,30.4,30.6,30.6,31.0,30.8,31.0,31.1,31.3,31.3,31.5,31.7,31.7,31.7,31.7,31.7,31.9,31.6,31.7,31.4,31.2,30.9,30.6,30.4,30.3,30.3,30.3,30.4,30.6,30.6,30.8,30.7,30.8,30.7,30.8,30.8,30.8,30.9,30.9,31.0,30.9,31.0,31.1,31.1,31.1,31.1,31.0,31.1,31.2,31.1,31.1,31.1,31.0,31.0,30.9,31.0,30.9,30.9,30.9,30.8,30.9,30.9,31.0,30.9,30.9,31.0,31.0,31.0,31.0,31.1,31.1,31.2,31.1,31.1,31.2,31.2,31.2,31.2,31.2,31.4,31.3,31.4,31.3,31.4,31.3,31.3,31.4,31.2,31.2,31.2,31.1,31.1,31.0,31.1,31.0,31.1,31.0,30.9,30.7,30.8,30.8,30.6,30.8,30.7,30.7,30.6,30.6,30.6,30.6,30.6,30.6,30.5,30.5,30.6,30.6,30.5,30.3,30.3,30.1,30.3,30.0,30.0,30.0,29.8,29.8,29.7,29.6,29.5,29.3,29.3,28.9,28.5,27.7,26.9,25.5,23.9,22.4,21.0,21.0,20.7,20.6,20.5,20.5,20.3,20.4,20.4,20.6,20.4,20.6,20.4,20.5,20.5,20.4,20.4,20.5,20.5,20.4,20.5,20.5,20.5,20.6,20.5,20.5,20.6,20.5,20.5,20.6,20.7,20.6,20.6,20.6,20.5,20.4,20.5,20.5,20.7,20.6,20.6,20.5,20.7,20.5,20.7,20.7
148,20.8,20.7,20.8,20.8,20.8,20.7,20.7,20.7,20.7,20.6,20.7,20.6,20.6,20.6,20.5,20.5,20.4,20.5,20.5,20.4,20.4,20.5,20.5,20.4,20.4,20.5,20.4,20.5,20.5,20.5,20.5,20.5,20.5,20.4,20.4,20.4,20.3,20.2,20.4,20.3,20.4,20.4,20.4,20.2,20.4,20.3,20.4,20.5,20.4,20.4,20.4,20.4,20.4,20.3,20.5,20.4,20.4,20.4,20.4,20.4,20.4,20.4,20.5,20.4,20.3,20.4,20.5,20.5,20.8,21.6,23.6,26.5,28.9,30.0,30.6,30.8,30.6,30.9,30.9,31.2,31.2,31.4,31.4,31.5,31.7,31.7,31.7,31.9,31.7,31.7,31.6,31.5,31.2,31.0,30.6,30.6,30.4,30.4,30.4,30.5,30.6,30.8,30.7,30.8,30.7,30.8,30.7,30.9,30.8,31.0,31.0,31.1,31.0,31.0,31.0,31.0,31.1,31.0,31.1,31.1,31.1,31.1,31.1,31.1,31.0,31.1,31.1,31.0,31.0,30.9,31.0,31.0,30.9,30.8,30.9,30.9,30.8,30.8,30.8,30.8,31.0,31.0,31.1,31.1,31.1,31.1,31.2,31.2,31.2,31.2,31.2,31.2,31.2,31.2,31.2,31.3,31.2,31.2,31.2,31.2,31.2,31.2,31.2,31.2,31.1,31.1,31.2,31.0,31.1,31.0,31.0,30.8,30.7,30.6,30.6,30.6,30.7,30.6,30.6,30.6,30.6,30.6,30.6,30.6,30.6,30.6,30.6,30.5,30.4,30.4,30.3,30.1,30.3,30.0,30.0,30.0,29.8,29.8,29.6,29.6,29.5,29.2,29.2,28.7,28.2,27.4,26.1,24.3,22.7,21.7,21.2,20.7,20.7,20.7,20.6,20.6,20.4,20.5,20.3,20.4,20.5,20.4,20.6,20.5,20.6,20.6,20.5,20.4,20.5,20.5,20.6,20.4,20.5,20.6,20.5,20.5,20.6,20.6,20.6,20.5,20.5,20.6,20.5,20.6,20.6,20.5,20.6,20.6,20.7,20.6,20.7,20.6,20.5,20.6,20.7,20.5
149,20.7,20.8,20.7,20.8,20.8,20.7,20.7,20.7,20.6,20.7,20.7,20.8,20.6,20.7,20.6,20.6,20.6,20.7,20.5,20.5,20.5,20.5,20.5,20.4,20.4,20.5,20.5,20.5,20.4,20.4,20.4,20.5,20.4,20.5,20.4,20.4,20.3,20.3,20.3,20.4,20.4,20.3,20.3,20.4,20.3,20.3,20.4,20.4,20.4,20.4,20.3,20.4,20.4,20.3,20.4,20.3,20.3,20.4,20.4,20.5,20.5,20.4,20.4,20.3,20.4,20.5,20.6,20.6,21.0,21.9,24.0,27.1,29.3,30.1,30.4,30.6,30.8,30.8,31.0,31.1,31.3,31.5,31.5,31.5,31.7,31.7,31.7,31.9,31.9,31.7,31.7,31.5,31.3,30.8,30.6,30.5,30.3,30.3,30.4,30.5,30.7,30.8,30.8,30.8,30.9,30.8,30.8,30.8,30.9,30.9,31.0,31.1,31.0,31.0,31.0,31.0,31.1,30.9,31.1,31.1,31.0,31.0,31.1,31.1,31.0,31.0,30.9,30.9,30.9,30.9,30.8,30.8,30.9,30.8,30.9,30.9,30.8,30.8,30.9,30.8,31.0,31.0,30.9,31.0,31.0,31.2,31.1,31.2,31.1,31.2,31.1,31.3,31.4,31.2,31.2,31.2,31.3,31.2,31.4,31.3,31.2,31.1,31.2,31.2,31.1,31.2,31.1,31.1,31.1,31.0,31.1,30.9,30.8,30.7,30.8,30.6,30.6,30.6,30.6,30.6,30.6,30.6,30.6,30.6,30.6,30.5,30.5,30.4,30.3,30.4,30.3,30.1,30.0,30.1,30.0,29.8,29.6,29.7,29.6,29.5,29.4,29.0,28.9,28.4,27.6,26.6,25.1,23.5,22.0,21.2,20.9,20.7,20.6,20.7,20.6,20.6,20.5,20.3,20.5,20.5,20.4,20.6,20.4,20.5,20.5,20.4,20.4,20.6,20.4,20.5,20.5,20.5,20.4,20.5,20.4,20.5,20.6,20.5,20.5,20.5,20.5,20.5,20.7,20.5,20.6,20.5,20.6,20.7,20.6,20.6,20.5,20.7,20.5,20.6,20.7,20.7
150,20.5,20.7,20.7,20.7,20.8,20.7,20.6,20.7,20.6,20.7,20.7,20.6,20.7,20.5,20.4,20.7,20.4,20.6,20.5,20.4,20.4,20.5,20.5,20.4,20.3,20.6,20.4,20.5,20.5,20.2,20.4,20.5,20.3,20.4,20.4,20.3,20.5,20.3,20.4,20.2,20.3,20.2,20.3,20.2,20.4,20.2,20.3,20.2,20.3,20.5,20.4,20.4,20.4,20.2,20.2,20.4,20.3,20.4,20.4,20.4,20.5,20.4,20.3,20.4,20.3,20.6,20.4,20.5,20.9,22.0,24.5,27.4,29.3,30.3,30.5,30.6,30.7,30.8,30.9,31.1,31.4,31.5,31.7,31.7,31.7,31.7,31.7,31.9,31.7,31.7,31.6,31.2,30.8,30.6,30.3,30.3,30.3,30.3,30.3,30.5,30.7,30.8,30.9,30.8,30.8,30.9,30.7,30.8,30.8,30.8,30.9,31.0,31.0,30.9,30.9,31.0,31.0,31.0,31.1,30.9,31.0,31.1,30.9,31.1,31.1,30.8,31.0,30.9,30.9,30.8,30.8,30.9,30.8,30.8,30.7,30.7,30.7,30.8,30.8,30.8,30.8,30.9,30.9,30.8,30.9,31.0,31.1,31.1,31.1,31.2,31.1,31.2,31.2,31.3,31.2,31.2,31.2,31.2,31.2,31.2,31.2,31.2,31.2,31.2,31.2,31.1,31.1,31.2,31.0,30.8,30.9,30.8,30.8,30.7,30.7,30.7,30.7,30.6,30.6,30.6,30.6,30.6,30.5,30.5,30.6,30.4,30.5,30.5,30.3,30.1,30.1,30.0,30.0,30.0,29.8,30.0,29.7,29.7,29.6,29.5,29.3,29.0,28.8,28.0,27.1,25.7,24.3,22.2,21.2,20.9,20.7,20.6,20.6,20.7,20.4,20.6,20.4,20.3,20.3,20.4,20.4,20.5,20.2,20.3,20.4,20.4,20.3,20.4,20.4,20.5,20.4,20.5,20.4,20.5,20.4,20.4,20.5,20.5,20.5,20.5,20.5,20.5,20.6,20.4,20.5,20.4,20.6,20.6,20.7,20.5,20.5,20.5,20.6,20.5,20.6,20.6
151,20.8,20.9,20.8,20.8,20.7,20.7,20.7,20.7,20.7,20.8,20.7,20.7,20.7,20.7,20.8,20.5,20.7,20.4,20.5,20.5,20.6,20.5,20.4,20.5,20.5,20.5,20.5,20.4,20.4,20.3,20.3,20.4,20.5,20.4,20.4,20.5,20.4,20.3,20.4,20.3,20.4,20.5,20.3,20.3,20.3,20.3,20.2,20.3,20.4,20.2,20.3,20.4,20.4,20.3,20.4,20.4,20.3,20.3,20.4,20.5,20.5,20.4,20.4,20.4,20.5,20.5,20.5,20.5,20.9,22.1,24.4,27.6,29.6,30.4,30.4,30.5,30.8,31.0,30.8,31.2,31.2,31.4,31.6,31.7,31.7,31.9,31.9,31.7,31.9,31.7,31.4,31.2,30.7,30.5,30.3,30.3,30.3,30.5,30.6,30.5,30.7,30.7,30.8,30.8,30.8,30.8,30.9,30.9,30.9,30.9,30.9,31.0,31.0,30.9,31.0,31.0,31.0,31.0,31.0,31.0,31.0,31.1,31.0,31.0,30.9,31.0,30.8,30.9,30.8,30.8,31.0,30.8,30.9,30.8,30.9,30.7,30.8,30.8,30.7,30.7,30.7,31.0,30.8,30.8,30.9,31.0,31.0,31.0,31.1,31.1,31.1,31.1,31.1,31.2,31.2,31.2,31.2,31.1,31.1,31.2,31.1,31.3,31.2,31.2,31.2,31.2,31.2,31.1,31.2,31.0,31.0,30.9,30.7,30.7,30.7,30.7,30.6,30.6,30.6,30.6,30.6,30.7,30.6,30.5,30.6,30.3,30.5,30.5,30.1,30.3,30.1,30.1,30.1,29.8,29.8,29.8,29.6,29.6,29.5,29.3,29.2,28.6,28.4,27.4,26.4,24.7,23.3,22.0,21.0,20.9,20.6,20.6,20.6,20.6,20.4,20.5,20.5,20.5,20.6,20.5,20.5,20.5,20.5,20.3,20.4,20.3,20.4,20.3,20.4,20.4,20.5,20.5,20.5,20.4,20.5,20.5,20.6,20.5,20.5,20.6,20.5,20.5,20.6,20.7,20.5,20.5,20.4,20.6,20.5,20.6,20.6,20.6,20.6,20.7,20.7,20.7
152,20.9,20.9,20.8,20.8,20.8,20.7,20.7,20.8,20.7,20.7,20.7,20.7,20.8,20.5,20.6,20.5,20.6,20.5,20.4,20.5,20.4,20.5,20.4,20.5,20.4,20.5,20.5,20.5,20.4,20.4,20.4,20.4,20.5,20.4,20.5,20.5,20.5,20.2,20.2,20.4,20.4,20.4,20.3,20.4,20.2,20.2,20.2,20.4,20.2,20.4,20.3,20.3,20.3,20.4,20.4,20.4,20.5,20.3,20.3,20.3,20.4,20.4,20.3,20.3,20.4,20.4,20.6,20.7,21.0,22.1,24.6,27.7,29.5,30.3,30.5,30.6,30.8,30.8,30.8,31.0,31.3,31.5,31.7,31.7,31.9,32.0,31.9,31.7,31.7,31.5,31.2,30.9,30.6,30.3,30.0,30.0,30.3,30.5,30.4,30.6,30.6,30.8,30.9,30.9,30.9,30.8,30.8,30.9,31.0,30.8,31.0,31.0,31.0,30.9,31.0,31.0,31.0,31.0,31.0,31.0,30.9,31.0,30.9,31.0,31.0,30.9,30.8,30.9,30.8,30.9,30.8,30.9,30.8,30.8,30.8,30.8,30.9,30.8,30.7,30.7,30.7,30.9,30.8,30.8,31.0,31.0,31.0,31.0,31.0,31.1,31.1,31.1,31.1,31.1,31.0,31.2,31.1,31.1,31.1,31.2,31.2,31.1,31.1,31.2,31.2,31.2,31.1,31.0,31.1,31.0,31.0,30.8,30.9,30.8,30.7,30.6,30.8,30.6,30.7,30.6,30.6,30.6,30.6,30.4,30.6,30.5,30.5,30.4,30.1,30.0,30.1,30.0,30.0,30.0,29.8,30.0,29.6,29.6,29.5,29.3,28.9,28.5,28.0,27.1,25.5,23.9,22.4,21.5,20.9,20.7,20.7,20.6,20.4,20.5,20.4,20.4,20.5,20.5,20.5,20.5,20.4,20.4,20.4,20.4,20.3,20.5,20.5,20.5,20.4,20.4,20.5,20.5,20.4,20.4,20.4,20.4,20.5,20.5,20.5,20.5,20.5,20.6,20.5,20.6,20.7,20.4,20.7,20.5,20.5,20.7,20.5,20.7,20.6,20.6,20.8,20.6
153,20.8,20.9,21.0,20.9,21.0,20.8,20.8,20.9,20.8,20.8,20.7,20.8,20.8,20.7,20.8,20.7,20.6,20.5,20.5,20.5,20.4,20.4,20.6,20.4,20.5,20.5,20.5,20.5,20.4,20.4,20.4,20.5,20.4,20.5,20.6,20.4,20.3,20.4,20.5,20.4,20.3,20.4,20.4,20.3,20.4,20.3,20.4,20.4,20.5,20.3,20.4,20.3,20.4,20.3,20.4,20.3,20.3,20.4,20.4,20.5,20.5,20.4,20.3,20.4,20.4,20.4,20.7,20.6,21.0,22.4,24.6,28.0,29.6,30.3,30.5,30.6,30.7,30.8,31.0,31.1,31.2,31.4,31.7,31.7,31.7,31.7,31.7,31.7,31.5,31.2,31.0,30.6,30.5,30.1,30.0,30.1,30.3,30.4,30.5,30.6,30.6,30.8,30.7,30.8,30.8,31.0,30.9,30.9,30.8,30.8,31.0,30.9,31.0,31.0,31.0,30.9,30.9,30.8,31.0,31.1,31.0,30.9,30.8,30.9,30.8,30.8,30.7,30.9,30.8,30.9,30.7,30.8,30.7,30.9,30.9,30.8,30.7,30.6,30.7,30.6,30.7,30.8,30.9,30.9,30.8,30.9,31.1,31.1,31.0,31.0,31.0,31.1,31.1,31.0,31.0,31.1,31.1,31.0,31.0,31.2,31.1,31.1,31.1,31.2,31.1,31.2,31.1,31.1,31.0,31.0,30.9,30.9,30.8,30.8,30.7,30.6,30.6,30.7,30.7,30.6,30.7,30.6,30.6,30.6,30.6,30.5,30.5,30.4,30.3,30.1,30.0,30.0,30.0,30.0,30.0,29.8,29.6,29.4,29.4,29.2,28.6,28.1,27.4,25.8,24.3,22.8,21.5,21.0,21.0,20.7,20.7,20.4,20.5,20.5,20.6,20.5,20.5,20.5,20.5,20.5,20.6,20.6,20.6,20.3,20.3,20.5,20.4,20.7,20.5,20.5,20.5,20.6,20.5,20.6,20.5,20.5,20.5,20.5,20.4,20.7,20.6,20.7,20.5,20.6,20.6,20.5,20.6,20.6,20.7,20.6,20.7,20.7,20.5,20.8,20.7,20.7
154,21.0,20.9,21.0,21.0,21.0,21.0,21.0,20.9,20.7,20.7,20.7,20.7,20.8,20.7,20.7,20.6,20.7,20.7,20.6,20.7,20.4,20.6,20.5,20.4,20.6,20.4,20.5,20.4,20.6,20.5,20.5,20.4,20.5,20.4,20.5,20.4,20.3,20.4,20.3,20.4,20.4,20.5,20.3,20.1,20.3,20.2,20.4,20.4,20.4,20.4,20.4,20.3,20.3,20.3,20.4,20.3,20.4,20.3,20.2,20.3,20.3,20.4,20.5,20.5,20.3,20.4,20.5,20.7,21.0,22.4,25.1,28.0,29.6,30.1,30.5,30.6,30.8,31.0,31.0,31.1,31.3,31.5,31.7,31.7,31.9,31.7,31.7,31.5,31.3,31.2,30.8,30.6,30.3,30.0,30.0,30.0,30.3,30.5,30.6,30.6,30.8,30.8,30.8,31.0,31.0,30.8,30.9,30.8,30.9,30.8,30.9,30.9,30.9,31.0,31.0,30.9,30.8,30.8,30.9,30.8,30.8,31.0,30.8,30.7,30.8,30.8,30.8,30.8,30.8,30.8,30.7,30.7,30.8,30.8,30.8,30.8,30.6,30.7,30.7,30.6,30.7,30.7,30.8,30.8,30.8,31.0,31.0,30.9,31.0,31.0,30.9,31.0,31.1,31.1,31.0,31.0,31.1,31.1,31.0,31.0,31.1,31.2,31.1,31.1,31.2,31.2,31.0,31.1,31.1,31.0,31.0,30.8,30.7,30.8,30.6,30.7,30.7,30.6,30.7,30.7,30.6,30.6,30.6,30.5,30.5,30.4,30.3,30.5,30.1,30.1,30.1,30.1,30.0,29.8,29.8,29.8,29.4,29.4,29.4,28.9,28.4,27.6,26.5,24.8,23.4,22.1,21.2,20.8,20.6,20.6,20.6,20.6,20.6,20.5,20.4,20.6,20.6,20.6,20.4,20.5,20.5,20.5,20.4,20.4,20.4,20.3,20.5,20.5,20.4,20.7,20.6,20.7,20.4,20.5,20.5,20.6,20.6,20.4,20.6,20.5,20.7,20.6,20.6,20.7,20.6,20.6,20.7,20.5,20.7,20.5,20.7,20.6,20.7,20.8,20.7,20.7
155,21.2,20.8,20.9,20.9,20.9,21.0,21.0,20.8,20.9,20.9,20.8,20.8,20.9,20.8,20.7,20.7,20.6,20.7,20.6,20.6,20.5,20.6,20.7,20.6,20.4,20.6,20.5,20.6,20.5,20.5,20.4,20.5,20.5,20.5,20.4,20.4,20.3,20.4,20.4,20.4,20.4,20.3,20.3,20.3,20.2,20.2,20.2,20.4,20.3,20.2,20.3,20.2,20.2,20.3,20.3,20.3,20.3,20.3,20.3,20.2,20.4,20.3,20.4,20.4,20.4,20.5,20.5,20.7,21.2,22.4,25.5,28.2,29.5,30.4,30.3,30.6,30.7,30.8,30.9,31.2,31.4,31.6,31.7,31.7,31.9,31.6,31.5,31.5,31.1,31.0,30.6,30.5,30.1,30.0,29.8,30.0,30.3,30.3,30.6,30.6,30.6,30.8,30.7,30.8,30.8,30.8,31.0,31.0,30.8,30.9,30.8,30.9,30.8,30.8,31.0,31.0,30.8,30.8,30.8,30.7,30.8,30.7,30.8,30.7,30.8,30.6,30.7,30.7,30.7,30.7,30.8,30.7,30.8,30.8,30.8,30.7,30.6,30.7,30.6,30.6,30.7,30.7,30.8,30.8,31.0,30.8,30.9,30.9,30.9,31.0,31.1,31.0,31.0,31.1,30.9,31.0,31.0,31.0,31.0,31.1,31.0,31.1,31.1,31.1,31.1,31.1,30.9,31.0,31.1,30.9,30.9,30.9,30.8,30.8,30.6,30.7,30.7,30.6,30.7,30.6,30.6,30.7,30.6,30.5,30.5,30.4,30.5,30.3,30.1,30.1,30.1,30.0,29.8,29.8,29.8,29.6,29.5,29.4,29.2,28.6,28.0,26.9,25.6,23.9,22.2,21.2,21.0,20.8,20.7,20.5,20.5,20.5,20.5,20.4,20.5,20.5,20.4,20.5,20.4,20.5,20.4,20.4,20.3,20.3,20.4,20.4,20.5,20.6,20.5,20.5,20.5,20.6,20.4,20.5,20.5,20.5,20.5,20.6,20.6,20.5,20.6,20.6,20.6,20.6,20.7,20.5,20.7,20.7,20.7,20.7,20.8,20.6,20.7,20.7,20.6,20.6
156,21.2,21.0,21.0,21.0,21.0,20.9,20.9,21.0,21.0,20.9,21.0,20.9,20.9,20.8,20.8,20.7,20.7,20.8,20.7,20.7,20.7,20.6,20.7,20.7,20.5,20.5,20.7,20.8,20.7,20.7,20.7,20.5,20.5,20.5,20.4,20.5,20.4,20.4,20.2,20.4,20.4,20.5,20.2,20.4,20.3,20.3,20.4,20.3,20.3,20.3,20.4,20.3,20.4,20.3,20.2,20.4,20.4,20.3,20.3,20.3,20.4,20.3,20.3,20.4,20.4,20.4,20.4,20.7,21.2,23.0,25.6,28.1,29.7,30.0,30.3,30.6,30.9,31.0,30.9,31.2,31.3,31.4,31.6,31.7,31.6,31.4,31.3,31.1,30.9,30.7,30.4,30.3,30.0,30.0,30.0,30.0,30.3,30.5,30.5,30.6,30.7,30.7,30.7,30.9,30.9,30.9,30.9,30.8,30.9,30.8,30.9,30.8,30.9,30.9,30.9,31.0,30.8,30.8,30.8,30.7,30.7,30.7,30.6,30.7,30.8,30.6,30.7,30.7,30.8,30.8,30.7,30.8,30.8,30.8,30.7,30.7,30.7,30.7,30.7,30.7,30.8,30.8,30.8,30.7,30.8,30.9,31.0,31.0,30.9,30.9,31.0,31.0,31.0,31.1,31.0,31.0,30.9,31.1,31.0,31.1,31.1,31.0,31.1,31.0,31.0,31.1,31.0,31.0,31.0,31.0,31.0,30.9,30.9,30.7,30.6,30.6,30.7,30.7,30.6,30.7,30.7,30.6,30.6,30.6,30.4,30.3,30.4,30.4,30.1,30.0,30.0,30.0,30.0,29.8,29.8,29.7,29.4,29.1,28.8,28.5,27.4,26.0,24.6,22.7,21.8,21.4,20.8,20.8,20.6,20.5,20.4,20.4,20.5,20.5,20.5,20.5,20.5,20.4,20.4,20.4,20.5,20.5,20.4,20.5,20.4,20.4,20.6,20.6,20.5,20.6,20.5,20.5,20.5,20.4,20.5,20.4,20.5,20.7,20.5,20.6,20.6,20.7,20.7,20.5,20.6,20.6,20.7,20.6,20.7,20.8,20.7,20.7,20.7,20.5,20.7,20.6
157,21.2,21.2,21.2,21.0,20.9,21.0,21.0,21.0,21.0,21.0,21.0,20.9,21.0,20.9,20.8,20.9,20.8,20.7,20.9,20.7,20.8,20.9,20.9,20.7,20.6,20.7,20.7,20.7,20.7,20.8,20.7,20.5,20.5,20.5,20.6,20.5,20.5,20.3,20.3,20.4,20.4,20.3,20.3,20.3,20.3,20.3,20.3,20.5,20.3,20.2,20.3,20.2,20.3,20.2,20.3,20.4,20.3,20.4,20.4,20.3,20.3,20.2,20.4,20.4,20.5,20.4,20.7,20.8,21.4,22.9,25.8,28.5,29.8,30.1,30.3,30.6,30.6,31.0,31.0,31.1,31.3,31.5,31.5,31.5,31.4,31.3,31.2,31.0,30.7,30.6,30.5,30.1,30.0,29.8,30.0,30.1,30.3,30.5,30.5,30.6,30.6,30.8,30.7,30.7,30.8,30.8,30.8,30.8,30.9,30.9,31.0,30.8,30.8,30.8,30.8,30.8,30.8,30.8,30.8,30.7,30.7,30.7,30.7,30.7,30.7,30.7,30.7,30.6,30.6,30.6,30.7,30.7,30.8,30.8,30.7,30.6,30.7,30.6,30.6,30.7,30.7,30.6,30.7,30.8,30.8,30.8,30.8,30.9,31.0,30.9,30.8,31.0,30.8,30.9,31.0,31.0,31.0,31.0,31.0,31.0,31.0,30.9,31.0,31.0,31.0,31.0,31.0,30.9,31.0,31.0,30.8,30.8,30.8,30.8,30.8,30.6,30.7,30.6,30.8,30.7,30.7,30.6,30.6,30.6,30.5,30.4,30.3,30.3,30.1,30.1,30.0,30.1,30.0,29.8,29.8,29.6,29.3,29.0,28.6,27.8,26.5,24.9,23.3,22.0,21.2,20.9,20.7,20.6,20.5,20.3,20.5,20.5,20.5,20.4,20.4,20.4,20.4,20.4,20.5,20.5,20.5,20.4,20.4,20.4,20.4,20.5,20.6,20.5,20.5,20.5,20.6,20.6,20.5,20.5,20.5,20.5,20.5,20.5,20.5,20.6,20.5,20.7,20.6,20.5,20.5,20.5,20.7,20.7,20.8,20.7,20.8,20.8,20.7,20.7,20.8,20.7
158,21.2,21.2,21.2,21.2,20.9,21.0,21.2,20.9,21.0,21.0,21.0,21.2,21.0,21.0,21.0,21.0,20.9,20.8,20.9,21.0,21.2,21.0,20.7,20.7,20.6,20.7,20.8,20.8,20.8,20.8,20.8,20.6,20.7,20.5,20.5,20.6,20.4,20.5,20.3,20.4,20.3,20.4,20.4,20.4,20.3,20.2,20.5,20.3,20.3,20.3,20.2,20.3,20.3,20.3,20.4,20.3,20.4,20.3,20.4,20.4,20.3,20.2,20.4,20.4,20.4,20.4,20.7,20.7,21.4,23.1,25.9,28.5,29.8,30.3,30.0,30.6,30.8,30.8,31.1,31.2,31.3,31.2,31.5,31.5,31.5,31.2,31.0,31.0,30.6,30.5,30.1,30.0,29.8,29.8,30.0,30.0,30.4,30.5,30.5,30.5,30.6,30.6,30.7,30.7,30.8,30.9,30.8,30.9,31.0,30.8,30.9,30.8,30.8,30.8,30.8,30.8,30.8,30.8,30.8,30.8,30.7,30.8,30.7,30.6,30.8,30.6,30.6,30.6,30.6,30.6,30.6,30.6,30.7,30.7,30.7,30.6,30.7,30.7,30.6,30.6,30.6,30.8,30.8,30.9,30.8,30.9,30.8,30.9,30.8,30.8,31.0,30.9,30.9,30.9,30.9,30.9,30.9,31.0,30.9,30.9,31.0,31.0,30.9,31.1,31.0,31.0,31.0,30.9,30.9,30.9,30.9,30.8,30.8,30.8,30.7,30.6,30.7,30.7,30.7,30.7,30.6,30.6,30.6,30.4,30.4,30.5,30.1,30.1,30.1,30.0,30.1,30.0,30.0,29.8,29.6,29.4,29.1,28.7,28.0,27.1,25.7,23.8,22.4,21.5,21.0,20.8,20.7,20.5,20.7,20.7,20.4,20.5,20.5,20.7,20.3,20.5,20.4,20.5,20.2,20.5,20.4,20.5,20.4,20.4,20.4,20.5,20.5,20.7,20.7,20.5,20.6,20.5,20.6,20.6,20.4,20.7,20.7,20.5,20.6,20.6,20.5,20.6,20.6,20.5,20.7,20.6,20.7,20.7,20.7,20.8,20.7,20.7,20.7,20.8,20.7,20.7
159,21.5,21.4,21.4,21.4,21.2,21.0,21.0,21.0,21.2,20.9,21.2,21.0,21.2,21.0,21.0,21.0,20.9,21.2,21.2,21.4,21.2,21.0,20.7,20.9,20.8,20.9,20.9,20.9,20.9,20.8,20.8,20.8,20.7,20.7,20.7,20.7,20.7,20.6,20.5,20.5,20.4,20.4,20.4,20.5,20.4,20.4,20.4,20.4,20.3,20.2,20.3,20.3,20.3,20.4,20.3,20.5,20.4,20.4,20.5,20.3,20.4,20.4,20.4,20.3,20.5,20.4,20.5,20.7,21.4,23.1,26.3,28.8,29.5,30.0,30.1,30.6,30.8,31.0,31.0,31.2,31.4,31.3,31.5,31.4,31.5,31.1,30.8,30.7,30.3,30.3,30.0,30.0,29.8,29.8,30.0,30.1,30.3,30.5,30.6,30.7,30.7,30.7,30.7,30.7,30.8,30.8,30.9,30.9,31.0,30.8,30.8,30.8,30.9,30.8,30.8,31.0,30.8,30.8,30.8,30.8,30.7,30.8,30.7,30.7,30.6,30.6,30.6,30.7,30.7,30.6,30.7,30.7,30.8,30.7,30.7,30.8,30.8,30.7,30.7,30.7,30.7,30.7,30.8,30.9,30.8,30.8,30.7,30.8,30.8,30.9,31.0,30.9,30.9,30.9,30.9,30.8,30.9,30.9,30.9,31.0,30.9,30.8,30.9,30.9,31.0,30.8,31.0,31.1,31.0,30.9,30.8,30.8,30.9,30.8,30.7,30.7,30.7,30.6,30.7,30.7,30.6,30.6,30.6,30.5,30.5,30.4,30.3,30.1,30.0,30.0,30.0,30.0,29.8,29.7,29.4,29.4,28.9,28.4,27.5,25.9,24.5,23.0,21.7,20.9,20.9,20.9,20.7,20.5,20.6,20.3,20.5,20.4,20.4,20.4,20.4,20.5,20.4,20.3,20.5,20.5,20.4,20.5,20.5,20.5,20.6,20.7,20.5,20.5,20.4,20.7,20.5,20.6,20.5,20.7,20.6,20.6,20.6,20.6,20.4,20.8,20.6,20.6,20.6,20.6,20.7,20.5,20.6,20.7,20.8,20.7,20.7,20.7,20.8,20.7,20.8,20.5
160,21.7,21.6,21.6,21.6,21.5,21.4,21.2,21.2,21.4,21.2,21.4,21.2,21.2,21.2,21.0,21.2,21.4,21.4,21.4,21.5,21.2,21.0,20.9,20.9,20.9,20.9,21.0,20.9,20.9,20.9,20.8,20.8,20.7,20.6,20.7,20.7,20.6,20.5,20.7,20.5,20.6,20.5,20.6,20.6,20.5,20.5,20.4,20.4,20.4,20.5,20.4,20.4,20.4,20.4,20.4,20.4,20.4,20.4,20.4,20.4,20.4,20.5,20.5,20.4,20.5,20.4,20.5,20.7,21.4,23.3,26.2,28.6,29.6,30.0,30.3,30.6,31.0,31.0,31.0,31.3,31.2,31.5,31.4,31.4,31.3,31.0,30.7,30.6,30.4,30.3,30.0,29.8,29.8,30.0,30.0,30.1,30.4,30.5,30.6,30.6,30.7,30.7,30.8,30.8,30.8,30.8,30.8,30.9,31.0,30.9,30.8,30.7,30.8,30.8,30.8,30.7,30.8,30.9,30.9,30.7,30.7,30.7,30.7,30.7,30.7,30.7,30.6,30.6,30.7,30.7,30.7,30.7,30.7,30.8,30.7,30.8,30.7,30.8,30.8,30.7,30.7,30.8,30.7,30.9,30.7,30.7,30.7,30.7,30.8,30.8,31.0,30.9,30.9,30.9,30.8,31.0,30.9,30.9,31.0,30.8,30.9,30.8,30.9,30.9,31.0,30.8,30.9,30.8,30.9,31.0,30.9,30.8,30.7,30.7,30.7,30.6,30.8,30.7,30.6,30.6,30.6,30.6,30.5,30.5,30.3,30.4,30.1,30.1,30.1,30.0,30.0,29.8,29.8,29.6,29.3,29.3,28.7,27.8,26.6,25.4,23.5,22.1,21.4,20.9,20.7,20.7,20.7,20.5,20.4,20.4,20.5,20.6,20.4,20.5,20.4,20.5,20.5,20.5,20.6,20.4,20.4,20.4,20.5,20.4,20.5,20.6,20.5,20.6,20.5,20.5,20.5,20.5,20.6,20.5,20.5,20.6,20.6,20.6,20.5,20.7,20.5,20.6,20.7,20.7,20.6,20.7,20.7,20.6,20.6,20.7,20.7,20.7,20.8,20.7,20.9,20.6
161,21.7,21.6,21.5,21.6,21.6,21.7,21.6,21.6,21.6,21.6,21.6,21.5,21.2,21.2,21.2,21.4,21.4,21.7,21.8,21.8,21.0,21.2,21.4,21.0,21.0,21.4,21.0,21.2,21.0,21.0,20.9,20.9,20.9,20.8,20.7,20.7,20.6,20.6,20.7,20.5,20.7,20.7,20.5,20.6,20.5,20.6,20.5,20.4,20.4,20.4,20.4,20.4,20.3,20.4,20.4,20.4,20.4,20.4,20.4,20.4,20.4,20.4,20.4,20.6,20.3,20.5,20.6,20.8,21.6,23.6,26.8,28.8,29.7,30.0,30.3,30.8,30.8,30.8,31.1,31.4,31.2,31.3,31.3,31.2,30.9,30.8,30.7,30.6,30.1,30.0,29.8,29.8,29.7,30.0,30.0,30.3,30.4,30.5,30.5,30.6,30.7,30.7,30.8,30.8,30.9,30.9,30.8,30.8,30.8,30.8,30.8,30.8,30.9,30.9,30.9,30.7,30.8,30.8,30.8,30.8,30.8,30.7,30.7,30.7,30.8,30.7,30.6,30.6,30.7,30.7,30.6,30.7,30.7,30.8,30.7,30.7,30.7,30.8,30.6,30.8,30.6,30.7,30.6,30.6,30.8,30.7,30.8,30.8,30.9,30.9,30.9,30.8,30.8,30.9,30.9,30.9,30.9,31.0,30.8,31.0,30.7,30.8,30.8,30.9,30.9,30.8,30.8,31.0,30.9,30.8,30.7,30.8,30.8,30.7,30.7,30.7,30.6,30.6,30.7,30.6,30.6,30.6,30.4,30.4,30.3,30.3,30.1,30.1,30.0,30.0,30.0,29.8,29.8,29.6,29.3,28.8,28.2,27.0,25.5,24.0,22.8,21.6,21.0,20.9,20.7,20.4,20.6,20.4,20.6,20.4,20.4,20.4,20.4,20.5,20.4,20.5,20.5,20.4,20.5,20.5,20.4,20.4,20.4,20.4,20.6,20.6,20.6,20.5,20.5,20.5,20.4,20.6,20.4,20.5,20.4,20.6,20.7,20.6,20.5,20.5,20.5,20.6,20.6,20.6,20.6,20.6,20.6,20.6,20.7,20.7,20.6,20.8,20.9,21.0,20.7,20.9
162,22.1,21.8,22.0,21.8,21.8,22.0,22.0,22.0,22.0,21.9,21.8,21.9,21.7,21.4,21.4,21.5,21.5,21.9,22.2,21.9,21.5,21.4,21.4,21.4,21.2,21.4,21.5,21.4,21.4,21.0,20.9,21.2,20.8,20.8,20.9,20.8,20.8,20.8,20.9,20.8,20.6,20.6,20.6,20.6,20.5,20.5,20.5,20.5,20.5,20.4,20.4,20.4,20.5,20.4,20.3,20.5,20.4,20.3,20.4,20.4,20.5,20.5,20.4,20.5,20.5,20.4,20.6,20.7,21.5,23.9,26.9,28.9,29.7,30.3,30.5,30.6,30.8,30.9,31.1,31.2,31.3,31.4,31.2,31.2,31.0,30.8,30.6,30.5,30.3,30.0,29.8,29.8,29.8,30.0,30.1,30.1,30.5,30.5,30.6,30.6,30.7,30.8,30.7,30.9,30.8,30.8,30.7,30.8,30.8,30.8,30.8,30.8,30.8,30.8,30.8,30.8,30.8,30.9,30.9,30.8,30.8,30.7,30.7,30.7,30.7,30.6,30.7,30.6,30.6,30.6,30.6,30.6,30.7,30.6,30.7,30.8,30.7,30.7,30.6,30.7,30.6,30.7,30.8,30.8,30.7,30.7,30.8,30.7,30.8,30.9,30.8,30.9,30.8,30.9,30.8,30.8,30.9,30.7,30.8,30.8,30.8,30.8,30.7,30.8,30.8,30.8,30.7,30.8,30.9,30.7,30.8,30.7,30.7,30.8,30.7,30.7,30.7,30.7,30.6,30.6,30.6,30.6,30.5,30.5,30.3,30.1,30.3,30.0,30.0,30.0,30.0,29.8,29.6,29.3,29.1,28.6,27.6,26.0,24.7,23.0,22.1,21.2,21.0,20.7,20.5,20.5,20.4,20.5,20.4,20.4,20.4,20.4,20.4,20.3,20.4,20.5,20.5,20.4,20.4,20.5,20.4,20.6,20.5,20.5,20.5,20.5,20.4,20.6,20.5,20.5,20.7,20.4,20.5,20.5,20.6,20.7,20.5,20.7,20.5,20.5,20.7,20.6,20.6,20.6,20.6,20.7,20.6,20.6,20.7,20.7,20.8,20.8,20.8,20.7,20.8,20.7
163,22.6,22.4,22.4,22.4,22.2,22.4,22.6,22.1,22.1,22.4,22.1,21.9,22.0,21.7,21.5,21.5,21.7,22.0,22.4,22.4,21.8,21.5,21.7,21.5,21.5,21.6,21.7,21.7,21.5,21.2,21.2,21.2,21.2,21.2,21.0,21.0,21.0,21.0,20.8,20.7,20.8,20.6,20.7,20.6,20.7,20.5,20.6,20.4,20.5,20.4,20.5,20.3,20.4,20.4,20.5,20.4,20.4,20.4,20.5,20.4,20.4,20.5,20.4,20.5,20.6,20.5,20.7,20.9,21.7,23.9,27.1,29.1,29.6,30.1,30.5,30.7,30.9,31.0,31.1,31.2,31.2,31.2,31.1,31.0,30.8,30.8,30.6,30.3,30.0,30.0,29.7,29.7,29.8,30.0,30.0,30.1,30.4,30.6,30.6,30.7,30.7,30.8,30.7,30.8,30.8,30.9,30.8,30.8,30.7,30.7,30.8,30.7,30.8,30.7,30.9,30.8,30.8,30.9,30.8,30.7,30.7,30.8,30.6,30.8,30.7,30.8,30.7,30.6,30.6,30.6,30.6,30.7,30.6,30.6,30.7,30.7,30.8,30.7,30.8,30.7,30.7,30.7,30.7,30.7,30.6,30.8,30.8,30.7,30.8,30.7,30.8,30.7,30.7,30.7,30.7,30.8,30.8,30.6,30.7,30.7,30.8,30.7,30.8,30.8,30.8,30.7,30.7,30.8,30.8,30.8,30.7,30.7,30.7,30.7,30.6,30.7,30.7,30.6,30.6,30.5,30.5,30.5,30.3,30.3,30.1,30.0,30.1,30.0,30.0,30.1,30.0,29.6,29.5,29.2,28.7,28.1,26.4,25.3,23.6,21.7,21.2,20.8,20.9,20.7,20.6,20.5,20.4,20.3,20.4,20.2,20.4,20.4,20.4,20.4,20.2,20.4,20.3,20.2,20.4,20.4,20.4,20.3,20.5,20.4,20.5,20.4,20.5,20.4,20.5,20.4,20.4,20.5,20.6,20.5,20.5,20.5,20.5,20.4,20.5,20.4,20.5,20.5,20.5,20.6,20.6,20.5,20.6,20.7,20.7,20.7,20.7,20.7,20.7,20.7,20.7,20.7
164,22.9,22.9,23.0,23.0,22.8,23.0,23.0,22.8,22.7,22.7,22.6,22.2,22.4,22.1,21.7,21.8,21.9,22.2,22.7,22.6,22.6,22.4,22.2,22.0,22.1,22.1,22.0,21.8,21.7,21.5,21.6,21.5,21.6,21.4,21.2,21.2,21.0,21.0,20.9,21.0,20.9,20.8,20.7,20.7,20.6,20.6,20.6,20.6,20.5,20.5,20.5,20.5,20.5,20.5,20.5,20.5,20.4,20.4,20.4,20.5,20.4,20.4,20.4,20.5,20.5,20.5,20.7,21.0,21.6,24.0,27.1,29.1,29.7,30.0,30.3,30.8,30.8,31.0,31.2,31.2,31.2,31.2,31.2,31.2,30.9,30.8,30.6,30.4,30.1,29.8,29.7,29.5,29.8,30.0,30.0,30.3,30.4,30.6,30.6,30.6,30.7,30.8,30.8,30.8,30.8,30.8,30.7,30.8,30.8,30.8,30.7,30.9,30.8,30.8,30.8,30.7,30.8,30.9,30.9,30.8,30.8,30.8,30.7,30.7,30.7,30.8,30.7,30.7,30.7,30.7,30.6,30.6,30.7,30.7,30.6,30.7,30.8,30.8,30.7,30.7,30.7,30.7,30.7,30.8,30.7,30.7,30.7,30.8,30.8,30.8,30.8,30.8,30.7,30.8,30.8,30.7,30.7,30.7,30.7,30.6,30.7,30.8,30.7,30.7,30.8,30.7,30.7,30.7,30.8,30.7,30.6,30.7,30.8,30.6,30.6,30.6,30.6,30.6,30.5,30.5,30.5,30.3,30.5,30.3,30.3,30.0,30.1,30.0,30.0,30.0,29.8,29.6,29.3,28.9,28.5,27.4,25.7,24.0,22.4,21.8,21.2,20.9,20.8,20.6,20.5,20.3,20.5,20.5,20.3,20.3,20.2,20.3,20.3,20.3,20.4,20.3,20.4,20.5,20.3,20.4,20.2,20.4,20.4,20.5,20.4,20.6,20.4,20.5,20.4,20.5,20.5,20.5,20.7,20.5,20.5,20.5,20.5,20.5,20.5,20.5,20.4,20.5,20.7,20.5,20.5,20.7,20.6,20.7,20.7,20.6,20.7,20.7,20.7,20.7,20.7,20.5
165,23.3,23.1,23.3,23.3,23.3,23.4,23.4,23.5,23.5,23.3,23.1,22.8,22.6,22.7,22.4,22.4,22.4,22.4,22.7,22.6,23.0,23.3,23.0,22.6,22.4,22.6,22.4,22.2,22.1,21.8,21.9,21.7,21.5,21.4,21.4,21.2,21.2,21.2,21.4,21.2,20.9,20.9,20.9,21.0,20.7,20.7,20.6,20.6,20.4,20.5,20.5,20.5,20.5,20.5,20.5,20.5,20.3,20.4,20.4,20.4,20.5,20.3,20.4,20.2,20.4,20.4,20.6,20.9,22.1,24.4,27.4,29.1,29.8,30.5,30.5,30.7,30.8,30.9,31.0,31.2,31.2,31.2,31.2,30.8,30.8,30.6,30.6,30.3,30.0,29.7,29.6,29.6,29.7,30.0,30.0,30.3,30.4,30.5,30.5,30.6,30.7,30.8,30.8,31.0,30.8,30.8,30.7,30.9,30.8,30.8,30.8,30.8,30.8,30.7,30.8,30.8,30.8,30.9,30.8,30.8,30.8,30.8,30.7,30.7,30.7,30.7,30.7,30.7,30.7,30.7,30.6,30.6,30.6,30.6,30.6,30.7,30.7,30.7,30.8,30.7,30.7,30.8,30.7,30.6,30.7,30.8,30.7,30.8,30.7,30.7,30.8,30.7,30.7,30.7,30.7,30.6,30.7,30.7,30.8,30.6,30.6,30.6,30.7,30.8,30.6,30.7,30.7,30.6,30.7,30.8,30.6,30.6,30.6,30.6,30.6,30.6,30.6,30.5,30.5,30.4,30.5,30.4,30.3,30.3,30.0,30.0,30.1,30.1,30.0,29.6,29.7,29.4,29.3,28.8,28.1,26.4,24.7,23.1,21.6,21.2,20.7,20.7,20.6,20.5,20.5,20.3,20.3,20.3,20.3,20.2,20.5,20.2,20.4,20.4,20.4,20.3,20.4,20.3,20.4,20.4,20.3,20.4,20.4,20.5,20.4,20.4,20.5,20.4,20.5,20.4,20.4,20.5,20.4,20.4,20.6,20.5,20.4,20.5,20.5,20.4,20.4,20.6,20.5,20.5,20.6,20.5,20.6,20.7,20.8,20.7,20.6,20.6,20.7,20.7,20.7,20.6
166,23.5,23.4,23.5,23.4,23.5,23.9,24.0,24.0,24.0,23.8,23.4,23.2,22.8,22.8,22.6,22.7,22.8,22.8,22.8,23.1,23.1,23.3,23.3,23.1,22.8,23.0,23.0,22.8,22.4,22.4,22.1,22.0,21.7,21.6,21.5,21.5,21.6,21.5,21.4,21.2,21.2,21.0,21.2,20.9,20.7,20.7,20.7,20.7,20.6,20.5,20.6,20.5,20.5,20.4,20.5,20.3,20.4,20.5,20.4,20.3,20.4,20.4,20.5,20.4,20.3,20.4,20.7,20.9,22.0,24.5,27.4,29.1,29.8,30.5,30.6,30.8,30.9,30.9,31.1,31.1,31.2,31.1,31.2,31.0,31.0,30.6,30.4,30.3,30.0,29.8,29.6,29.6,29.8,29.8,30.0,30.3,30.5,30.6,30.6,30.6,30.7,30.7,30.8,30.8,30.7,30.9,30.7,30.8,30.9,30.8,30.8,30.8,30.7,31.0,30.7,30.8,30.8,30.9,30.8,30.8,30.8,30.8,30.7,30.7,30.7,30.6,30.7,30.7,30.6,30.6,30.6,30.7,30.6,30.7,30.6,30.7,30.7,30.7,30.6,30.8,30.6,30.6,30.7,30.7,30.7,30.7,30.8,30.7,30.8,30.7,30.8,30.7,30.6,30.6,30.6,30.6,30.7,30.6,30.7,30.6,30.5,30.6,30.6,30.7,30.6,30.7,30.6,30.6,30.6,30.6,30.6,30.6,30.6,30.6,30.5,30.6,30.4,30.5,30.5,30.4,30.3,30.3,30.3,30.0,30.0,30.0,30.0,29.8,29.7,29.6,29.5,29.3,29.0,28.0,27.1,25.6,23.4,21.9,20.9,21.0,20.7,20.6,20.6,20.4,20.5,20.3,20.4,20.2,20.3,20.1,20.2,20.4,20.2,20.4,20.3,20.4,20.4,20.3,20.2,20.4,20.3,20.4,20.3,20.4,20.3,20.4,20.3,20.4,20.4,20.4,20.4,20.4,20.5,20.4,20.4,20.5,20.5,20.5,20.5,20.4,20.5,20.4,20.5,20.4,20.5,20.4,20.6,20.6,20.5,20.6,20.6,20.6,20.6,20.7,20.7,20.5
167,23.8,23.9,23.8,23.6,24.0,24.1,24.2,24.3,24.3,23.9,23.9,24.0,23.8,23.4,23.4,23.4,23.2,23.4,23.5,23.4,23.6,23.9,23.6,23.4,23.3,23.3,23.4,23.3,23.0,23.0,22.7,22.1,21.9,21.8,21.9,21.9,21.9,21.7,21.7,21.4,21.2,21.0,21.2,21.2,20.9,20.9,20.9,20.9,20.7,20.9,20.7,20.5,20.6,20.5,20.5,20.5,20.4,20.5,20.5,20.5,20.3,20.4,20.4,20.4,20.5,20.4,20.6,21.0,22.1,25.0,28.1,29.5,29.8,30.5,30.6,30.8,30.9,31.2,31.1,31.2,31.2,31.2,31.1,30.9,30.8,30.6,30.5,30.3,30.0,29.8,29.7,29.8,29.8,30.0,30.0,30.3,30.4,30.6,30.6,30.7,30.7,30.8,30.8,30.8,30.8,30.8,30.8,30.9,30.9,30.9,30.9,31.0,30.8,30.8,30.8,30.8,30.8,30.8,30.7,30.8,31.0,30.7,30.7,30.7,30.8,30.8,30.8,30.8,30.7,30.7,30.7,30.7,30.6,30.6,30.6,30.6,30.8,30.8,30.8,30.8,30.7,30.7,30.8,30.6,30.7,30.8,30.7,30.7,30.8,30.6,30.8,30.7,30.7,30.7,30.7,30.7,30.7,30.6,30.7,30.7,30.7,30.6,30.6,30.6,30.7,30.7,30.7,30.6,30.6,30.6,30.7,30.6,30.6,30.6,30.6,30.4,30.5,30.4,30.5,30.4,30.3,30.3,30.3,30.1,30.0,30.0,30.1,30.0,29.7,29.6,29.4,29.1,28.6,27.6,26.3,24.5,22.7,21.6,20.8,20.8,20.6,20.5,20.5,20.5,20.4,20.3,20.5,20.4,20.3,20.4,20.3,20.3,20.3,20.4,20.4,20.4,20.4,20.3,20.3,20.3,20.4,20.4,20.4,20.5,20.3,20.4,20.4,20.5,20.4,20.5,20.5,20.5,20.5,20.7,20.5,20.5,20.4,20.5,20.5,20.5,20.6,20.5,20.5,20.5,20.5,20.6,20.7,20.6,20.7,20.7,20.6,20.7,20.8,20.7,20.8,20.7
168,23.9,23.9,23.5,24.1,24.3,24.4,24.7,24.3,24.3,24.3,24.3,24.4,24.4,24.3,23.9,23.8,23.6,24.0,24.4,24.3,24.2,24.2,23.4,23.4,23.5,23.9,24.1,24.1,23.8,23.4,23.0,22.4,22.4,22.2,22.4,22.4,22.1,21.9,21.7,21.5,21.5,21.4,21.2,21.4,21.2,21.2,21.0,21.2,20.9,20.9,20.8,20.8,20.7,20.7,20.6,20.5,20.5,20.5,20.5,20.5,20.6,20.4,20.4,20.3,20.5,20.5,20.6,20.9,22.4,25.0,28.1,29.5,30.0,30.6,30.5,30.8,31.0,31.1,31.2,31.1,31.1,31.1,31.1,30.9,30.8,30.7,30.5,30.3,30.1,29.8,29.7,29.7,29.8,30.0,30.1,30.3,30.5,30.5,30.6,30.7,30.8,30.8,30.8,30.8,30.9,30.8,31.0,30.8,30.9,30.9,30.7,30.9,30.9,30.9,31.0,30.8,30.8,30.7,30.7,30.8,30.7,30.7,30.7,30.7,30.7,30.6,30.7,30.7,30.7,30.7,30.7,30.7,30.8,30.7,30.6,30.6,30.7,30.7,30.7,30.6,30.8,30.7,30.8,30.6,30.7,30.8,30.6,30.7,30.7,30.7,30.6,30.6,30.7,30.6,30.6,30.6,30.7,30.6,30.7,30.6,30.7,30.6,30.7,30.8,30.6,30.8,30.6,30.6,30.6,30.6,30.6,30.6,30.6,30.6,30.5,30.4,30.3,30.4,30.3,30.3,30.3,30.3,30.0,30.1,30.0,30.0,30.0,30.0,29.8,29.5,29.3,29.0,28.1,26.6,25.0,23.3,21.6,21.2,20.8,20.6,20.4,20.6,20.4,20.5,20.4,20.3,20.3,20.4,20.3,20.4,20.4,20.4,20.3,20.5,20.4,20.4,20.3,20.4,20.4,20.4,20.4,20.5,20.4,20.2,20.5,20.4,20.5,20.4,20.5,20.5,20.4,20.5,20.4,20.5,20.6,20.4,20.4,20.6,20.4,20.5,20.4,20.6,20.5,20.5,20.5,20.5,20.7,20.7,20.6,20.6,20.5,20.6,20.8,20.8,20.7,20.7
169,24.0,24.0,24.1,24.3,24.4,24.6,24.4,24.2,24.9,24.8,24.5,24.3,24.4,24.1,23.9,23.6,24.0,24.4,24.8,24.5,24.7,24.2,23.5,23.4,23.3,23.8,24.0,24.1,24.1,24.0,23.4,23.3,23.3,23.2,23.2,23.0,22.4,22.2,22.0,22.0,21.8,21.6,21.6,21.7,21.7,21.6,21.5,21.2,21.0,21.0,21.0,21.0,20.8,20.6,20.7,20.7,20.6,20.5,20.5,20.5,20.5,20.4,20.4,20.4,20.4,20.6,20.6,21.0,22.4,25.6,28.2,29.4,30.1,30.5,30.6,30.9,31.1,31.1,31.2,31.2,31.1,31.1,31.0,30.8,30.7,30.6,30.4,30.1,30.1,29.8,29.7,29.8,29.8,30.1,30.1,30.3,30.6,30.6,30.6,30.6,30.7,30.8,30.9,30.8,30.8,30.9,30.8,31.0,31.1,30.8,30.9,31.0,30.9,30.8,30.8,30.9,30.7,30.8,30.7,30.7,30.7,30.8,30.7,30.6,30.7,30.8,30.7,30.7,30.6,30.7,30.6,30.6,30.6,30.6,30.7,30.6,30.6,30.7,30.7,30.6,30.7,30.7,30.7,30.8,30.7,30.7,30.7,30.7,30.8,30.6,30.6,30.7,30.6,30.6,30.6,30.7,30.7,30.6,30.6,30.6,30.7,30.7,30.7,30.6,30.6,30.7,30.6,30.6,30.6,30.6,30.6,30.6,30.6,30.5,30.4,30.4,30.5,30.5,30.1,30.4,30.3,30.0,30.0,30.0,30.1,30.0,29.8,29.8,29.7,29.4,29.2,28.4,27.6,25.8,24.0,22.4,21.4,20.9,20.7,20.7,20.5,20.5,20.4,20.3,20.2,20.4,20.3,20.4,20.3,20.4,20.3,20.4,20.4,20.4,20.3,20.5,20.5,20.3,20.4,20.5,20.3,20.3,20.4,20.5,20.4,20.6,20.5,20.4,20.5,20.4,20.6,20.4,20.6,20.4,20.5,20.5,20.5,20.7,20.5,20.6,20.4,20.5,20.6,20.6,20.6,20.7,20.7,20.6,20.7,20.7,20.7,20.9,20.7,20.8,20.9,20.7
170,24.5,24.4,24.4,24.6,24.7,24.4,24.4,25.0,25.1,24.7,24.4,24.0,24.3,24.5,24.3,23.8,24.1,25.1,25.0,24.7,24.6,24.4,23.6,23.3,23.4,23.5,24.1,24.6,24.6,24.4,24.2,23.9,23.8,23.9,23.8,23.5,23.3,23.0,22.6,22.4,22.1,21.9,21.8,21.8,22.0,21.6,21.5,21.0,20.8,20.8,20.9,20.8,20.9,20.7,20.8,20.6,20.7,20.5,20.6,20.5,20.5,20.4,20.4,20.4,20.3,20.4,20.7,21.0,22.8,25.7,28.5,29.4,30.3,30.4,30.6,30.8,30.9,31.2,31.0,31.2,31.0,31.1,31.0,30.8,30.7,30.7,30.5,30.3,30.0,29.8,29.8,29.8,30.0,30.0,30.1,30.3,30.5,30.6,30.6,30.7,30.7,30.8,30.8,30.8,30.9,30.9,30.9,30.9,30.9,30.9,30.9,31.0,30.8,30.9,30.8,30.8,30.8,30.8,30.8,30.8,30.7,30.7,30.8,30.7,30.7,30.7,30.7,30.6,30.7,30.7,30.6,30.6,30.6,30.6,30.6,30.6,30.6,30.6,30.6,30.6,30.6,30.7,30.6,30.6,30.6,30.7,30.7,30.6,30.7,30.6,30.6,30.6,30.6,30.6,30.6,30.6,30.6,30.6,30.6,30.6,30.7,30.7,30.6,30.6,30.6,30.6,30.6,30.6,30.6,30.6,30.6,30.5,30.5,30.3,30.4,30.3,30.3,30.1,30.1,30.1,30.0,29.8,30.1,30.0,30.0,30.0,30.0,29.8,29.5,29.3,28.9,27.9,26.9,24.7,22.9,21.6,21.0,20.6,20.5,20.4,20.5,20.5,20.4,20.4,20.4,20.3,20.3,20.3,20.3,20.3,20.2,20.5,20.3,20.4,20.4,20.4,20.4,20.3,20.4,20.4,20.5,20.3,20.3,20.5,20.5,20.5,20.5,20.4,20.3,20.5,20.5,20.5,20.5,20.4,20.3,20.5,20.6,20.6,20.2,20.5,20.6,20.5,20.6,20.5,20.5,20.5,20.7,20.7,20.7,20.7,20.7,20.7,20.7,20.7,20.7,20.7
171,24.6,24.5,25.0,25.1,24.6,24.5,25.0,25.1,24.7,24.3,24.3,24.3,24.6,24.6,24.4,24.1,24.7,25.5,25.0,24.5,24.7,24.2,23.5,23.3,23.1,23.8,24.6,25.0,24.7,24.4,24.5,24.3,24.3,24.3,24.4,24.1,24.0,23.6,23.4,22.9,22.7,22.4,22.4,22.4,22.4,22.0,21.5,21.0,21.0,20.8,21.0,20.9,20.8,20.7,20.8,20.7,20.6,20.6,20.5,20.6,20.7,20.3,20.4,20.4,20.5,20.4,20.7,21.0,22.9,25.8,28.8,29.6,30.1,30.4,30.7,30.7,30.8,31.0,31.1,31.1,31.1,31.1,31.0,30.8,30.8,30.6,30.4,30.1,30.0,29.8,29.8,29.8,30.0,30.0,30.1,30.4,30.5,30.6,30.6,30.7,30.8,30.9,30.8,30.9,30.9,31.0,30.8,30.9,30.9,30.8,30.9,30.9,30.9,30.8,30.8,30.7,30.8,30.8,30.7,30.7,30.7,30.7,30.7,30.7,30.6,30.6,30.6,30.7,30.6,30.6,30.6,30.6,30.6,30.6,30.5,30.6,30.6,30.6,30.6,30.7,30.7,30.7,30.7,30.7,30.6,30.7,30.7,30.6,30.6,30.5,30.6,30.5,30.5,30.5,30.6,30.6,30.6,30.5,30.5,30.6,30.6,30.7,30.6,30.7,30.5,30.6,30.6,30.6,30.5,30.6,30.5,30.5,30.4,30.4,30.3,30.3,30.1,30.3,30.0,30.0,30.1,30.0,30.0,30.0,30.0,29.8,29.8,29.6,29.5,29.1,28.5,27.4,25.8,23.8,22.0,21.2,20.7,20.5,20.6,20.6,20.4,20.4,20.4,20.2,20.4,20.3,20.3,20.4,20.4,20.3,20.3,20.4,20.3,20.4,20.4,20.4,20.4,20.4,20.4,20.4,20.3,20.4,20.5,20.4,20.5,20.4,20.5,20.4,20.5,20.4,20.5,20.4,20.4,20.3,20.5,20.6,20.7,20.5,20.5,20.5,20.7,20.6,20.8,20.6,20.6,20.7,20.7,20.7,20.7,20.8,20.7,20.7,20.8,20.7,20.7,20.7
172,24.5,25.0,25.7,24.9,24.2,24.9,25.6,24.7,24.2,24.1,24.7,24.5,24.7,24.7,24.1,24.4,25.3,25.8,25.0,24.5,24.5,24.1,23.4,23.1,23.3,23.9,24.7,24.7,24.7,24.7,24.5,24.4,24.8,24.7,24.6,24.5,24.3,24.0,23.9,23.4,23.1,22.7,22.6,22.7,22.6,22.6,22.1,21.7,21.4,21.2,21.2,20.9,20.8,20.6,20.7,20.7,20.7,20.7,20.6,20.6,20.5,20.4,20.5,20.4,20.5,20.5,20.6,21.2,23.2,26.3,28.6,29.4,30.0,30.5,30.6,30.9,30.9,31.0,31.1,31.1,31.2,31.0,31.0,30.9,30.8,30.6,30.5,30.4,30.0,30.0,29.8,30.0,30.0,30.1,30.3,30.5,30.5,30.6,30.6,30.7,30.7,30.8,30.7,30.8,31.0,31.0,30.9,31.1,31.0,31.0,30.9,30.8,31.1,30.9,30.8,30.8,30.9,30.7,30.7,30.7,30.7,30.7,30.7,30.6,30.6,30.7,30.6,30.6,30.6,30.6,30.5,30.6,30.5,30.5,30.5,30.6,30.6,30.6,30.5,30.6,30.6,30.5,30.6,30.6,30.6,30.6,30.6,30.5,30.6,30.6,30.6,30.6,30.4,30.5,30.5,30.6,30.5,30.6,30.7,30.7,30.6,30.7,30.6,30.6,30.5,30.6,30.6,30.6,30.6,30.6,30.5,30.6,30.5,30.4,30.4,30.1,30.3,30.3,30.1,30.1,30.0,30.0,29.8,30.0,29.8,29.7,29.8,29.6,29.2,28.8,27.9,26.5,24.9,22.8,21.5,20.9,20.7,20.7,20.5,20.4,20.3,20.6,20.4,20.4,20.4,20.2,20.4,20.3,20.2,20.3,20.4,20.5,20.4,20.5,20.5,20.4,20.5,20.5,20.5,20.4,20.5,20.6,20.4,20.4,20.6,20.4,20.6,20.5,20.3,20.4,20.4,20.5,20.5,20.4,20.5,20.7,20.5,20.6,20.7,20.6,20.5,20.7,20.7,20.8,20.7,20.6,20.8,20.8,20.9,20.8,20.8,20.7,20.8,20.7,20.9,20.8
173,24.7,25.3,25.6,24.8,24.3,25.1,25.0,24.3,24.2,24.7,24.9,24.5,24.8,24.5,24.1,25.1,25.9,25.7,24.6,24.5,24.5,24.0,23.3,23.3,23.4,24.3,24.5,24.5,24.6,24.5,24.5,24.7,25.4,25.1,24.7,24.7,24.7,24.4,24.1,24.0,23.5,23.2,23.1,23.0,23.0,22.9,22.8,22.4,21.9,21.4,21.0,21.0,20.9,20.6,20.7,20.7,20.8,20.8,20.5,20.5,20.4,20.4,20.4,20.3,20.3,20.5,20.7,21.2,23.1,26.3,28.8,29.7,30.0,30.6,30.6,30.8,31.0,31.0,31.1,31.0,31.1,31.1,31.0,30.8,30.8,30.7,30.6,30.3,30.1,29.8,30.0,30.0,30.1,30.0,30.3,30.5,30.5,30.6,30.6,30.6,30.7,30.7,30.8,30.7,31.0,31.0,31.0,31.0,31.0,30.8,30.9,30.9,30.8,30.9,30.8,30.9,30.9,30.9,30.8,30.7,30.7,30.7,30.7,30.7,30.7,30.6,30.6,30.6,30.6,30.6,30.5,30.5,30.5,30.6,30.5,30.6,30.6,30.5,30.6,30.5,30.6,30.6,30.6,30.6,30.6,30.7,30.6,30.6,30.6,30.6,30.5,30.5,30.6,30.5,30.6,30.6,30.5,30.6,30.5,30.6,30.5,30.6,30.6,30.6,30.6,30.6,30.6,30.5,30.6,30.6,30.4,30.5,30.3,30.3,30.3,30.3,30.3,30.1,30.0,30.0,30.0,29.8,29.8,29.8,29.6,29.8,29.6,29.4,29.1,28.2,27.2,25.3,23.4,22.0,21.0,20.9,20.5,20.4,20.5,20.5,20.4,20.4,20.4,20.2,20.4,20.3,20.3,20.4,20.4,20.4,20.4,20.5,20.5,20.5,20.4,20.5,20.4,20.4,20.4,20.4,20.5,20.6,20.4,20.5,20.6,20.4,20.5,20.5,20.4,20.5,20.5,20.5,20.5,20.5,20.6,20.6,20.6,20.6,20.5,20.7,20.6,20.7,20.8,20.7,20.7,20.7,20.7,20.7,20.7,20.8,20.8,20.7,20.7,20.7,20.7,20.7
174,24.9,25.6,25.7,24.6,24.4,24.7,24.4,24.1,24.5,24.8,24.5,24.7,24.7,24.3,24.4,25.5,26.0,25.1,24.4,24.5,24.5,24.0,23.1,23.4,23.8,24.3,24.4,24.7,24.6,24.4,24.7,25.4,25.6,25.3,24.7,25.0,25.1,24.9,24.5,24.1,23.9,23.5,23.4,23.3,23.2,23.1,23.0,22.7,22.4,21.9,21.4,21.2,20.9,20.7,20.6,20.7,20.7,20.8,20.7,20.6,20.6,20.5,20.5,20.3,20.5,20.4,20.7,21.4,23.3,26.4,28.8,29.5,30.0,30.3,30.5,30.8,30.8,31.1,31.1,31.1,31.3,31.2,31.1,31.0,30.8,30.7,30.5,30.3,30.1,30.0,30.0,30.0,30.0,30.1,30.3,30.5,30.6,30.6,30.6,30.6,30.6,30.7,30.7,30.8,30.9,30.8,31.0,31.0,31.0,30.8,30.9,30.9,31.0,30.8,30.9,30.9,30.8,30.8,30.8,30.8,30.8,30.7,30.7,30.7,30.6,30.6,30.6,30.6,30.6,30.5,30.5,30.4,30.5,30.4,30.3,30.5,30.3,30.5,30.5,30.6,30.5,30.6,30.6,30.6,30.6,30.6,30.6,30.6,30.5,30.5,30.5,30.5,30.5,30.5,30.5,30.5,30.5,30.5,30.6,30.5,30.5,30.5,30.6,30.6,30.6,30.6,30.5,30.5,30.5,30.4,30.4,30.4,30.3,30.3,30.3,30.3,30.1,30.0,30.0,30.0,29.8,29.8,29.7,29.8,29.5,29.4,29.4,29.3,28.8,27.6,26.2,24.5,22.4,21.2,21.0,20.5,20.6,20.5,20.4,20.4,20.5,20.4,20.5,20.4,20.4,20.3,20.2,20.4,20.3,20.4,20.5,20.5,20.5,20.4,20.4,20.4,20.4,20.4,20.4,20.4,20.5,20.7,20.5,20.5,20.4,20.3,20.6,20.4,20.3,20.5,20.5,20.5,20.5,20.7,20.7,20.6,20.7,20.5,20.6,20.7,20.7,20.8,20.7,20.7,20.7,20.7,20.8,20.7,20.8,20.8,20.7,20.9,20.7,20.7,20.8,20.4
175,25.0,25.8,25.7,24.7,24.5,24.5,24.2,24.3,24.7,24.7,24.7,24.7,24.6,24.3,25.3,25.8,25.4,24.5,24.6,24.6,24.7,23.9,23.3,23.6,24.0,24.5,24.5,24.8,24.5,24.7,25.6,25.5,25.4,25.0,24.9,25.3,25.7,25.6,25.1,24.6,24.1,23.9,23.9,23.5,23.4,23.3,23.0,23.0,22.7,22.4,21.7,21.4,21.0,20.8,20.8,20.5,20.7,20.7,20.8,20.6,20.6,20.5,20.3,20.2,20.4,20.5,20.8,21.4,23.3,26.8,28.9,29.4,30.0,30.4,30.5,30.8,30.9,31.1,31.1,31.1,31.2,31.1,31.1,30.8,30.8,30.7,30.6,30.4,30.1,30.0,30.0,30.1,30.1,30.3,30.3,30.4,30.6,30.6,30.6,30.6,30.6,30.7,30.7,30.7,30.7,30.9,31.0,31.0,30.9,30.8,30.9,30.7,30.8,31.0,30.9,30.9,30.8,30.8,30.9,30.8,30.9,30.8,30.8,30.6,30.6,30.6,30.6,30.6,30.6,30.6,30.6,30.4,30.4,30.3,30.4,30.4,30.5,30.4,30.4,30.5,30.5,30.5,30.5,30.6,30.5,30.6,30.6,30.6,30.6,30.5,30.3,30.4,30.4,30.6,30.5,30.5,30.5,30.5,30.5,30.5,30.5,30.6,30.5,30.5,30.5,30.6,30.6,30.6,30.6,30.4,30.4,30.5,30.5,30.1,30.3,30.3,30.0,30.0,30.0,30.0,29.8,29.7,29.7,29.5,29.4,29.4,29.4,29.1,28.4,27.1,24.9,23.3,22.0,21.0,20.7,20.7,20.5,20.6,20.5,20.4,20.5,20.5,20.4,20.4,20.3,20.4,20.4,20.4,20.2,20.4,20.5,20.4,20.4,20.4,20.4,20.4,20.3,20.4,20.4,20.3,20.4,20.5,20.6,20.4,20.3,20.4,20.4,20.3,20.6,20.4,20.5,20.4,20.7,20.5,20.6,20.6,20.7,20.6,20.5,20.7,20.6,20.7,20.7,20.7,20.7,20.7,20.7,20.7,20.9,20.8,20.8,20.7,20.7,20.7,20.8,20.7
176,25.3,25.8,25.6,24.5,24.5,24.3,24.3,24.5,24.6,24.7,24.7,24.7,24.7,25.4,25.5,25.1,24.7,24.6,24.7,24.9,24.8,23.6,23.4,24.0,24.5,24.5,24.7,24.7,24.6,24.8,25.7,25.6,25.3,24.9,25.1,25.9,26.5,26.3,25.7,25.3,24.7,24.2,24.0,23.9,23.5,23.3,23.4,23.1,22.8,23.0,22.4,21.6,21.0,20.8,20.8,20.7,20.6,20.6,20.7,20.6,20.6,20.4,20.3,20.4,20.4,20.5,20.8,21.2,23.4,26.5,28.7,29.6,29.8,30.3,30.5,30.8,30.9,30.9,31.1,31.1,31.2,31.2,31.0,31.0,30.8,30.7,30.5,30.6,30.3,30.0,30.0,30.1,30.1,30.3,30.3,30.5,30.5,30.6,30.6,30.6,30.7,30.7,30.6,30.8,30.8,30.8,30.8,31.0,30.9,31.0,30.9,30.9,30.8,30.8,30.9,30.8,30.9,30.8,30.8,30.8,30.7,30.9,30.8,30.7,30.6,30.6,30.7,30.6,30.6,30.6,30.6,30.5,30.5,30.5,30.4,30.4,30.3,30.4,30.4,30.3,30.5,30.5,30.5,30.5,30.5,30.6,30.5,30.6,30.5,30.5,30.3,30.4,30.4,30.4,30.3,30.6,30.6,30.4,30.5,30.5,30.5,30.6,30.5,30.5,30.5,30.6,30.5,30.5,30.5,30.5,30.5,30.4,30.4,30.3,30.3,30.1,30.0,30.1,30.0,30.0,29.7,29.7,29.7,29.5,29.4,29.4,29.2,28.7,27.7,26.1,24.4,22.2,21.5,20.8,20.6,20.7,20.5,20.4,20.5,20.3,20.4,20.4,20.4,20.4,20.5,20.3,20.4,20.4,20.4,20.5,20.3,20.5,20.5,20.4,20.5,20.4,20.4,20.4,20.4,20.4,20.3,20.7,20.5,20.5,20.5,20.4,20.4,20.5,20.6,20.5,20.4,20.4,20.6,20.5,20.6,20.6,20.6,20.6,20.5,20.7,20.6,20.6,20.6,20.7,20.7,20.7,20.7,20.8,20.8,20.8,20.7,20.7,20.8,20.8,20.7,20.7
177,25.6,25.8,25.1,24.5,24.3,24.3,24.7,24.5,24.5,24.8,24.8,24.8,25.5,25.5,25.0,24.8,24.7,24.9,25.6,25.7,25.1,23.5,23.4,24.1,24.6,24.6,24.6,24.8,24.7,25.1,25.8,25.5,25.1,25.0,25.4,26.5,27.1,26.6,26.4,25.8,25.3,24.7,24.2,24.0,23.4,23.4,23.3,23.3,23.0,22.8,22.4,21.9,21.2,20.9,20.9,20.7,20.7,20.6,20.7,20.7,20.5,20.5,20.4,20.4,20.5,20.5,20.7,21.5,23.4,26.4,28.5,29.5,29.8,30.3,30.5,30.8,30.8,30.9,31.1,31.2,31.2,31.2,31.0,30.9,30.8,30.7,30.6,30.6,30.3,30.0,30.1,30.1,30.1,30.3,30.4,30.6,30.6,30.6,30.7,30.6,30.7,30.6,30.6,30.7,30.7,30.8,30.8,30.9,30.8,30.8,30.9,30.9,30.9,30.8,30.9,30.8,30.8,30.9,30.8,30.8,30.8,30.9,30.8,30.9,30.8,30.7,30.6,30.6,30.6,30.6,30.5,30.5,30.3,30.3,30.5,30.4,30.4,30.5,30.4,30.3,30.5,30.4,30.4,30.5,30.5,30.6,30.5,30.6,30.6,30.5,30.5,30.5,30.6,30.6,30.5,30.4,30.3,30.4,30.5,30.6,30.5,30.6,30.6,30.5,30.6,30.3,30.6,30.6,30.5,30.4,30.5,30.4,30.4,30.1,30.3,30.1,30.0,30.0,30.0,29.8,29.7,29.6,29.6,29.5,29.4,29.2,29.1,28.5,27.1,25.3,23.4,21.7,21.2,20.7,20.6,20.7,20.4,20.5,20.4,20.5,20.4,20.5,20.4,20.4,20.4,20.4,20.3,20.2,20.3,20.3,20.3,20.3,20.4,20.4,20.4,20.4,20.4,20.5,20.4,20.5,20.5,20.4,20.4,20.5,20.5,20.6,20.5,20.6,20.5,20.5,20.5,20.5,20.7,20.5,20.7,20.6,20.7,20.6,20.5,20.6,20.5,20.5,20.7,20.6,20.7,20.6,20.9,20.8,20.7,20.6,20.8,20.8,20.8,20.8,20.8,20.8
178,25.8,25.9,24.5,24.3,24.2,24.5,24.7,24.5,24.9,24.9,25.0,24.7,25.8,25.5,25.0,25.0,25.5,25.3,25.7,26.1,24.5,23.4,23.6,24.1,24.7,24.5,24.7,24.9,24.8,25.3,25.7,25.4,25.0,25.0,25.6,26.8,27.4,27.4,26.9,26.0,25.9,25.3,24.6,24.3,23.9,23.5,23.5,23.4,23.3,23.1,22.7,22.4,21.7,21.2,20.9,20.8,20.7,20.6,20.7,20.7,20.5,20.4,20.4,20.5,20.5,20.5,20.8,21.2,23.1,26.0,28.4,29.3,29.8,30.0,30.5,30.6,30.8,31.0,31.1,31.1,31.2,31.1,31.2,30.9,30.8,30.9,30.7,30.6,30.4,30.1,30.1,30.3,30.1,30.3,30.4,30.5,30.6,30.7,30.6,30.6,30.7,30.6,30.7,30.6,30.8,30.7,30.8,30.9,30.8,30.8,30.8,30.8,30.9,30.8,31.0,30.9,31.0,30.8,30.8,30.8,30.8,30.9,30.8,30.8,30.7,30.7,30.7,30.6,30.6,30.6,30.5,30.5,30.4,30.5,30.4,30.4,30.5,30.4,30.5,30.4,30.4,30.5,30.5,30.6,30.5,30.6,30.6,30.5,30.4,30.5,30.3,30.5,30.5,30.4,30.5,30.5,30.5,30.5,30.5,30.6,30.5,30.5,30.5,30.5,30.6,30.6,30.5,30.5,30.4,30.5,30.4,30.5,30.4,30.4,30.1,30.0,30.0,30.0,30.0,29.8,29.6,29.6,29.5,29.5,29.5,29.1,28.9,27.9,26.2,24.4,22.6,21.2,21.0,20.7,20.4,20.6,20.5,20.4,20.5,20.5,20.4,20.3,20.4,20.4,20.4,20.4,20.4,20.3,20.3,20.4,20.4,20.3,20.4,20.4,20.4,20.4,20.3,20.4,20.3,20.4,20.4,20.4,20.5,20.5,20.5,20.5,20.5,20.4,20.4,20.6,20.5,20.5,20.6,20.4,20.6,20.5,20.6,20.5,20.6,20.7,20.7,20.6,20.7,20.7,20.7,20.7,20.7,20.7,20.7,20.7,20.7,20.7,20.7,20.7,20.7,20.7
179,25.8,25.6,24.4,24.3,24.2,24.5,24.4,25.0,25.6,25.1,24.7,25.5,26.3,25.6,25.1,25.7,25.8,25.1,25.7,25.1,23.6,23.3,23.6,24.3,24.5,24.5,24.7,25.3,25.1,25.5,25.6,25.4,25.0,25.1,25.9,26.9,27.5,27.4,27.1,26.5,26.3,25.7,25.1,24.5,24.2,23.9,23.5,23.5,23.5,23.3,23.0,22.6,22.1,21.6,21.2,21.2,21.0,20.8,20.8,20.8,20.7,20.4,20.4,20.3,20.4,20.5,20.8,20.9,22.9,25.8,28.4,29.4,29.8,30.0,30.6,30.7,30.8,31.0,31.0,31.1,31.2,31.2,31.1,31.0,30.8,30.7,30.6,30.6,30.4,30.4,30.0,30.3,30.1,30.4,30.5,30.6,30.6,30.7,30.6,30.7,30.7,30.7,30.6,30.7,30.8,30.8,30.7,30.8,30.9,31.0,30.8,30.9,30.9,30.8,30.9,30.9,31.0,30.9,30.9,30.8,30.8,30.8,30.9,30.9,30.9,30.6,30.6,30.6,30.6,30.6,30.5,30.3,30.3,30.3,30.3,30.3,30.4,30.4,30.4,30.6,30.4,30.5,30.5,30.5,30.5,30.5,30.6,30.5,30.4,30.5,30.5,30.5,30.6,30.5,30.6,30.4,30.5,30.5,30.5,30.5,30.6,30.5,30.5,30.6,30.6,30.6,30.5,30.6,30.6,30.5,30.3,30.4,30.4,30.4,30.1,30.3,30.0,30.0,29.8,29.6,29.7,29.6,29.5,29.4,29.3,29.0,28.6,27.4,25.6,23.2,21.8,20.9,20.7,20.5,20.6,20.4,20.5,20.3,20.5,20.5,20.2,20.3,20.5,20.4,20.4,20.3,20.4,20.2,20.4,20.4,20.3,20.3,20.2,20.3,20.3,20.4,20.4,20.3,20.4,20.4,20.4,20.5,20.5,20.4,20.5,20.5,20.5,20.5,20.6,20.5,20.5,20.6,20.5,20.6,20.5,20.6,20.7,20.6,20.5,20.7,20.7,20.7,20.7,20.7,20.7,20.7,20.7,20.8,20.7,20.7,20.7,20.7,20.7,20.8,20.9,20.6
180,25.9,25.0,24.3,24.1,24.2,24.4,24.7,25.8,25.8,25.1,24.9,26.3,27.2,25.7,25.1,26.1,25.5,25.1,25.0,24.4,23.8,23.3,23.9,24.7,24.5,24.5,25.3,26.0,25.5,25.4,25.6,25.5,25.5,25.1,26.3,27.6,28.4,27.8,27.1,26.8,26.4,25.9,25.4,25.0,24.3,24.3,23.9,23.8,23.5,23.4,23.1,23.0,22.4,21.9,21.5,21.2,20.9,20.9,20.7,20.8,20.8,20.7,20.4,20.4,20.5,20.5,20.7,21.2,22.4,25.7,27.9,29.2,29.7,30.0,30.5,30.7,30.7,31.0,30.9,31.2,31.1,31.1,31.1,31.0,30.9,30.8,30.7,30.6,30.6,30.3,30.4,30.4,30.4,30.4,30.4,30.6,30.7,30.7,30.7,30.7,30.7,30.6,30.7,30.7,30.8,30.8,30.9,30.9,30.9,30.7,30.8,31.0,30.9,30.9,31.0,31.0,30.9,30.9,30.9,31.0,30.8,30.9,31.0,30.8,30.7,30.6,30.6,30.6,30.6,30.6,30.5,30.5,30.5,30.4,30.4,30.4,30.4,30.4,30.3,30.4,30.5,30.5,30.5,30.5,30.5,30.5,30.4,30.4,30.5,30.5,30.5,30.6,30.5,30.6,30.5,30.6,30.5,30.5,30.6,30.5,30.6,30.6,30.5,30.6,30.6,30.6,30.6,30.4,30.5,30.5,30.5,30.4,30.1,30.1,30.1,30.1,30.0,30.0,30.0,29.8,29.7,29.5,29.5,29.4,29.4,28.9,28.4,26.8,24.5,22.4,21.2,20.7,20.7,20.5,20.5,20.5,20.4,20.5,20.6,20.4,20.5,20.3,20.3,20.4,20.4,20.5,20.3,20.3,20.4,20.3,20.4,20.4,20.4,20.3,20.3,20.4,20.5,20.3,20.3,20.4,20.4,20.3,20.5,20.5,20.5,20.6,20.5,20.4,20.5,20.5,20.6,20.7,20.6,20.6,20.5,20.6,20.6,20.6,20.7,20.7,20.5,20.8,20.7,20.8,20.8,20.6,20.8,20.7,20.8,20.7,20.7,20.8,20.7,20.7,20.9,21.0
181,26.0,24.7,24.0,24.0,24.2,24.3,25.1,25.7,25.6,24.7,25.3,26.9,27.2,25.6,25.4,26.5,25.1,24.9,24.7,24.5,23.5,23.4,24.1,24.7,24.6,24.7,25.8,26.2,25.7,25.5,25.7,25.6,25.5,25.7,26.4,27.9,28.8,28.4,28.1,27.2,26.3,26.0,25.6,25.0,24.6,24.4,24.2,23.6,23.8,23.3,23.4,23.1,22.7,22.4,21.8,21.4,21.2,21.2,21.0,20.9,20.9,20.8,20.7,20.6,20.4,20.4,20.7,21.2,22.4,25.3,27.9,29.2,29.8,30.0,30.4,30.7,30.8,31.0,31.0,31.1,31.1,31.1,31.0,31.0,31.0,30.8,30.7,30.7,30.6,30.5,30.4,30.5,30.4,30.4,30.5,30.6,30.7,30.7,30.7,30.8,30.7,30.8,30.8,30.8,30.8,30.8,30.8,30.8,30.8,30.8,30.8,30.9,30.9,30.8,31.0,31.0,31.0,31.0,31.0,31.0,31.0,30.9,30.8,31.0,30.7,30.8,30.6,30.6,30.6,30.6,30.5,30.4,30.5,30.4,30.4,30.4,30.3,30.4,30.4,30.3,30.4,30.4,30.4,30.5,30.4,30.5,30.4,30.4,30.5,30.4,30.4,30.5,30.5,30.5,30.6,30.5,30.5,30.5,30.5,30.6,30.5,30.6,30.6,30.6,30.6,30.6,30.5,30.5,30.5,30.5,30.5,30.5,30.3,30.1,30.1,30.0,30.0,30.0,29.8,29.8,29.6,29.7,29.6,29.4,29.1,28.7,28.0,26.1,23.8,21.8,21.0,20.8,20.6,20.5,20.4,20.4,20.4,20.4,20.4,20.4,20.3,20.5,20.4,20.4,20.4,20.3,20.4,20.3,20.4,20.2,20.4,20.3,20.3,20.4,20.3,20.4,20.4,20.5,20.5,20.4,20.4,20.6,20.4,20.4,20.4,20.5,20.5,20.6,20.5,20.5,20.6,20.5,20.6,20.7,20.7,20.6,20.7,20.7,20.6,20.7,20.7,20.8,20.7,20.8,20.8,20.8,20.7,20.8,20.8,20.7,20.9,20.9,20.8,20.8,20.8,20.8
182,25.5,24.7,24.1,24.1,24.1,24.5,25.5,25.7,25.4,24.9,25.8,27.2,26.9,25.5,25.5,26.1,25.1,24.7,24.6,24.1,23.5,23.5,24.2,25.0,24.7,25.0,26.0,26.5,26.1,25.4,25.6,25.7,25.7,25.8,26.4,27.6,28.8,28.5,27.8,27.2,26.5,25.9,25.6,25.1,24.7,24.4,24.4,24.0,23.8,23.4,23.1,23.1,22.7,22.4,22.1,21.9,21.6,21.5,21.2,21.2,21.0,20.8,20.7,20.6,20.7,20.5,20.7,21.0,22.2,24.7,27.4,29.0,29.6,30.1,30.4,30.7,30.8,30.8,31.0,31.1,31.1,31.2,30.9,31.0,31.0,30.9,30.8,30.6,30.6,30.6,30.5,30.5,30.4,30.5,30.5,30.6,30.8,30.6,30.7,30.9,30.9,30.7,30.9,30.8,31.0,31.0,30.9,30.9,31.0,30.8,31.0,31.0,31.0,31.0,31.0,31.1,31.0,31.0,30.9,31.0,31.0,30.9,30.8,30.8,30.7,30.6,30.6,30.6,30.6,30.5,30.5,30.5,30.5,30.4,30.4,30.3,30.4,30.4,30.3,30.3,30.4,30.4,30.5,30.4,30.5,30.4,30.4,30.5,30.4,30.4,30.5,30.6,30.4,30.6,30.6,30.5,30.5,30.6,30.6,30.6,30.6,30.5,30.5,30.5,30.6,30.6,30.6,30.6,30.6,30.5,30.6,30.3,30.1,30.1,30.3,30.0,30.0,29.8,30.0,29.8,29.7,29.6,29.5,29.5,29.1,28.8,27.6,25.7,23.1,21.4,20.8,20.7,20.6,20.5,20.5,20.4,20.4,20.4,20.4,20.4,20.5,20.4,20.5,20.3,20.3,20.4,20.4,20.4,20.4,20.4,20.4,20.5,20.4,20.4,20.4,20.4,20.4,20.4,20.5,20.4,20.5,20.5,20.5,20.4,20.5,20.5,20.5,20.5,20.5,20.5,20.5,20.6,20.5,20.5,20.7,20.7,20.6,20.6,20.7,20.7,20.7,20.7,20.7,20.7,20.8,20.8,20.7,20.8,20.8,20.8,20.7,20.9,20.9,20.8,20.8,20.7
183,25.6,24.4,24.0,24.0,24.2,24.7,25.3,25.8,24.7,25.7,25.9,27.4,26.6,25.5,25.5,25.5,25.0,24.7,24.5,23.9,23.8,23.8,24.5,25.7,25.0,25.1,26.1,26.8,26.8,25.5,25.6,25.9,25.9,26.0,26.5,27.2,28.2,27.9,27.8,27.3,26.5,25.9,25.4,24.8,24.6,24.4,24.2,24.0,23.4,23.3,23.1,23.0,22.7,22.4,22.1,22.2,22.0,21.9,21.4,21.2,21.2,20.9,20.8,20.7,20.7,20.5,20.8,20.9,21.8,24.0,27.1,28.6,29.4,30.0,30.0,30.6,30.7,30.9,30.8,31.1,31.1,31.0,31.0,31.0,30.8,30.8,30.7,30.7,30.6,30.5,30.5,30.4,30.3,30.5,30.5,30.6,30.8,30.8,30.8,30.7,30.9,30.8,30.8,30.9,30.9,31.0,30.8,30.8,31.0,31.0,31.0,31.0,30.9,30.9,31.0,31.0,31.0,31.0,31.0,31.0,31.0,30.9,30.8,30.8,30.7,30.7,30.6,30.6,30.6,30.5,30.6,30.3,30.4,30.3,30.3,30.4,30.4,30.3,30.3,30.3,30.3,30.1,30.3,30.5,30.4,30.4,30.4,30.3,30.5,30.3,30.4,30.3,30.5,30.5,30.5,30.5,30.5,30.5,30.5,30.6,30.5,30.4,30.6,30.6,30.6,30.6,30.6,30.6,30.6,30.5,30.4,30.3,30.1,30.0,30.0,29.8,29.8,29.8,29.7,29.7,29.6,29.4,29.4,29.3,29.0,28.5,27.1,25.0,22.4,21.2,20.8,20.5,20.5,20.2,20.5,20.4,20.4,20.4,20.4,20.4,20.4,20.4,20.4,20.4,20.3,20.4,20.3,20.4,20.4,20.4,20.4,20.2,20.3,20.5,20.3,20.3,20.4,20.4,20.4,20.4,20.4,20.4,20.5,20.4,20.5,20.4,20.3,20.5,20.4,20.4,20.4,20.6,20.6,20.5,20.6,20.5,20.7,20.6,20.7,20.7,20.6,20.7,20.8,20.7,20.8,20.7,20.8,20.8,20.8,20.8,20.8,20.7,20.7,20.8,20.8,20.7
184,25.3,24.4,24.1,24.3,24.3,24.9,25.8,25.1,25.3,26.5,26.4,26.9,26.9,25.5,25.4,25.6,25.1,24.4,24.4,23.8,23.6,24.1,25.0,26.1,25.0,25.6,26.4,27.2,27.2,25.7,25.7,26.3,25.8,26.1,26.4,27.0,27.7,27.7,27.7,27.2,26.6,25.8,25.4,24.6,24.5,24.4,24.2,23.8,23.5,23.0,22.8,22.7,22.6,22.4,22.6,22.4,22.4,22.4,22.0,21.8,21.5,21.2,20.9,20.7,20.7,20.6,20.8,20.7,21.5,23.3,26.0,28.2,29.4,29.8,30.0,30.6,30.6,30.9,31.0,30.9,30.9,31.0,31.0,30.8,30.8,30.9,30.7,30.6,30.6,30.6,30.5,30.6,30.5,30.6,30.6,30.7,30.8,31.0,30.9,31.0,30.9,31.0,30.9,30.9,31.0,30.9,31.0,30.9,31.1,30.9,31.0,31.1,31.0,31.1,31.0,31.1,31.1,31.0,31.0,30.9,31.1,31.0,30.8,30.9,30.7,30.6,30.6,30.6,30.6,30.6,30.6,30.4,30.5,30.4,30.4,30.3,30.5,30.3,30.4,30.4,30.3,30.3,30.4,30.4,30.3,30.4,30.1,30.4,30.5,30.3,30.3,30.3,30.5,30.4,30.5,30.5,30.6,30.6,30.5,30.6,30.6,30.6,30.5,30.6,30.6,30.5,30.6,30.5,30.5,30.4,30.3,30.4,30.4,30.0,30.1,30.0,30.0,29.8,29.8,29.8,29.6,29.6,29.4,29.4,29.0,28.0,26.5,24.4,21.9,21.0,20.7,20.6,20.5,20.2,20.5,20.4,20.3,20.4,20.3,20.4,20.4,20.4,20.4,20.5,20.4,20.3,20.2,20.4,20.3,20.3,20.3,20.5,20.3,20.2,20.5,20.2,20.6,20.5,20.4,20.4,20.4,20.5,20.4,20.5,20.5,20.5,20.4,20.5,20.4,20.5,20.5,20.5,20.5,20.6,20.6,20.7,20.7,20.6,20.7,20.7,20.7,20.7,20.8,20.8,20.8,20.7,20.7,20.7,20.9,20.8,20.7,20.8,20.8,20.8,20.7,20.7
185,24.9,24.5,24.4,24.3,24.6,25.1,25.7,25.1,26.2,27.1,26.8,26.3,27.4,25.7,25.3,25.4,24.8,24.4,24.0,23.8,23.8,24.3,25.8,26.0,25.0,25.8,26.5,27.5,27.0,25.9,25.7,26.6,25.9,26.0,26.5,26.9,27.4,27.7,27.8,27.4,26.8,26.1,25.5,25.0,24.7,24.4,24.0,23.9,23.5,23.1,23.0,23.1,22.8,23.0,22.9,22.6,22.4,22.4,22.1,21.9,21.8,21.7,21.2,20.9,20.8,20.8,20.8,20.8,21.7,22.7,25.5,27.8,29.2,29.7,30.1,30.6,30.6,31.0,30.8,31.1,31.0,31.0,30.9,30.8,30.9,30.8,30.7,30.7,30.6,30.7,30.6,30.6,30.6,30.5,30.6,30.7,30.9,30.9,31.0,31.0,31.2,31.0,30.9,31.0,31.1,31.0,30.8,31.0,31.0,31.0,31.0,31.1,30.9,31.0,31.1,31.1,31.0,31.0,31.1,31.0,31.1,31.1,30.9,30.9,30.7,30.6,30.8,30.6,30.6,30.5,30.5,30.5,30.4,30.5,30.5,30.4,30.4,30.4,30.4,30.3,30.5,30.5,30.3,30.4,30.4,30.3,30.3,30.4,30.4,30.4,30.4,30.4,30.5,30.5,30.4,30.5,30.4,30.6,30.6,30.6,30.5,30.6,30.6,30.6,30.6,30.6,30.6,30.5,30.5,30.5,30.4,30.4,30.3,30.1,30.0,30.0,30.0,29.8,29.7,29.7,29.5,29.6,29.5,29.4,28.9,27.8,25.8,23.3,21.7,20.8,20.8,20.4,20.5,20.3,20.5,20.5,20.3,20.4,20.3,20.3,20.3,20.5,20.2,20.4,20.5,20.4,20.4,20.3,20.3,20.3,20.3,20.2,20.4,20.4,20.3,20.4,20.5,20.5,20.4,20.4,20.6,20.3,20.5,20.4,20.5,20.5,20.2,20.4,20.5,20.5,20.5,20.7,20.6,20.6,20.5,20.7,20.7,20.7,20.7,20.8,20.7,20.8,20.9,20.8,20.7,20.7,20.8,20.8,20.7,20.9,20.8,20.9,20.8,20.9,21.0,20.8
186,24.6,24.8,24.4,24.4,24.8,25.5,25.9,25.6,27.8,28.1,27.1,26.1,27.2,25.8,25.1,25.5,24.7,24.6,24.2,23.8,23.8,24.6,26.3,25.8,25.0,25.9,26.9,27.7,27.5,26.0,25.7,26.8,26.0,25.9,26.1,26.9,27.8,27.8,27.5,27.3,26.9,26.3,25.8,25.5,24.7,24.4,24.2,23.8,23.8,23.4,23.3,23.1,23.1,23.0,23.0,23.0,22.6,22.1,21.9,22.0,22.0,21.7,21.4,21.2,20.9,20.8,20.9,20.8,21.2,22.1,24.5,27.3,29.1,29.7,30.0,30.6,30.8,30.8,31.0,31.0,31.0,31.0,30.8,30.8,30.8,30.8,30.8,30.6,30.6,30.6,30.6,30.6,30.5,30.6,30.6,30.8,31.0,30.9,31.1,31.0,31.1,31.1,31.0,31.0,31.2,31.1,31.0,30.9,31.1,31.1,31.1,31.1,31.1,31.1,31.1,31.2,31.0,31.2,31.1,31.1,31.0,30.9,30.8,30.7,30.9,30.6,30.6,30.7,30.6,30.6,30.6,30.4,30.4,30.5,30.4,30.5,30.5,30.5,30.5,30.4,30.4,30.3,30.4,30.1,30.3,30.3,30.3,30.3,30.5,30.3,30.3,30.4,30.4,30.4,30.4,30.5,30.5,30.5,30.6,30.5,30.6,30.5,30.6,30.6,30.6,30.6,30.6,30.5,30.4,30.5,30.5,30.1,30.3,30.1,30.1,29.8,29.8,29.7,29.8,29.7,29.6,29.6,29.4,29.3,28.8,27.3,25.3,22.8,21.2,20.8,20.6,20.4,20.4,20.4,20.4,20.5,20.3,20.3,20.4,20.4,20.3,20.5,20.4,20.4,20.4,20.4,20.3,20.2,20.4,20.4,20.4,20.4,20.3,20.3,20.3,20.4,20.5,20.5,20.5,20.5,20.5,20.5,20.5,20.4,20.5,20.5,20.4,20.3,20.5,20.4,20.5,20.5,20.5,20.6,20.6,20.7,20.5,20.7,20.6,20.7,20.8,20.8,20.7,20.7,20.7,20.8,20.8,20.8,20.8,20.8,20.8,20.8,20.9,20.8,20.8,20.7
187,25.0,24.6,24.5,24.8,25.8,25.9,25.4,26.4,28.6,28.7,27.2,26.1,27.3,26.2,25.3,25.4,24.7,24.7,24.1,24.0,24.0,25.0,26.9,25.6,25.1,25.9,27.0,28.0,27.3,26.4,25.8,26.5,26.3,26.0,26.3,26.5,27.6,28.1,27.8,27.3,26.9,26.3,25.9,25.6,25.0,24.6,24.2,23.9,23.5,23.6,23.4,23.3,23.2,23.1,23.0,22.8,23.0,22.6,21.9,21.9,22.0,21.8,21.7,21.2,21.2,20.9,20.9,20.9,21.0,22.0,23.9,26.9,28.6,29.4,30.0,30.6,30.6,30.8,30.9,30.9,30.8,30.9,30.7,30.8,30.7,30.6,30.7,30.6,30.6,30.5,30.6,30.6,30.6,30.6,30.7,30.8,30.9,31.1,31.0,31.1,31.1,31.1,31.1,31.1,31.0,31.0,31.0,31.0,31.1,31.1,31.1,31.1,31.2,31.2,31.2,31.2,31.1,31.1,31.1,31.0,31.0,30.9,31.0,31.0,30.9,30.7,30.6,30.8,30.7,30.7,30.6,30.6,30.5,30.5,30.5,30.3,30.5,30.5,30.5,30.3,30.5,30.4,30.3,30.3,30.3,30.3,30.3,30.3,30.3,30.3,30.5,30.5,30.5,30.4,30.5,30.5,30.6,30.6,30.6,30.6,30.5,30.5,30.6,30.5,30.6,30.6,30.6,30.5,30.5,30.5,30.6,30.3,30.3,30.0,30.1,30.0,29.8,29.7,29.6,29.6,29.6,29.6,29.4,29.3,28.5,27.1,24.3,22.1,21.0,20.6,20.5,20.6,20.4,20.3,20.4,20.3,20.2,20.3,20.4,20.4,20.4,20.2,20.5,20.4,20.4,20.3,20.5,20.4,20.4,20.3,20.2,20.4,20.2,20.4,20.4,20.3,20.5,20.5,20.5,20.5,20.4,20.3,20.6,20.4,20.5,20.5,20.5,20.4,20.6,20.5,20.5,20.5,20.6,20.4,20.5,20.7,20.6,20.7,20.7,20.7,20.8,20.7,20.6,20.7,20.8,20.7,20.8,20.7,20.8,20.8,20.8,20.8,20.9,20.9,20.9,20.7
188,25.3,24.4,25.0,26.3,27.7,26.3,25.5,27.1,29.4,29.4,28.0,26.4,27.1,26.4,25.3,25.1,24.8,24.6,24.0,23.9,24.0,25.8,27.6,25.9,25.3,25.9,27.2,28.2,27.4,26.8,26.0,26.4,26.3,26.0,26.3,26.5,26.9,28.4,28.8,27.7,27.2,26.3,25.9,25.6,25.3,24.9,24.5,24.3,24.1,23.4,23.4,23.3,23.2,23.3,23.3,23.1,23.0,22.8,22.4,22.1,21.9,21.8,21.6,21.6,21.5,21.2,21.2,20.8,21.0,21.5,23.0,26.2,28.1,29.4,30.0,30.5,30.6,30.8,30.8,31.0,31.0,30.8,30.8,30.7,30.7,30.7,30.6,30.6,30.6,30.7,30.6,30.6,30.6,30.6,30.8,31.0,31.0,31.0,31.1,31.1,31.2,31.2,31.1,31.1,31.1,31.1,31.1,31.1,31.2,31.0,31.2,31.1,31.1,31.4,31.3,31.3,31.2,31.1,31.2,31.2,31.1,31.1,30.9,31.0,30.9,30.8,30.8,30.7,30.7,30.7,30.6,30.6,30.6,30.6,30.4,30.6,30.5,30.5,30.4,30.4,30.5,30.5,30.3,30.3,30.3,30.1,30.4,30.3,30.3,30.3,30.4,30.5,30.4,30.5,30.6,30.5,30.5,30.6,30.5,30.5,30.5,30.6,30.5,30.5,30.6,30.5,30.5,30.5,30.6,30.6,30.4,30.4,30.1,30.1,30.0,29.8,29.8,29.8,29.7,29.6,29.7,29.5,29.5,29.2,28.4,26.4,24.2,21.8,20.9,20.6,20.5,20.5,20.5,20.4,20.3,20.4,20.3,20.3,20.4,20.3,20.4,20.4,20.5,20.3,20.3,20.4,20.4,20.4,20.5,20.4,20.5,20.3,20.3,20.4,20.5,20.4,20.3,20.4,20.4,20.4,20.5,20.5,20.6,20.4,20.4,20.4,20.5,20.4,20.5,20.7,20.5,20.6,20.6,20.5,20.6,20.7,20.7,20.5,20.7,20.8,20.7,20.8,20.7,20.7,20.8,20.7,20.8,20.8,20.8,20.9,20.8,20.9,20.9,20.8,20.9,20.9
189,24.8,24.7,25.8,27.9,27.9,26.9,26.3,27.2,29.5,30.1,28.4,26.9,27.1,26.3,24.9,25.0,24.8,24.7,24.2,24.0,24.3,26.6,27.9,26.3,25.3,25.9,27.2,28.6,28.1,26.9,26.3,26.9,26.4,26.1,26.3,26.6,26.6,27.2,28.2,28.4,27.6,26.4,25.9,25.8,25.3,24.8,24.6,24.3,24.2,23.6,23.5,23.3,23.1,23.1,23.0,23.1,23.1,23.0,23.0,22.4,22.0,21.9,21.8,21.7,21.6,21.4,21.4,21.2,21.0,21.4,22.8,25.6,28.0,29.3,29.8,30.3,30.7,30.7,30.7,30.8,30.7,30.9,30.7,30.7,30.7,30.7,30.6,30.6,30.7,30.6,30.6,30.6,30.6,30.6,30.7,30.8,31.0,31.2,31.1,31.2,31.1,31.2,31.2,31.1,31.1,31.0,31.2,31.2,31.1,31.1,31.1,31.3,31.2,31.3,31.2,31.2,31.2,31.3,31.2,31.2,31.1,31.1,31.0,31.0,31.0,30.9,30.8,30.7,30.8,30.7,30.7,30.7,30.6,30.6,30.6,30.6,30.5,30.6,30.6,30.3,30.4,30.4,30.5,30.4,30.1,30.3,30.1,30.1,30.3,30.3,30.1,30.4,30.5,30.5,30.4,30.6,30.5,30.6,30.6,30.6,30.6,30.6,30.6,30.6,30.6,30.6,30.5,30.4,30.5,30.5,30.4,30.4,30.1,30.1,30.0,29.8,29.7,29.8,29.7,29.7,29.7,29.5,29.5,29.3,28.2,26.3,23.4,21.6,20.7,20.5,20.5,20.5,20.4,20.4,20.6,20.4,20.5,20.4,20.4,20.4,20.4,20.4,20.4,20.2,20.3,20.4,20.5,20.3,20.4,20.4,20.4,20.5,20.4,20.3,20.2,20.4,20.4,20.4,20.5,20.4,20.6,20.4,20.5,20.6,20.5,20.5,20.4,20.5,20.4,20.5,20.5,20.6,20.6,20.5,20.7,20.6,20.7,20.7,20.7,20.7,20.8,20.7,20.8,20.7,20.7,20.8,20.8,20.8,20.9,20.9,21.0,21.0,20.9,20.9,21.0,20.9
190,25.1,25.3,27.4,28.1,27.9,27.4,27.8,27.6,29.0,30.1,28.7,27.4,26.9,26.3,25.0,25.1,25.0,24.7,24.1,24.0,24.5,27.4,28.2,26.5,25.5,25.9,27.3,28.9,28.4,27.1,26.1,27.3,27.5,26.1,26.3,26.8,26.8,26.5,27.3,28.0,27.6,27.1,26.4,25.6,25.1,24.8,24.7,24.5,24.2,23.9,23.6,23.4,23.3,23.0,23.0,23.3,22.9,23.2,23.3,23.1,22.7,22.0,21.8,21.7,21.6,21.4,21.5,21.2,21.0,21.4,22.1,24.7,27.3,29.1,29.7,30.6,30.6,30.6,30.7,30.8,30.8,30.9,30.8,30.8,30.7,30.6,30.7,30.6,30.7,30.6,30.6,30.7,30.6,30.6,30.7,31.0,31.2,31.2,31.2,31.2,31.2,31.3,31.2,31.2,31.1,31.2,31.2,31.0,31.2,31.2,31.2,31.2,31.2,31.1,31.3,31.4,31.2,31.2,31.2,31.2,31.2,31.2,31.1,31.2,31.1,31.1,31.0,30.8,30.9,30.9,30.9,30.8,30.6,30.7,30.6,30.6,30.6,30.6,30.5,30.5,30.4,30.4,30.4,30.3,30.3,30.3,30.1,30.3,30.3,30.3,30.3,30.4,30.3,30.5,30.5,30.5,30.5,30.5,30.5,30.6,30.6,30.5,30.5,30.5,30.6,30.5,30.5,30.6,30.5,30.5,30.3,30.4,30.1,30.0,30.0,30.0,29.8,29.8,29.7,29.8,29.6,29.6,29.5,29.1,27.8,25.8,23.1,21.4,20.8,20.6,20.7,20.5,20.4,20.4,20.5,20.6,20.2,20.4,20.4,20.4,20.6,20.3,20.4,20.5,20.2,20.3,20.3,20.4,20.5,20.3,20.2,20.4,20.2,20.5,20.5,20.5,20.4,20.4,20.2,20.5,20.5,20.4,20.4,20.4,20.5,20.7,20.5,20.6,20.7,20.5,20.6,20.7,20.7,20.7,20.7,20.7,20.7,20.7,20.7,20.7,20.8,20.7,20.9,20.9,20.9,20.9,20.8,20.8,20.8,20.9,20.9,20.9,20.9,20.9,20.9,20.9
191,25.5,26.3,28.1,28.1,27.7,28.0,29.2,28.6,28.4,29.4,29.1,28.2,26.6,26.3,24.9,24.7,25.1,24.7,24.1,24.1,25.0,27.9,28.9,27.1,25.6,26.0,27.1,29.1,28.9,27.3,26.3,26.9,28.1,26.8,26.2,26.9,27.0,26.4,26.3,27.0,27.6,27.5,26.9,25.8,24.9,24.5,24.4,24.4,24.2,24.0,23.8,23.3,23.4,23.3,23.4,23.2,23.0,23.3,23.2,23.3,23.1,22.4,21.9,21.8,21.6,21.2,21.7,21.0,21.2,21.4,22.2,24.2,27.1,29.0,29.8,30.5,30.5,30.7,30.8,30.8,30.8,30.8,30.6,30.7,30.6,30.7,30.8,30.6,30.6,30.6,30.6,30.6,30.6,30.6,30.7,30.9,31.3,31.2,31.1,31.0,31.3,31.2,31.2,31.0,31.1,31.0,31.0,31.2,31.4,31.3,31.2,31.3,31.3,31.2,31.3,31.2,31.3,31.2,31.5,31.2,31.2,31.1,31.2,31.2,31.2,31.0,31.0,30.8,30.7,30.9,30.9,30.6,30.7,30.9,30.3,30.6,30.6,30.6,30.5,30.3,30.4,30.4,30.3,30.1,30.4,30.1,30.3,30.3,30.1,30.3,30.5,30.1,30.4,30.4,30.5,30.6,30.5,30.6,30.6,30.5,30.5,30.5,30.1,30.6,30.6,30.6,30.5,30.4,30.3,30.4,30.1,30.0,30.1,30.0,30.0,29.8,29.5,29.6,29.7,29.7,29.6,29.6,29.5,28.7,27.3,25.3,22.9,21.4,20.7,20.4,20.4,20.4,20.6,20.4,20.5,20.6,20.5,20.5,20.4,20.5,20.5,20.3,20.4,20.3,20.7,20.4,20.4,20.4,20.3,20.2,20.5,20.3,20.5,20.4,20.3,20.5,20.4,20.1,20.5,20.5,20.6,20.5,20.3,20.3,20.7,20.5,20.6,20.5,20.7,20.4,20.4,20.7,20.5,20.6,20.5,20.8,20.7,20.7,20.8,20.6,20.8,20.7,20.8,20.8,20.8,20.8,20.9,20.9,20.9,20.7,21.0,20.9,21.0,20.8,21.2,21.0
