รเ X/Y,0,1,2,3,4,5,6,7,8,9,10,11,12,13,14,15,16,17,18,19,20,21,22,23,24,25,26,27,28,29,30,31,32,33,34,35,36,37,38,39,40,41,42,43,44,45,46,47,48,49,50,51,52,53,54,55,56,57,58,59,60,61,62,63,64,65,66,67,68,69,70,71,72,73,74,75,76,77,78,79,80,81,82,83,84,85,86,87,88,89,90,91,92,93,94,95,96,97,98,99,100,101,102,103,104,105,106,107,108,109,110,111,112,113,114,115,116,117,118,119,120,121,122,123,124,125,126,127,128,129,130,131,132,133,134,135,136,137,138,139,140,141,142,143,144,145,146,147,148,149,150,151,152,153,154,155,156,157,158,159,160,161,162,163,164,165,166,167,168,169,170,171,172,173,174,175,176,177,178,179,180,181,182,183,184,185,186,187,188,189,190,191,192,193,194,195,196,197,198,199,200,201,202,203,204,205,206,207,208,209,210,211,212,213,214,215,216,217,218,219,220,221,222,223,224,225,226,227,228,229,230,231,232,233,234,235,236,237,238,239,240,241,242,243,244,245,246,247,248,249,250,251,252,253,254,255
0,33.2,33.6,33.7,33.5,33.6,33.2,33.2,33.9,33.8,33.7,33.5,32.9,32.3,31.7,30.7,30.0,29.2,28.8,28.4,27.9,27.2,27.1,26.9,26.6,26.6,26.5,26.4,26.5,26.3,26.4,26.3,26.2,26.1,26.2,26.1,26.0,26.0,25.8,25.9,25.8,25.9,25.8,25.9,25.8,25.9,25.8,25.8,25.8,25.5,25.6,25.5,25.5,25.5,25.6,25.5,25.5,25.5,25.4,25.5,25.3,25.5,25.3,25.4,25.1,25.1,25.1,25.1,24.9,24.9,24.8,24.8,24.9,24.9,24.8,24.8,24.7,24.8,24.7,24.6,24.7,24.6,24.6,24.4,24.4,24.7,24.5,24.3,24.4,24.5,24.4,24.3,24.4,24.1,24.2,24.3,24.1,24.2,24.2,24.0,24.2,24.1,24.0,24.1,24.1,24.1,24.1,24.1,23.9,24.1,24.3,24.1,24.0,24.0,24.0,23.8,23.9,23.8,23.6,23.8,23.6,23.5,23.5,23.5,23.8,23.6,23.8,23.5,23.5,23.6,23.8,23.6,23.6,24.0,23.6,23.5,23.8,23.6,23.5,23.2,23.5,23.5,23.6,23.5,23.5,23.5,23.6,23.5,23.3,23.8,23.3,23.3,23.6,23.4,23.2,23.2,23.2,23.5,23.3,23.4,23.3,23.2,23.3,23.4,23.4,23.5,23.3,23.3,23.2,23.3,23.4,23.4,23.5,23.3,23.5,23.3,23.3,23.4,23.5,23.5,23.4,23.3,23.4,23.3,23.5,23.9,23.5,23.5,23.5,23.6,23.4,23.4,23.3,23.9,23.3,23.5,23.6,23.5,23.9,24.1,23.9,23.9,23.6,24.0,24.3,24.2,23.8,23.8,23.9,24.0,23.9,24.0,24.2,24.2,24.4,24.3,24.3,24.4,24.2,24.3,24.3,24.4,24.2,24.5,24.4,24.3,24.5,24.6,24.8,24.7,24.5,24.7,24.7,24.9,24.8,24.9,25.3,25.3,25.3,25.1,25.1,25.1,25.3,25.4,25.5,25.7,25.7,25.8,25.9,25.7,26.1,25.9,26.2,26.0,26.4,26.4,27.1
1,33.7,33.5,33.7,33.6,33.6,33.5,32.8,32.2,30.6,30.0,29.6,28.9,27.9,27.5,27.1,27.1,27.1,27.0,27.0,27.1,26.8,27.0,26.6,26.5,26.4,26.3,26.4,26.3,26.2,26.2,26.1,26.2,26.3,26.2,26.1,26.1,25.9,26.0,25.8,25.8,25.9,25.8,25.8,25.8,25.8,25.6,25.6,25.6,25.6,25.6,25.5,25.5,25.6,25.5,25.6,25.5,25.5,25.3,25.6,25.3,25.3,25.1,25.1,25.1,25.1,25.1,25.1,25.1,25.0,24.9,24.9,24.9,24.8,24.8,24.7,24.7,24.7,24.8,24.8,24.7,24.7,24.6,24.7,24.5,24.5,24.5,24.5,24.4,24.4,24.4,24.3,24.3,24.3,24.3,24.3,24.2,24.1,24.2,24.3,24.1,24.1,24.3,24.0,24.0,24.0,24.1,24.0,24.0,23.9,24.0,23.9,23.8,23.9,23.8,23.9,23.8,23.8,23.6,23.9,23.6,23.6,23.5,23.6,23.6,23.5,23.8,23.6,23.5,23.5,23.5,23.6,23.6,23.6,23.5,23.5,23.5,23.5,23.5,23.5,23.5,23.5,23.5,23.5,23.3,23.4,23.4,23.4,23.3,23.4,23.3,23.3,23.3,23.3,23.3,23.3,23.2,23.3,23.2,23.3,23.3,23.3,23.3,23.3,23.2,23.3,23.2,23.3,23.4,23.3,23.4,23.3,23.3,23.3,23.4,23.3,23.2,23.4,23.5,23.3,23.5,23.4,23.3,23.4,23.4,23.5,23.5,23.5,23.5,23.5,23.5,23.5,23.5,23.6,23.5,23.6,23.5,23.8,23.8,23.9,23.8,23.8,23.8,23.9,23.8,23.9,23.9,24.0,24.1,23.9,24.1,24.1,24.1,24.2,24.2,24.1,24.2,24.2,24.3,24.3,24.3,24.5,24.4,24.4,24.4,24.5,24.5,24.5,24.5,24.7,24.6,24.7,24.7,24.7,24.7,24.8,25.0,25.1,25.1,25.1,25.3,25.1,25.1,25.4,25.5,25.5,25.5,25.5,25.7,25.8,25.9,26.0,25.9,26.0,26.2,26.2,26.1
2,32.9,32.8,31.6,31.2,29.4,29.2,28.1,27.6,27.3,27.1,27.2,27.2,27.1,27.0,26.9,26.9,26.6,26.9,26.5,26.8,26.5,26.4,26.4,26.4,26.3,26.3,26.2,26.0,26.0,26.0,25.9,26.1,25.9,25.8,25.9,25.8,25.9,25.8,25.8,25.8,25.8,25.8,25.8,25.8,25.8,25.6,25.7,25.6,25.6,25.6,25.6,25.6,25.6,25.6,25.6,25.4,25.4,25.5,25.3,25.4,25.4,25.3,25.1,25.3,25.1,25.1,25.1,25.1,25.0,24.9,24.8,24.9,24.9,24.8,24.7,24.7,24.8,24.6,24.7,24.6,24.6,24.6,24.5,24.4,24.4,24.4,24.4,24.3,24.4,24.3,24.3,24.3,24.2,24.3,24.1,24.1,24.1,24.0,24.1,24.1,23.8,24.0,23.9,24.0,23.9,23.8,24.0,23.6,23.9,23.6,23.6,23.8,23.8,23.5,23.6,23.5,23.5,23.6,23.5,23.5,23.5,23.5,23.5,23.5,23.5,23.5,23.4,23.5,23.5,23.5,23.3,23.4,23.4,23.3,23.3,23.3,23.4,23.3,23.3,23.3,23.3,23.4,23.2,23.3,23.2,23.1,23.3,23.1,23.3,23.2,23.2,23.2,23.2,23.1,23.2,23.2,23.1,23.2,23.2,23.2,23.1,23.1,23.2,23.3,23.2,23.2,23.2,23.2,23.2,23.2,23.2,23.2,23.2,23.2,23.3,23.2,23.2,23.3,23.3,23.4,23.3,23.2,23.3,23.3,23.3,23.4,23.4,23.4,23.5,23.3,23.4,23.4,23.5,23.4,23.6,23.5,23.8,23.5,23.5,23.8,23.5,23.6,23.6,23.8,23.8,24.0,23.9,23.8,23.9,23.8,24.1,24.0,24.2,24.1,24.2,24.3,24.1,24.2,24.2,24.3,24.3,24.3,24.4,24.4,24.4,24.5,24.6,24.7,24.6,24.6,24.6,24.7,24.8,24.8,24.9,24.9,24.9,25.1,25.0,25.1,25.1,25.4,25.3,25.4,25.4,25.5,25.6,25.6,25.7,25.7,25.8,25.8,25.8,25.9,25.9,25.9
3,28.8,27.8,27.7,27.6,27.4,27.3,27.3,27.3,27.2,27.1,27.1,26.8,26.9,26.6,26.8,26.5,26.6,26.4,26.3,26.4,26.4,26.3,26.3,26.3,26.2,26.1,26.2,26.0,26.0,26.1,26.0,25.9,25.8,25.9,25.9,25.8,25.8,25.8,25.8,25.8,25.8,25.9,25.8,25.8,25.8,25.6,25.8,25.7,25.6,25.6,25.6,25.5,25.5,25.6,25.6,25.4,25.5,25.4,25.4,25.3,25.3,25.4,25.1,25.3,25.1,25.3,25.1,25.0,25.0,24.9,24.9,24.9,24.9,24.9,24.6,24.7,24.7,24.6,24.6,24.6,24.5,24.5,24.5,24.5,24.3,24.3,24.2,24.3,24.3,24.2,24.3,24.1,24.1,24.0,24.2,23.9,24.0,23.9,23.9,23.6,23.8,23.8,23.6,23.8,23.5,23.5,23.6,23.5,23.6,23.6,23.6,23.5,23.4,23.4,23.4,23.4,23.4,23.5,23.4,23.3,23.3,23.3,23.4,23.2,23.3,23.2,23.2,23.3,23.3,23.2,23.3,23.2,23.3,23.2,23.2,23.1,23.2,23.2,23.3,23.1,23.2,23.1,23.2,23.1,23.1,23.1,23.2,23.1,23.0,23.0,23.0,23.0,23.1,23.1,23.1,23.0,23.0,23.1,23.0,23.0,23.1,23.0,23.0,23.2,23.0,23.1,23.1,23.2,23.1,23.2,23.2,23.2,23.1,23.1,23.2,23.2,23.1,23.2,23.2,23.2,23.2,23.2,23.2,23.3,23.2,23.2,23.2,23.3,23.3,23.3,23.3,23.3,23.4,23.4,23.3,23.4,23.5,23.5,23.5,23.5,23.5,23.6,23.6,23.6,23.6,23.6,23.8,23.8,23.8,23.9,24.1,24.0,23.9,24.0,24.1,24.1,24.3,24.3,24.3,24.2,24.3,24.4,24.4,24.5,24.5,24.3,24.5,24.5,24.6,24.5,24.6,24.7,24.7,24.7,24.8,24.9,24.9,25.0,25.0,25.1,25.3,25.3,25.3,25.5,25.5,25.5,25.6,25.6,25.6,25.8,25.8,25.8,25.8,25.8,25.9,25.9
4,27.6,27.5,27.5,27.3,27.1,27.2,27.1,27.1,26.9,26.8,26.8,26.5,26.5,26.4,26.4,26.5,26.3,26.4,26.2,26.3,26.2,26.3,26.1,26.2,26.0,26.2,26.1,26.1,25.9,26.0,25.8,26.0,25.8,26.0,25.9,25.9,25.8,25.8,25.8,25.8,25.8,25.8,25.8,25.8,25.8,25.8,25.6,25.5,25.6,25.7,25.6,25.6,25.5,25.6,25.6,25.5,25.3,25.4,25.4,25.3,25.4,25.3,25.3,25.1,25.1,25.1,25.0,25.0,24.8,24.8,25.0,24.8,24.7,24.7,24.6,24.5,24.6,24.5,24.6,24.5,24.5,24.3,24.3,24.2,24.2,24.3,24.2,24.0,24.1,23.9,24.0,23.9,24.0,24.0,23.6,23.6,23.9,23.5,23.5,23.5,23.5,23.6,23.5,23.5,23.4,23.5,23.5,23.5,23.5,23.3,23.5,23.3,23.3,23.3,23.3,23.3,23.2,23.3,23.2,23.2,23.2,23.2,23.3,23.1,23.3,23.2,23.1,23.1,23.2,23.1,23.1,23.1,23.1,23.1,23.1,23.1,23.0,23.1,23.1,23.0,23.1,23.0,23.1,23.1,23.0,23.1,23.1,23.0,23.0,23.0,23.0,23.0,23.0,23.0,23.0,23.1,23.0,23.0,23.0,23.0,23.0,23.1,23.1,23.1,23.0,23.0,23.0,23.0,23.0,23.0,23.1,23.0,23.0,23.0,23.1,23.1,23.1,23.1,23.2,23.1,23.0,23.1,23.1,23.2,23.2,23.1,23.2,23.3,23.3,23.3,23.2,23.3,23.3,23.3,23.3,23.3,23.3,23.3,23.5,23.5,23.4,23.5,23.4,23.5,23.5,23.4,23.4,23.6,23.6,23.6,24.0,23.8,23.6,23.8,24.0,24.0,24.2,24.1,24.2,24.2,24.3,24.4,24.3,24.3,24.3,24.5,24.5,24.5,24.5,24.7,24.6,24.6,24.8,24.7,24.8,24.8,24.9,24.9,25.0,25.1,25.0,25.1,25.1,25.3,25.6,25.5,25.6,25.6,25.6,25.8,25.8,25.8,25.8,25.8,25.9,25.8
5,27.2,27.2,27.3,27.2,27.1,26.9,26.9,26.8,26.8,26.4,26.4,26.5,26.4,26.4,26.3,26.3,26.3,26.4,26.3,26.3,26.2,26.1,26.2,26.2,26.1,26.0,26.0,26.1,26.0,26.0,26.0,25.8,25.8,25.9,25.8,25.9,25.8,25.8,25.8,25.8,25.8,25.8,25.8,25.8,25.8,25.8,25.8,25.7,25.5,25.6,25.6,25.6,25.5,25.5,25.5,25.4,25.3,25.1,25.3,25.1,25.1,25.1,24.9,25.0,24.9,24.9,24.8,24.8,24.7,24.6,24.6,24.5,24.5,24.5,24.4,24.3,24.5,24.3,24.2,24.2,24.1,24.2,24.1,24.1,23.9,24.0,23.9,23.9,23.6,23.9,23.9,23.8,23.6,23.5,23.6,23.5,23.4,23.5,23.4,23.4,23.4,23.4,23.3,23.4,23.2,23.3,23.3,23.3,23.2,23.3,23.3,23.3,23.3,23.2,23.2,23.3,23.2,23.2,23.1,23.2,23.2,23.1,23.1,23.1,23.0,23.2,23.1,23.2,23.2,23.0,23.2,23.0,23.0,23.1,23.0,23.0,23.0,23.1,23.1,23.1,23.1,23.0,23.1,23.0,23.0,22.9,23.0,23.0,22.9,22.9,23.0,23.0,23.0,23.1,23.0,23.0,22.9,23.0,23.0,22.8,23.0,22.9,23.0,22.9,23.0,23.0,23.0,23.0,23.0,23.0,23.0,23.1,23.0,23.1,23.1,23.0,23.0,23.1,23.1,23.1,23.0,23.1,23.0,23.1,23.2,23.1,23.2,23.3,23.2,23.3,23.2,23.2,23.1,23.2,23.2,23.3,23.2,23.4,23.2,23.3,23.3,23.3,23.3,23.3,23.3,23.4,23.5,23.5,23.5,23.5,23.8,23.6,23.6,23.6,23.8,23.8,24.0,24.0,24.1,24.1,24.2,24.2,24.2,24.5,24.4,24.5,24.5,24.4,24.5,24.5,24.5,24.6,24.6,24.6,24.7,24.9,24.9,24.9,25.0,25.1,25.0,25.3,25.1,25.4,25.5,25.5,25.6,25.7,25.7,25.8,25.8,25.9,25.8,25.9,25.9,25.9
6,27.1,27.1,27.1,27.0,26.9,26.9,26.6,26.8,26.4,26.4,26.5,26.4,26.3,26.4,26.3,26.3,26.3,26.3,26.2,26.3,26.2,26.2,26.0,26.0,26.1,26.1,26.1,26.0,26.0,26.0,26.0,25.9,26.0,25.8,25.8,25.9,25.8,25.8,25.8,25.8,25.8,25.8,25.8,25.8,25.8,25.6,25.5,25.5,25.3,25.4,25.5,25.4,25.5,25.3,25.1,25.0,25.0,25.0,24.9,24.9,24.8,24.7,24.8,24.7,24.5,24.5,24.6,24.7,24.5,24.3,24.3,24.3,24.3,24.3,24.2,24.1,24.1,24.0,24.0,24.1,24.0,24.0,24.0,23.9,23.8,23.9,23.6,23.6,23.5,23.8,23.5,23.5,23.5,23.4,23.5,23.5,23.4,23.3,23.3,23.3,23.4,23.3,23.3,23.3,23.3,23.3,23.3,23.2,23.2,23.3,23.3,23.3,23.3,23.2,23.2,23.2,23.2,23.1,23.2,23.2,23.0,23.3,23.1,23.2,23.2,23.2,23.0,23.0,23.1,23.1,23.0,23.1,23.0,23.0,23.1,23.0,23.1,23.0,23.1,23.1,23.1,23.0,23.0,23.0,23.0,23.0,22.9,23.0,22.9,23.1,23.0,22.9,23.1,23.0,23.0,22.8,23.0,23.0,23.0,22.7,23.0,23.1,22.8,23.1,23.0,22.9,22.9,23.0,23.0,23.1,23.0,23.0,23.1,23.0,23.0,23.0,23.1,23.0,23.1,23.2,23.1,23.0,23.0,23.1,23.1,23.1,23.1,23.2,23.2,23.2,23.2,23.1,23.1,23.2,23.2,23.2,23.3,23.3,23.3,23.2,23.3,23.3,23.4,23.3,23.3,23.5,23.3,23.4,23.4,23.3,23.5,23.5,23.5,23.5,23.8,23.9,23.6,23.9,24.1,24.0,24.0,24.0,24.1,24.0,24.3,24.1,24.3,24.3,24.3,24.3,24.3,24.5,24.6,24.6,24.7,24.7,24.7,24.8,24.8,25.0,25.1,24.9,25.1,25.3,25.5,25.5,25.6,25.6,25.7,25.8,25.8,25.8,25.8,25.9,26.1,26.0
7,26.9,27.0,26.9,26.8,26.9,26.8,26.6,26.5,26.5,26.4,26.4,26.4,26.4,26.3,26.3,26.3,26.2,26.3,26.2,26.3,26.1,26.1,26.1,26.0,26.0,26.0,26.0,26.0,25.9,25.9,25.8,25.8,25.8,25.8,25.8,25.8,25.7,25.8,25.7,25.6,25.6,25.6,25.6,25.3,25.5,25.3,25.3,25.1,25.1,25.0,25.1,25.1,24.8,25.1,24.9,24.8,24.7,24.7,24.6,24.6,24.6,24.5,24.5,24.5,24.4,24.5,24.5,24.3,24.3,24.2,24.1,24.1,24.0,24.1,24.0,24.0,24.0,23.9,24.0,23.6,23.8,23.8,23.8,23.6,23.5,23.8,23.5,23.5,23.5,23.4,23.5,23.5,23.5,23.5,23.4,23.3,23.3,23.2,23.2,23.3,23.2,23.3,23.1,23.3,23.1,23.3,23.3,23.2,23.1,23.2,23.1,23.2,23.2,23.2,23.2,23.1,23.2,23.2,23.3,23.1,23.1,23.1,23.2,23.1,23.1,23.2,23.0,23.0,23.0,23.0,23.1,23.0,23.1,23.0,23.2,23.0,23.0,23.0,23.1,23.0,23.1,23.1,23.0,23.1,23.0,23.0,22.8,23.0,22.9,23.1,23.0,23.0,23.0,23.0,23.0,23.0,22.8,22.9,23.0,23.0,22.8,22.8,22.9,23.0,22.9,23.0,22.9,23.0,22.9,22.9,22.9,23.0,23.0,23.0,23.0,22.9,23.0,23.0,23.0,23.1,23.1,22.9,23.0,23.1,23.1,23.2,23.1,23.1,23.2,23.1,23.1,23.1,23.1,23.1,23.2,23.2,23.0,23.2,23.3,23.3,23.3,23.2,23.3,23.3,23.3,23.3,23.3,23.3,23.3,23.5,23.6,23.4,23.5,23.5,23.5,23.6,23.6,23.9,23.9,23.9,24.0,24.0,24.0,24.0,24.1,24.2,24.2,24.2,24.1,24.3,24.3,24.3,24.3,24.5,24.5,24.6,24.6,24.7,24.8,24.7,24.9,25.0,25.1,25.3,25.3,25.4,25.5,25.5,25.6,25.8,25.8,25.8,25.8,25.8,25.9,26.0
8,26.5,26.8,26.9,26.9,26.8,26.9,26.5,26.5,26.5,26.4,26.4,26.3,26.3,26.3,26.2,26.3,26.3,26.2,26.0,26.1,26.2,26.1,26.0,25.9,25.9,25.9,25.8,25.7,25.8,25.8,25.7,25.6,25.6,25.6,25.4,25.5,25.3,25.4,25.3,25.1,25.4,25.3,25.1,25.1,25.1,24.9,25.0,24.9,24.9,24.8,24.8,24.6,24.7,24.7,24.5,24.5,24.5,24.5,24.5,24.5,24.3,24.3,24.3,24.3,24.2,24.2,24.2,24.1,24.0,24.1,24.0,24.0,24.0,23.9,23.9,23.8,23.6,23.6,23.6,23.6,23.6,23.5,23.5,23.6,23.4,23.6,23.5,23.3,23.3,23.5,23.4,23.3,23.5,23.3,23.2,23.3,23.3,23.2,23.3,23.1,23.3,23.1,23.2,23.1,23.1,23.2,23.2,23.2,23.2,23.2,23.2,23.2,23.2,23.1,23.2,23.3,23.2,23.1,23.1,23.1,23.0,23.0,23.1,23.1,23.1,23.2,23.0,23.0,23.0,23.0,23.0,23.1,23.0,23.0,23.1,23.0,23.1,23.2,23.1,23.0,23.0,23.1,23.0,23.0,23.0,23.1,22.9,23.0,23.0,23.1,23.0,23.0,23.0,23.0,23.0,22.9,23.0,23.0,23.0,22.8,22.9,22.9,22.9,23.0,22.9,23.0,23.0,22.8,22.9,23.0,23.0,23.0,23.0,23.1,23.0,23.0,23.0,23.0,22.9,23.1,23.0,23.0,23.1,23.0,23.0,23.0,23.0,23.1,23.1,23.0,23.1,23.1,23.2,23.2,23.3,23.2,23.3,23.3,23.2,23.3,23.3,23.4,23.3,23.4,23.3,23.2,23.3,23.3,23.3,23.3,23.3,23.4,23.5,23.6,23.5,23.5,23.5,23.8,23.9,23.8,23.8,23.8,23.9,24.0,23.9,24.0,24.1,24.2,24.2,24.2,24.3,24.1,24.3,24.3,24.4,24.4,24.5,24.6,24.5,24.7,24.7,24.7,24.8,24.9,25.1,25.1,25.3,25.4,25.6,25.6,25.6,25.7,25.8,25.8,26.0,26.1
9,26.9,26.8,26.8,26.9,26.8,26.6,26.5,26.5,26.3,26.4,26.3,26.3,26.2,26.0,26.1,26.1,25.9,26.0,25.8,25.9,25.8,25.8,25.8,25.6,25.6,25.5,25.4,25.3,25.3,25.4,25.1,25.1,25.1,25.0,24.9,25.0,25.1,25.0,25.0,25.0,24.8,24.9,24.9,24.8,24.8,24.6,24.6,24.5,24.5,24.5,24.5,24.4,24.4,24.5,24.3,24.4,24.3,24.2,24.2,24.1,24.1,24.1,24.1,24.0,24.0,24.0,23.9,24.0,23.8,23.9,23.9,23.9,23.9,23.6,23.5,23.6,23.6,23.5,23.5,23.5,23.5,23.5,23.4,23.3,23.5,23.4,23.4,23.5,23.3,23.5,23.2,23.3,23.3,23.3,23.3,23.2,23.2,23.2,23.1,23.2,23.1,23.1,23.2,23.2,23.1,23.1,23.2,23.2,23.1,23.2,23.2,23.2,23.1,23.1,23.1,23.1,23.1,23.1,23.1,23.1,23.1,23.1,23.0,23.0,23.2,23.1,23.0,23.0,22.9,23.0,23.0,23.1,22.8,23.0,23.0,23.0,23.0,23.0,23.0,22.9,23.0,23.0,23.0,23.0,22.8,23.1,22.9,22.9,23.0,23.0,23.0,23.0,23.0,23.0,23.0,22.9,23.0,22.9,23.0,23.0,22.8,23.0,22.8,22.9,22.9,22.9,22.8,22.9,23.0,22.9,22.9,22.9,22.9,22.9,23.1,23.0,23.0,23.0,22.8,23.0,23.0,22.9,23.0,23.1,23.0,23.1,23.0,23.0,23.2,23.0,23.1,23.2,23.2,23.2,23.2,23.2,23.2,23.2,23.2,23.3,23.2,23.2,23.2,23.3,23.3,23.3,23.3,23.3,23.3,23.4,23.3,23.3,23.3,23.5,23.5,23.5,23.5,23.6,23.6,23.5,23.8,23.6,23.8,23.8,23.8,24.0,23.8,24.1,24.0,24.0,24.1,24.0,24.2,24.3,24.3,24.5,24.3,24.4,24.4,24.5,24.6,24.7,24.6,24.8,24.8,24.9,24.9,25.3,25.1,25.4,25.3,25.5,25.6,25.6,25.6,25.8
10,26.9,26.8,26.9,26.6,26.6,26.5,26.4,26.4,26.3,26.1,26.2,26.1,25.9,25.8,25.8,25.8,25.7,25.6,25.5,25.6,25.6,25.4,25.3,25.4,25.3,24.9,25.0,24.8,24.8,24.9,24.9,24.8,24.8,24.7,24.7,24.8,24.7,24.7,24.7,24.7,24.7,24.6,24.6,24.6,24.6,24.5,24.5,24.4,24.4,24.3,24.3,24.3,24.2,24.1,24.1,24.1,24.0,24.1,24.0,24.0,24.1,23.9,23.9,23.9,23.9,23.8,24.0,23.8,23.8,23.6,23.6,23.6,23.5,23.6,23.4,23.6,23.5,23.4,23.4,23.4,23.4,23.4,23.3,23.3,23.4,23.3,23.4,23.3,23.3,23.4,23.3,23.3,23.2,23.2,23.2,23.2,23.1,23.2,23.2,23.2,23.2,23.1,23.1,23.2,23.2,23.2,23.1,23.1,23.2,23.1,23.2,23.1,23.2,23.1,23.2,23.0,23.2,23.2,23.2,23.2,23.2,23.2,23.2,23.1,23.2,23.1,23.0,23.2,23.1,23.0,23.1,23.0,23.0,23.0,23.1,23.0,23.1,23.0,23.1,23.0,23.1,23.0,23.0,23.0,23.1,23.0,23.0,23.1,23.1,23.0,23.1,23.1,22.9,22.9,23.0,23.0,23.0,23.0,23.0,22.8,23.0,23.0,23.0,22.8,23.0,22.9,22.9,22.8,23.0,22.9,22.9,23.0,23.0,23.0,22.9,23.0,22.9,23.0,23.0,23.1,22.9,23.0,23.1,23.1,23.1,23.1,23.1,23.2,23.1,23.2,23.2,23.1,23.2,23.1,23.1,23.2,23.2,23.1,23.1,23.3,23.2,23.3,23.3,23.3,23.2,23.2,23.3,23.2,23.3,23.5,23.4,23.5,23.5,23.6,23.4,23.5,23.5,23.5,23.8,23.6,23.6,23.9,23.8,23.8,23.6,23.8,23.9,24.0,24.0,24.0,24.0,24.1,24.3,24.2,24.2,24.4,24.3,24.3,24.4,24.5,24.5,24.6,24.5,24.6,24.7,24.9,24.8,24.9,25.0,25.1,25.3,25.4,25.3,25.5,25.5,25.6
11,26.9,26.8,26.5,26.4,26.5,26.4,26.1,26.2,26.0,25.8,25.8,25.8,25.7,25.6,25.5,25.5,25.1,25.3,25.1,25.3,25.0,25.1,25.0,24.9,24.8,24.8,24.8,24.5,24.6,24.5,24.6,24.6,24.6,24.7,24.5,24.6,24.6,24.5,24.5,24.5,24.5,24.5,24.4,24.2,24.5,24.2,24.3,24.2,24.2,24.1,24.0,24.0,23.9,24.2,24.0,24.0,23.9,23.9,23.8,23.6,23.8,23.9,23.8,23.8,23.8,23.6,23.8,23.6,23.5,23.5,23.5,23.6,23.5,23.5,23.5,23.4,23.5,23.4,23.3,23.4,23.3,23.3,23.4,23.3,23.1,23.3,23.3,23.3,23.3,23.3,23.3,23.3,23.3,23.2,23.2,23.1,23.1,23.3,23.2,23.2,23.3,23.2,23.3,23.1,23.1,23.3,23.2,23.1,23.2,23.2,23.2,23.1,23.1,23.2,23.2,23.3,23.2,23.3,23.3,23.2,23.3,23.3,23.2,23.1,23.1,23.1,23.2,23.1,23.1,23.2,23.1,23.2,23.1,23.1,23.1,23.1,23.2,23.1,23.1,23.0,23.1,23.2,23.0,23.1,23.1,23.1,23.1,23.1,23.1,23.1,23.0,23.1,23.1,23.0,23.0,23.1,23.1,23.0,23.1,22.9,23.0,23.0,23.0,23.0,22.9,23.0,23.0,23.1,23.0,23.0,23.0,23.0,23.2,23.0,23.0,23.1,23.1,23.0,23.1,23.1,23.1,23.2,23.1,23.1,23.0,23.2,23.1,23.2,23.2,23.1,23.2,23.2,23.3,23.2,23.3,23.2,23.2,23.2,23.1,23.1,23.3,23.4,23.2,23.3,23.3,23.3,23.2,23.4,23.4,23.2,23.5,23.3,23.5,23.5,23.5,23.6,23.5,23.6,23.6,23.6,23.6,23.6,23.9,23.6,23.6,23.9,23.9,24.0,24.0,24.0,24.0,24.0,24.3,24.1,24.2,24.1,24.3,24.3,24.3,24.3,24.3,24.4,24.5,24.6,24.5,24.6,24.7,24.8,24.8,25.0,25.1,24.9,25.0,25.0,25.1,25.3
12,26.4,26.2,26.2,26.2,26.0,26.1,25.8,25.8,25.5,25.5,25.5,25.4,25.3,25.3,25.0,24.9,24.9,25.0,24.7,24.8,24.8,24.8,24.5,24.6,24.6,24.5,24.6,24.4,24.4,24.5,24.3,24.3,24.3,24.3,24.4,24.3,24.3,24.3,24.3,24.3,24.3,24.2,24.3,24.3,24.3,24.1,24.1,24.1,24.0,24.0,23.8,24.0,23.8,24.0,23.8,23.8,23.6,23.5,23.5,23.6,23.6,23.6,23.5,23.5,23.5,23.5,23.5,23.5,23.4,23.5,23.5,23.5,23.5,23.3,23.4,23.3,23.5,23.4,23.3,23.3,23.3,23.3,23.3,23.2,23.2,23.3,23.1,23.2,23.3,23.3,23.3,23.3,23.2,23.2,23.2,23.2,23.3,23.2,23.1,23.2,23.1,23.2,23.2,23.1,23.3,23.2,23.2,23.2,23.3,23.3,23.2,23.3,23.1,23.1,23.3,23.3,23.4,23.3,23.3,23.3,23.3,23.3,23.3,23.2,23.2,23.3,23.1,23.2,23.2,23.2,23.2,23.2,23.1,23.1,23.1,23.0,23.1,23.1,23.1,23.1,23.0,23.1,23.1,23.0,23.1,23.1,23.0,23.1,23.1,23.1,23.1,23.0,23.1,22.9,23.1,23.0,23.1,23.0,22.9,23.1,23.0,23.1,23.0,23.0,23.0,23.0,23.0,23.1,23.0,23.0,23.0,23.1,23.0,23.1,23.1,23.0,23.1,23.2,23.0,23.2,23.2,23.2,23.1,23.2,23.1,23.3,23.2,23.2,23.3,23.3,23.2,23.3,23.3,23.2,23.3,23.2,23.2,23.2,23.3,23.3,23.3,23.3,23.3,23.3,23.3,23.2,23.3,23.3,23.2,23.3,23.4,23.3,23.4,23.4,23.4,23.3,23.5,23.6,23.6,23.6,23.6,23.9,23.6,23.6,23.6,23.9,23.9,23.9,24.0,24.0,24.1,24.0,24.0,24.0,24.2,24.2,24.1,24.2,24.2,24.3,24.3,24.3,24.4,24.5,24.4,24.5,24.5,24.7,24.6,24.8,24.8,24.9,24.9,24.9,25.1,25.1
13,26.0,25.9,25.9,25.9,25.8,25.6,25.6,25.4,25.4,25.1,25.0,25.0,24.9,24.8,24.7,24.7,24.7,24.7,24.6,24.5,24.6,24.5,24.5,24.3,24.3,24.4,24.4,24.2,24.3,24.2,24.2,24.2,24.2,24.1,24.2,24.2,24.3,24.2,24.3,24.1,24.2,24.1,24.2,24.0,24.1,23.9,23.9,23.8,23.9,23.5,23.9,23.9,23.6,23.6,23.6,23.5,23.5,23.5,23.5,23.6,23.5,23.5,23.6,23.4,23.5,23.5,23.5,23.5,23.3,23.4,23.4,23.5,23.3,23.4,23.3,23.4,23.5,23.3,23.4,23.3,23.3,23.3,23.5,23.3,23.2,23.2,23.3,23.2,23.2,23.4,23.0,23.3,23.1,23.3,23.2,23.2,23.2,23.2,23.2,23.2,23.2,23.2,23.3,23.2,23.2,23.3,23.2,23.1,23.2,23.2,23.3,23.3,23.2,23.2,23.2,23.3,23.3,23.5,23.5,23.5,23.5,23.5,23.3,23.3,23.3,23.2,23.1,23.2,23.1,23.1,23.2,23.1,23.0,23.1,23.2,23.1,23.1,23.0,23.1,23.0,23.1,23.1,23.1,23.1,23.2,23.2,23.1,23.1,23.2,23.2,23.1,23.1,23.1,23.1,23.0,23.0,23.1,23.1,23.1,23.1,23.0,23.1,23.0,23.1,23.1,23.0,23.0,23.1,23.1,23.1,23.2,23.0,23.2,23.2,23.1,23.1,23.2,23.1,23.0,23.2,23.2,23.1,23.3,23.2,23.1,23.2,23.2,23.3,23.2,23.3,23.3,23.2,23.3,23.2,23.3,23.3,23.2,23.2,23.2,23.2,23.3,23.3,23.3,23.2,23.3,23.3,23.3,23.2,23.3,23.3,23.4,23.4,23.3,23.5,23.6,23.5,23.5,23.6,23.6,23.6,23.6,23.6,23.5,23.6,23.5,23.8,23.9,23.9,23.9,24.0,24.0,23.9,24.0,24.0,24.1,24.1,24.2,24.3,24.2,24.2,24.3,24.3,24.1,24.4,24.4,24.4,24.4,24.5,24.5,24.7,24.7,24.7,24.8,24.9,24.9,24.8
14,25.5,25.6,25.6,25.5,25.4,25.4,25.1,25.1,24.9,24.8,24.8,24.6,24.6,24.6,24.6,24.5,24.5,24.5,24.3,24.4,24.3,24.3,24.3,24.3,24.3,24.3,24.3,24.1,24.1,24.0,24.0,23.9,24.1,24.0,24.0,23.9,23.8,23.9,24.0,24.0,24.0,24.0,23.8,23.8,23.9,23.9,23.6,23.6,23.6,23.5,23.5,23.6,23.4,23.5,23.5,23.5,23.3,23.3,23.4,23.4,23.3,23.3,23.3,23.5,23.3,23.3,23.5,23.5,23.4,23.4,23.3,23.3,23.5,23.3,23.4,23.5,23.5,23.5,23.5,23.4,23.3,23.4,23.3,23.2,23.3,23.3,23.2,23.1,23.2,23.3,23.1,23.2,23.2,23.2,23.3,23.3,23.2,23.3,23.2,23.2,23.2,23.2,23.1,23.3,23.2,23.3,23.1,23.3,23.2,23.2,23.3,23.3,23.3,23.3,23.3,23.5,23.5,23.5,23.6,23.6,23.6,23.9,23.8,23.5,23.5,23.4,23.3,23.3,23.1,23.2,23.1,23.1,23.1,23.2,23.2,23.1,23.1,23.1,23.2,23.2,23.1,23.0,23.2,23.2,23.1,23.1,23.1,23.2,23.1,23.2,23.1,23.0,23.0,23.1,23.1,23.1,23.0,23.2,23.0,23.1,23.1,23.0,23.1,23.0,23.0,22.9,23.1,23.1,23.1,23.0,23.0,23.0,23.0,23.1,23.1,23.0,23.1,23.2,23.1,23.1,23.2,23.2,23.1,23.3,23.3,23.2,23.2,23.3,23.2,23.2,23.1,23.2,23.3,23.3,23.3,23.3,23.2,23.2,23.3,23.2,23.3,23.3,23.2,23.4,23.3,23.3,23.4,23.4,23.3,23.4,23.4,23.5,23.4,23.5,23.4,23.6,23.6,23.6,23.5,23.6,23.5,23.5,23.6,23.6,23.6,23.6,23.6,23.8,23.6,23.9,24.0,24.0,24.0,24.0,24.0,24.1,24.0,24.2,24.1,24.2,24.2,24.1,24.3,24.3,24.3,24.4,24.4,24.5,24.5,24.6,24.6,24.5,24.7,24.6,24.7,24.7
15,25.3,25.3,25.0,25.1,25.1,25.0,24.8,24.7,24.8,24.6,24.5,24.5,24.4,24.4,24.4,24.4,24.3,24.3,24.1,24.2,24.1,24.2,24.1,24.1,24.1,24.0,24.0,24.0,23.8,23.9,23.9,23.9,23.6,23.9,23.6,23.8,23.6,23.8,23.9,23.9,23.6,23.9,23.8,23.5,23.5,23.5,23.5,23.6,23.5,23.4,23.4,23.4,23.5,23.5,23.3,23.4,23.3,23.3,23.3,23.3,23.3,23.5,23.5,23.3,23.3,23.4,23.3,23.3,23.4,23.3,23.3,23.4,23.4,23.5,23.4,23.6,23.6,23.6,23.8,23.5,23.4,23.5,23.3,23.3,23.3,23.2,23.2,23.2,23.3,23.3,23.2,23.2,23.2,23.2,23.2,23.2,23.3,23.2,23.2,23.3,23.2,23.3,23.1,23.2,23.2,23.2,23.1,23.2,23.3,23.2,23.3,23.3,23.3,23.3,23.4,23.5,23.8,24.0,24.3,24.1,24.4,24.5,24.5,24.0,24.0,23.5,23.4,23.3,23.3,23.2,23.2,23.2,23.2,23.1,23.1,23.2,23.2,23.2,23.2,23.1,23.2,23.1,23.1,23.1,23.1,23.1,23.1,23.1,23.1,23.1,23.0,23.1,23.1,23.2,23.1,23.0,23.0,23.0,23.0,23.2,23.1,23.0,22.9,23.0,23.0,23.1,23.0,23.0,23.0,23.0,23.1,23.0,23.1,23.0,23.1,23.1,23.1,23.2,23.2,23.1,23.2,23.2,23.3,23.2,23.2,23.2,23.2,23.1,23.3,23.2,23.2,23.1,23.3,23.2,23.2,23.2,23.3,23.2,23.2,23.3,23.3,23.2,23.3,23.3,23.3,23.3,23.4,23.5,23.4,23.3,23.4,23.5,23.5,23.3,23.4,23.4,23.5,23.5,23.5,23.6,23.5,23.5,23.5,23.5,23.5,23.6,23.8,23.6,23.8,23.9,23.9,24.0,23.9,24.0,23.9,24.0,24.0,24.0,24.1,24.0,24.2,24.1,24.1,24.3,24.3,24.3,24.3,24.3,24.3,24.5,24.4,24.5,24.3,24.5,24.5,24.6
16,25.1,24.9,24.9,24.9,24.8,24.8,24.6,24.6,24.5,24.4,24.5,24.3,24.3,24.2,24.2,24.3,24.2,24.0,24.1,24.1,24.1,24.0,23.9,24.0,23.9,23.9,23.9,23.6,23.8,23.6,23.5,23.6,23.6,23.5,23.5,23.5,23.5,23.5,23.5,23.6,23.6,23.4,23.4,23.4,23.4,23.5,23.4,23.5,23.4,23.3,23.3,23.4,23.3,23.3,23.3,23.3,23.4,23.2,23.3,23.4,23.3,23.3,23.3,23.4,23.3,23.4,23.3,23.3,23.4,23.3,23.3,23.3,23.4,23.5,23.6,23.8,24.1,24.3,24.3,24.2,24.1,23.6,23.6,23.5,23.4,23.3,23.2,23.2,23.2,23.2,23.2,23.2,23.1,23.2,23.2,23.2,23.2,23.2,23.2,23.2,23.2,23.2,23.2,23.1,23.0,23.2,23.1,23.2,23.1,23.2,23.3,23.3,23.5,23.4,23.5,23.9,24.3,24.6,25.5,25.8,25.9,26.3,25.8,25.4,24.7,24.2,23.5,23.3,23.2,23.2,23.2,23.2,23.0,23.2,23.1,23.2,23.2,23.0,23.1,23.1,23.2,23.2,23.1,23.2,23.1,23.1,23.1,23.1,23.0,23.1,22.9,23.0,23.1,23.0,23.0,23.0,23.0,23.0,23.1,23.1,23.1,22.9,23.0,23.1,22.9,23.0,23.1,23.0,22.9,23.0,23.0,23.1,23.2,23.1,23.1,23.2,23.1,23.2,23.1,23.2,23.2,23.2,23.2,23.1,23.2,23.2,23.2,23.1,23.2,23.1,23.1,23.2,23.2,23.2,23.2,23.2,23.2,23.3,23.2,23.2,23.3,23.2,23.1,23.3,23.3,23.2,23.3,23.2,23.3,23.3,23.3,23.3,23.4,23.3,23.3,23.4,23.4,23.4,23.4,23.6,23.5,23.5,23.5,23.6,23.5,23.6,23.8,23.8,23.8,23.6,23.6,23.9,23.8,23.9,23.8,24.0,24.0,24.0,24.0,23.9,24.1,24.2,24.1,24.3,24.1,24.3,24.3,24.4,24.3,24.3,24.3,24.4,24.4,24.3,24.3,24.4
17,24.6,24.7,24.7,24.6,24.6,24.5,24.5,24.4,24.3,24.3,24.3,24.2,24.1,24.2,24.1,24.0,24.0,23.9,24.0,23.9,24.0,23.8,23.6,23.6,24.0,23.6,23.6,23.6,23.6,23.5,23.5,23.5,23.4,23.4,23.5,23.5,23.6,23.5,23.4,23.6,23.3,23.5,23.4,23.5,23.5,23.4,23.4,23.3,23.3,23.3,23.3,23.3,23.3,23.2,23.3,23.2,23.3,23.3,23.3,23.3,23.3,23.3,23.3,23.3,23.5,23.3,23.2,23.3,23.3,23.3,23.4,23.5,23.4,23.6,23.9,24.1,24.6,25.3,25.9,25.9,25.5,24.7,24.5,23.9,23.6,23.3,23.3,23.1,23.2,23.2,23.2,23.2,23.1,23.1,23.1,23.2,23.2,23.2,23.3,23.2,23.1,23.1,23.2,23.0,23.1,23.2,23.2,23.1,23.2,23.2,23.3,23.4,23.5,23.6,23.9,24.3,24.9,26.2,27.1,27.6,27.9,28.1,27.8,27.3,26.3,25.3,24.2,23.6,23.3,23.3,23.2,23.2,23.1,23.1,23.1,23.1,23.1,23.1,23.0,23.1,23.1,23.2,23.1,23.1,23.1,23.2,23.0,23.0,23.1,23.1,22.9,23.1,23.0,22.9,23.1,23.1,22.9,23.0,23.1,23.0,23.1,23.1,23.1,23.0,22.9,23.1,23.0,22.9,23.0,22.9,23.0,23.0,23.1,23.1,23.0,23.0,23.2,23.1,23.1,23.2,23.2,23.2,23.2,23.1,23.3,23.2,23.1,23.1,23.1,23.1,23.1,23.1,23.2,23.2,23.1,23.2,23.1,23.2,23.3,23.2,23.3,23.2,23.3,23.3,23.2,23.2,23.3,23.3,23.3,23.3,23.4,23.3,23.4,23.3,23.3,23.5,23.4,23.5,23.5,23.5,23.5,23.6,23.5,23.5,23.6,23.5,23.9,23.6,23.5,23.6,23.8,23.6,23.8,23.9,23.9,24.0,24.1,24.0,24.0,24.1,23.9,24.1,24.0,24.0,24.1,24.0,24.1,24.1,24.3,24.3,24.4,24.3,24.2,24.2,24.3,24.3
18,24.5,24.5,24.6,24.5,24.5,24.5,24.3,24.3,24.1,24.1,24.1,24.0,24.0,24.0,24.0,23.9,23.9,23.9,23.8,24.0,23.8,23.6,23.8,23.6,23.9,23.5,23.8,23.5,23.4,23.5,23.4,23.3,23.4,23.3,23.5,23.3,23.5,23.4,23.4,23.4,23.4,23.3,23.3,23.3,23.3,23.3,23.4,23.3,23.3,23.3,23.3,23.2,23.3,23.3,23.3,23.3,23.3,23.3,23.3,23.2,23.3,23.3,23.3,23.3,23.3,23.3,23.4,23.2,23.3,23.3,23.3,23.5,23.5,23.6,24.1,24.9,26.3,27.3,27.7,27.9,27.6,27.1,25.9,24.9,24.2,23.6,23.3,23.5,23.2,23.3,23.1,23.2,23.1,23.2,23.2,23.2,23.1,23.2,23.1,23.3,23.1,23.1,23.2,23.2,23.2,23.1,23.1,23.2,23.2,23.2,23.3,23.4,23.5,23.8,24.6,25.1,26.9,28.1,28.4,28.7,28.9,28.8,28.8,28.5,27.6,26.8,25.5,24.4,23.5,23.2,23.3,23.1,23.1,23.1,23.1,23.1,23.1,23.0,23.1,22.9,23.1,23.1,23.0,23.1,23.1,23.1,23.1,23.1,23.1,23.0,23.0,22.9,23.0,23.0,23.1,23.0,23.0,23.0,23.1,22.9,22.9,23.0,23.0,23.0,23.0,23.0,23.0,23.0,23.0,23.1,22.9,23.0,22.9,23.1,23.0,23.1,23.1,23.2,23.0,23.2,23.0,23.1,23.1,23.1,23.1,23.2,23.1,23.2,23.1,23.1,23.2,23.1,23.3,23.1,23.2,23.2,23.3,23.3,23.2,23.3,23.3,23.2,23.3,23.2,23.2,23.3,23.3,23.4,23.3,23.3,23.3,23.3,23.4,23.4,23.3,23.3,23.5,23.4,23.4,23.3,23.5,23.5,23.5,23.5,23.5,23.5,23.6,23.5,23.6,23.6,23.5,23.5,23.6,23.8,23.8,24.1,23.9,24.0,24.0,23.9,24.0,24.1,24.1,24.1,24.2,24.2,24.1,24.3,24.1,24.1,24.3,24.2,24.1,24.3,24.3,24.3
19,24.4,24.4,24.4,24.3,24.3,24.3,24.2,23.9,23.9,24.0,23.9,24.0,23.9,23.8,23.9,23.8,23.6,23.6,23.6,23.6,23.6,23.6,23.5,23.6,23.5,23.5,23.5,23.4,23.4,23.5,23.4,23.5,23.3,23.3,23.3,23.3,23.3,23.2,23.3,23.4,23.3,23.3,23.3,23.3,23.3,23.4,23.3,23.1,23.2,23.3,23.2,23.3,23.1,23.2,23.2,23.2,23.2,23.2,23.3,23.1,23.2,23.2,23.3,23.3,23.3,23.3,23.3,23.2,23.3,23.3,23.3,23.4,23.5,23.6,24.6,26.0,27.5,28.7,28.9,29.2,28.9,28.7,28.0,26.9,25.4,24.3,23.5,23.3,23.2,23.3,23.3,23.2,23.2,23.1,23.0,23.1,23.2,23.1,23.2,23.2,23.1,23.1,23.1,23.0,23.1,23.1,23.1,23.1,23.2,23.3,23.3,23.4,23.6,24.0,25.1,26.8,28.1,28.8,28.8,28.9,28.9,29.0,28.9,28.9,28.5,27.7,26.8,25.5,24.1,23.2,23.2,23.2,23.1,23.1,23.0,23.1,23.1,23.0,23.2,23.0,23.1,23.0,23.1,23.0,23.0,23.1,22.9,23.0,23.1,23.0,22.9,23.1,23.0,22.9,23.0,22.9,22.9,22.8,22.8,23.0,23.1,22.9,23.0,22.9,23.0,22.8,23.0,23.0,23.0,23.0,22.9,22.9,22.9,23.0,23.1,23.0,23.0,23.0,23.0,23.0,23.1,23.0,23.1,23.0,23.1,23.0,23.0,23.1,23.0,23.1,23.0,23.1,23.2,23.1,23.1,23.1,23.2,23.2,23.2,23.2,23.3,23.1,23.1,23.2,23.2,23.2,23.3,23.2,23.3,23.3,23.3,23.3,23.3,23.3,23.3,23.3,23.4,23.4,23.4,23.4,23.4,23.3,23.5,23.4,23.5,23.5,23.5,23.5,23.5,23.5,23.5,23.5,23.9,23.6,23.9,24.0,23.6,24.0,23.8,23.9,24.0,23.9,23.9,24.1,24.1,24.1,23.8,24.0,24.1,24.1,24.1,24.3,24.2,24.2,24.1,24.2
20,24.1,24.2,24.2,24.2,24.1,24.0,24.0,23.9,23.8,23.9,23.9,23.9,23.8,24.0,23.5,23.6,23.6,23.6,23.6,23.6,23.6,23.5,23.5,23.5,23.5,23.5,23.5,23.4,23.4,23.4,23.3,23.3,23.4,23.3,23.3,23.3,23.1,23.2,23.2,23.3,23.3,23.5,23.3,23.3,23.2,23.2,23.3,23.3,23.3,23.3,23.3,23.2,23.2,23.2,23.2,23.2,23.2,23.2,23.3,23.3,23.2,23.2,23.3,23.2,23.2,23.3,23.2,23.3,23.3,23.3,23.4,23.5,23.6,24.5,25.8,27.6,28.6,28.9,29.4,29.2,29.1,29.0,28.8,28.2,27.2,25.5,24.0,23.5,23.3,23.2,23.2,23.2,23.1,23.1,23.1,23.1,23.1,23.3,23.2,23.2,23.1,23.2,23.1,23.1,23.1,23.1,23.1,23.1,23.2,23.5,23.5,24.0,24.3,25.1,26.8,27.7,29.1,29.0,29.3,29.0,29.0,29.1,29.0,28.8,28.6,28.2,27.6,26.6,24.5,23.5,23.3,23.3,23.1,23.2,23.1,23.1,23.1,22.9,23.0,22.9,23.0,23.0,23.0,23.0,23.0,23.0,23.0,23.0,22.8,22.9,23.0,22.9,22.9,23.0,23.0,22.8,23.0,22.9,22.9,22.8,22.9,23.1,23.0,22.9,22.9,22.9,23.0,22.9,22.9,23.0,22.9,22.8,22.9,23.1,23.0,23.0,23.2,23.0,23.0,23.1,23.0,23.1,23.1,23.0,23.0,23.1,23.1,23.0,23.1,23.0,23.0,23.0,23.1,23.1,23.1,23.1,23.1,23.2,23.1,23.2,23.2,23.1,23.2,23.2,23.2,23.2,23.1,23.3,23.2,23.2,23.2,23.3,23.3,23.3,23.3,23.3,23.3,23.4,23.3,23.3,23.5,23.5,23.4,23.5,23.5,23.4,23.5,23.4,23.5,23.5,23.5,23.5,23.6,23.6,23.9,23.6,23.6,23.6,24.0,23.9,23.9,24.0,24.0,24.0,24.1,24.1,24.0,24.1,24.1,24.1,24.1,24.2,24.0,24.2,24.1,24.0
21,23.9,24.2,24.0,24.0,24.1,23.9,24.0,23.8,23.8,23.9,23.8,23.6,23.8,23.5,23.8,23.5,23.6,23.6,23.5,23.5,23.5,23.5,23.4,23.4,23.4,23.3,23.4,23.3,23.3,23.4,23.3,23.3,23.3,23.3,23.3,23.3,23.2,23.2,23.3,23.2,23.3,23.2,23.3,23.2,23.3,23.1,23.2,23.2,23.2,23.3,23.3,23.1,23.3,23.1,23.1,23.1,23.2,23.2,23.2,23.2,23.2,23.2,23.1,23.2,23.3,23.3,23.2,23.2,23.3,23.3,23.5,23.6,23.6,24.7,26.8,28.2,29.0,29.3,29.4,29.3,29.0,29.0,28.9,28.4,28.0,27.1,24.8,23.9,23.5,23.4,23.2,23.2,23.2,23.2,23.2,23.0,23.0,23.0,23.1,23.1,23.1,23.1,23.0,23.1,23.1,23.1,23.1,23.1,23.3,23.4,24.0,24.4,25.5,27.1,27.8,29.2,29.3,29.4,29.5,29.4,29.3,29.3,29.2,29.0,28.7,28.4,27.9,27.3,25.6,24.1,23.5,23.3,23.1,23.0,23.0,23.0,23.0,22.9,23.0,22.9,23.0,22.9,22.9,22.9,22.8,22.9,22.8,22.7,23.0,22.9,22.7,22.7,22.9,22.9,22.9,22.9,22.9,22.8,22.8,22.8,22.8,22.8,22.9,22.7,22.7,22.8,22.9,22.8,23.0,22.8,22.9,22.9,23.0,22.7,23.0,23.1,22.9,22.9,23.1,23.0,23.1,23.0,23.0,23.0,23.0,22.9,23.1,23.2,23.0,23.0,23.1,23.0,23.0,23.1,23.1,23.2,23.1,23.0,23.2,23.2,23.2,23.1,23.2,23.1,23.2,23.2,23.3,23.2,23.3,23.2,23.2,23.2,23.3,23.3,23.3,23.3,23.3,23.4,23.2,23.4,23.4,23.4,23.5,23.5,23.5,23.5,23.5,23.5,23.5,23.5,23.5,23.5,23.6,23.8,23.5,24.0,23.8,23.9,23.8,23.8,23.8,23.9,23.9,24.0,24.0,24.0,24.0,23.9,24.2,24.1,24.1,24.1,24.1,24.1,24.2,24.0
22,24.0,24.1,24.0,24.0,23.9,24.0,23.6,23.8,23.6,23.6,23.8,23.5,23.5,23.5,23.5,23.5,23.5,23.6,23.5,23.5,23.5,23.4,23.5,23.5,23.4,23.3,23.3,23.3,23.4,23.3,23.3,23.3,23.3,23.3,23.3,23.3,23.3,23.3,23.3,23.2,23.3,23.3,23.2,23.3,23.3,23.2,23.2,23.2,23.2,23.3,23.2,23.2,23.2,23.2,23.2,23.2,23.2,23.3,23.1,23.2,23.2,23.2,23.2,23.3,23.2,23.2,23.2,23.3,23.3,23.3,23.9,23.8,24.4,26.1,28.1,29.1,29.3,29.4,29.4,29.4,29.2,29.1,28.8,28.6,28.5,27.9,26.2,24.3,23.3,23.3,23.1,23.1,23.1,23.0,23.0,23.0,23.0,23.0,23.1,22.9,23.0,22.9,22.9,23.1,22.9,23.0,23.1,23.2,23.3,23.8,24.1,25.1,27.1,28.6,29.3,29.4,29.7,29.6,29.6,29.5,29.4,29.3,29.3,29.0,28.9,28.5,28.1,27.3,26.3,24.8,23.6,23.3,23.1,23.1,22.8,23.0,22.8,23.0,22.9,22.9,22.7,22.8,22.7,22.8,22.7,22.7,22.7,22.8,22.8,22.7,22.9,22.9,22.8,22.9,22.8,22.8,22.7,23.0,22.9,22.8,22.9,22.7,22.8,22.6,22.7,22.7,22.8,22.7,22.9,22.9,22.7,22.9,22.8,22.8,22.9,22.8,23.0,22.9,22.8,22.8,22.9,23.0,23.0,23.1,23.0,22.9,23.0,22.8,22.9,23.0,23.0,22.8,23.0,23.0,23.0,23.1,23.1,23.2,23.1,23.1,23.1,23.1,23.0,23.1,23.2,23.2,23.1,23.1,23.2,23.1,23.2,23.2,23.3,23.2,23.3,23.3,23.3,23.3,23.3,23.3,23.5,23.5,23.3,23.5,23.4,23.5,23.5,23.4,23.4,23.5,23.5,23.5,23.6,23.6,23.8,23.9,23.6,24.0,23.8,23.8,23.8,24.0,24.0,24.0,24.0,23.9,24.0,24.1,24.0,24.1,24.0,24.2,24.1,24.1,24.0,24.2
23,23.5,23.9,23.9,23.8,23.8,23.9,23.6,23.6,23.6,23.6,23.5,23.5,23.4,23.5,23.5,23.5,23.5,23.4,23.4,23.5,23.3,23.3,23.5,23.3,23.4,23.2,23.3,23.3,23.3,23.3,23.3,23.3,23.3,23.3,23.2,23.3,23.3,23.2,23.1,23.2,23.2,23.2,23.2,23.2,23.2,23.2,23.1,23.2,23.2,23.2,23.2,23.0,23.1,23.1,22.9,23.1,23.0,23.1,23.2,23.1,23.0,23.2,23.2,23.1,23.1,23.2,23.2,23.2,23.2,23.3,23.6,24.4,25.7,27.3,28.6,29.2,29.6,29.7,29.7,29.5,29.3,29.2,28.9,28.5,28.4,27.9,27.1,25.1,23.5,23.3,23.2,23.0,23.0,23.0,22.8,22.9,22.9,23.0,23.0,22.9,22.9,22.9,22.8,23.0,23.0,23.0,22.9,23.1,23.3,23.6,24.8,26.4,28.2,29.0,29.4,29.6,29.7,29.7,29.7,29.7,29.4,29.4,29.4,29.1,28.9,28.6,28.2,27.6,26.6,25.7,24.5,23.5,23.0,23.0,22.9,22.8,22.8,22.7,22.8,22.8,22.8,22.8,22.9,22.8,22.7,22.6,22.7,22.8,22.7,22.8,22.8,22.9,22.6,22.7,22.8,22.8,22.8,22.7,22.8,22.7,22.7,22.6,22.7,22.8,22.8,22.7,22.7,22.8,22.7,22.7,22.8,22.7,22.8,22.7,22.8,22.8,22.9,22.8,22.8,23.0,22.8,22.9,22.8,22.8,22.9,22.9,22.9,22.7,22.7,22.9,22.9,22.8,23.0,23.0,23.0,23.0,23.0,23.0,23.0,23.1,23.0,23.0,23.1,23.1,23.1,22.9,23.0,22.9,23.0,23.0,23.1,23.1,23.1,23.1,23.3,23.2,23.2,23.2,23.3,23.3,23.3,23.3,23.3,23.4,23.3,23.5,23.5,23.3,23.4,23.5,23.4,23.4,23.6,23.5,23.5,23.5,23.6,23.5,23.6,23.6,23.6,23.8,23.9,24.0,23.9,23.9,23.9,24.0,24.0,24.0,24.0,24.1,24.1,24.0,24.0,24.1
24,23.9,23.8,23.8,23.8,23.6,23.9,23.6,23.6,23.6,23.5,23.6,23.5,23.5,23.4,23.5,23.5,23.3,23.3,23.3,23.4,23.4,23.4,23.4,23.3,23.4,23.3,23.4,23.4,23.2,23.3,23.2,23.3,23.2,23.2,23.2,23.3,23.2,23.1,23.2,23.2,23.2,23.2,23.2,23.2,23.2,23.1,23.2,23.2,23.2,23.0,23.1,23.1,23.0,23.1,22.9,23.0,23.0,23.0,22.9,23.1,22.9,23.0,23.1,23.0,23.0,23.0,23.1,23.1,23.2,23.5,24.1,25.6,27.2,28.6,29.4,29.8,29.8,29.8,29.8,29.7,29.5,29.2,29.0,28.7,28.5,28.2,27.3,26.3,24.4,23.3,23.1,23.1,23.0,22.9,22.9,22.8,22.8,22.9,22.8,22.7,22.8,22.7,22.7,23.0,22.7,22.9,23.0,23.3,23.4,24.4,26.1,28.0,29.2,29.4,29.7,29.8,29.8,29.7,29.6,29.6,29.5,29.5,29.3,29.3,28.9,28.7,28.5,27.9,27.7,26.8,25.5,24.2,23.1,23.0,23.0,23.0,22.9,22.7,22.8,22.8,22.7,22.9,22.8,22.7,22.7,22.6,22.7,22.7,22.8,22.7,22.7,22.7,22.7,22.6,22.6,22.8,22.7,22.7,22.8,22.8,22.7,22.7,22.8,22.7,22.8,22.7,22.7,22.7,22.8,22.7,22.9,22.8,22.7,22.7,22.7,22.7,22.7,22.8,23.0,22.8,22.8,22.9,22.9,22.9,22.6,22.8,22.8,22.7,22.8,22.9,22.9,22.9,22.9,22.9,22.9,23.0,22.9,22.9,22.8,23.0,22.9,23.0,22.9,22.9,23.0,22.8,23.1,23.0,23.0,23.1,23.0,23.1,23.3,23.0,23.2,23.2,23.2,23.2,23.3,23.3,23.3,23.3,23.3,23.3,23.2,23.3,23.3,23.4,23.3,23.3,23.4,23.4,23.5,23.5,23.4,23.6,23.5,23.5,23.5,23.6,23.8,23.8,23.9,23.9,23.9,24.0,24.0,24.0,24.0,24.0,23.9,24.0,24.0,24.0,24.1,24.3
25,23.6,23.9,23.8,23.6,23.8,23.8,23.6,23.6,23.6,23.5,23.6,23.5,23.5,23.5,23.3,23.5,23.3,23.4,23.4,23.4,23.3,23.3,23.3,23.4,23.3,23.3,23.3,23.2,23.3,23.3,23.3,23.3,23.3,23.2,23.2,23.2,23.2,23.1,23.2,23.1,23.1,23.2,23.1,23.1,23.0,23.0,23.1,23.0,23.1,22.9,23.0,23.0,23.1,22.8,22.8,22.9,22.9,22.9,22.9,22.9,22.7,22.9,22.9,22.9,23.0,23.0,23.1,23.2,23.3,23.5,24.8,26.8,28.6,29.5,29.5,30.0,30.1,30.0,30.0,29.7,29.5,29.3,29.2,29.0,28.6,28.1,27.7,26.9,25.1,23.8,23.2,23.0,22.9,23.0,22.9,23.0,22.9,22.8,22.8,22.9,22.8,22.7,22.6,22.8,22.9,23.0,22.9,23.4,24.0,25.4,27.3,28.9,29.3,29.6,29.7,29.7,29.8,29.7,29.8,29.7,29.6,29.5,29.4,29.2,29.0,28.8,28.7,28.4,27.8,27.2,26.4,24.8,23.5,23.2,22.8,23.0,22.7,22.4,22.7,22.6,22.8,22.6,22.8,22.6,22.6,22.8,22.6,22.7,22.7,22.7,22.6,22.7,22.8,22.7,22.6,22.6,22.7,22.6,22.6,22.6,22.7,22.6,22.6,22.4,22.6,22.6,22.6,22.8,22.6,22.7,22.7,22.7,22.4,22.7,22.7,22.7,22.7,22.7,22.7,22.9,22.8,22.7,22.7,22.7,22.7,22.7,22.9,22.7,22.9,22.8,23.0,22.8,22.8,22.9,22.9,22.9,22.9,22.8,22.7,23.0,22.8,22.9,22.9,22.9,22.9,23.0,22.9,22.8,23.0,23.1,22.9,22.9,23.1,23.1,23.1,23.1,23.2,23.2,23.2,23.2,23.3,23.2,23.2,23.3,23.2,23.3,23.4,23.3,23.2,23.3,23.3,23.3,23.4,23.4,23.4,23.5,23.3,23.5,23.6,23.5,23.6,23.6,23.5,23.8,23.6,23.8,23.8,23.8,23.8,23.9,24.0,24.0,23.9,23.8,24.0,24.0
26,23.8,23.8,23.9,23.6,23.8,23.6,23.5,23.5,23.5,23.5,23.5,23.5,23.5,23.4,23.3,23.3,23.3,23.4,23.3,23.3,23.3,23.2,23.3,23.3,23.1,23.2,23.1,23.1,23.2,23.1,23.1,23.1,23.0,23.2,23.1,23.1,23.1,23.0,23.0,23.0,23.0,23.1,23.0,23.0,23.1,23.0,23.0,22.8,23.0,22.9,23.0,23.0,23.0,23.0,23.0,22.7,22.7,22.8,22.7,22.7,22.9,22.7,22.8,23.0,22.9,22.9,23.1,23.3,23.5,24.3,25.8,28.1,29.1,29.7,29.8,30.1,30.1,30.0,30.0,29.8,29.8,29.5,29.3,28.9,28.9,28.5,28.1,27.5,26.4,24.5,23.4,23.1,23.0,22.9,22.8,22.8,22.9,22.7,22.7,22.8,22.7,22.7,22.7,22.8,22.7,22.9,23.0,23.3,24.3,26.1,28.2,29.2,29.6,29.7,29.7,29.8,29.8,29.8,29.8,29.6,29.5,29.5,29.4,29.4,29.1,28.8,28.7,28.5,28.1,27.7,27.1,25.8,24.0,23.3,22.9,22.7,22.7,22.7,22.6,22.8,22.7,22.4,22.7,22.7,22.7,22.6,22.6,22.6,22.7,22.6,22.6,22.7,22.7,22.6,22.4,22.7,22.7,22.6,22.7,22.6,22.4,22.6,22.7,22.4,22.7,22.7,22.7,22.7,22.4,22.4,22.6,22.7,22.4,22.6,22.6,22.7,22.7,22.7,22.7,22.7,22.7,22.8,22.8,22.6,22.8,22.7,22.7,22.7,22.8,22.7,22.7,22.7,22.7,22.8,22.8,22.8,22.9,22.7,22.8,22.7,22.8,22.9,22.8,22.9,22.9,22.8,22.9,22.9,23.0,22.9,23.0,23.0,22.9,23.1,23.2,23.1,23.0,23.2,23.2,23.2,23.1,23.0,23.2,23.3,23.1,23.1,23.1,23.3,23.3,23.3,23.4,23.3,23.3,23.2,23.3,23.3,23.4,23.3,23.5,23.4,23.3,23.5,23.4,23.5,23.5,23.6,23.6,23.9,23.6,23.6,23.6,23.6,23.6,23.8,23.6,23.9
27,23.8,23.8,23.6,23.5,23.6,23.6,23.6,23.5,23.4,23.4,23.4,23.4,23.3,23.4,23.3,23.3,23.2,23.3,23.1,23.2,23.3,23.2,23.2,23.2,23.0,23.1,23.1,23.0,23.0,23.0,23.1,23.0,23.0,23.0,22.9,23.0,23.0,23.2,22.8,23.0,23.0,23.0,23.0,22.9,22.9,22.9,22.9,22.9,22.7,22.7,22.7,22.9,22.8,22.7,22.7,22.7,22.8,22.7,22.9,22.9,22.8,22.6,22.9,22.8,22.9,22.9,23.1,23.3,23.5,24.8,27.1,28.5,29.5,30.0,30.0,30.0,30.4,30.0,30.0,30.0,29.7,29.6,29.4,29.3,29.0,28.9,28.4,28.0,27.3,25.6,24.1,23.2,23.0,22.9,22.8,22.9,22.7,22.8,22.7,22.7,22.7,22.7,22.7,22.6,22.8,22.9,23.1,23.5,24.7,27.1,28.8,29.5,29.7,29.6,29.8,29.7,29.8,29.8,29.7,29.7,29.6,29.5,29.3,29.3,29.2,29.2,28.8,28.7,28.2,28.0,27.4,26.4,24.9,23.5,23.1,22.7,22.7,22.7,22.7,22.7,22.7,22.6,22.8,22.6,22.7,22.6,22.4,22.6,22.7,22.7,22.7,22.6,22.6,22.6,22.4,22.7,22.7,22.4,22.6,22.6,22.6,22.7,22.6,22.6,22.6,22.7,22.6,22.4,22.7,22.6,22.7,22.4,22.4,22.6,22.4,22.6,22.7,22.7,22.7,22.8,22.7,22.6,22.6,22.6,22.7,22.7,22.8,22.7,22.7,22.7,22.9,22.7,22.7,22.8,22.8,22.9,22.7,22.9,22.7,22.8,22.8,22.9,22.9,22.8,22.9,23.0,22.8,22.8,22.7,23.0,23.1,23.0,23.0,23.0,23.1,23.0,23.1,23.0,23.0,23.1,23.1,23.0,23.0,23.2,23.1,23.3,23.2,23.2,23.2,23.3,23.3,23.1,23.2,23.2,23.2,23.5,23.3,23.5,23.3,23.3,23.5,23.4,23.4,23.5,23.4,23.5,23.5,23.6,23.6,23.6,23.6,23.8,23.6,23.6,23.6,23.5
28,23.9,23.8,23.6,23.5,23.6,23.5,23.4,23.3,23.3,23.3,23.2,23.3,23.1,23.2,23.2,23.2,23.2,23.1,23.1,23.2,23.2,23.1,23.0,23.0,23.0,23.1,22.9,22.9,23.0,23.0,22.9,23.0,22.9,22.9,22.8,23.0,22.9,23.0,22.9,23.0,23.0,23.0,22.8,22.9,23.0,23.1,22.8,22.8,22.9,22.7,22.8,22.7,22.7,22.7,22.7,22.8,22.7,22.7,22.7,22.7,22.7,22.8,22.7,22.8,22.8,23.0,23.1,23.5,24.1,25.9,28.1,29.3,29.8,30.0,30.0,30.0,30.3,30.3,30.1,30.0,30.0,29.7,29.6,29.3,29.3,29.0,28.9,28.5,28.1,27.1,25.0,23.6,23.0,22.9,22.8,22.8,22.6,22.8,22.6,22.7,22.7,22.7,22.7,22.7,22.8,22.9,23.1,23.8,25.5,27.5,29.0,29.6,29.8,29.7,29.8,29.7,29.8,29.7,29.8,29.6,29.6,29.5,29.4,29.3,29.4,29.1,29.0,28.8,28.6,28.4,27.9,27.2,25.8,24.3,23.3,23.0,22.8,22.7,22.7,22.7,22.8,22.6,22.6,22.4,22.6,22.4,22.4,22.4,22.6,22.7,22.7,22.7,22.7,22.4,22.6,22.6,22.4,22.4,22.4,22.7,22.6,22.6,22.7,22.6,22.6,22.6,22.6,22.4,22.6,22.6,22.7,22.7,22.7,22.4,22.7,22.7,22.4,22.7,22.6,22.7,22.6,22.8,22.7,22.4,22.7,22.7,22.6,22.7,22.7,22.8,22.8,22.7,22.8,22.8,22.9,22.8,22.9,22.8,22.7,22.8,22.7,22.9,22.8,22.7,23.0,22.8,23.0,22.8,22.7,22.8,22.9,23.0,22.9,23.0,22.8,23.0,23.0,23.0,23.2,23.2,23.1,23.2,23.1,23.1,23.1,23.1,23.2,23.2,23.1,23.1,23.2,23.2,23.2,23.2,23.1,23.3,23.3,23.3,23.2,23.3,23.4,23.4,23.5,23.5,23.4,23.4,23.4,23.5,23.5,23.5,23.6,23.5,23.5,23.6,23.6,23.5
29,23.8,23.5,23.5,23.5,23.5,23.4,23.3,23.3,23.2,23.2,23.2,23.1,23.1,23.1,23.1,23.0,22.9,23.1,22.9,23.0,23.0,23.0,23.0,23.0,23.0,22.8,23.0,22.8,22.9,22.9,22.7,22.7,22.8,22.9,22.8,23.0,22.8,22.7,22.9,22.8,22.8,22.7,22.9,22.8,22.7,22.8,22.7,22.7,22.7,22.7,22.6,22.7,22.7,22.6,22.6,22.7,22.6,22.6,22.8,22.8,22.7,22.8,22.7,22.7,22.8,23.0,23.1,23.3,24.3,26.8,28.1,29.5,30.0,30.1,30.0,30.1,30.1,30.3,30.3,30.0,29.8,29.6,29.6,29.6,29.4,29.3,29.0,28.7,28.5,28.0,26.3,24.8,23.2,23.0,22.9,22.8,22.8,22.8,22.8,22.7,22.8,22.4,22.7,22.6,22.8,23.0,22.9,24.0,25.6,28.1,29.2,29.7,29.7,29.7,29.8,29.8,29.7,29.6,29.6,29.5,29.5,29.5,29.3,29.4,29.3,29.2,29.0,28.9,28.7,28.5,28.1,27.6,26.8,25.0,23.6,23.0,22.9,22.8,22.6,22.4,22.6,22.6,22.7,22.7,22.6,22.4,22.6,22.4,22.6,22.4,22.4,22.6,22.7,22.7,22.4,22.6,22.6,22.6,22.6,22.4,22.6,22.6,22.6,22.6,22.6,22.7,22.4,22.7,22.4,22.4,22.6,22.7,22.4,22.4,22.4,22.4,22.6,22.7,22.6,22.7,22.7,22.6,22.6,22.6,22.6,22.7,22.7,22.6,22.8,22.7,22.7,22.6,22.6,22.6,22.4,22.7,22.7,22.7,22.8,22.7,22.7,22.8,22.6,22.7,22.7,22.8,22.9,22.7,22.9,22.8,23.0,22.7,22.9,23.0,23.0,23.1,22.9,23.1,23.1,23.0,23.0,23.1,23.0,23.1,23.1,23.2,23.1,23.2,23.2,23.2,23.2,23.2,23.2,23.1,23.2,23.3,23.2,23.3,23.3,23.2,23.4,23.3,23.3,23.5,23.3,23.3,23.4,23.4,23.5,23.5,23.5,23.5,23.6,23.4,23.4,23.5
30,23.3,23.5,23.5,23.4,23.4,23.3,23.2,23.3,23.2,23.1,23.1,23.1,23.1,23.1,23.1,23.0,23.0,22.9,22.9,23.0,23.0,22.9,23.0,22.9,23.0,22.9,23.0,22.8,22.7,22.7,22.7,22.7,22.8,23.1,22.7,22.8,22.8,22.8,22.9,22.9,22.8,22.8,22.9,22.8,22.8,22.8,22.8,22.8,22.7,22.7,22.7,22.4,22.6,22.8,22.6,22.8,22.4,22.8,22.6,22.6,22.6,22.7,22.7,22.7,22.7,23.0,23.0,23.9,25.1,27.3,28.9,29.6,30.0,30.0,30.1,30.1,30.1,30.1,30.3,30.0,30.1,30.0,29.7,29.6,29.5,29.4,29.2,29.0,29.0,28.4,27.5,26.0,24.1,23.1,22.7,22.8,22.7,22.9,22.7,22.8,22.7,22.6,22.7,22.7,22.6,23.0,23.2,23.9,26.2,28.5,29.5,29.8,30.0,29.8,29.8,29.7,29.8,29.6,29.6,29.5,29.5,29.5,29.4,29.4,29.3,29.3,29.2,29.0,28.9,28.6,28.4,28.1,27.3,26.3,24.5,23.1,23.0,22.7,22.9,22.7,22.8,22.7,22.7,22.4,22.6,22.6,22.7,22.4,22.7,22.6,22.7,22.7,22.8,22.4,22.6,22.4,22.4,22.6,22.4,22.4,22.4,22.6,22.6,22.7,22.6,22.7,22.6,22.6,22.7,22.7,22.7,22.7,22.6,22.4,22.4,22.4,22.7,22.4,22.6,22.6,22.7,22.7,22.4,22.6,22.8,22.8,22.7,22.6,22.7,22.7,22.8,22.7,22.7,22.7,22.8,22.8,22.7,22.8,22.7,22.7,22.8,22.8,22.7,22.9,22.7,22.7,23.0,22.9,22.7,22.9,23.0,23.0,22.9,23.0,22.9,23.0,22.9,23.1,23.0,23.2,23.0,23.0,23.2,23.0,23.2,23.2,23.3,23.1,23.1,23.2,23.1,23.2,23.2,23.2,23.3,23.2,23.2,23.3,23.3,23.3,23.3,23.3,23.5,23.4,23.3,23.3,23.3,23.4,23.5,23.5,23.5,23.5,23.5,23.4,23.6,23.5
31,23.3,23.3,23.2,23.4,23.3,23.2,23.2,23.1,23.1,23.0,23.1,23.0,22.9,22.9,22.9,22.8,22.8,23.0,23.0,22.8,22.7,22.8,22.9,22.9,22.9,22.8,22.8,22.7,22.7,22.8,22.6,22.7,22.9,22.8,22.8,22.7,22.8,22.7,22.7,22.6,22.8,22.8,22.7,22.7,22.7,22.7,22.7,22.7,22.7,22.6,22.6,22.4,22.7,22.7,22.7,22.7,22.4,22.4,22.6,22.7,22.4,22.8,22.4,22.6,22.7,23.0,23.1,23.5,25.4,28.1,29.1,29.7,30.0,30.0,30.1,30.1,30.1,30.1,30.4,30.0,30.0,30.0,29.8,29.7,29.6,29.5,29.4,29.3,29.2,28.7,28.1,27.2,25.3,23.5,23.2,22.9,22.7,22.6,22.7,22.7,22.6,22.7,22.7,22.8,22.7,23.0,23.1,23.8,26.4,28.4,29.6,29.8,30.0,29.8,29.8,29.8,29.7,29.6,29.7,29.5,29.4,29.4,29.4,29.3,29.4,29.3,29.3,29.3,28.9,28.8,28.6,28.5,27.8,27.1,25.3,23.5,23.1,22.9,22.7,22.8,22.7,22.7,22.6,22.7,22.7,22.4,22.7,22.6,22.6,22.6,22.7,22.8,22.6,22.6,22.4,22.6,22.6,22.4,22.7,22.6,22.4,22.6,22.6,22.7,22.7,22.6,22.6,22.6,22.6,22.6,22.6,22.4,22.6,22.4,22.4,22.4,22.4,22.7,22.7,22.6,22.7,22.7,22.7,22.6,22.7,22.7,22.8,22.7,22.7,22.7,22.7,22.7,22.7,22.7,22.7,22.8,23.0,22.9,22.8,22.8,22.8,22.7,22.9,22.9,22.9,22.7,22.9,22.8,22.8,22.7,23.0,22.9,22.9,23.0,22.9,23.0,23.0,23.0,23.1,23.0,23.1,23.0,23.0,23.1,23.0,23.1,23.0,23.1,23.2,23.2,23.2,23.1,23.1,23.2,23.2,23.2,23.3,23.3,23.3,23.3,23.3,23.4,23.3,23.4,23.3,23.4,23.4,23.3,23.4,23.5,23.5,23.4,23.4,23.5,23.5,23.5
32,23.1,23.3,23.3,23.2,23.1,23.2,23.2,23.1,23.0,23.1,22.9,23.0,22.9,22.9,22.9,22.7,22.8,22.9,22.7,22.7,22.7,22.7,22.7,22.7,22.7,22.7,22.7,22.6,22.6,22.6,22.7,22.6,22.7,22.6,22.7,22.7,22.6,22.7,22.6,22.8,22.7,22.7,22.7,22.8,22.7,22.8,22.7,22.6,22.7,22.6,22.6,22.4,22.6,22.6,22.7,22.4,22.4,22.6,22.4,22.6,22.4,22.7,22.6,22.6,22.8,22.9,23.2,23.9,25.6,27.9,29.3,29.6,30.0,30.0,30.0,30.1,30.0,30.0,30.1,30.0,30.0,30.0,29.7,29.7,29.7,29.7,29.5,29.4,29.4,29.2,28.7,28.1,26.4,24.6,23.3,22.9,22.7,22.8,22.7,22.6,22.7,22.7,22.6,22.9,22.8,22.8,23.2,24.0,25.8,28.4,29.7,29.8,29.7,29.7,29.8,29.7,29.7,29.6,29.3,29.6,29.5,29.5,29.3,29.3,29.4,29.3,29.3,29.2,29.1,28.9,28.9,28.5,28.1,27.8,26.2,24.5,23.2,23.0,22.9,22.7,22.6,22.6,22.8,22.7,22.6,22.6,22.7,22.7,22.8,22.7,22.7,22.7,22.7,22.8,22.7,22.6,22.7,22.4,22.6,22.6,22.4,22.4,22.7,22.7,22.7,22.7,22.6,22.6,22.4,22.6,22.6,22.6,22.4,22.4,22.6,22.6,22.6,22.6,22.7,22.7,22.7,22.7,22.6,22.7,22.7,22.6,22.7,22.7,22.7,22.7,22.8,22.8,22.8,22.7,22.7,22.7,22.7,22.7,22.7,22.9,22.9,22.8,22.7,22.8,22.8,22.7,22.7,22.8,22.8,22.9,22.9,22.7,23.0,22.9,23.0,22.9,23.0,22.8,23.0,23.1,23.0,23.1,23.0,23.0,22.9,23.0,23.0,23.1,23.1,23.2,23.0,23.1,23.1,23.2,23.0,23.3,23.0,23.3,23.3,23.2,23.3,23.3,23.2,23.4,23.3,23.3,23.4,23.3,23.3,23.3,23.4,23.3,23.5,23.4,23.4,23.5
33,23.2,23.2,23.2,23.3,23.2,23.1,23.1,23.0,22.9,22.9,23.0,22.8,22.8,22.8,22.7,22.7,22.7,22.8,22.8,22.7,22.7,22.7,22.7,22.7,22.6,22.7,22.6,22.7,22.7,22.7,22.6,22.7,22.7,22.7,22.7,22.6,22.7,22.8,22.7,22.7,22.6,22.8,22.8,22.8,22.7,22.7,22.7,22.6,22.6,22.4,22.4,22.6,22.4,22.6,22.4,22.6,22.4,22.4,22.7,22.6,22.4,22.7,22.6,22.6,22.7,22.9,23.0,24.1,26.1,28.6,29.4,29.6,29.8,30.0,29.8,30.1,30.0,30.0,30.0,30.0,30.0,30.0,30.0,29.8,29.7,29.6,29.7,29.7,29.4,29.3,29.2,28.6,27.9,26.0,24.3,23.4,22.9,22.9,22.8,23.0,22.7,22.8,22.8,22.8,23.0,23.1,23.2,24.1,25.8,28.1,29.4,30.0,29.7,29.8,29.6,29.6,29.6,29.7,29.6,29.6,29.5,29.4,29.3,29.3,29.4,29.4,29.3,29.2,29.0,29.0,28.9,28.7,28.5,28.1,27.2,25.5,23.9,23.1,22.9,22.9,22.8,22.7,22.7,22.8,22.7,22.7,22.7,22.7,22.8,22.8,22.7,22.8,22.6,22.6,22.6,22.7,22.7,22.7,22.7,22.7,22.7,22.8,22.8,22.7,22.7,22.7,22.7,22.7,22.8,22.7,22.7,22.7,22.6,22.7,22.4,22.7,22.7,22.6,22.7,22.7,22.7,22.7,22.7,22.7,22.8,22.7,22.8,23.0,22.8,22.8,22.8,22.7,22.7,22.8,22.8,22.7,22.8,22.9,22.8,22.9,22.9,22.8,22.9,22.8,22.9,22.7,22.9,22.8,22.8,22.8,22.9,22.9,22.9,23.0,22.9,23.0,23.1,23.0,23.0,22.8,23.1,23.1,23.0,23.1,23.0,23.0,23.1,23.1,23.1,23.1,23.2,23.2,23.1,23.2,23.2,23.2,23.2,23.3,23.3,23.3,23.3,23.3,23.3,23.3,23.5,23.4,23.3,23.3,23.3,23.3,23.3,23.3,23.5,23.4,23.5,23.5
34,23.2,23.2,23.1,23.1,23.1,23.1,23.0,22.9,23.0,22.9,22.8,22.8,22.8,22.7,22.6,22.7,22.7,22.7,22.6,22.8,22.7,22.6,22.7,22.7,22.7,22.7,22.4,22.6,22.6,22.6,22.6,22.6,22.6,22.8,22.7,22.7,22.6,22.7,22.7,22.6,22.8,22.8,22.7,22.7,22.6,22.6,22.7,22.6,22.4,22.4,22.6,22.4,22.6,22.6,22.6,22.4,22.6,22.8,22.6,22.6,22.4,22.6,22.4,22.7,22.7,23.0,23.2,24.1,26.2,28.2,29.3,29.5,29.7,29.8,29.8,29.8,29.8,29.8,30.0,30.0,30.0,29.8,29.8,29.8,29.8,29.8,29.7,29.6,29.6,29.5,29.4,29.0,28.5,27.4,25.6,23.9,23.0,23.0,23.0,22.9,22.9,22.9,22.9,22.9,22.9,23.1,23.0,23.5,25.4,27.7,29.4,29.7,30.0,29.8,29.6,29.6,29.7,29.6,29.5,29.4,29.5,29.6,29.4,29.5,29.3,29.5,29.3,29.4,29.2,29.1,29.0,28.8,28.6,28.4,27.8,26.4,24.5,23.5,23.0,23.0,22.9,22.8,22.6,22.7,22.7,22.7,22.9,22.7,22.9,22.7,22.7,22.7,22.7,22.6,22.4,22.7,22.8,22.7,22.6,22.7,22.7,22.8,22.8,22.7,22.7,22.6,22.7,22.8,22.7,22.7,23.0,22.6,22.8,22.6,22.7,22.7,22.8,22.7,22.6,22.7,22.8,22.8,22.8,22.8,22.7,22.7,22.7,22.7,22.8,22.7,22.8,22.7,22.8,22.8,22.9,23.0,22.8,23.0,22.9,22.7,22.9,22.8,23.0,22.9,22.8,22.9,23.0,22.9,22.8,22.9,22.9,22.9,23.0,23.0,23.0,23.0,22.9,23.0,23.1,23.1,23.1,23.0,23.1,23.0,23.1,23.2,23.1,23.2,23.0,23.2,23.2,23.1,23.1,23.3,23.2,23.2,23.2,23.3,23.4,23.3,23.2,23.3,23.3,23.5,23.3,23.3,23.4,23.3,23.2,23.3,23.3,23.3,23.4,23.4,23.3,23.6
35,23.1,23.1,23.1,23.1,23.0,23.0,23.1,22.8,23.1,22.8,22.7,22.7,22.7,22.7,22.6,22.6,22.6,22.6,22.4,22.6,22.6,22.6,22.6,22.6,22.4,22.6,22.7,22.4,22.6,22.6,22.4,22.8,22.8,22.6,22.7,22.6,22.6,22.7,22.7,22.7,22.7,22.7,22.7,22.8,22.8,22.7,22.4,22.7,22.6,22.4,22.6,22.6,22.4,22.4,22.6,22.4,22.6,22.7,22.7,22.4,22.4,22.7,22.6,22.8,22.8,22.9,23.2,24.0,25.9,28.1,29.2,29.4,29.7,29.7,29.8,29.8,29.8,30.0,30.0,30.0,30.0,29.8,30.1,29.8,30.0,30.1,29.8,29.8,29.7,29.8,29.7,29.5,29.0,28.2,26.9,24.5,23.5,23.2,23.1,23.0,23.0,22.8,22.9,22.9,23.0,23.1,23.1,23.5,24.8,27.2,28.9,29.7,29.8,29.7,29.8,29.5,29.6,29.6,29.6,29.5,29.5,29.5,29.6,29.5,29.3,29.5,29.3,29.4,29.1,29.1,29.1,29.0,28.8,28.7,28.1,27.1,25.6,24.1,23.1,23.0,22.9,22.9,22.7,22.7,22.8,22.7,22.7,22.7,22.8,22.7,22.7,22.8,22.6,22.7,22.7,22.7,22.7,22.6,22.8,22.7,22.6,22.7,22.6,22.9,22.7,22.7,22.8,22.7,22.6,22.7,22.7,22.6,22.7,22.7,22.8,22.7,22.8,22.7,22.8,22.8,22.8,22.8,22.7,22.7,22.7,22.7,22.7,22.7,22.8,22.7,22.7,22.8,23.0,22.8,22.9,22.7,22.8,22.9,22.8,23.0,22.8,22.8,23.0,22.9,22.9,23.0,22.9,22.9,22.8,22.8,22.9,22.9,23.0,23.0,23.0,23.0,23.1,23.0,23.1,22.9,23.2,23.0,23.0,22.9,23.1,23.0,23.2,23.1,23.1,23.2,23.1,23.2,23.3,23.3,23.3,23.2,23.2,23.3,23.3,23.2,23.3,23.3,23.2,23.2,23.3,23.4,23.3,23.3,23.3,23.3,23.3,23.3,23.3,23.3,23.3,23.4
36,23.0,23.1,23.1,23.0,23.0,23.1,22.8,22.9,22.7,22.8,22.6,22.7,22.7,22.7,22.6,22.7,22.7,22.7,22.6,22.6,22.7,22.6,22.4,22.6,22.7,22.6,22.6,22.6,22.7,22.6,22.7,22.8,22.7,22.6,22.7,22.7,22.6,22.7,22.7,22.6,22.6,22.7,22.8,22.7,22.7,22.7,22.6,22.4,22.7,22.4,22.7,22.6,22.7,22.7,22.6,22.7,22.7,22.7,22.9,22.7,22.6,22.6,22.7,22.7,22.7,23.0,23.3,23.9,25.7,28.2,29.2,29.4,29.7,29.5,29.5,29.6,29.7,30.0,30.0,30.0,30.0,30.0,30.0,30.0,30.0,30.0,30.0,30.0,29.8,29.7,29.7,29.5,29.3,28.8,28.2,25.5,24.2,23.3,23.1,23.1,22.8,22.8,22.8,22.8,22.9,23.1,23.2,23.5,24.3,26.4,28.4,29.5,29.8,29.7,29.7,29.6,29.5,29.5,29.5,29.6,29.6,29.6,29.6,29.5,29.4,29.5,29.4,29.4,29.2,29.2,29.2,29.0,29.0,28.7,28.2,27.9,26.4,24.3,23.4,23.0,22.9,22.7,22.8,22.7,22.7,22.7,22.7,22.7,22.7,22.8,22.7,22.7,22.7,22.4,22.7,22.6,22.7,22.4,22.7,22.7,22.7,22.7,22.6,22.7,22.7,22.6,22.7,22.4,22.6,22.7,22.6,22.7,22.6,22.7,22.7,22.8,22.9,22.7,22.9,22.7,22.8,22.7,22.8,22.7,22.7,22.6,22.6,22.7,22.7,22.7,22.8,22.8,22.8,22.9,23.0,22.9,23.0,22.7,23.0,22.8,23.0,22.9,23.0,22.9,22.9,23.0,22.9,22.9,23.0,22.9,23.0,23.0,22.9,23.0,23.0,23.1,23.0,23.0,23.1,23.0,23.0,23.0,23.0,23.0,23.0,23.1,23.1,23.1,23.1,23.1,23.1,23.2,23.2,23.3,23.1,23.2,23.3,23.3,23.3,23.3,23.3,23.4,23.3,23.2,23.3,23.3,23.3,23.3,23.3,23.3,23.3,23.5,23.3,23.4,23.3,23.3
37,22.8,23.0,23.1,22.9,22.9,23.0,23.0,22.9,22.9,22.7,22.7,22.7,22.7,22.7,22.7,22.7,22.7,22.7,22.7,22.7,22.4,22.6,22.7,22.7,22.7,22.7,22.7,22.8,22.7,22.7,22.6,22.8,22.7,22.6,22.7,22.7,22.7,22.7,22.7,22.6,22.7,22.7,22.8,22.7,22.8,22.7,22.8,22.7,22.7,22.7,22.7,22.6,22.4,22.6,22.7,22.6,22.7,22.4,22.7,22.4,22.7,22.7,22.7,22.8,22.9,23.0,23.2,23.5,25.1,27.8,28.8,29.4,29.5,29.5,29.6,29.7,29.8,29.8,30.0,30.0,30.0,30.0,30.1,30.0,30.0,30.1,30.1,30.0,30.1,30.0,29.8,29.8,29.6,29.3,28.7,27.1,25.1,23.6,23.1,23.2,23.0,22.9,23.0,22.9,22.8,22.8,23.1,23.4,24.2,25.7,28.0,29.4,29.7,29.6,29.8,29.6,29.6,29.6,29.6,29.6,29.5,29.6,29.6,29.6,29.7,29.5,29.4,29.5,29.4,29.4,29.2,29.2,29.0,29.0,28.7,28.1,27.1,25.0,23.9,23.2,22.9,22.9,22.8,22.8,22.8,22.7,22.7,22.8,22.6,22.7,22.7,22.8,22.7,22.7,22.7,22.7,22.8,22.7,22.7,22.8,22.8,22.7,22.7,22.8,22.7,22.6,22.7,22.7,22.7,22.7,22.7,22.8,22.7,22.7,22.7,22.8,22.8,22.9,22.7,22.8,22.7,22.9,22.7,22.8,22.7,22.9,22.8,22.7,22.8,22.8,22.8,22.8,22.9,22.7,22.8,23.0,22.9,23.0,22.9,23.0,23.0,23.0,22.8,22.9,23.0,22.9,23.0,22.9,22.8,22.8,22.9,23.0,23.0,23.0,23.0,23.0,23.1,23.0,23.1,23.0,23.2,23.2,23.1,23.0,23.0,23.1,23.0,23.1,23.1,23.2,23.1,23.2,23.2,23.2,23.3,23.3,23.3,23.3,23.4,23.3,23.4,23.4,23.4,23.4,23.3,23.3,23.3,23.3,23.3,23.3,23.4,23.5,23.3,23.3,23.3,23.4
38,23.1,23.0,22.9,23.0,22.9,23.0,23.0,22.8,23.0,22.7,22.8,22.8,22.8,22.8,22.9,22.7,22.7,23.0,22.7,22.7,22.7,22.6,22.9,22.7,22.7,22.8,22.7,22.7,22.7,22.6,22.7,22.8,22.6,22.7,22.7,22.4,22.6,22.8,22.6,22.7,22.7,22.7,22.7,22.7,22.8,22.8,22.9,22.8,22.6,22.6,22.7,22.4,22.6,22.6,22.7,22.8,22.7,22.7,22.8,22.7,22.7,22.7,22.6,22.7,22.9,22.9,23.3,23.5,24.7,27.2,28.8,29.3,29.5,29.5,29.5,29.5,29.6,30.0,30.0,30.0,30.0,30.0,30.1,30.1,30.1,30.4,30.1,30.1,30.0,30.0,30.0,29.8,29.7,29.7,29.2,28.1,26.3,24.3,23.5,23.1,23.0,23.0,23.0,22.8,22.7,22.8,23.0,23.3,23.4,25.0,27.5,29.0,29.7,29.8,29.8,29.6,29.6,29.7,29.6,29.6,29.5,29.7,29.7,29.6,29.5,29.5,29.6,29.5,29.4,29.3,29.3,29.4,29.1,29.0,28.7,28.4,27.4,26.0,24.3,23.2,22.8,22.9,22.9,22.6,22.7,22.7,22.7,22.7,22.7,22.8,22.7,22.6,22.7,22.8,22.7,22.6,22.7,22.7,22.7,22.7,22.4,22.4,22.7,22.8,22.7,22.7,22.7,22.7,22.7,22.7,22.6,22.7,22.7,22.7,22.8,22.7,22.7,22.7,22.7,22.8,22.8,22.7,22.7,22.7,22.7,22.8,22.8,22.8,22.7,22.7,22.7,22.8,22.8,22.8,22.9,22.8,22.9,22.9,22.8,23.0,22.9,23.0,22.9,22.8,22.9,23.0,22.8,23.0,22.9,22.9,23.0,23.0,22.8,23.0,23.0,22.9,22.9,23.0,22.9,23.0,23.0,23.0,23.1,23.2,23.1,23.2,23.2,23.2,23.1,23.2,23.1,23.2,23.2,23.2,23.3,23.2,23.3,23.2,23.3,23.3,23.3,23.3,23.5,23.4,23.4,23.3,23.3,23.3,23.4,23.3,23.3,23.4,23.5,23.5,23.4,23.5
39,23.0,23.0,23.0,23.0,23.0,22.9,22.9,22.8,22.8,22.7,22.8,22.7,22.7,22.7,22.9,22.9,22.7,22.8,22.6,22.9,22.7,22.6,22.7,22.7,22.7,22.8,22.7,22.8,22.7,22.7,22.8,22.8,22.7,22.7,22.7,22.9,22.7,22.6,22.7,22.6,22.8,22.7,22.7,22.9,22.7,22.7,22.7,22.6,22.7,22.6,22.6,22.6,22.7,22.7,22.7,22.7,22.9,22.7,22.6,22.8,22.8,22.7,22.8,22.8,22.8,22.9,23.1,23.4,24.2,26.6,28.6,29.3,29.4,29.5,29.4,29.5,29.7,29.8,29.8,30.0,30.0,29.8,30.3,30.1,30.1,30.3,30.3,30.3,30.1,30.1,30.3,30.0,29.8,29.8,29.3,29.0,27.5,25.7,23.9,23.3,23.0,22.9,22.7,22.9,22.9,23.1,23.1,23.1,23.4,24.4,26.3,28.6,29.5,29.7,29.7,29.7,29.6,29.7,29.5,29.7,29.6,29.7,29.8,29.6,29.6,29.6,29.5,29.6,29.4,29.4,29.3,29.3,29.3,29.0,28.9,28.6,27.9,27.1,25.1,23.5,23.0,22.8,22.7,22.7,22.7,22.6,22.8,22.6,22.7,22.6,22.6,22.6,22.7,22.7,22.6,22.7,22.7,22.7,22.6,22.7,22.4,22.6,22.7,22.4,22.6,22.6,22.8,22.7,22.6,22.7,22.7,22.4,22.7,22.6,22.7,22.7,22.6,22.8,22.7,22.8,22.7,22.7,22.7,22.6,22.7,22.7,22.7,22.7,22.7,22.7,22.7,22.6,22.8,22.9,22.8,22.8,22.8,22.8,22.9,22.7,23.0,22.8,22.8,22.9,22.9,22.8,22.8,22.9,22.8,22.8,22.9,22.9,22.9,23.0,22.9,22.9,23.0,23.1,22.9,22.9,23.0,23.0,23.0,23.0,23.1,23.3,23.3,23.2,23.2,23.2,23.0,23.2,23.2,23.2,23.3,23.3,23.3,23.3,23.3,23.3,23.2,23.3,23.3,23.3,23.4,23.3,23.4,23.3,23.3,23.4,23.4,23.4,23.3,23.5,23.5,23.5
40,22.9,23.0,22.9,23.0,23.0,22.9,23.0,22.9,22.9,22.9,22.8,22.7,22.7,22.8,22.7,22.7,22.8,22.7,22.6,22.7,22.7,22.8,22.7,22.7,22.7,22.7,22.7,22.9,22.7,22.7,22.7,22.8,22.7,22.7,22.6,22.7,22.8,22.6,22.7,22.7,22.7,22.6,22.7,22.8,22.7,22.7,22.8,22.6,22.7,22.7,22.6,22.7,22.8,22.7,22.8,22.7,22.7,22.8,22.8,22.8,22.9,22.7,22.7,22.8,22.9,22.8,23.1,23.2,23.6,25.5,27.9,29.2,29.3,29.3,29.6,29.7,29.7,29.7,29.7,29.8,30.0,30.0,30.3,30.1,30.1,30.3,30.4,30.3,30.3,30.3,30.3,30.0,30.0,29.8,29.6,29.1,28.1,26.6,24.9,23.6,23.1,23.0,22.8,22.8,22.8,22.8,22.9,22.9,23.3,23.9,25.5,27.4,29.2,29.6,29.7,29.7,29.8,29.7,29.8,29.7,29.8,29.7,29.7,29.8,29.7,29.7,29.6,29.6,29.5,29.5,29.3,29.4,29.3,29.2,29.0,28.8,28.4,27.7,25.9,24.4,23.2,22.9,22.8,22.7,22.6,22.6,22.6,22.4,22.7,22.4,22.6,22.7,22.6,22.7,22.7,22.6,22.6,22.8,22.7,22.6,22.7,22.6,22.7,22.6,22.7,22.7,22.7,22.7,22.6,22.6,22.6,22.7,22.7,22.7,22.6,22.4,22.6,22.6,22.7,22.7,22.7,22.8,22.7,22.8,22.7,22.7,22.7,22.8,22.7,22.7,22.7,22.7,22.8,22.7,22.7,22.9,22.7,22.8,22.8,22.8,22.8,22.8,22.8,22.7,22.8,22.9,22.9,22.8,22.7,22.7,23.0,22.8,22.9,22.9,23.0,22.9,22.9,23.1,22.9,23.0,23.0,23.1,23.0,23.1,23.0,23.1,23.2,23.3,23.2,23.2,23.2,23.1,23.2,23.2,23.2,23.2,23.2,23.3,23.3,23.3,23.4,23.3,23.3,23.3,23.4,23.3,23.3,23.3,23.5,23.4,23.4,23.5,23.3,23.3,23.5,23.5
41,23.0,22.9,23.0,22.9,23.0,22.8,22.8,22.9,22.8,22.8,22.7,22.8,22.8,22.7,22.7,22.7,22.7,22.6,22.7,22.8,22.7,22.7,22.7,22.7,22.7,22.8,22.7,22.6,22.7,22.7,22.7,22.7,22.7,22.7,22.7,22.7,22.7,22.7,22.7,22.7,22.7,22.8,22.7,22.7,22.7,22.7,22.7,22.6,22.8,22.7,22.7,22.6,22.8,22.7,22.7,22.7,22.7,22.7,22.7,22.7,22.8,22.8,22.7,22.7,22.7,22.8,23.0,23.0,23.4,24.4,27.1,28.6,29.2,29.3,29.5,29.6,29.6,29.7,29.8,30.0,30.0,30.0,30.0,30.1,30.3,30.1,30.3,30.3,30.3,30.3,30.1,30.1,30.1,30.0,29.8,29.5,28.9,27.9,26.2,24.5,23.3,23.0,22.9,22.7,22.7,22.9,22.7,22.9,23.1,23.6,24.6,26.9,28.6,29.6,29.8,29.8,30.0,29.8,30.0,30.0,29.8,29.8,30.0,29.7,29.7,29.7,29.6,29.7,29.5,29.5,29.4,29.4,29.2,29.2,29.0,28.8,28.4,28.1,27.1,24.9,23.9,23.0,22.9,22.7,22.6,22.7,22.4,22.6,22.6,22.7,22.6,22.6,22.7,22.4,22.7,22.6,22.6,22.6,22.7,22.7,22.6,22.7,22.8,22.6,22.7,22.6,22.6,22.6,22.7,22.7,22.6,22.7,22.7,22.6,22.4,22.6,22.6,22.4,22.6,22.4,22.4,22.4,22.7,22.7,22.6,22.7,22.7,22.7,22.7,22.7,22.6,22.7,22.7,22.7,22.7,22.7,22.8,22.6,22.9,22.6,22.8,22.6,22.7,22.7,22.7,22.7,22.7,22.6,22.8,22.7,22.8,22.9,22.8,22.7,22.9,23.0,22.8,23.0,23.0,23.0,23.0,22.9,23.0,22.9,22.9,23.1,23.1,23.0,23.1,23.0,23.3,23.2,23.1,23.2,23.0,23.3,23.2,23.2,23.3,23.2,23.2,23.3,23.3,23.4,23.3,23.3,23.3,23.3,23.3,23.5,23.3,23.3,23.3,23.2,23.3,23.5
42,23.2,23.1,23.1,22.9,22.9,22.9,22.9,22.9,22.9,22.8,22.8,22.8,22.7,22.8,22.8,22.8,22.8,22.8,22.8,22.7,22.8,22.7,22.7,22.7,22.8,22.8,22.7,22.8,22.7,22.7,22.7,22.7,22.7,22.7,22.7,22.9,22.7,22.7,22.8,22.7,22.7,22.7,22.7,22.7,22.8,22.7,22.9,22.7,22.8,22.8,22.8,22.7,22.8,23.0,22.8,22.9,22.8,22.9,22.7,22.8,22.8,22.8,22.6,22.7,22.8,22.8,22.8,22.9,23.2,23.6,25.9,28.1,29.0,29.4,29.5,29.6,29.6,29.7,29.7,29.8,30.0,30.1,30.0,30.1,30.3,30.4,30.3,30.4,30.3,30.4,30.3,30.1,30.1,30.0,30.0,29.6,29.4,28.7,27.6,25.4,23.9,23.2,23.0,22.7,22.7,22.7,22.7,22.9,23.0,23.2,24.0,25.9,28.0,29.6,30.0,30.0,30.0,30.0,30.0,30.0,30.0,30.0,30.0,30.0,30.0,29.8,29.8,29.6,29.6,29.5,29.5,29.4,29.4,29.3,29.3,29.1,28.9,28.5,27.4,25.9,24.1,23.1,22.9,22.7,22.7,22.6,22.6,22.7,22.4,22.6,22.4,22.7,22.7,22.7,22.7,22.6,22.6,22.4,22.4,22.6,22.7,22.7,22.7,22.7,22.8,22.7,22.8,22.8,22.7,22.6,22.8,22.6,22.6,22.6,22.7,22.7,22.6,22.7,22.6,22.4,22.4,22.7,22.6,22.8,22.7,22.6,22.7,22.6,22.6,22.7,22.7,22.7,22.7,22.6,22.7,22.6,22.7,22.8,22.7,22.7,22.7,22.7,22.6,22.8,22.7,22.7,22.8,22.4,22.7,22.7,22.7,22.9,22.9,22.8,22.9,22.8,22.9,22.9,22.9,22.9,23.0,22.9,23.1,23.0,23.0,23.1,23.0,23.1,23.1,23.1,23.2,23.0,23.1,23.2,23.3,23.2,23.2,23.2,23.3,23.3,23.3,23.3,23.3,23.3,23.3,23.2,23.3,23.4,23.3,23.4,23.4,23.3,23.3,23.4,23.3,23.3
43,23.1,23.1,22.9,22.9,23.0,22.9,22.6,23.0,22.8,22.7,22.7,22.8,22.6,22.7,22.7,22.7,22.9,22.8,22.7,22.8,22.8,22.8,22.7,22.7,22.7,22.6,22.7,22.8,22.6,22.7,22.6,22.8,22.7,22.7,22.6,22.6,22.7,22.7,22.8,22.7,22.7,22.7,22.8,22.8,22.7,22.8,22.8,23.0,22.9,22.8,22.9,23.1,22.7,23.0,23.0,22.9,22.7,22.8,22.8,22.7,22.7,22.6,22.7,22.6,22.7,22.7,22.8,22.7,23.2,23.4,24.9,27.3,28.8,29.3,29.5,29.5,29.7,29.8,29.7,30.0,30.0,30.0,30.1,30.0,30.4,30.4,30.5,30.5,30.3,30.4,30.5,30.3,30.3,30.3,30.0,29.7,29.5,29.1,28.4,26.3,24.7,23.4,22.8,22.8,22.6,22.7,22.7,22.7,23.0,23.1,23.9,25.4,27.6,29.3,30.0,30.0,30.1,30.0,30.0,30.0,30.0,30.0,30.0,30.0,30.0,30.0,29.8,29.8,29.7,29.7,29.5,29.5,29.3,29.3,29.3,29.1,28.9,28.7,28.1,26.5,24.7,23.5,23.1,22.7,22.7,22.4,22.4,22.4,22.6,22.6,22.4,22.6,22.4,22.4,22.6,22.4,22.7,22.6,22.6,22.7,22.7,22.7,23.0,22.8,22.8,22.9,22.8,22.8,22.9,22.7,22.7,22.7,22.4,22.6,22.6,22.7,22.7,22.6,22.6,22.6,22.4,22.7,22.7,22.4,22.7,22.7,22.6,22.6,22.7,22.8,22.8,22.7,22.6,22.7,22.6,22.7,22.7,22.7,22.7,22.6,22.7,22.7,22.7,22.7,22.7,22.8,22.7,22.9,22.7,22.6,23.0,22.7,22.7,22.7,22.9,22.7,22.8,22.9,22.7,22.9,23.0,23.1,22.9,23.0,23.0,23.1,23.1,23.1,22.9,23.2,23.2,23.2,23.3,23.2,23.2,23.2,23.2,23.2,23.2,23.2,23.2,23.3,23.2,23.2,23.3,23.3,23.3,23.3,23.3,23.3,23.4,23.3,23.3,23.4,23.3,23.3
44,22.8,22.9,22.9,23.0,23.0,23.0,22.8,22.9,22.8,22.7,22.9,22.7,22.6,22.7,22.8,22.7,22.7,22.6,22.6,22.6,22.7,22.4,22.7,22.6,22.6,22.4,22.6,22.7,22.4,22.6,22.7,22.7,22.8,22.6,22.7,22.7,22.7,22.8,22.6,22.7,22.7,22.8,22.7,22.9,22.7,22.8,22.9,23.1,23.1,23.3,23.1,23.2,23.3,23.3,23.2,23.1,22.9,22.7,22.9,22.8,22.7,22.6,22.6,22.6,22.7,22.7,22.7,22.8,22.8,23.1,23.9,25.9,28.4,29.3,29.4,29.5,29.6,29.8,30.0,30.0,30.0,30.1,30.1,30.3,30.3,30.3,30.5,30.3,30.3,30.4,30.4,30.3,30.4,30.1,30.0,30.1,29.7,29.5,29.1,28.0,25.3,23.5,23.1,22.9,22.8,22.8,22.8,22.7,22.9,23.2,23.3,24.3,26.8,28.7,29.8,30.0,30.1,30.3,30.3,30.1,30.0,30.1,30.0,30.0,30.1,30.0,29.8,30.0,29.7,29.7,29.6,29.6,29.5,29.3,29.3,29.3,29.1,28.8,28.1,27.3,25.4,24.1,23.2,22.8,22.4,22.4,22.7,22.7,22.7,22.7,22.7,22.7,22.7,22.4,22.7,22.4,22.6,22.6,22.6,22.6,22.8,22.9,23.1,23.1,23.2,23.4,23.3,23.1,22.9,22.8,22.9,22.7,22.6,22.6,22.7,22.6,22.6,22.4,22.4,22.7,22.6,22.4,22.7,22.4,22.7,22.4,22.4,22.6,22.6,22.7,22.6,22.7,22.6,22.6,22.7,22.6,22.7,22.6,22.6,22.8,22.6,22.7,22.7,22.7,22.7,22.7,22.7,22.7,22.8,22.7,22.8,22.7,22.7,22.7,22.7,22.7,22.9,22.8,22.9,22.9,22.9,22.9,22.9,22.8,23.1,23.0,23.1,23.1,23.2,23.1,23.1,23.1,23.1,23.3,23.2,23.0,23.1,23.3,23.1,23.2,23.2,23.3,23.3,23.3,23.3,23.2,23.2,23.2,23.3,23.3,23.3,23.2,23.4,23.4,23.3,23.3
45,23.0,22.8,22.9,22.8,23.0,22.8,22.7,22.6,22.8,22.6,22.7,22.7,22.4,22.7,22.7,22.7,22.6,22.7,22.4,22.7,22.7,22.6,22.6,22.7,22.4,22.4,22.6,22.6,22.6,22.6,22.4,22.7,22.6,22.7,22.6,22.6,22.6,22.7,22.6,22.8,22.6,22.7,22.8,22.7,22.8,22.7,23.0,23.2,23.3,23.5,24.1,24.6,24.8,24.5,24.2,23.6,23.1,23.0,22.9,22.9,22.7,22.8,22.7,22.7,22.6,22.7,22.7,22.4,22.8,23.1,23.5,24.8,27.5,29.4,29.5,29.6,29.8,29.8,29.8,30.0,30.1,30.1,30.3,30.3,30.4,30.4,30.3,30.5,30.4,30.5,30.3,30.3,30.3,30.3,30.1,30.1,29.7,29.5,29.1,28.5,26.2,24.7,23.3,22.9,22.7,22.7,22.7,22.8,22.9,23.0,23.3,24.1,25.9,28.1,29.6,30.0,30.3,30.1,30.3,30.1,30.3,30.1,30.0,30.1,30.0,30.0,30.0,30.0,29.8,29.7,29.6,29.8,29.4,29.4,29.3,29.2,29.0,28.9,28.4,27.7,26.2,24.5,23.2,22.7,22.4,22.6,22.4,22.7,22.7,22.6,22.4,22.6,22.7,22.6,22.4,22.6,22.4,22.7,22.6,22.9,23.0,23.0,23.4,23.8,24.3,24.5,24.3,24.3,23.6,23.3,23.0,22.7,22.7,22.6,22.6,22.4,22.4,22.4,22.4,22.6,22.4,22.7,22.6,22.4,22.4,22.6,22.6,22.4,22.6,22.4,22.4,22.6,22.6,22.4,22.6,22.4,22.6,22.6,22.6,22.4,22.4,22.6,22.7,22.6,22.6,22.6,22.7,22.7,22.7,22.4,22.7,22.7,22.8,22.7,22.8,22.8,22.8,22.9,22.8,22.7,22.9,22.9,22.9,23.0,22.9,23.0,23.1,23.1,23.0,23.1,23.1,23.1,23.2,23.1,23.1,23.1,23.0,23.1,23.1,23.2,23.1,23.2,23.1,23.3,23.2,23.2,23.2,23.2,23.2,23.2,23.3,23.2,23.2,23.3,23.3,23.2
46,22.7,22.9,22.7,22.8,22.9,22.7,22.8,22.6,22.8,22.6,22.7,22.6,22.4,22.6,22.7,22.7,22.4,22.6,22.4,22.4,22.6,22.4,22.6,22.4,22.6,22.6,22.6,22.4,22.6,22.6,22.4,22.6,22.4,22.6,22.7,22.6,22.6,22.6,22.4,22.7,22.6,22.7,22.7,22.7,23.0,23.0,23.0,23.8,24.5,25.8,26.9,27.5,27.9,27.9,27.0,25.8,24.7,23.8,23.2,23.0,22.8,22.8,22.6,22.7,22.6,22.6,22.6,22.7,22.6,22.9,23.2,24.2,26.8,28.5,29.4,29.6,29.8,29.8,29.8,30.0,30.0,30.1,30.1,30.3,30.3,30.5,30.3,30.3,30.6,30.6,30.4,30.4,30.4,30.3,30.3,30.1,30.0,29.8,29.5,29.3,27.8,25.3,23.6,23.1,22.8,22.7,22.6,22.7,22.8,22.8,23.2,23.6,25.0,27.1,29.2,30.0,30.1,30.3,30.3,30.1,30.1,30.1,30.1,30.1,30.1,30.1,30.0,30.0,30.0,29.8,29.7,29.6,29.7,29.4,29.4,29.2,29.2,29.1,28.7,28.5,27.1,25.3,23.9,23.0,22.8,22.4,22.7,22.6,22.8,22.7,22.4,22.7,22.7,22.6,22.7,22.4,22.6,22.7,22.8,23.0,23.1,23.4,24.1,24.9,25.6,25.9,25.8,25.4,24.7,24.1,23.4,23.1,23.0,22.6,22.6,22.6,22.6,22.6,22.4,22.6,22.4,22.6,22.4,22.4,22.7,22.6,22.6,22.6,22.4,22.6,22.7,22.4,22.6,22.4,22.4,22.4,22.4,22.6,22.6,22.4,22.7,22.6,22.7,22.6,22.7,22.4,22.7,22.6,22.7,22.7,22.8,22.7,22.7,22.6,22.7,22.8,22.7,22.7,22.7,22.9,22.9,22.9,22.9,22.9,23.0,23.0,23.0,23.1,23.1,23.0,23.1,23.0,23.1,23.1,23.1,23.2,23.2,23.1,23.1,23.1,23.1,23.1,23.2,23.2,23.3,23.1,23.3,23.2,23.2,23.3,23.2,23.3,23.3,23.4,23.3,23.3
47,22.8,22.8,22.7,22.7,22.6,22.7,22.7,22.6,22.4,22.6,22.6,22.6,22.6,22.6,22.4,22.4,22.4,22.6,22.4,22.4,22.7,22.4,22.4,22.4,22.4,22.6,22.4,22.4,22.4,22.4,22.6,22.4,22.4,22.7,22.4,22.7,22.4,22.6,22.4,22.4,22.6,22.7,22.7,22.7,22.9,22.7,23.4,24.6,26.4,28.1,29.3,29.6,29.6,29.6,29.3,28.7,27.5,25.7,24.3,23.3,22.9,22.8,22.7,22.7,22.6,22.7,22.6,22.6,22.7,22.7,23.1,23.5,25.5,28.1,29.3,29.7,30.0,29.8,30.0,30.0,30.1,30.1,30.1,30.1,30.4,30.4,30.5,30.3,30.4,30.4,30.4,30.5,30.3,30.4,30.3,30.3,30.0,30.0,29.7,29.1,28.1,26.5,24.4,23.2,22.7,22.7,22.4,22.7,22.7,22.7,23.1,23.1,24.3,26.2,28.1,29.6,30.0,30.0,30.3,30.3,30.1,30.3,30.1,30.1,30.0,30.1,30.0,30.1,30.0,29.8,29.8,29.7,29.5,29.5,29.4,29.3,29.3,29.1,28.9,28.5,27.7,26.1,24.0,23.1,22.7,22.7,22.4,22.7,22.6,22.7,22.4,22.6,22.6,22.4,22.6,22.6,22.7,22.6,22.7,23.2,23.3,24.4,25.5,26.4,27.1,27.1,26.9,26.6,25.9,25.3,24.3,23.5,23.0,22.8,22.6,22.4,22.7,22.4,22.4,22.6,22.4,22.4,22.4,22.4,22.4,22.4,22.4,22.4,22.6,22.4,22.6,22.4,22.6,22.6,22.4,22.6,22.6,22.6,22.6,22.6,22.4,22.7,22.4,22.6,22.4,22.4,22.4,22.7,22.7,22.7,22.7,22.7,22.7,22.6,22.8,22.7,22.7,22.7,22.7,22.8,22.9,22.9,22.8,22.9,22.9,22.9,23.1,23.0,22.9,23.1,23.0,22.9,23.0,23.1,23.1,23.1,23.1,23.1,23.0,23.1,23.1,23.1,23.2,23.3,23.2,23.2,23.2,23.2,23.1,23.2,23.3,23.2,23.2,23.2,23.3,23.2
48,22.7,22.8,22.8,22.8,22.7,22.7,22.8,22.6,22.4,22.4,22.6,22.7,22.6,22.6,22.7,22.4,22.4,22.4,22.4,22.4,22.4,22.4,22.4,22.6,22.6,22.4,22.6,22.6,22.6,22.4,22.6,22.6,22.4,22.4,22.7,22.6,22.4,22.6,22.6,22.6,22.7,22.6,22.7,22.7,22.8,23.0,24.1,25.9,28.1,29.0,29.7,30.1,30.0,30.0,30.0,29.8,29.4,28.5,26.8,24.7,23.3,23.1,22.8,22.7,22.6,22.6,22.7,22.4,22.7,22.7,22.7,23.1,24.5,27.1,29.0,29.6,29.8,30.0,30.0,30.1,30.3,30.3,30.3,30.3,30.5,30.5,30.5,30.3,30.4,30.5,30.4,30.5,30.4,30.3,30.3,30.4,30.3,30.0,29.8,29.5,29.0,27.6,25.1,23.6,22.8,22.9,22.6,22.6,22.8,22.7,23.0,23.4,23.9,25.5,28.0,29.4,30.1,30.1,30.3,30.3,30.1,30.3,30.3,30.1,30.1,30.3,30.1,30.0,30.0,29.8,29.7,29.7,29.7,29.5,29.3,29.3,29.4,29.2,29.0,28.8,28.1,26.9,24.7,23.4,22.9,22.6,22.6,22.4,22.4,22.7,22.6,22.7,22.6,22.7,22.6,22.7,23.0,23.0,23.1,23.5,24.1,25.8,26.6,27.3,27.5,27.3,27.3,27.2,27.1,26.2,25.5,24.3,23.5,23.1,22.7,22.7,22.7,22.4,22.4,22.4,22.4,22.4,22.4,22.4,22.4,22.4,22.4,22.4,22.4,22.4,22.4,22.6,22.4,22.6,22.4,22.6,22.6,22.6,22.4,22.4,22.4,22.7,22.7,22.6,22.7,22.6,22.6,22.7,22.6,22.6,22.4,22.6,22.6,22.7,22.8,22.8,22.8,23.0,22.9,22.7,22.6,22.8,22.8,22.7,22.8,23.0,22.9,23.1,23.0,22.9,23.1,23.0,23.0,23.1,23.0,23.1,23.2,23.0,23.2,23.2,23.2,23.1,23.3,23.2,23.2,23.2,23.3,23.3,23.2,23.3,23.2,23.3,23.1,23.2,23.2,23.3
49,22.8,22.9,22.7,22.7,22.7,22.7,22.7,22.4,22.4,22.6,22.6,22.7,22.4,22.4,22.4,22.6,22.4,22.6,22.4,22.6,22.4,22.6,22.4,22.4,22.6,22.7,22.6,22.4,22.4,22.4,22.4,22.4,22.4,22.4,22.4,22.4,22.7,22.6,22.4,22.6,22.4,22.4,22.6,22.8,22.9,23.2,24.6,26.9,28.7,29.6,30.0,30.3,30.1,30.3,30.1,30.0,29.8,29.4,28.5,26.9,24.4,23.3,23.0,22.7,22.6,22.4,22.6,22.4,22.4,22.7,22.6,23.0,23.8,25.9,28.2,29.3,30.0,30.0,30.1,30.3,30.1,30.3,30.1,30.3,30.3,30.5,30.4,30.6,30.5,30.5,30.5,30.4,30.4,30.5,30.4,30.3,30.3,30.1,30.0,29.7,29.4,28.4,26.4,24.5,23.0,22.9,22.6,22.6,22.6,22.8,22.8,23.1,23.4,24.8,27.0,29.1,30.0,30.1,30.3,30.3,30.3,30.1,30.3,30.1,30.1,30.3,30.1,30.1,30.0,29.8,29.8,29.7,29.6,29.5,29.3,29.3,29.4,29.3,29.2,28.9,28.6,27.2,25.6,23.6,23.0,22.7,22.6,22.7,22.4,22.4,22.4,22.4,22.6,22.6,22.8,22.7,22.7,23.1,23.5,24.1,25.3,26.8,27.3,27.7,27.4,27.3,27.3,27.2,27.1,26.8,26.2,25.4,24.5,23.5,23.0,22.7,22.6,22.6,22.4,22.4,22.4,22.6,22.4,22.4,22.4,22.4,22.4,22.4,22.4,22.4,22.4,22.4,22.4,22.4,22.4,22.6,22.4,22.4,22.4,22.4,22.6,22.4,22.6,22.7,22.7,22.7,22.7,22.6,22.7,22.7,22.6,22.6,22.7,22.7,22.7,22.7,22.8,22.8,22.8,22.7,22.7,22.7,22.8,22.9,22.9,22.8,22.8,23.0,23.0,22.9,23.1,23.0,23.0,23.1,23.0,23.0,23.0,23.0,23.2,23.2,23.0,23.2,23.2,23.3,23.2,23.3,23.3,23.3,23.2,23.3,23.2,23.2,23.2,23.2,23.2,23.3
50,22.9,22.7,22.7,22.7,22.6,22.7,22.6,22.7,22.6,22.6,22.4,22.6,22.4,22.4,22.4,22.4,22.4,22.4,22.4,22.4,22.4,22.4,22.4,22.4,22.4,22.4,22.6,22.2,22.4,22.6,22.4,22.4,22.4,22.4,22.6,22.4,22.4,22.6,22.6,22.4,22.6,22.6,22.6,22.8,23.0,23.3,24.7,27.6,29.0,29.6,30.1,30.3,30.3,30.1,30.1,30.0,30.0,29.5,29.4,28.2,26.3,24.2,23.1,22.9,22.7,22.6,22.4,22.7,22.6,22.6,22.7,22.9,23.4,24.9,27.5,29.1,30.0,30.0,30.1,30.1,30.1,30.3,30.1,30.3,30.4,30.5,30.5,30.5,30.5,30.5,30.5,30.5,30.4,30.4,30.4,30.4,30.3,30.1,30.0,30.0,29.5,29.0,27.3,25.0,23.3,23.0,22.7,22.6,22.7,22.7,22.8,22.9,23.1,24.2,26.4,28.4,29.7,30.1,30.3,30.1,30.3,30.3,30.3,30.1,30.1,30.1,30.1,30.1,30.0,30.0,29.7,29.7,29.5,29.6,29.4,29.4,29.4,29.3,29.2,29.1,28.9,27.7,26.0,24.5,23.2,22.6,22.4,22.6,22.4,22.4,22.4,22.6,22.4,22.4,22.7,22.7,22.8,22.9,24.0,24.7,26.4,27.2,27.6,27.8,27.7,27.5,27.4,27.2,27.1,27.1,26.5,25.9,25.3,24.1,23.3,22.9,22.7,22.6,22.4,22.4,22.4,22.4,22.4,22.4,22.4,22.4,22.4,22.4,22.4,22.4,22.4,22.4,22.4,22.7,22.4,22.4,22.7,22.4,22.2,22.6,22.4,22.7,22.4,22.7,22.7,22.6,22.6,22.7,22.6,22.4,22.6,22.4,22.6,22.7,22.6,22.7,22.7,22.8,22.8,22.9,22.7,22.7,22.8,22.9,22.8,22.8,22.9,22.7,22.8,22.8,22.8,22.8,23.0,23.1,23.0,23.0,23.1,23.1,23.0,23.1,23.0,23.1,23.1,23.2,23.1,23.2,23.2,23.1,23.2,23.1,23.1,23.2,23.1,23.2,23.2,23.0
51,22.8,22.6,22.6,22.6,22.6,22.6,22.6,22.6,22.4,22.4,22.4,22.4,22.4,22.4,22.4,22.4,22.4,22.4,22.4,22.6,22.4,22.4,22.6,22.4,22.4,22.4,22.4,22.4,22.4,22.4,22.4,22.6,22.4,22.4,22.4,22.4,22.4,22.4,22.4,22.4,22.6,22.7,22.7,22.7,23.0,23.3,25.1,27.7,29.3,30.0,30.3,30.4,30.4,30.4,30.1,30.0,30.0,29.8,29.5,29.1,28.2,26.0,24.2,23.1,22.6,22.6,22.4,22.4,22.6,22.6,22.6,22.9,23.2,24.4,26.0,28.9,29.6,30.1,30.3,30.1,30.5,30.4,30.4,30.4,30.5,30.4,30.6,30.5,30.5,30.6,30.5,30.6,30.6,30.5,30.5,30.4,30.3,30.1,30.1,30.0,29.7,29.5,28.1,25.8,24.3,23.2,22.8,22.7,22.6,22.4,22.7,22.9,23.1,23.8,25.5,27.9,29.4,30.0,30.3,30.3,30.3,30.3,30.0,30.3,30.1,30.1,30.1,30.1,30.0,30.0,29.8,29.8,29.6,29.6,29.3,29.3,29.3,29.4,29.1,29.1,28.9,28.1,26.8,24.6,23.6,22.8,22.7,22.4,22.4,22.6,22.4,22.4,22.4,22.4,22.7,22.7,23.0,23.3,24.3,25.8,26.5,27.6,27.9,28.1,27.7,27.6,27.6,27.5,27.3,27.2,27.0,26.4,25.8,24.7,23.6,23.1,22.8,22.4,22.4,22.4,22.4,22.2,22.4,22.4,22.2,22.4,22.4,22.4,22.4,22.4,22.4,22.4,22.4,22.6,22.4,22.4,22.4,22.4,22.4,22.6,22.4,22.6,22.4,22.6,22.6,22.6,22.6,22.7,22.4,22.7,22.6,22.6,22.6,22.6,22.7,22.7,22.7,22.7,22.8,22.8,22.9,22.8,22.7,22.7,22.8,22.8,22.9,23.0,22.7,22.9,22.9,22.9,23.0,23.0,23.0,23.0,23.0,23.0,22.9,23.0,23.1,23.1,23.1,23.1,23.1,23.2,23.2,23.1,23.1,23.2,23.1,23.1,23.2,23.2,23.3,23.3
52,22.7,22.7,22.7,22.6,22.6,22.4,22.4,22.6,22.4,22.4,22.4,22.4,22.4,22.4,22.4,22.2,22.4,22.4,22.4,22.4,22.4,22.4,22.4,22.4,22.4,22.4,22.4,22.4,22.4,22.4,22.4,22.4,22.2,22.4,22.4,22.6,22.4,22.4,22.4,22.4,22.6,22.6,22.7,22.8,22.9,23.3,25.0,28.0,29.6,30.0,30.4,30.5,30.4,30.5,30.4,30.1,30.0,30.0,29.7,29.3,29.0,27.8,25.8,23.5,22.8,22.6,22.6,22.4,22.4,22.4,22.4,22.4,23.1,23.5,25.3,27.5,29.5,30.0,30.1,30.1,30.3,30.3,30.4,30.3,30.5,30.5,30.4,30.5,30.5,30.6,30.4,30.5,30.5,30.4,30.4,30.4,30.4,30.3,30.3,30.1,29.8,29.4,29.1,27.3,24.8,23.5,22.9,22.6,22.7,22.6,22.7,23.0,23.0,23.2,24.9,27.2,28.9,30.0,30.1,30.1,30.4,30.1,30.1,30.1,30.1,30.1,30.0,30.1,30.1,30.0,29.8,29.7,29.7,29.6,29.4,29.5,29.4,29.3,29.2,29.2,29.0,28.7,27.2,25.0,23.6,22.6,22.6,22.6,22.4,22.4,22.4,22.4,22.4,22.6,22.6,22.9,23.0,23.9,25.3,26.6,27.6,27.7,28.1,28.0,28.0,27.8,27.6,27.5,27.3,27.3,27.1,26.9,26.3,25.6,24.5,23.2,23.0,22.6,22.4,22.4,22.4,22.4,22.4,22.4,22.4,22.4,22.4,22.4,22.4,22.4,22.4,22.4,22.4,22.4,22.4,22.4,22.6,22.4,22.4,22.4,22.7,22.4,22.4,22.4,22.4,22.4,22.6,22.4,22.6,22.6,22.4,22.4,22.4,22.6,22.7,22.4,22.7,22.4,22.7,22.7,23.0,22.7,22.7,22.6,22.8,22.8,22.8,22.9,22.7,22.8,22.9,23.0,23.0,23.0,23.0,23.0,23.0,23.0,23.0,23.1,23.1,23.1,23.0,23.2,23.1,23.2,23.1,23.1,23.2,23.2,23.2,23.1,23.2,23.3,23.3,23.2
53,22.6,22.7,22.7,22.6,22.6,22.6,22.4,22.2,22.4,22.4,22.4,22.4,22.4,22.2,22.4,22.4,22.4,22.4,22.4,22.4,22.4,22.4,22.4,22.4,22.2,22.2,22.2,22.4,22.4,22.2,22.4,22.4,22.2,22.2,22.4,22.4,22.4,22.4,22.4,22.4,22.6,22.4,22.6,22.9,23.0,23.5,24.9,27.8,29.4,30.1,30.5,30.5,30.6,30.5,30.4,30.1,30.0,30.0,30.0,29.8,29.2,28.6,27.3,24.8,23.3,22.8,22.6,22.4,22.4,22.4,22.4,22.7,22.7,23.2,24.2,26.4,28.7,29.7,30.0,30.3,30.3,30.3,30.1,30.3,30.5,30.5,30.5,30.6,30.5,30.6,30.5,30.4,30.5,30.5,30.5,30.5,30.4,30.3,30.3,30.1,30.0,29.5,29.3,28.1,25.8,24.1,22.9,22.6,22.7,22.6,22.4,22.6,22.7,23.0,24.5,26.0,28.1,29.3,30.1,30.1,30.1,30.1,30.1,30.1,30.0,30.0,30.1,30.1,30.0,30.0,29.8,30.0,29.7,29.6,29.4,29.4,29.3,29.3,29.3,29.2,29.0,28.5,27.4,25.8,24.1,22.7,22.4,22.4,22.4,22.4,22.4,22.6,22.4,22.6,22.9,23.0,23.4,24.5,25.9,27.3,27.9,28.0,28.1,27.9,28.0,27.8,27.7,27.7,27.5,27.5,27.3,27.2,26.8,26.1,25.3,24.2,23.2,22.9,22.4,22.4,22.4,22.4,22.4,22.4,22.4,22.4,22.4,22.4,22.4,22.4,22.4,22.4,22.6,22.4,22.4,22.4,22.6,22.4,22.4,22.4,22.6,22.4,22.4,22.4,22.4,22.4,22.6,22.4,22.4,22.4,22.4,22.4,22.6,22.7,22.4,22.4,22.8,22.6,22.6,22.4,22.7,22.7,22.7,22.8,22.8,22.8,22.8,22.7,22.8,22.9,22.9,22.9,22.9,23.0,22.9,22.9,22.9,22.9,23.0,22.9,22.9,22.9,23.0,23.1,23.0,23.1,23.3,23.1,23.1,23.2,23.1,23.2,23.1,23.0,23.1,23.1
54,22.4,22.7,22.8,22.7,22.6,22.4,22.4,22.4,22.4,22.4,22.4,22.4,22.4,22.4,22.4,22.4,22.4,22.4,22.4,22.4,22.4,22.4,22.4,22.4,22.4,22.2,22.4,22.2,22.4,22.4,22.4,22.4,22.2,22.4,22.4,22.4,22.4,22.4,22.4,22.6,22.4,22.6,22.7,22.8,23.0,23.4,25.6,28.4,29.5,30.4,30.5,30.6,30.5,30.6,30.5,30.5,30.3,30.1,30.0,30.0,29.7,29.3,28.8,26.8,24.4,23.1,22.8,22.7,22.7,22.4,22.6,22.7,22.7,23.0,23.5,25.0,27.9,29.1,30.0,30.3,30.4,30.4,30.5,30.5,30.5,30.5,30.5,30.5,30.6,30.6,30.6,30.6,30.5,30.5,30.5,30.6,30.4,30.3,30.5,30.5,30.0,29.8,29.3,28.6,27.0,25.0,23.4,23.0,23.0,23.0,22.9,23.0,22.9,23.0,23.5,25.3,27.7,29.5,30.0,30.1,30.0,30.1,30.1,30.3,30.1,30.0,30.1,30.1,30.0,30.0,30.0,29.8,29.7,29.6,29.6,29.6,29.4,29.4,29.3,29.2,29.0,28.8,28.1,26.4,24.5,23.3,22.8,22.7,22.6,22.7,22.6,22.4,22.4,22.9,23.0,23.1,24.2,25.4,26.9,27.8,28.2,28.1,28.2,28.1,28.1,28.0,28.0,27.8,27.7,27.7,27.6,27.5,27.2,26.6,26.0,24.9,23.6,23.3,23.0,22.6,22.4,22.6,22.4,22.4,22.4,22.6,22.6,22.7,22.7,22.4,22.4,22.4,22.6,22.6,22.7,22.6,22.6,22.8,22.7,22.6,22.8,22.7,22.4,22.7,22.7,22.7,22.7,22.7,22.4,22.6,22.7,22.6,22.6,22.7,22.7,22.7,22.7,22.7,22.7,22.8,22.8,22.8,22.8,22.7,22.9,23.0,22.8,23.0,23.0,23.0,22.9,23.0,23.0,23.0,23.1,23.0,23.0,23.1,23.1,23.1,23.1,23.1,22.8,23.0,23.1,23.1,23.1,23.2,23.2,23.3,23.2,23.2,23.3,23.2,23.3,23.0
55,22.8,22.8,22.7,22.4,22.6,22.6,22.4,22.4,22.4,22.4,22.4,22.4,22.4,22.2,22.4,22.4,22.4,22.4,22.4,22.4,22.4,22.4,22.4,22.4,22.2,22.4,22.4,22.4,22.4,22.4,22.4,22.4,22.4,22.4,22.4,22.6,22.4,22.6,22.6,22.4,22.7,22.7,22.7,23.0,23.1,23.6,26.0,28.5,29.8,30.5,30.6,30.5,30.6,30.6,30.6,30.5,30.5,30.1,30.0,30.1,29.8,29.5,29.0,27.8,25.9,24.1,23.0,22.7,22.6,22.4,22.6,22.7,22.9,23.0,23.2,24.6,26.9,28.8,29.6,30.3,30.1,30.4,30.3,30.3,30.5,30.5,30.5,30.5,30.6,30.5,30.5,30.5,30.5,30.4,30.5,30.5,30.6,30.5,30.5,30.4,30.1,30.0,29.7,29.1,27.9,26.0,24.4,23.3,23.2,23.1,22.9,22.8,22.8,23.1,23.5,24.8,27.0,28.9,29.8,30.1,30.0,30.1,30.0,30.1,30.0,30.0,30.0,30.0,30.0,30.0,29.8,30.0,29.8,29.6,29.5,29.4,29.4,29.3,29.3,29.2,29.1,28.7,28.2,27.2,25.3,23.5,23.1,22.7,22.7,22.7,22.7,22.4,22.7,22.8,23.1,23.2,24.6,25.9,27.4,28.1,28.2,28.4,28.4,28.1,28.1,28.1,28.1,27.9,27.9,27.7,27.7,27.6,27.5,27.2,26.9,25.8,24.6,23.5,23.0,22.8,22.7,22.7,22.4,22.4,22.4,22.7,22.6,22.8,22.7,22.6,22.6,22.7,22.6,22.7,22.6,22.7,22.8,22.7,22.7,22.7,22.8,22.6,22.7,22.8,22.7,22.6,22.7,22.4,22.7,22.7,22.8,22.7,22.6,22.7,22.8,22.7,22.8,22.7,22.9,22.9,22.8,22.8,23.0,22.9,22.8,23.0,23.0,23.0,22.8,22.9,22.9,23.0,23.1,23.1,23.2,23.0,23.1,23.1,23.0,23.2,23.0,23.0,23.1,23.2,23.1,23.3,23.3,23.3,23.3,23.2,23.3,23.3,23.2,23.3,23.4,23.2
56,22.8,22.6,22.6,22.4,22.6,22.4,22.4,22.4,22.4,22.4,22.4,22.4,22.4,22.4,22.4,22.4,22.4,22.4,22.4,22.4,22.4,22.2,22.4,22.4,22.4,22.4,22.4,22.4,22.2,22.4,22.6,22.4,22.4,22.4,22.4,22.4,22.7,22.4,22.4,22.6,22.6,22.8,22.8,22.8,23.2,23.9,26.3,28.8,29.8,30.5,30.4,30.5,30.6,30.6,30.5,30.4,30.3,30.0,30.1,30.1,30.1,29.8,29.5,28.9,27.5,25.0,23.6,23.0,23.0,22.8,22.6,22.8,22.8,22.9,23.1,24.2,25.3,27.9,29.3,30.0,30.3,30.3,30.1,30.1,30.3,30.5,30.5,30.5,30.5,30.4,30.6,30.5,30.5,30.5,30.5,30.6,30.5,30.4,30.5,30.5,30.3,30.0,30.0,29.4,28.8,27.5,24.9,24.0,23.3,23.1,22.8,23.0,22.8,23.1,23.3,24.0,26.1,28.0,29.4,29.8,30.0,30.0,30.1,30.0,30.0,30.0,30.0,30.0,30.0,30.0,29.8,29.8,29.7,29.6,29.7,29.5,29.4,29.3,29.3,29.2,29.0,28.9,28.5,27.5,25.8,24.2,23.2,22.9,22.8,22.9,22.7,22.6,22.8,22.9,23.1,23.6,24.7,26.4,27.9,28.4,28.4,28.4,28.4,28.2,28.1,28.1,28.1,28.1,28.1,27.9,27.8,27.7,27.7,27.5,26.9,26.2,25.3,24.5,23.3,22.9,22.8,22.7,22.7,22.4,22.6,22.7,22.7,22.7,22.7,22.8,22.6,22.4,22.6,22.7,22.7,22.6,22.8,22.7,22.7,22.7,22.7,22.7,22.6,22.7,22.7,22.7,22.7,22.7,22.7,22.7,22.6,22.7,22.8,22.7,22.9,22.7,22.8,22.8,22.9,22.8,23.0,23.0,22.9,23.0,23.0,23.0,22.9,23.0,23.0,22.9,22.9,23.0,23.0,23.0,23.1,23.0,23.0,23.2,23.2,23.2,23.1,23.1,23.2,23.2,23.2,23.2,23.2,23.5,23.3,23.3,23.3,23.3,23.1,23.3,23.3,23.3
57,22.6,22.6,22.7,22.6,22.6,22.4,22.4,22.4,22.6,22.4,22.4,22.4,22.4,22.4,22.4,22.4,22.4,22.4,22.4,22.4,22.4,22.4,22.4,22.4,22.6,22.4,22.6,22.4,22.6,22.4,22.6,22.4,22.6,22.4,22.4,22.6,22.7,22.4,22.6,22.6,22.8,22.7,22.8,23.0,23.1,23.8,26.5,28.5,29.8,30.1,30.5,30.6,30.5,30.5,30.5,30.4,30.1,30.3,30.1,30.0,30.0,30.0,29.8,29.3,28.6,26.3,24.5,23.3,23.0,22.9,22.8,22.9,22.8,22.8,23.1,23.3,24.6,26.6,28.8,29.8,30.1,30.3,30.4,30.3,30.3,30.5,30.6,30.3,30.5,30.5,30.5,30.5,30.5,30.6,30.6,30.5,30.6,30.5,30.6,30.5,30.4,30.1,30.0,29.6,29.2,28.4,26.2,24.7,23.5,23.1,22.9,22.8,23.0,23.1,23.0,23.8,25.0,27.5,28.6,29.7,29.8,30.0,30.0,30.0,30.0,30.0,30.0,30.0,30.0,30.0,29.7,30.0,29.8,29.8,29.6,29.5,29.5,29.4,29.3,29.2,29.1,28.9,28.5,27.7,26.4,24.3,23.3,23.0,22.7,22.7,22.7,22.7,23.0,23.0,23.2,23.5,25.1,27.0,28.0,28.5,28.5,28.5,28.5,28.4,28.4,28.4,28.1,28.1,28.1,28.1,27.9,27.8,27.8,27.6,27.3,26.8,26.0,25.3,23.6,23.1,23.0,22.7,22.7,22.6,22.8,22.7,22.7,22.7,22.6,22.7,22.7,22.6,22.6,22.6,22.7,22.6,22.9,22.8,22.8,22.7,22.8,22.7,22.6,22.7,22.7,22.8,22.8,22.9,22.7,22.4,22.7,22.7,22.9,22.9,22.7,22.7,22.8,22.8,23.0,22.7,23.0,22.9,22.9,22.8,22.9,22.9,23.1,23.0,23.0,22.9,23.2,23.0,23.0,23.0,23.0,23.1,23.0,23.1,23.1,23.2,23.1,23.1,23.1,23.1,23.3,23.3,23.3,23.2,23.3,23.3,23.3,23.3,23.2,23.2,23.4,23.2
58,22.4,22.4,22.8,22.4,22.4,22.4,22.4,22.4,22.4,22.4,22.4,22.4,22.4,22.4,22.4,22.4,22.4,22.4,22.4,22.4,22.4,22.4,22.4,22.4,22.4,22.6,22.4,22.6,22.7,22.4,22.6,22.6,22.4,22.6,22.6,22.4,22.6,22.6,22.7,22.6,22.7,22.7,22.9,22.9,23.2,23.9,26.2,28.7,29.7,30.1,30.5,30.4,30.5,30.4,30.3,30.3,30.3,30.0,30.1,30.3,30.0,30.0,29.8,29.6,29.0,28.2,26.0,24.0,23.3,23.0,22.8,22.8,22.9,22.6,22.9,23.2,24.0,25.6,28.0,29.2,30.0,30.1,30.1,30.3,30.3,30.4,30.3,30.5,30.5,30.5,30.5,30.5,30.5,30.5,30.6,30.6,30.6,30.6,30.5,30.5,30.3,30.3,30.0,29.7,29.3,28.5,27.1,25.6,24.0,23.2,23.0,23.0,22.7,22.9,23.0,23.5,24.3,26.4,28.5,29.4,30.0,30.0,30.0,30.0,30.0,30.0,30.0,30.0,30.0,29.7,29.8,29.7,29.8,29.7,29.6,29.6,29.5,29.4,29.3,29.2,29.2,28.9,28.6,28.1,26.9,24.8,23.5,22.9,23.0,22.7,22.7,22.7,22.8,23.1,23.2,23.6,25.1,26.9,28.1,28.5,28.5,28.5,28.5,28.4,28.4,28.2,28.4,28.2,28.1,28.1,28.0,28.1,27.9,27.7,27.5,27.1,26.5,25.8,24.5,23.3,23.0,22.7,22.7,22.7,22.4,22.4,22.4,22.7,22.6,22.6,22.4,22.6,22.4,22.7,22.7,22.4,22.7,22.6,22.8,22.7,22.7,22.7,22.7,22.4,22.7,22.4,22.7,22.7,22.7,22.7,22.7,22.7,22.8,22.9,22.7,22.7,22.6,22.7,22.7,22.9,22.9,23.0,22.9,22.9,22.8,23.0,23.0,23.0,23.1,22.9,23.1,23.0,23.1,23.0,23.1,23.0,23.1,23.2,23.2,23.1,23.0,23.0,23.1,23.2,23.2,23.3,23.3,23.3,23.3,23.3,23.3,23.2,23.2,23.3,23.2,23.3
59,22.4,22.4,22.6,22.7,22.6,22.7,22.4,22.6,22.4,22.4,22.6,22.4,22.4,22.4,22.4,22.6,22.6,22.4,22.4,22.4,22.4,22.4,22.4,22.6,22.4,22.4,22.7,22.4,22.6,22.6,22.4,22.4,22.6,22.6,22.4,22.6,22.6,22.6,22.7,22.8,22.7,22.7,22.7,22.8,23.1,24.0,26.2,28.5,29.6,30.1,30.4,30.5,30.3,30.5,30.3,30.1,30.1,30.1,30.3,30.1,30.1,30.0,30.0,29.8,29.4,28.9,27.6,25.3,23.8,23.0,23.0,22.9,22.9,22.8,22.8,23.0,23.4,24.6,26.4,28.5,29.8,30.0,30.1,30.3,30.3,30.3,30.4,30.5,30.3,30.5,30.4,30.5,30.5,30.5,30.5,30.7,30.7,30.6,30.8,30.6,30.5,30.4,30.3,30.0,29.4,28.9,28.0,26.2,24.6,23.4,23.0,22.8,23.0,23.0,23.0,23.2,23.9,25.5,27.5,29.2,29.8,30.0,30.0,30.1,29.8,30.0,30.0,30.0,29.8,29.8,29.8,29.7,29.7,29.7,29.7,29.5,29.7,29.5,29.3,29.3,29.2,28.9,28.7,28.1,27.2,25.8,24.1,23.1,22.9,22.9,22.6,22.7,22.7,23.0,23.1,23.6,25.3,27.0,28.4,28.5,28.5,28.6,28.4,28.5,28.4,28.4,28.4,28.4,28.2,28.2,28.2,28.1,28.0,28.0,27.8,27.5,27.2,26.3,25.5,24.0,23.0,22.9,22.8,22.7,22.7,22.4,22.4,22.7,22.7,22.4,22.6,22.4,22.4,22.4,22.6,22.6,22.6,22.6,22.6,22.7,22.6,22.4,22.6,22.6,22.7,22.7,22.6,22.7,22.7,22.6,22.4,22.6,22.7,22.7,22.8,22.9,22.7,23.0,22.7,22.7,22.9,22.9,22.8,22.8,22.8,22.9,23.1,23.0,23.1,23.0,23.0,22.9,23.0,23.0,23.0,23.1,23.0,23.1,23.0,23.1,23.1,23.1,23.1,23.1,23.2,23.1,23.2,23.2,23.2,23.2,23.3,23.3,23.2,23.2,23.2,23.4
60,22.7,22.6,22.8,22.7,22.8,22.7,22.7,22.6,22.6,22.4,22.4,22.4,22.4,22.6,22.6,22.4,22.4,22.4,22.2,22.7,22.4,22.4,22.4,22.6,22.6,22.4,22.7,22.6,22.6,22.7,22.6,22.6,22.4,22.6,22.4,22.6,22.6,22.7,22.7,22.8,22.6,22.8,22.7,22.7,22.9,24.1,26.0,28.5,29.7,30.1,30.3,30.3,30.3,30.3,30.1,30.3,30.1,30.1,30.0,30.1,30.1,30.0,30.0,30.0,29.8,29.5,28.8,27.5,24.8,23.6,23.1,22.9,22.9,22.8,22.7,22.9,23.2,24.0,25.1,27.4,28.9,29.5,30.0,30.3,30.3,30.3,30.6,30.4,30.4,30.5,30.5,30.6,30.5,30.5,30.5,30.7,30.7,30.8,30.7,30.6,30.6,30.6,30.4,30.0,29.5,29.3,28.5,27.4,25.5,24.0,23.1,23.0,23.0,22.9,23.0,23.1,23.4,24.5,26.9,28.4,29.6,29.8,30.0,30.0,30.0,30.0,29.8,29.8,29.8,29.8,29.8,29.8,30.0,29.7,29.6,29.7,29.6,29.6,29.5,29.3,29.2,29.0,28.8,28.4,27.6,26.1,24.7,23.3,22.8,22.8,22.6,22.7,22.7,22.7,23.2,23.5,25.7,26.9,28.1,28.5,28.5,28.5,28.5,28.6,28.5,28.5,28.4,28.5,28.4,28.4,28.1,28.1,28.1,28.1,27.9,27.7,27.2,27.0,26.1,24.6,23.6,23.0,22.9,22.7,22.6,22.6,22.6,22.4,22.6,22.6,22.4,22.4,22.6,22.4,22.6,22.6,22.7,22.4,22.4,22.4,22.6,22.4,22.4,22.6,22.6,22.6,22.4,22.7,22.7,22.4,22.7,22.7,22.7,22.7,22.8,22.8,22.9,22.7,22.9,22.9,22.7,22.8,22.7,23.0,22.9,22.9,22.8,23.0,22.9,23.1,23.1,23.0,23.0,23.0,23.1,23.0,23.0,23.1,23.0,23.1,23.1,23.1,23.0,23.2,23.2,23.1,23.2,23.2,23.3,23.3,23.3,23.2,23.2,23.2,23.4,23.5
61,22.8,22.7,22.7,22.6,22.7,22.7,22.6,22.7,22.4,22.4,22.4,22.6,22.6,22.6,22.4,22.6,22.4,22.6,22.6,22.6,22.4,22.4,22.4,22.4,22.6,22.6,22.6,22.6,22.4,22.6,22.7,22.4,22.6,22.4,22.4,22.4,22.4,22.6,22.6,22.7,22.7,22.7,22.8,23.0,23.1,23.9,26.0,28.1,29.6,30.0,30.3,30.3,30.3,30.1,30.0,30.1,30.0,30.0,30.0,30.1,30.0,30.0,30.0,30.0,30.0,29.7,29.3,28.7,26.8,24.6,23.3,23.0,22.9,22.7,22.9,22.7,23.0,23.2,24.1,26.2,28.2,29.4,29.8,30.1,30.3,30.3,30.3,30.4,30.4,30.5,30.6,30.5,30.6,30.6,30.6,30.7,30.7,30.7,30.9,30.9,30.8,30.6,30.4,30.1,29.6,29.3,28.7,27.9,26.1,24.7,23.3,23.1,22.8,22.6,22.7,22.8,23.1,24.2,25.9,28.0,29.4,29.8,30.0,30.0,30.0,30.0,29.8,30.0,30.0,30.0,30.0,30.0,30.0,29.8,29.7,29.7,29.6,29.6,29.5,29.3,29.3,29.0,28.8,28.5,27.9,26.6,25.0,23.4,22.7,22.7,22.7,22.6,22.6,23.0,22.9,23.6,25.3,27.1,28.0,28.5,28.5,28.5,28.5,28.4,28.6,28.5,28.5,28.5,28.5,28.4,28.4,28.4,28.1,28.1,27.9,27.8,27.6,27.2,26.8,25.6,24.3,23.3,22.9,22.4,22.6,22.7,22.4,22.6,22.6,22.4,22.7,22.4,22.6,22.6,22.4,22.4,22.4,22.7,22.6,22.4,22.4,22.7,22.4,22.4,22.4,22.4,22.4,22.7,22.6,22.7,22.6,22.6,22.6,22.6,22.6,22.7,22.7,22.8,22.8,22.7,22.8,22.8,22.7,22.7,22.9,22.8,22.7,22.8,22.8,22.8,23.0,22.8,22.9,23.0,23.1,23.0,23.0,23.1,23.1,23.0,23.0,23.2,23.1,23.2,23.1,23.2,23.1,23.1,23.2,23.2,23.2,23.2,23.2,23.2,23.2,23.2
62,22.6,22.7,22.6,22.7,22.7,22.7,22.6,22.6,22.6,22.4,22.4,22.6,22.4,22.6,22.4,22.4,22.4,22.4,22.4,22.6,22.4,22.6,22.4,22.4,22.4,22.4,22.4,22.4,22.4,22.6,22.4,22.4,22.7,22.6,22.4,22.4,22.4,22.6,22.7,22.4,22.6,22.6,22.6,22.9,23.0,23.5,25.6,28.0,29.3,30.0,30.0,30.1,30.0,30.0,30.0,29.8,29.8,30.0,30.0,30.1,30.0,30.0,30.1,30.0,30.0,30.0,29.6,29.2,28.1,26.2,24.2,23.3,23.0,22.7,22.7,22.7,22.9,23.2,23.3,25.0,27.5,28.9,29.7,30.0,30.1,30.3,30.4,30.4,30.4,30.5,30.5,30.6,30.5,30.7,30.7,30.8,30.8,31.0,30.9,30.9,30.9,30.9,30.5,30.1,30.0,29.5,29.2,28.5,27.3,25.6,24.0,23.4,23.1,22.8,22.9,22.7,23.1,23.5,25.3,27.5,29.0,29.7,30.0,30.1,30.0,30.0,30.0,30.0,30.0,30.0,30.0,30.0,30.0,29.8,29.7,29.7,29.6,29.6,29.6,29.4,29.3,29.1,28.9,28.5,28.0,26.9,25.6,24.0,23.1,22.7,22.7,22.7,22.6,22.8,23.0,23.5,25.1,26.6,28.1,28.6,28.4,28.5,28.5,28.5,28.4,28.5,28.5,28.5,28.5,28.5,28.2,28.1,28.4,28.1,27.9,27.9,27.8,27.5,27.1,26.2,25.0,23.8,23.2,22.6,22.6,22.6,22.4,22.6,22.4,22.4,22.4,22.6,22.4,22.4,22.4,22.4,22.4,22.4,22.6,22.7,22.6,22.7,22.6,22.6,22.4,22.4,22.4,22.6,22.4,22.4,22.7,22.6,22.6,22.4,22.7,22.6,22.4,22.7,22.6,22.7,22.7,22.8,22.8,22.8,22.7,22.8,22.9,22.9,23.0,23.0,22.8,23.0,22.9,22.9,22.9,23.0,22.9,23.1,23.0,23.1,23.1,23.0,23.2,23.1,23.1,23.1,23.1,23.2,23.1,23.1,23.3,23.1,23.2,23.2,23.2,23.3
63,22.6,22.7,22.7,22.6,22.6,22.8,22.4,22.4,22.4,22.4,22.4,22.4,22.4,22.4,22.6,22.4,22.4,22.4,22.4,22.4,22.6,22.4,22.4,22.4,22.4,22.4,22.4,22.4,22.4,22.4,22.4,22.4,22.4,22.4,22.4,22.4,22.4,22.6,22.4,22.9,22.6,22.6,22.8,22.9,22.9,23.3,24.7,27.5,29.0,29.6,30.0,30.0,30.0,30.0,30.0,30.0,29.8,29.8,30.0,29.8,30.0,30.0,30.0,30.0,30.3,30.1,30.0,29.4,29.1,27.5,25.1,23.8,23.1,22.7,22.6,22.7,22.8,22.8,23.2,24.0,25.8,27.8,29.3,30.0,30.0,30.3,30.3,30.3,30.3,30.4,30.5,30.6,30.6,30.7,30.7,30.9,30.8,30.9,31.0,31.1,31.0,30.6,30.5,30.3,29.8,29.6,29.2,28.6,27.7,26.5,24.8,23.6,23.0,22.7,22.8,22.7,23.1,23.3,24.5,26.4,28.4,29.7,30.0,30.1,30.0,30.0,30.0,30.1,30.0,30.0,30.0,30.0,30.0,30.0,29.8,29.7,29.7,29.6,29.6,29.3,29.4,29.1,28.8,28.5,28.1,27.4,25.7,24.3,23.1,22.7,22.7,22.6,22.7,22.7,23.1,23.3,24.8,26.6,28.0,28.5,28.4,28.5,28.5,28.5,28.6,28.4,28.4,28.5,28.5,28.4,28.4,28.5,28.4,28.1,28.1,27.9,27.8,27.7,27.1,26.8,25.8,24.3,23.2,22.9,22.6,22.6,22.7,22.4,22.6,22.6,22.4,22.4,22.6,22.4,22.4,22.4,22.6,22.4,22.6,22.6,22.6,22.4,22.6,22.4,22.4,22.4,22.4,22.7,22.4,22.4,22.4,22.4,22.7,22.6,22.7,22.7,22.6,22.6,22.7,22.6,22.8,22.7,22.7,22.7,22.8,22.8,22.9,22.7,22.8,23.0,22.9,22.8,23.1,22.9,23.0,23.0,23.0,23.1,23.1,23.1,23.0,23.0,23.1,23.1,23.1,23.1,23.1,23.2,23.0,23.1,23.1,23.1,23.1,23.1,23.2,23.1
64,22.9,22.7,22.7,22.7,22.7,22.7,22.6,22.6,22.4,22.4,22.4,22.6,22.4,22.4,22.6,22.4,22.4,22.4,22.4,22.4,22.4,22.4,22.4,22.4,22.4,22.4,22.2,22.6,22.2,22.4,22.4,22.6,22.4,22.7,22.4,22.2,22.4,22.4,22.7,22.7,22.9,22.7,22.7,23.0,23.0,23.1,24.4,26.9,28.7,29.7,29.8,29.8,30.0,30.0,30.0,29.8,29.7,29.8,29.7,30.0,29.8,30.0,30.0,30.0,30.0,30.1,30.0,29.8,29.3,28.7,26.8,24.6,23.5,23.0,22.7,22.7,22.7,22.8,23.1,23.5,24.5,27.1,28.5,29.5,29.7,30.3,30.3,30.5,30.1,30.5,30.4,30.6,30.6,30.7,30.7,30.8,30.9,30.9,31.0,30.9,30.7,30.7,30.5,30.3,30.0,29.7,29.4,28.9,28.1,27.3,25.8,24.2,23.2,23.1,22.9,22.9,22.9,22.7,23.9,25.6,27.6,29.2,30.0,30.1,30.0,30.1,30.0,30.1,30.0,30.1,30.1,30.0,30.0,30.0,29.8,29.7,29.8,29.7,29.7,29.5,29.3,29.3,28.9,28.6,28.1,27.7,26.5,24.7,23.4,22.9,22.8,22.7,22.6,22.8,23.0,23.5,24.7,26.3,28.0,28.5,28.5,28.4,28.6,28.5,28.5,28.6,28.5,28.5,28.4,28.5,28.5,28.4,28.4,28.2,28.1,27.9,27.9,27.6,27.5,27.1,26.3,25.3,23.9,23.1,22.7,22.7,22.6,22.4,22.7,22.6,22.6,22.6,22.6,22.4,22.6,22.6,22.4,22.4,22.4,22.6,22.6,22.4,22.4,22.4,22.4,22.4,22.4,22.6,22.7,22.4,22.6,22.7,22.4,22.7,22.7,22.7,22.6,22.7,22.7,22.7,22.7,22.7,22.7,22.7,23.0,22.8,22.8,22.9,22.7,22.9,23.0,22.8,23.1,22.8,23.1,22.9,23.0,22.9,23.0,23.1,23.1,23.0,23.1,23.1,23.0,23.2,23.0,23.0,23.1,23.1,23.1,23.0,23.1,23.3,23.3,23.3
65,22.7,22.8,22.6,22.6,22.6,22.6,22.8,22.6,22.6,22.4,22.4,22.4,22.4,22.6,22.4,22.4,22.6,22.4,22.4,22.6,22.6,22.4,22.4,22.4,22.4,22.4,22.4,22.4,22.2,22.4,22.4,22.4,22.4,22.6,22.4,22.4,22.4,22.6,22.4,22.6,22.6,22.8,22.8,22.9,23.0,23.1,24.1,26.2,28.5,29.3,29.7,29.8,29.7,29.8,29.8,29.8,29.7,29.7,29.8,30.0,29.8,30.0,30.0,30.1,30.0,30.1,30.0,30.0,29.6,29.0,28.1,25.8,24.3,23.2,22.6,22.4,22.7,22.7,22.8,23.3,23.6,25.1,27.5,29.0,29.7,30.0,30.1,30.3,30.3,30.5,30.5,30.6,30.7,30.7,30.7,30.7,30.7,30.8,31.0,30.8,30.7,30.6,30.5,30.4,30.0,29.7,29.4,29.1,28.8,28.0,26.6,25.0,23.6,23.1,22.9,22.9,23.1,23.0,23.5,24.5,26.6,28.8,29.7,30.1,30.3,30.3,30.1,30.3,30.3,30.1,30.1,30.1,30.1,30.0,29.8,29.8,29.8,29.7,29.7,29.6,29.4,29.3,29.0,28.6,28.1,27.6,27.0,25.5,23.6,23.0,22.7,22.7,22.6,22.9,23.1,23.0,24.3,25.9,27.8,28.4,28.5,28.4,28.6,28.6,28.5,28.4,28.5,28.5,28.6,28.5,28.4,28.5,28.4,28.4,28.1,28.0,28.0,27.7,27.6,27.3,26.6,25.8,24.6,23.6,22.9,22.7,22.7,22.7,22.6,22.6,22.4,22.6,22.4,22.4,22.6,22.4,22.6,22.6,22.6,22.6,22.4,22.4,22.6,22.7,22.6,22.4,22.4,22.6,22.7,22.6,22.7,22.7,22.7,22.6,22.7,22.7,22.7,22.7,22.7,22.6,22.7,22.7,22.8,22.7,22.8,22.9,22.8,22.7,23.0,23.0,23.0,22.9,23.0,22.8,23.0,23.1,23.0,23.1,23.2,23.0,23.0,23.0,23.2,23.1,23.2,23.2,23.1,23.2,23.2,23.2,23.2,23.3,23.2,23.1,23.1,23.1
66,22.7,22.4,22.6,22.7,22.8,22.7,22.6,22.7,22.4,22.4,22.4,22.4,22.2,22.4,22.4,22.4,22.4,22.4,22.4,22.4,22.6,22.4,22.4,22.4,22.4,22.4,22.4,22.4,22.4,22.4,22.4,22.4,22.4,22.4,22.4,22.4,22.4,22.4,22.4,22.6,22.6,22.4,22.6,22.9,23.0,22.9,23.5,25.4,27.7,29.2,29.4,29.6,29.7,29.7,29.6,29.7,29.7,29.6,29.8,30.0,30.0,30.0,30.0,30.0,30.1,30.1,30.0,30.0,29.8,29.5,28.9,27.4,25.3,23.6,23.0,22.7,22.7,22.7,22.8,22.9,23.3,24.3,26.0,28.1,29.4,30.1,30.0,30.1,30.3,30.5,30.5,30.5,30.6,30.7,30.8,30.8,30.8,30.9,30.8,30.7,30.6,30.6,30.5,30.3,30.1,30.0,29.6,29.3,29.0,28.5,27.8,26.0,24.4,23.4,22.9,23.0,22.8,23.0,23.3,24.1,25.5,27.5,29.2,30.0,30.1,30.3,30.3,30.3,30.3,30.1,30.1,30.1,30.0,30.1,29.8,30.0,29.8,29.7,29.7,29.6,29.4,29.3,29.0,28.7,28.4,27.9,27.2,25.8,24.2,23.2,22.8,22.7,22.7,22.8,23.0,23.1,24.0,25.6,27.2,28.4,28.5,28.5,28.5,28.5,28.5,28.4,28.5,28.5,28.5,28.5,28.5,28.5,28.4,28.2,28.1,28.0,28.0,27.7,27.6,27.5,27.0,26.4,25.1,23.8,23.1,23.0,22.4,22.7,22.6,22.4,22.6,22.4,22.4,22.4,22.7,22.4,22.4,22.4,22.6,22.6,22.4,22.6,22.6,22.6,22.4,22.4,22.4,22.6,22.6,22.6,22.6,22.6,22.7,22.4,22.7,22.4,22.7,22.7,22.6,22.7,22.7,22.8,22.9,22.7,22.9,22.9,22.8,22.9,22.7,22.9,22.9,22.9,23.1,23.0,23.0,23.1,23.0,23.1,23.1,23.1,23.0,23.1,23.1,23.1,23.1,23.2,23.2,23.1,23.1,23.1,23.2,23.2,23.2,23.2,23.1,22.9
67,22.7,22.7,22.7,22.4,22.7,22.7,22.4,22.7,22.4,22.6,22.4,22.6,22.4,22.6,22.4,22.4,22.4,22.6,22.4,22.7,22.6,22.6,22.6,22.4,22.6,22.4,22.4,22.4,22.6,22.6,22.4,22.4,22.4,22.6,22.4,22.7,22.4,22.4,22.4,22.6,22.6,22.6,22.7,22.8,23.0,23.1,23.4,24.6,27.3,28.9,29.4,29.6,29.7,29.6,29.6,29.7,29.7,29.8,29.8,29.8,29.8,29.8,29.8,29.8,30.0,30.0,30.0,30.0,30.0,29.6,29.4,28.6,26.6,24.3,23.3,22.9,22.8,22.6,22.8,23.0,23.1,23.6,24.5,27.1,28.8,29.7,30.0,30.3,30.4,30.4,30.6,30.6,30.6,30.6,30.7,30.7,30.7,30.7,30.8,30.8,30.5,30.5,30.5,30.4,30.1,30.0,29.8,29.5,29.3,28.9,28.4,27.3,25.8,24.2,23.2,23.0,23.0,23.1,23.2,23.6,24.9,26.6,28.8,29.8,30.3,30.3,30.3,30.3,30.3,30.1,30.1,30.1,30.0,30.0,30.0,29.8,29.8,29.8,29.6,29.6,29.5,29.3,29.0,28.7,28.5,28.0,27.6,26.5,24.8,23.5,22.9,22.8,22.7,22.9,23.1,23.3,24.0,25.6,27.1,28.1,28.4,28.5,28.6,28.6,28.5,28.5,28.5,28.5,28.4,28.6,28.5,28.5,28.4,28.2,28.4,28.1,27.9,27.8,27.6,27.5,27.2,27.0,25.9,24.5,23.5,23.0,22.7,22.8,22.7,22.6,22.7,22.4,22.7,22.6,22.4,22.4,22.6,22.6,22.6,22.7,22.4,22.6,22.6,22.6,22.4,22.6,22.7,22.6,22.7,22.7,22.4,22.6,22.6,22.6,22.7,22.6,22.7,22.7,22.8,22.7,22.7,22.9,22.8,22.7,23.0,22.8,22.9,22.9,22.7,23.1,23.1,22.8,23.0,22.9,23.0,23.1,23.1,23.1,23.1,23.0,23.1,23.1,23.3,23.2,23.1,23.2,23.1,23.2,23.1,23.2,23.2,23.1,23.2,23.1,23.2,23.3
68,22.6,22.6,22.4,22.6,22.6,22.4,22.4,22.6,22.6,22.6,22.4,22.4,22.4,22.4,22.4,22.4,22.4,22.4,22.4,22.4,22.4,22.6,22.4,22.4,22.4,22.4,22.4,22.4,22.4,22.4,22.4,22.6,22.4,22.6,22.4,22.4,22.4,22.4,22.6,22.4,22.6,22.6,22.7,22.8,22.8,22.7,23.0,24.4,26.4,28.5,29.2,29.4,29.6,29.7,29.6,29.7,29.6,29.7,29.7,29.8,29.8,29.8,29.8,30.0,29.8,30.0,30.0,30.0,30.1,30.0,29.5,29.2,28.0,25.3,23.6,23.1,22.8,22.8,22.7,22.8,22.7,23.2,23.9,25.1,27.7,29.2,29.8,29.8,30.1,30.5,30.5,30.5,30.5,30.5,30.5,30.7,30.7,30.7,30.7,30.7,30.6,30.5,30.4,30.3,30.4,30.1,29.7,29.6,29.4,29.0,28.5,27.9,26.3,24.6,23.9,23.2,23.0,23.0,23.1,23.5,24.1,25.6,28.0,29.5,30.1,30.3,30.3,30.3,30.1,30.0,30.0,30.1,30.0,30.0,29.8,29.8,29.6,29.6,29.6,29.5,29.3,29.3,29.1,28.7,28.5,28.0,27.5,26.5,25.3,23.8,23.0,22.8,22.7,22.6,22.7,23.1,23.5,24.8,26.8,28.0,28.4,28.4,28.5,28.5,28.5,28.4,28.5,28.5,28.4,28.5,28.6,28.5,28.5,28.2,28.1,28.1,27.8,27.9,27.7,27.5,27.2,26.9,26.0,24.7,23.5,23.0,22.9,22.6,22.4,22.6,22.4,22.4,22.4,22.4,22.4,22.4,22.6,22.6,22.4,22.6,22.4,22.7,22.6,22.6,22.4,22.4,22.6,22.6,22.7,22.6,22.4,22.4,22.7,22.4,22.7,22.8,22.7,22.8,22.7,22.8,22.6,22.9,22.8,22.7,22.7,22.8,22.9,22.9,22.9,22.9,23.0,23.1,23.0,23.0,23.0,23.0,23.0,23.0,22.9,23.2,22.9,23.0,23.1,23.1,23.2,23.1,23.1,23.1,23.1,23.2,23.1,23.2,23.3,23.2,23.2,23.2
69,22.6,22.6,22.4,22.6,22.6,22.4,22.6,22.4,22.4,22.4,22.4,22.4,22.4,22.4,22.4,22.4,22.4,22.4,22.4,22.4,22.4,22.4,22.6,22.6,22.4,22.6,22.6,22.4,22.4,22.4,22.6,22.4,22.4,22.4,22.4,22.7,22.2,22.4,22.4,22.4,22.4,22.4,22.7,22.7,22.8,22.8,23.1,23.4,25.8,27.6,29.2,29.4,29.4,29.5,29.5,29.7,29.6,29.7,29.8,29.7,29.7,29.8,29.7,29.8,29.8,29.8,30.0,30.0,30.0,30.0,29.8,29.5,29.0,27.2,24.5,23.3,23.0,22.9,22.7,22.7,22.7,23.1,23.3,24.3,26.3,28.4,29.4,30.0,30.1,30.4,30.4,30.4,30.5,30.6,30.4,30.5,30.5,30.5,30.5,30.6,30.6,30.5,30.5,30.3,30.1,30.3,30.0,29.7,29.5,29.2,28.9,28.2,27.3,25.9,24.4,23.4,23.1,23.0,23.0,23.1,23.5,24.7,26.9,28.9,30.0,30.3,30.3,30.0,30.1,30.0,29.8,30.0,30.0,29.8,29.8,29.6,29.6,29.6,29.6,29.4,29.5,29.3,29.0,28.8,28.5,28.1,27.8,27.2,25.9,24.2,23.1,22.7,22.8,22.7,22.8,23.1,23.2,24.5,26.1,27.9,28.2,28.4,28.6,28.6,28.5,28.5,28.4,28.5,28.4,28.4,28.5,28.5,28.5,28.4,28.1,28.1,27.9,27.7,27.6,27.6,27.4,27.0,26.6,25.4,24.2,23.2,22.8,22.4,22.8,22.4,22.4,22.7,22.4,22.7,22.4,22.6,22.6,22.6,22.4,22.6,22.4,22.4,22.6,22.6,22.6,22.4,22.6,22.6,22.6,22.7,22.4,22.6,22.6,22.4,22.8,22.7,22.7,22.6,22.7,22.8,22.8,22.7,22.9,22.9,22.8,22.9,22.9,23.0,22.8,22.9,22.9,23.0,23.0,23.0,23.0,23.1,22.9,22.9,23.1,23.1,23.0,23.1,23.0,23.1,23.1,23.0,23.1,23.0,23.1,23.1,23.2,23.2,23.3,23.2,23.1,23.1
70,22.4,22.7,22.4,22.7,22.6,22.6,22.6,22.7,22.4,22.6,22.4,22.4,22.4,22.4,22.6,22.4,22.4,22.4,22.6,22.6,22.7,22.4,22.4,22.6,22.7,22.4,22.4,22.6,22.6,22.4,22.4,22.6,22.4,22.7,22.4,22.4,22.4,22.4,22.4,22.4,22.4,22.7,22.7,22.7,22.6,23.0,23.0,23.5,24.8,27.2,28.7,29.3,29.3,29.6,29.5,29.6,29.7,29.8,29.7,29.7,29.7,29.8,29.8,29.8,29.7,29.8,30.0,30.0,30.0,29.8,29.8,29.7,29.2,28.1,25.9,24.0,23.0,23.0,22.7,22.6,22.9,22.7,23.0,23.5,25.5,27.5,29.0,29.8,30.0,30.0,30.3,30.3,30.1,30.4,30.3,30.3,30.5,30.6,30.6,30.6,30.5,30.5,30.5,30.5,30.4,30.1,30.0,29.7,29.6,29.4,29.3,28.7,28.0,27.0,25.7,24.1,23.1,23.1,23.0,23.0,23.3,24.2,26.2,28.5,29.5,30.3,30.1,30.0,30.0,30.0,30.0,30.0,29.8,29.8,29.7,29.7,29.7,29.6,29.5,29.5,29.4,29.3,29.0,28.9,28.6,28.1,27.9,27.3,26.3,25.0,23.5,23.0,22.7,22.6,22.7,23.0,23.1,24.4,26.0,27.5,28.4,28.5,28.5,28.4,28.6,28.4,28.6,28.5,28.5,28.5,28.5,28.5,28.4,28.2,28.2,28.1,28.0,27.9,27.7,27.6,27.3,27.0,26.5,25.9,24.5,23.5,23.0,22.7,22.4,22.4,22.7,22.6,22.7,22.4,22.4,22.6,22.4,22.4,22.4,22.4,22.7,22.4,22.4,22.6,22.6,22.7,22.4,22.6,22.6,22.7,22.7,22.8,22.7,22.7,22.7,22.6,22.4,22.7,22.7,22.7,22.8,22.7,22.7,22.8,22.9,23.0,23.0,22.8,22.8,23.0,22.9,23.0,23.0,23.0,23.0,23.0,23.0,23.0,23.0,23.1,23.0,23.1,23.1,23.1,23.2,23.2,23.1,23.1,23.2,23.2,23.3,23.1,23.1,23.2,23.2,23.3
71,22.7,22.6,22.8,22.4,22.7,22.7,22.6,22.4,22.6,22.6,22.7,22.4,22.4,22.6,22.6,22.4,22.4,22.6,22.4,22.4,22.7,22.4,22.4,22.4,22.4,22.6,22.4,22.4,22.4,22.4,22.4,22.4,22.4,22.4,22.4,22.4,22.4,22.4,22.4,22.6,22.4,22.7,22.6,22.6,22.6,22.4,22.7,23.1,24.1,26.0,28.2,29.0,29.4,29.5,29.5,29.6,29.5,29.6,29.6,29.7,29.7,29.7,29.7,29.7,29.7,29.8,30.0,30.0,29.8,29.8,30.0,29.7,29.3,28.8,27.3,25.1,23.5,23.0,22.9,22.7,22.6,22.4,22.7,23.2,24.3,26.2,28.5,29.3,30.0,29.8,30.0,30.3,30.1,30.1,30.3,30.3,30.3,30.3,30.5,30.5,30.6,30.4,30.4,30.4,30.3,30.1,30.0,29.8,29.7,29.5,29.3,29.2,28.5,27.9,26.6,25.1,23.6,23.2,23.1,23.0,23.2,23.5,25.6,27.6,29.0,30.1,30.0,30.0,30.0,30.0,29.7,29.8,29.7,29.7,29.7,29.6,29.6,29.6,29.5,29.5,29.4,29.2,29.0,28.9,28.7,28.4,28.1,27.6,27.0,25.6,24.1,23.1,22.8,22.7,22.8,22.9,23.2,23.8,25.5,27.4,28.2,28.5,28.6,28.6,28.6,28.6,28.4,28.5,28.5,28.6,28.5,28.5,28.4,28.4,28.1,28.1,28.1,27.7,27.6,27.6,27.4,27.1,26.9,26.3,25.3,24.1,23.2,22.7,22.6,22.4,22.4,22.6,22.4,22.2,22.4,22.4,22.6,22.4,22.4,22.6,22.7,22.4,22.6,22.4,22.7,22.4,22.4,22.6,22.6,22.4,22.6,22.4,22.7,22.7,22.7,22.8,22.6,22.9,22.8,22.7,22.7,22.9,22.8,22.9,22.8,22.8,22.8,22.8,22.9,23.0,23.0,23.0,22.9,23.0,22.8,23.0,23.0,23.1,23.1,23.0,23.1,23.1,23.1,23.1,23.1,23.1,23.1,23.2,23.2,23.1,23.2,23.3,23.3,23.2,23.3,23.1
72,22.4,22.4,22.4,22.4,22.6,22.4,22.4,22.4,22.7,22.4,22.4,22.4,22.4,22.4,22.4,22.4,22.4,22.4,22.4,22.4,22.4,22.4,22.4,22.4,22.6,22.4,22.6,22.6,22.4,22.4,22.4,22.4,22.4,22.4,22.4,22.2,22.4,22.4,22.4,22.6,22.6,22.7,22.6,22.6,22.7,22.7,22.7,23.0,23.3,25.1,27.5,28.7,29.4,29.6,29.5,29.7,29.6,29.7,29.7,29.7,29.6,29.7,29.8,29.8,29.7,29.7,29.8,29.8,29.8,29.7,29.7,29.8,29.6,28.9,28.1,26.1,24.0,23.0,22.7,22.7,22.4,22.8,22.7,22.7,23.3,24.8,27.5,28.9,29.6,29.8,30.0,30.0,30.0,30.0,30.1,30.0,30.3,30.3,30.3,30.4,30.4,30.5,30.3,30.4,30.4,30.3,30.1,30.0,29.8,29.7,29.6,29.3,28.9,28.4,27.3,26.1,24.5,23.5,23.0,23.0,23.0,23.4,24.5,26.6,28.6,29.6,29.8,30.0,29.8,29.8,29.7,29.8,29.7,29.6,29.7,29.7,29.6,29.5,29.6,29.4,29.4,29.3,29.1,29.0,28.6,28.5,28.1,27.7,27.3,26.2,25.0,23.3,22.8,22.7,22.7,22.8,23.1,23.5,24.9,26.8,27.8,28.5,28.6,28.5,28.6,28.5,28.6,28.5,28.6,28.5,28.5,28.6,28.4,28.4,28.4,28.0,27.9,27.7,27.5,27.4,27.3,27.1,26.9,26.3,25.7,24.3,23.2,22.8,22.6,22.4,22.4,22.4,22.4,22.4,22.4,22.4,22.4,22.4,22.4,22.4,22.4,22.4,22.6,22.4,22.4,22.4,22.4,22.4,22.7,22.4,22.6,22.7,22.4,22.6,22.6,22.7,22.7,22.7,22.6,22.7,22.7,22.7,22.8,22.8,22.8,22.9,22.7,22.9,22.8,22.8,22.9,22.9,23.0,22.9,23.0,23.0,23.1,23.1,23.0,23.1,22.9,23.0,23.1,23.1,23.1,23.1,23.0,23.0,23.1,23.1,23.1,23.1,23.1,23.2,23.1,23.2
73,22.6,22.4,22.6,22.4,22.4,22.4,22.4,22.4,22.4,22.6,22.4,22.4,22.4,22.4,22.4,22.6,22.4,22.4,22.4,22.4,22.4,22.4,22.4,22.4,22.4,22.4,22.6,22.4,22.4,22.4,22.4,22.4,22.4,22.4,22.2,22.4,22.4,22.4,22.4,22.4,22.4,22.4,22.6,22.4,22.6,22.6,22.8,22.9,23.1,24.3,26.6,28.5,29.4,29.5,29.5,29.6,29.6,29.7,29.6,29.7,29.6,29.7,29.7,29.7,29.7,29.7,29.7,29.7,29.7,29.7,29.8,30.0,29.8,29.4,28.6,27.4,25.1,23.5,22.7,22.7,22.6,22.6,22.8,22.9,23.1,24.2,26.2,28.0,29.3,29.7,29.8,29.8,30.0,30.0,30.0,30.0,30.1,30.3,30.4,30.4,30.3,30.4,30.5,30.4,30.3,30.3,30.1,30.0,30.0,29.8,29.6,29.5,29.3,28.9,28.1,27.0,25.9,24.3,23.2,23.0,23.1,23.0,24.4,26.1,28.1,29.5,29.7,30.0,29.8,29.7,29.7,29.7,29.7,29.6,29.7,29.6,29.6,29.7,29.5,29.4,29.4,29.4,29.1,28.9,28.7,28.4,28.2,28.0,27.6,26.8,25.1,23.9,22.9,22.8,22.7,22.7,22.8,23.3,24.5,26.3,27.3,28.5,28.6,28.6,28.7,28.6,28.6,28.6,28.6,28.6,28.7,28.5,28.5,28.4,28.4,28.0,27.9,27.7,27.6,27.6,27.4,27.2,26.8,26.4,26.0,24.7,23.5,23.0,22.6,22.4,22.4,22.4,22.4,22.4,22.4,22.4,22.4,22.4,22.4,22.6,22.6,22.4,22.4,22.4,22.4,22.4,22.4,22.4,22.6,22.4,22.4,22.6,22.6,22.8,22.7,22.7,22.7,22.8,22.7,22.7,22.6,22.7,22.7,22.8,22.9,22.8,22.7,22.8,22.9,22.8,22.9,23.0,23.0,23.0,23.0,23.0,22.9,23.0,23.0,23.1,23.0,23.1,23.1,23.0,23.1,23.1,23.1,23.1,23.1,23.1,23.0,23.1,23.1,23.2,23.3,23.0
74,22.2,22.6,22.6,22.4,22.4,22.4,22.6,22.4,22.4,22.4,22.4,22.2,22.4,22.4,22.4,22.4,22.4,22.4,22.4,22.4,22.4,22.4,22.4,22.4,22.4,22.4,22.4,22.4,22.4,22.4,22.4,22.4,22.4,22.4,22.4,22.4,22.4,22.4,22.2,22.4,22.6,22.4,22.4,22.4,22.6,22.6,22.7,22.8,22.7,23.8,26.0,27.9,29.3,29.6,29.5,29.7,29.7,29.6,29.7,29.7,29.6,29.6,29.6,29.6,29.6,29.7,29.7,29.7,29.8,29.7,29.8,29.8,30.0,29.7,29.2,28.5,26.4,24.1,23.1,22.8,22.6,22.6,22.6,22.7,22.7,23.5,25.0,27.2,28.9,29.4,29.8,29.8,30.0,30.0,30.0,30.0,30.1,30.1,30.3,30.3,30.3,30.4,30.5,30.4,30.4,30.3,30.3,30.0,30.0,29.8,29.8,29.6,29.4,29.2,28.7,28.1,26.8,25.3,24.0,23.1,23.1,23.3,23.5,25.3,27.3,29.2,29.7,29.8,30.0,29.8,29.8,29.7,29.6,29.7,29.6,29.6,29.5,29.5,29.6,29.4,29.4,29.3,29.1,29.0,28.8,28.6,28.4,28.1,27.8,27.2,25.8,24.4,23.2,22.7,22.6,22.7,22.8,23.0,24.3,25.8,27.5,28.1,28.9,28.7,28.7,28.7,28.7,28.7,28.7,28.6,28.6,28.6,28.5,28.4,28.1,28.1,27.9,27.8,27.6,27.6,27.3,27.1,26.9,26.5,26.0,25.1,24.1,23.2,22.7,22.4,22.4,22.4,22.4,22.4,22.4,22.4,22.7,22.4,22.4,22.4,22.4,22.6,22.4,22.4,22.4,22.4,22.4,22.4,22.4,22.4,22.4,22.4,22.4,22.7,22.6,22.7,22.4,22.9,22.7,22.7,22.6,22.7,22.8,22.8,22.7,22.7,22.9,22.8,22.7,22.8,23.0,22.9,23.1,23.0,23.0,23.0,22.9,23.0,22.9,22.9,23.1,23.0,23.1,23.2,23.1,23.0,23.1,23.2,23.1,23.2,23.1,23.1,23.2,23.1,23.2,23.2
75,22.4,22.4,22.6,22.4,22.4,22.4,22.4,22.4,22.6,22.4,22.2,22.4,22.4,22.4,22.4,22.4,22.4,22.4,22.4,22.4,22.4,22.4,22.4,22.4,22.4,22.4,22.4,22.4,22.2,22.2,22.4,22.4,22.2,22.4,22.4,22.4,22.4,22.4,22.4,22.4,22.4,22.4,22.4,22.4,22.7,22.7,22.6,22.9,23.0,23.4,24.9,27.3,28.7,29.2,29.5,29.6,29.6,29.6,29.7,29.6,29.7,29.7,29.6,29.7,29.6,29.7,29.7,29.7,29.7,29.7,29.7,29.8,30.0,29.8,29.5,28.7,27.5,25.4,23.6,22.8,22.6,22.4,22.7,22.6,22.7,23.2,24.1,25.8,28.1,29.1,29.6,29.7,30.0,30.0,30.0,30.1,30.0,30.0,30.1,30.3,30.1,30.3,30.3,30.4,30.3,30.4,30.3,30.1,30.0,30.0,29.8,29.7,29.6,29.4,29.2,28.5,27.8,26.5,24.9,23.4,23.3,23.0,23.4,24.5,26.5,28.5,29.6,30.0,29.8,29.8,29.7,29.6,29.7,29.8,29.8,29.7,29.6,29.6,29.5,29.4,29.4,29.3,29.2,28.9,28.7,28.6,28.4,28.1,27.9,27.4,26.4,25.0,23.6,23.2,22.8,22.7,22.8,22.9,23.8,25.5,26.9,28.0,28.7,28.8,28.8,28.6,28.8,28.7,28.7,28.7,28.7,28.5,28.5,28.5,28.1,28.1,27.9,27.8,27.7,27.6,27.1,27.1,27.0,26.5,26.1,25.5,24.5,23.5,22.8,22.7,22.6,22.4,22.4,22.4,22.4,22.7,22.4,22.7,22.6,22.6,22.7,22.4,22.4,22.6,22.6,22.4,22.4,22.4,22.4,22.4,22.6,22.7,22.6,22.7,22.7,22.7,22.7,22.8,22.7,22.7,22.7,22.7,22.9,22.8,22.8,22.8,22.8,22.8,22.8,22.7,22.8,22.9,23.1,23.0,23.0,23.1,22.9,23.0,23.0,23.0,23.1,23.1,23.1,23.1,23.1,23.2,22.9,23.2,23.3,23.1,23.2,23.2,23.2,23.3,23.1,23.0
76,22.4,22.7,22.4,22.6,22.4,22.6,22.4,22.6,22.2,22.4,22.4,22.4,22.4,22.4,22.4,22.4,22.4,22.4,22.4,22.4,22.4,22.4,22.4,22.4,22.4,22.4,22.2,22.4,22.4,22.4,22.4,22.4,22.6,22.4,22.4,22.4,22.4,22.4,22.4,22.4,22.4,22.4,22.6,22.4,22.6,22.7,22.6,22.7,22.8,23.0,24.1,26.3,28.6,29.1,29.3,29.7,29.7,29.7,29.7,29.6,29.6,29.7,29.6,29.6,29.6,29.6,29.7,29.8,29.7,29.8,29.8,30.0,30.0,30.0,29.8,29.5,28.5,26.4,24.5,23.3,22.7,22.7,22.6,22.6,22.8,23.1,23.2,24.9,27.0,28.6,29.4,29.6,29.8,29.7,29.8,30.0,30.0,30.0,30.1,30.1,30.1,30.3,30.1,30.3,30.3,30.3,30.1,30.0,30.0,30.0,30.0,30.0,29.7,29.5,29.3,29.2,28.5,27.6,26.2,24.6,23.5,23.5,23.3,24.2,25.8,28.1,29.4,29.8,29.8,29.7,29.7,29.6,29.7,29.6,29.6,29.6,29.6,29.5,29.6,29.5,29.5,29.3,29.2,28.9,28.8,28.6,28.5,28.2,28.1,27.6,27.1,26.0,24.5,23.5,23.0,22.8,23.1,23.2,23.8,24.9,26.6,28.0,28.8,28.9,29.0,28.9,28.8,28.8,28.6,28.8,28.6,28.6,28.5,28.4,28.4,28.0,28.0,27.8,27.6,27.6,27.3,27.0,27.0,26.5,26.2,25.9,25.0,24.0,23.1,22.7,22.7,22.4,22.7,22.4,22.6,22.7,22.7,22.6,22.7,22.6,22.4,22.6,22.7,22.7,22.7,22.6,22.6,22.4,22.4,22.7,22.6,22.9,22.6,22.8,22.8,22.8,22.7,22.9,22.8,22.9,22.8,22.9,23.0,22.9,23.0,22.9,23.0,23.0,22.9,22.9,22.9,23.0,23.0,23.0,23.1,23.1,23.1,23.0,23.1,23.1,23.0,23.2,23.2,23.1,23.1,23.3,23.2,23.2,23.1,23.2,23.2,23.3,23.3,23.1,23.2,23.2
77,22.4,22.4,22.4,22.4,22.4,22.4,22.4,22.4,22.4,22.4,22.4,22.4,22.4,22.4,22.4,22.4,22.4,22.4,22.4,22.4,22.4,22.4,22.4,22.4,22.2,22.4,22.4,22.4,22.4,22.4,22.4,22.4,22.4,22.4,22.4,22.4,22.4,22.4,22.4,22.4,22.4,22.6,22.6,22.6,22.6,22.6,22.6,22.7,22.9,23.1,23.5,25.5,27.6,28.8,29.3,29.6,29.6,29.5,29.6,29.7,29.5,29.6,29.6,29.5,29.5,29.6,29.6,29.6,29.7,29.7,29.8,30.0,30.0,30.0,29.8,29.6,29.2,28.0,25.8,24.0,23.1,22.7,22.9,22.9,22.8,23.0,23.5,24.3,26.1,27.9,29.2,29.6,29.7,29.7,29.8,30.0,30.0,29.8,30.0,30.0,30.0,30.0,30.1,30.1,30.3,30.1,30.1,30.1,30.0,30.0,30.0,30.0,29.8,29.7,29.5,29.4,29.0,28.1,27.5,26.0,24.3,23.6,23.5,24.2,25.1,27.3,29.0,29.6,30.0,29.8,29.6,29.7,29.7,29.6,29.6,29.6,29.6,29.6,29.6,29.4,29.3,29.3,29.2,29.0,28.8,28.6,28.5,28.2,28.1,27.9,27.1,26.8,25.3,24.1,23.3,22.8,22.9,23.0,23.3,24.6,26.0,28.0,28.7,29.0,28.9,28.9,29.0,28.9,28.8,28.6,28.6,28.5,28.5,28.4,28.2,28.1,28.0,27.8,27.6,27.5,27.2,27.0,27.0,26.6,26.2,26.0,25.3,24.2,23.3,22.7,22.7,22.6,22.6,22.6,22.8,22.7,22.6,22.6,22.6,22.8,22.7,22.4,22.4,22.4,22.6,22.7,22.7,22.7,22.7,22.8,22.7,22.7,22.6,22.7,22.8,22.9,22.9,22.7,22.8,22.7,22.7,22.8,22.8,22.8,22.9,22.9,22.9,22.9,22.9,23.0,22.9,23.0,23.1,23.1,23.1,23.1,23.0,23.1,23.1,23.1,23.1,23.2,23.2,23.2,23.3,23.1,23.1,23.1,23.1,23.2,23.2,23.0,23.3,23.1,23.3,23.4
78,22.6,22.6,22.7,22.6,22.6,22.4,22.4,22.6,22.4,22.4,22.4,22.4,22.4,22.4,22.4,22.4,22.4,22.4,22.6,22.4,22.4,22.4,22.7,22.4,22.7,22.4,22.4,22.4,22.4,22.4,22.4,22.6,22.7,22.7,22.7,22.7,22.7,22.7,22.6,22.7,22.8,22.7,22.7,22.7,22.7,22.8,22.9,22.8,23.0,23.3,23.5,24.5,26.5,28.4,29.1,29.3,29.5,29.5,29.7,29.6,29.6,29.5,29.5,29.5,29.5,29.6,29.6,29.7,29.7,29.8,30.0,29.8,30.0,30.1,30.0,29.8,29.3,28.4,27.0,24.7,23.5,23.0,23.0,22.8,22.8,23.0,23.3,24.1,24.9,27.1,28.6,29.3,29.6,29.7,30.0,29.8,29.7,30.0,30.0,30.0,30.0,30.0,30.0,30.1,30.1,30.4,30.1,30.1,30.0,30.0,30.1,30.0,30.0,29.7,29.8,29.4,29.2,28.8,28.1,26.9,25.6,24.5,23.9,23.9,24.7,26.6,28.5,29.5,29.7,29.8,30.0,30.0,29.7,29.7,29.6,29.6,29.6,29.6,29.7,29.6,29.5,29.4,29.2,29.0,28.8,28.7,28.6,28.5,28.1,28.1,27.7,27.2,26.0,24.7,23.5,23.0,23.0,23.1,23.3,24.2,25.4,27.4,28.5,29.0,29.0,29.0,28.9,28.9,28.8,28.6,28.6,28.6,28.4,28.4,28.2,28.0,28.0,27.7,27.5,27.4,27.2,27.0,26.6,26.5,26.2,25.9,25.5,24.7,23.4,23.1,22.7,22.6,22.7,22.6,22.7,22.7,22.8,22.6,22.7,22.6,22.7,22.7,22.4,22.7,22.6,22.8,22.6,22.7,22.8,22.7,22.8,22.7,22.7,22.9,22.6,22.7,22.8,22.8,22.7,22.6,22.7,22.7,22.8,22.9,22.9,23.0,23.0,22.9,23.0,23.0,23.1,23.0,23.0,23.0,22.8,23.1,22.9,23.0,23.1,23.0,23.2,23.2,23.1,23.3,23.2,23.2,23.2,23.2,23.2,23.2,23.3,23.2,23.2,23.3,23.2,23.4
79,22.4,22.4,22.6,22.6,22.4,22.7,22.6,22.6,22.4,22.2,22.4,22.4,22.4,22.4,22.4,22.4,22.6,22.4,22.4,22.4,22.6,22.6,22.6,22.6,22.4,22.7,22.6,22.7,22.4,22.7,22.6,22.8,22.7,22.7,22.8,22.8,22.8,22.8,22.8,22.9,22.9,22.8,22.9,22.7,22.8,22.8,23.0,22.9,22.8,23.0,23.3,24.0,25.7,27.7,28.9,29.3,29.5,29.6,29.6,29.7,29.7,29.6,29.5,29.5,29.6,29.6,29.6,29.7,29.7,29.8,29.8,30.0,30.1,30.1,30.3,29.8,29.8,29.3,28.0,25.9,24.0,23.2,23.1,22.9,22.9,22.9,23.1,23.6,24.5,26.0,28.1,29.1,29.5,29.6,29.7,29.7,29.8,30.0,30.0,30.0,30.0,30.0,30.0,30.0,30.1,30.1,30.1,30.1,30.0,30.0,30.1,30.1,30.0,29.8,29.8,29.6,29.4,29.2,28.6,27.9,26.6,25.4,24.0,23.8,24.3,25.9,28.0,29.0,29.8,29.8,29.8,30.0,29.7,29.7,29.6,29.7,29.7,29.7,29.6,29.5,29.5,29.3,29.2,29.0,28.9,28.8,28.6,28.5,28.5,28.1,27.7,27.4,26.6,25.1,24.0,23.1,22.8,22.9,23.3,23.4,25.1,26.6,28.1,28.9,29.0,29.1,28.9,29.0,28.8,28.7,28.6,28.6,28.5,28.2,28.2,28.1,27.9,27.8,27.6,27.5,27.2,27.1,26.8,26.5,26.4,26.2,25.8,25.0,23.8,23.0,22.7,22.8,22.7,22.7,22.6,22.6,22.8,22.7,22.4,22.7,22.7,22.7,22.6,22.7,22.7,22.8,22.7,22.7,22.7,22.7,22.7,22.7,22.6,22.7,22.7,22.7,22.7,22.8,22.7,22.8,22.7,22.7,22.7,22.8,22.7,22.9,22.9,23.0,23.0,23.0,23.1,22.9,23.0,23.0,23.0,23.1,23.0,23.0,23.1,23.2,23.1,23.2,23.1,23.3,23.2,23.1,23.1,23.2,23.2,23.1,23.3,23.1,23.3,23.3,23.2,23.4
80,22.7,22.7,22.7,22.7,22.7,22.7,22.6,22.6,22.7,22.4,22.4,22.4,22.4,22.4,22.4,22.4,22.4,22.4,22.4,22.4,22.6,22.6,22.7,22.6,22.7,22.7,22.7,22.4,22.7,22.6,22.7,22.8,22.7,22.8,22.7,22.8,22.7,22.7,22.6,22.8,22.9,22.8,22.8,23.0,22.8,22.8,22.9,22.8,22.9,23.0,23.1,23.5,24.6,26.9,28.1,29.2,29.3,29.3,29.6,29.6,29.7,29.6,29.5,29.6,29.5,29.6,29.6,29.6,29.7,29.8,29.8,30.0,30.1,30.1,30.1,30.1,29.7,29.3,28.6,27.3,24.9,23.5,23.1,23.0,22.9,23.0,23.0,23.3,23.5,24.8,27.2,28.6,29.3,29.7,29.7,29.7,29.7,29.8,29.8,30.1,30.0,30.0,30.0,30.1,30.1,30.0,30.3,30.1,30.3,30.3,30.1,30.3,30.1,30.3,30.0,30.0,29.7,29.5,29.2,28.5,27.8,26.1,24.9,24.1,24.3,25.4,27.2,29.0,29.6,29.8,30.0,30.0,29.8,29.8,29.7,29.7,29.8,29.7,29.6,29.6,29.5,29.3,29.2,29.1,29.0,28.8,28.7,28.5,28.5,28.2,27.9,27.6,26.9,25.9,24.5,23.3,22.9,23.0,23.1,23.5,24.3,25.8,27.4,28.5,29.2,29.0,29.0,28.9,28.8,28.8,28.6,28.6,28.5,28.4,28.1,28.0,27.9,27.7,27.6,27.5,27.2,27.1,26.8,26.4,26.3,26.1,25.8,25.1,24.3,23.1,22.7,22.7,22.6,22.6,22.4,22.7,22.7,22.7,22.4,22.6,22.6,22.6,22.4,22.6,22.7,22.7,22.7,22.7,22.4,22.7,22.6,22.6,22.6,22.6,22.6,22.7,22.8,22.7,22.7,22.8,22.8,22.7,22.7,22.8,22.8,23.0,22.9,23.0,23.1,23.0,23.1,23.0,22.9,23.0,23.0,23.1,23.0,23.1,23.1,23.1,23.1,23.0,23.1,23.1,23.2,23.1,23.2,23.1,23.2,23.2,23.3,23.3,23.2,23.3,23.3,23.3
81,22.9,22.7,22.6,22.6,22.4,22.7,22.4,22.4,22.7,22.4,22.7,22.6,22.4,22.4,22.6,22.4,22.6,22.6,22.7,22.4,22.6,22.6,22.4,22.4,22.6,22.7,22.6,22.6,22.6,22.7,22.6,22.7,22.6,22.7,22.7,22.7,22.7,22.8,22.7,22.8,22.9,22.8,22.8,22.9,22.6,22.8,22.7,22.9,22.7,22.8,23.0,23.3,24.0,25.6,27.3,28.6,29.0,29.4,29.7,29.7,29.8,29.6,29.8,29.7,29.6,29.6,29.7,29.7,29.7,29.8,30.0,30.0,30.3,30.3,30.3,30.3,30.0,29.8,29.0,28.2,26.2,24.3,23.3,23.1,23.0,22.9,22.8,23.2,23.5,24.3,26.0,28.1,29.0,29.5,29.5,29.7,29.7,29.7,30.0,30.0,30.0,30.1,30.0,30.0,30.1,30.1,30.1,30.3,30.5,30.3,30.5,30.4,30.3,30.3,30.3,30.0,30.0,29.7,29.5,29.1,28.6,27.3,25.9,24.6,24.1,24.9,26.5,28.4,29.3,29.7,30.0,29.8,30.0,29.7,29.8,29.7,29.7,29.7,29.7,29.6,29.7,29.5,29.3,29.3,29.1,28.9,28.9,28.7,28.5,28.5,28.2,27.9,27.4,26.6,25.1,23.6,23.0,22.8,22.8,23.3,23.5,25.0,26.9,28.5,29.0,29.1,29.0,28.9,28.9,28.8,28.6,28.5,28.4,28.4,28.1,28.1,28.0,27.8,27.6,27.5,27.4,27.1,26.9,26.5,26.3,26.2,25.8,25.3,24.3,23.1,22.9,22.4,22.4,22.4,22.6,22.6,22.7,22.6,22.6,22.4,22.4,22.4,22.7,22.4,22.6,22.4,22.6,22.7,22.6,22.6,22.7,22.4,22.6,22.7,22.6,22.7,22.7,22.9,22.7,22.7,22.7,22.8,22.8,22.7,22.8,22.9,22.9,22.8,22.8,22.9,23.0,23.0,23.0,22.8,23.0,23.0,23.0,23.1,23.1,23.0,23.0,23.1,23.1,23.2,23.3,23.2,23.1,23.2,23.1,23.3,23.3,23.2,23.2,23.2,23.3,23.2
82,22.9,22.7,22.7,22.7,22.7,22.6,22.6,22.6,22.6,22.6,22.4,22.4,22.6,22.6,22.4,22.6,22.4,22.6,22.6,22.4,22.7,22.4,22.6,22.7,22.7,22.6,22.4,22.4,22.6,22.6,22.4,22.6,22.6,22.6,22.7,22.6,22.7,22.7,22.4,22.7,22.6,22.8,22.7,22.7,22.9,22.7,22.9,22.7,22.7,22.7,22.9,23.1,23.6,24.6,26.5,28.1,29.1,29.4,29.6,29.6,29.7,29.8,29.7,29.7,29.8,29.8,29.7,29.7,29.7,30.0,30.0,30.1,30.4,30.3,30.5,30.3,30.0,29.6,29.5,28.9,27.2,25.3,23.6,23.2,22.9,22.9,22.8,22.8,23.1,23.9,25.0,27.1,28.5,29.3,29.5,29.7,29.7,29.7,30.0,29.8,30.0,30.0,30.0,30.1,30.0,30.1,30.1,30.1,30.4,30.3,30.5,30.5,30.5,30.3,30.3,30.4,30.0,30.0,29.6,29.3,28.9,28.1,27.0,25.6,24.4,24.5,26.2,27.7,29.2,29.8,29.8,30.0,29.8,29.8,29.7,29.7,29.8,29.8,29.6,29.7,29.6,29.6,29.3,29.2,29.1,29.2,29.0,28.7,28.7,28.5,28.4,28.1,27.6,27.2,25.8,24.3,23.3,22.9,22.8,23.1,23.3,24.2,26.1,27.8,28.8,29.0,28.9,28.9,28.8,28.8,28.7,28.6,28.4,28.2,28.2,28.1,27.8,27.8,27.7,27.6,27.3,27.1,26.9,26.8,26.4,26.2,25.8,25.6,24.6,23.5,23.0,22.6,22.4,22.4,22.7,22.7,22.4,22.6,22.4,22.4,22.6,22.6,22.7,22.4,22.4,22.6,22.4,22.4,22.6,22.4,22.6,22.6,22.6,22.6,22.4,22.7,22.7,22.7,22.8,22.7,22.7,22.8,22.9,22.7,22.8,22.7,23.0,22.9,22.8,23.0,23.0,22.9,23.0,22.9,23.0,22.9,23.0,23.0,22.9,23.0,23.2,23.0,23.0,23.1,23.1,23.2,23.1,23.2,23.2,23.3,23.1,23.2,23.2,23.2,23.2,23.2
83,22.7,22.8,22.8,22.7,22.6,22.7,22.6,22.7,22.7,22.4,22.6,22.6,22.4,22.4,22.4,22.4,22.4,22.4,22.6,22.6,22.4,22.4,22.4,22.4,22.4,22.4,22.6,22.4,22.4,22.4,22.4,22.6,22.4,22.7,22.6,22.4,22.6,22.7,22.7,22.7,22.7,22.7,22.7,22.6,22.6,22.6,22.4,22.6,22.6,22.7,22.7,22.8,23.1,24.1,25.1,27.5,28.6,29.3,29.5,29.6,29.6,29.8,29.8,29.7,29.7,29.8,29.7,29.8,29.8,30.0,30.0,30.3,30.5,30.4,30.3,30.3,30.3,30.0,29.7,29.1,28.2,26.0,24.3,23.1,22.9,23.0,22.8,22.7,23.0,23.3,24.3,26.0,28.1,29.1,29.5,29.5,29.6,29.7,29.7,30.0,30.0,29.8,30.0,30.0,30.1,30.1,30.1,30.3,30.5,30.5,30.5,30.4,30.5,30.4,30.5,30.4,30.3,30.1,30.0,29.5,29.4,29.0,28.1,27.0,25.5,24.7,25.3,27.2,28.5,29.7,29.8,30.0,29.8,29.8,29.7,29.8,29.7,29.8,29.8,29.7,29.6,29.6,29.4,29.3,29.2,29.0,28.9,28.9,28.8,28.6,28.5,28.2,27.9,27.5,26.4,25.1,23.4,23.0,22.8,23.0,23.2,23.6,25.1,27.1,28.7,29.0,29.0,28.9,28.8,28.8,28.7,28.5,28.5,28.2,28.2,28.0,27.9,28.0,27.7,27.6,27.3,27.2,27.0,26.6,26.3,26.1,25.9,25.5,24.5,23.5,22.7,22.7,22.6,22.6,22.6,22.4,22.7,22.4,22.6,22.4,22.4,22.4,22.4,22.7,22.6,22.4,22.7,22.4,22.6,22.4,22.6,22.6,22.7,22.7,22.6,22.6,22.7,22.9,22.7,22.8,22.8,22.9,22.8,22.7,22.8,22.8,22.9,22.8,22.9,23.0,23.0,22.9,23.0,23.0,23.0,23.0,23.0,22.8,23.0,23.1,23.0,23.1,23.2,23.1,23.1,22.9,23.2,23.3,23.1,23.2,23.1,23.3,23.2,23.2,23.2,23.0
84,22.7,22.7,22.7,22.7,22.7,22.4,22.6,22.4,22.4,22.6,22.6,22.4,22.4,22.4,22.4,22.4,22.6,22.4,22.4,22.6,22.4,22.4,22.4,22.6,22.6,22.4,22.4,22.4,22.4,22.4,22.4,22.4,22.4,22.4,22.4,22.4,22.4,22.6,22.4,22.4,22.4,22.6,22.6,22.7,22.6,22.6,22.4,22.4,22.6,22.7,22.8,22.7,23.1,23.2,24.2,26.3,28.2,29.0,29.3,29.7,29.6,29.6,29.6,29.7,29.7,29.8,29.8,29.8,29.8,30.0,30.3,30.3,30.5,30.4,30.4,30.3,30.3,30.0,29.7,29.5,28.8,27.3,25.5,23.8,23.0,22.8,22.7,22.8,22.9,23.3,23.8,24.8,26.8,28.5,29.3,29.4,29.7,29.6,29.7,30.0,29.8,30.0,29.8,30.0,30.1,30.1,30.3,30.3,30.5,30.5,30.5,30.5,30.6,30.5,30.5,30.5,30.5,30.5,30.1,29.8,29.5,29.3,28.7,27.6,26.2,25.4,25.0,26.4,28.5,29.3,29.8,29.8,29.8,29.8,29.7,29.8,29.8,29.7,29.7,29.6,29.7,29.6,29.6,29.3,29.3,29.2,29.2,29.0,29.0,28.7,28.6,28.4,28.1,27.7,27.0,25.8,24.0,23.4,23.0,22.7,23.1,23.4,24.6,26.2,28.2,28.8,29.0,29.0,28.9,28.7,28.7,28.6,28.5,28.4,28.1,28.1,27.8,27.8,27.6,27.5,27.2,27.1,26.9,26.8,26.4,26.1,26.0,25.8,24.9,23.5,23.0,22.8,22.6,22.4,22.6,22.4,22.4,22.6,22.6,22.4,22.4,22.7,22.6,22.4,22.6,22.4,22.4,22.6,22.4,22.4,22.6,22.6,22.6,22.8,22.6,22.7,22.7,22.7,22.8,22.7,22.7,22.8,22.8,22.8,22.9,23.0,22.7,22.9,23.0,22.9,23.0,22.8,23.0,23.0,23.0,23.0,22.9,23.1,23.0,23.1,23.1,23.1,23.0,23.2,23.3,23.4,23.2,23.3,23.3,23.3,23.3,23.3,23.1,23.3,23.3,23.2
85,22.4,22.7,22.7,22.7,22.7,22.6,22.4,22.6,22.4,22.4,22.4,22.4,22.4,22.4,22.4,22.4,22.4,22.4,22.4,22.4,22.4,22.4,22.4,22.4,22.4,22.4,22.4,22.6,22.4,22.4,22.4,22.4,22.4,22.4,22.4,22.4,22.4,22.4,22.6,22.4,22.4,22.4,22.4,22.6,22.6,22.6,22.4,22.6,22.4,22.6,22.4,22.6,23.0,23.2,23.4,25.1,26.9,28.4,29.3,29.6,29.7,29.7,29.7,29.7,29.7,29.8,29.8,29.7,30.0,30.0,30.1,30.1,30.3,30.3,30.1,30.1,30.1,30.0,30.0,29.6,29.2,28.0,26.4,24.7,23.3,22.8,22.7,22.7,22.9,23.0,23.2,24.1,25.7,27.9,29.0,29.4,29.5,29.6,29.6,29.8,29.8,29.8,30.0,30.0,30.0,30.1,30.1,30.3,30.4,30.6,30.5,30.5,30.5,30.5,30.6,30.5,30.5,30.5,30.3,30.1,29.8,29.4,29.3,28.4,27.4,25.8,25.5,25.8,27.7,29.2,29.7,29.8,30.0,29.8,29.7,30.0,29.8,30.0,29.7,29.8,29.7,29.7,29.5,29.4,29.3,29.2,29.2,29.0,29.0,28.9,28.7,28.5,28.1,27.8,27.5,26.1,24.8,23.8,23.0,22.9,23.1,23.1,24.2,25.5,27.2,28.5,29.0,28.9,28.9,28.9,28.8,28.6,28.5,28.4,28.1,28.1,27.9,27.8,27.6,27.5,27.2,27.2,26.9,26.6,26.3,26.2,26.0,25.6,24.8,24.0,23.1,22.7,22.6,22.6,22.4,22.4,22.6,22.4,22.4,22.6,22.6,22.6,22.6,22.6,22.4,22.4,22.7,22.4,22.6,22.4,22.7,22.7,22.4,22.7,22.6,22.7,22.7,22.8,22.7,22.8,22.7,22.8,22.8,22.9,22.8,22.9,22.8,22.7,22.8,23.0,23.0,23.0,22.8,22.9,23.0,22.8,23.0,23.1,23.0,23.1,23.0,23.1,23.1,23.1,23.1,23.2,23.0,23.2,23.1,23.1,23.2,23.1,23.2,23.1,23.2,23.0
86,22.6,22.8,22.6,22.7,22.7,22.6,22.4,22.7,22.4,22.4,22.4,22.4,22.4,22.4,22.4,22.4,22.2,22.4,22.4,22.4,22.4,22.4,22.4,22.4,22.4,22.4,22.4,22.4,22.4,22.4,22.2,22.4,22.4,22.4,22.4,22.4,22.4,22.6,22.7,22.6,22.4,22.6,22.4,22.6,22.6,22.4,22.6,22.4,22.7,22.4,22.7,22.7,22.8,23.0,23.1,24.1,26.0,27.6,28.9,29.2,29.6,29.6,29.8,29.8,29.8,29.8,29.8,29.8,29.8,30.0,30.0,30.1,30.3,30.3,30.1,30.3,30.3,30.0,29.8,29.7,29.2,28.8,27.8,25.6,23.9,23.1,22.9,22.7,22.7,23.1,23.1,23.5,24.6,26.8,28.5,29.2,29.5,29.5,29.7,29.6,29.7,29.8,29.8,30.0,30.0,30.1,30.1,30.3,30.5,30.5,30.4,30.5,30.5,30.5,30.6,30.6,30.6,30.5,30.5,30.3,30.0,29.6,29.5,28.8,28.1,27.2,26.0,26.2,27.2,29.0,29.6,29.8,29.8,29.8,29.8,29.8,29.8,29.8,29.7,29.7,29.7,29.6,29.5,29.5,29.3,29.4,29.3,29.2,29.1,29.0,28.7,28.7,28.5,27.9,27.6,27.1,25.5,24.3,23.3,23.0,22.9,23.0,23.9,24.9,26.8,28.1,28.9,29.0,28.9,28.8,28.8,28.6,28.6,28.5,28.2,28.1,27.9,27.8,27.5,27.5,27.2,27.1,26.9,26.6,26.4,26.2,26.0,25.9,25.4,24.3,23.3,22.7,22.7,22.6,22.4,22.4,22.6,22.4,22.6,22.4,22.4,22.6,22.4,22.6,22.7,22.4,22.7,22.4,22.4,22.6,22.4,22.4,22.6,22.4,22.7,22.6,22.8,22.8,22.9,22.9,22.7,22.6,22.8,22.7,22.9,23.0,22.9,23.0,23.0,23.0,23.1,23.0,22.8,23.0,23.0,22.9,22.9,23.1,23.2,23.0,23.1,23.0,23.1,23.2,23.3,23.0,23.2,23.2,23.1,23.2,23.2,23.1,23.1,23.2,23.3,23.1
87,22.4,22.6,22.6,22.6,22.4,22.7,22.6,22.4,22.7,22.4,22.4,22.4,22.4,22.4,22.4,22.4,22.4,22.4,22.4,22.4,22.4,22.4,22.4,22.4,22.4,22.4,22.6,22.4,22.6,22.4,22.4,22.4,22.4,22.4,22.4,22.4,22.4,22.6,22.4,22.6,22.4,22.4,22.7,22.7,22.6,22.6,22.4,22.4,22.6,22.6,22.4,22.6,22.7,22.9,23.1,23.6,24.7,26.9,28.5,29.2,29.5,29.6,29.7,29.8,30.0,29.8,29.8,29.8,30.0,30.0,30.0,30.0,30.1,30.0,30.0,30.3,30.1,30.3,30.0,29.8,29.6,29.2,28.5,26.5,24.6,23.5,23.0,22.9,23.0,22.8,23.0,23.3,24.3,25.7,27.8,29.0,29.3,29.5,29.6,29.7,29.7,29.8,29.8,30.0,30.0,30.1,30.3,30.3,30.5,30.5,30.6,30.6,30.6,30.6,30.7,30.6,30.7,30.6,30.5,30.3,30.1,29.8,29.7,29.3,28.7,28.1,26.8,26.3,27.3,28.9,29.8,30.0,30.0,29.8,29.8,30.0,30.0,29.8,30.0,29.8,29.7,29.6,29.6,29.5,29.5,29.3,29.3,29.3,29.1,29.0,28.9,28.6,28.6,28.4,27.9,27.2,26.4,25.0,23.8,23.0,22.8,23.0,23.3,23.6,25.8,27.5,28.7,29.0,29.0,29.0,28.9,28.7,28.6,28.5,28.4,28.1,27.9,27.9,27.6,27.5,27.2,27.1,26.9,26.6,26.4,26.3,25.9,25.8,25.6,24.5,23.5,22.9,22.4,22.6,22.6,22.4,22.4,22.6,22.4,22.4,22.4,22.4,22.4,22.4,22.4,22.4,22.6,22.4,22.4,22.4,22.4,22.6,22.7,22.4,22.7,22.7,22.7,22.7,22.9,22.7,22.7,22.7,22.7,22.7,22.8,22.9,22.9,22.8,23.0,22.9,22.9,22.9,23.0,23.0,23.0,23.0,23.1,22.9,23.0,23.0,22.9,23.0,23.0,23.1,23.1,23.1,23.0,23.2,23.2,23.2,23.1,23.0,23.2,23.1,23.2,23.3
88,22.4,22.7,22.7,22.6,22.6,22.7,22.7,22.6,22.6,22.4,22.6,22.4,22.4,22.4,22.4,22.4,22.4,22.4,22.4,22.4,22.4,22.6,22.4,22.4,22.4,22.4,22.4,22.4,22.6,22.4,22.4,22.4,22.4,22.4,22.4,22.4,22.4,22.4,22.7,22.6,22.7,22.6,22.4,22.6,22.7,22.4,22.6,22.4,22.7,22.6,22.6,22.6,22.7,22.9,22.9,23.3,24.2,25.6,27.7,28.7,29.5,29.5,29.7,29.8,30.0,29.8,29.8,29.8,29.8,30.0,29.7,29.8,30.0,30.0,30.0,30.0,30.1,30.0,30.0,29.8,29.7,29.3,28.7,27.8,25.8,24.2,23.1,23.0,22.9,22.9,22.9,23.3,23.8,25.4,27.0,28.5,29.1,29.4,29.6,29.6,29.7,29.8,30.0,30.0,30.0,30.1,30.3,30.3,30.5,30.6,30.6,30.6,30.6,30.6,30.7,30.8,30.8,30.7,30.6,30.6,30.5,30.1,30.0,29.6,29.2,28.5,27.6,27.0,27.3,28.6,29.6,30.0,29.8,30.0,29.8,30.0,30.0,29.8,29.8,29.7,29.8,29.7,29.6,29.5,29.5,29.4,29.4,29.3,29.3,29.2,29.0,28.8,28.6,28.4,28.1,27.5,27.0,25.8,24.1,23.2,22.9,22.9,23.2,23.5,24.8,26.9,27.9,28.8,29.1,29.0,29.0,29.0,28.7,28.6,28.5,28.4,28.1,28.0,27.7,27.5,27.3,27.0,26.9,26.8,26.6,26.3,26.0,25.7,25.8,24.7,23.8,22.9,22.6,22.6,22.6,22.7,22.4,22.4,22.4,22.6,22.6,22.4,22.6,22.4,22.4,22.6,22.6,22.4,22.6,22.6,22.4,22.6,22.6,22.6,22.4,22.4,22.7,22.8,22.6,22.7,22.7,22.7,22.7,22.8,22.7,22.9,23.0,22.9,22.7,23.0,23.0,23.0,22.9,22.8,22.9,23.0,23.1,23.0,23.0,23.0,22.9,23.1,23.0,23.1,23.2,23.0,23.1,23.0,23.1,23.1,23.1,23.2,23.2,23.1,23.1,23.3
89,22.4,22.6,22.6,22.6,22.6,22.6,22.6,22.6,22.6,22.6,22.4,22.6,22.6,22.6,22.4,22.4,22.4,22.6,22.4,22.4,22.4,22.4,22.4,22.4,22.4,22.4,22.4,22.4,22.6,22.4,22.4,22.4,22.4,22.4,22.4,22.4,22.6,22.4,22.4,22.6,22.4,22.4,22.6,22.4,22.6,22.4,22.4,22.4,22.4,22.7,22.7,22.6,22.7,22.7,22.7,23.0,23.5,24.2,26.4,28.0,28.9,29.5,29.7,29.6,29.8,29.8,29.7,29.8,29.8,29.6,29.6,29.7,30.0,30.0,29.8,30.0,30.0,30.0,30.0,30.0,29.7,29.5,29.3,28.7,27.1,25.3,24.0,23.1,23.0,22.7,22.9,23.1,23.2,24.2,26.1,27.8,29.0,29.4,29.5,29.6,29.7,29.8,29.8,30.0,30.0,30.3,30.1,30.3,30.6,30.5,30.6,30.7,30.6,30.7,30.7,30.7,30.8,30.7,30.8,30.6,30.5,30.3,30.1,29.8,29.4,29.1,28.5,27.7,27.6,28.2,29.5,30.0,30.0,30.0,30.0,30.0,29.8,29.8,30.0,29.8,29.8,29.7,29.7,29.7,29.6,29.5,29.6,29.3,29.4,29.3,29.2,28.8,28.8,28.5,28.1,27.9,27.2,26.2,24.7,23.5,22.9,22.8,23.0,23.3,24.1,25.6,27.1,28.6,29.1,29.3,29.1,29.1,28.9,28.7,28.6,28.4,28.1,28.1,27.7,27.6,27.3,27.2,27.0,26.9,26.5,26.3,26.2,25.9,25.7,25.1,24.0,23.1,22.7,22.4,22.7,22.4,22.4,22.4,22.4,22.4,22.4,22.6,22.6,22.4,22.4,22.4,22.6,22.6,22.4,22.6,22.6,22.4,22.7,22.6,22.4,22.7,22.6,22.7,22.8,22.8,22.8,22.7,22.7,22.8,22.8,22.8,22.9,22.9,22.9,22.8,22.9,22.9,22.9,22.9,23.0,22.9,22.9,23.1,23.1,22.9,23.1,22.9,23.1,23.1,23.1,23.1,23.1,23.1,23.1,23.2,23.0,23.1,23.2,23.2,23.3,23.3
90,22.4,22.6,22.6,22.6,22.6,22.4,22.4,22.6,22.4,22.4,22.6,22.4,22.4,22.4,22.4,22.4,22.4,22.4,22.2,22.4,22.4,22.2,22.2,22.4,22.4,22.4,22.4,22.4,22.4,22.4,22.4,22.4,22.4,22.4,22.4,22.4,22.4,22.4,22.6,22.4,22.4,22.4,22.4,22.4,22.7,22.4,22.6,22.4,22.4,22.4,22.4,22.6,22.7,22.4,22.7,23.0,23.1,23.6,24.8,27.3,28.6,29.2,29.3,29.5,29.5,29.7,29.6,29.7,29.6,29.6,29.5,29.8,29.7,29.8,29.8,30.0,29.8,29.8,30.0,29.8,29.7,29.5,29.2,28.7,28.1,26.4,24.7,23.5,23.2,23.0,22.8,23.0,23.1,23.5,24.8,27.1,28.6,29.2,29.6,29.5,29.7,29.7,30.0,30.0,30.0,30.1,30.3,30.3,30.5,30.5,30.5,30.7,30.7,30.6,30.7,30.8,30.9,30.9,30.9,30.7,30.6,30.5,30.4,30.0,29.6,29.3,28.9,28.1,27.7,28.4,29.3,30.0,30.0,30.0,30.0,30.0,29.8,29.8,29.8,29.8,29.8,29.7,29.6,29.6,29.6,29.5,29.5,29.3,29.5,29.4,29.2,29.1,28.9,28.6,28.5,27.9,27.5,26.9,25.7,24.4,23.1,22.7,22.9,23.0,23.5,24.7,26.0,27.7,29.0,29.4,29.3,29.1,29.0,28.9,28.7,28.6,28.4,28.1,27.9,27.7,27.3,27.2,27.1,26.9,26.8,26.3,26.2,26.1,25.6,25.3,24.4,23.2,22.7,22.4,22.4,22.4,22.4,22.6,22.4,22.4,22.6,22.4,22.6,22.4,22.4,22.4,22.4,22.7,22.4,22.4,22.4,22.4,22.4,22.6,22.4,22.6,22.4,22.7,22.8,22.7,22.7,22.8,22.7,22.7,22.7,22.8,22.9,22.9,22.9,23.0,23.0,22.9,23.0,22.9,22.9,22.8,22.9,23.0,22.8,23.0,23.0,23.1,23.0,23.1,23.1,23.1,23.0,23.2,23.1,23.1,23.1,23.2,23.1,23.2,23.3,23.3
91,22.4,22.4,22.6,22.6,22.8,22.6,22.4,22.6,22.4,22.7,22.4,22.4,22.7,22.4,22.4,22.4,22.4,22.4,22.4,22.4,22.4,22.4,22.4,22.4,22.4,22.6,22.4,22.6,22.6,22.4,22.4,22.6,22.4,22.4,22.4,22.4,22.4,22.6,22.4,22.7,22.4,22.4,22.6,22.6,22.4,22.4,22.4,22.4,22.7,22.6,22.4,22.7,22.6,22.6,22.6,22.9,22.9,23.3,24.3,26.0,27.8,28.9,29.3,29.5,29.6,29.6,29.6,29.6,29.7,29.6,29.6,29.7,29.8,29.8,29.7,29.8,29.8,30.0,30.0,29.8,29.8,29.6,29.5,29.2,28.7,27.7,25.9,24.2,23.2,23.1,22.8,23.0,23.0,23.6,24.4,25.8,28.1,29.1,29.3,29.7,29.7,29.8,30.0,30.0,30.0,30.3,30.4,30.5,30.5,30.5,30.6,30.7,30.7,30.8,30.9,30.9,31.0,31.0,30.9,30.8,30.9,30.6,30.5,30.5,30.0,29.7,29.3,28.9,28.4,28.5,29.1,29.8,30.0,30.3,30.0,30.0,30.0,30.0,30.0,30.0,30.0,29.8,29.7,29.7,29.6,29.5,29.6,29.5,29.5,29.5,29.4,29.2,29.1,28.9,28.6,28.2,27.8,27.1,26.0,24.7,23.5,22.8,22.9,22.9,23.3,23.8,25.5,27.3,28.7,29.4,29.3,29.4,29.3,29.0,28.9,28.6,28.5,28.5,28.0,27.8,27.5,27.3,27.1,27.1,26.8,26.6,26.2,26.1,25.8,25.3,24.6,23.5,23.0,22.6,22.4,22.4,22.6,22.4,22.4,22.4,22.6,22.4,22.6,22.4,22.4,22.6,22.7,22.6,22.4,22.4,22.7,22.7,22.4,22.6,22.6,22.7,22.6,22.7,22.7,22.7,22.7,22.9,22.8,22.8,23.0,22.9,22.8,22.8,22.8,22.9,23.0,23.0,22.9,23.0,23.0,23.0,23.0,23.1,23.0,23.1,23.0,23.0,23.1,23.1,23.2,23.1,23.3,23.1,23.2,23.2,23.2,23.1,23.1,23.1,23.2,23.3
92,22.6,22.7,22.6,22.4,22.4,22.6,22.4,22.4,22.6,22.4,22.4,22.4,22.4,22.4,22.4,22.6,22.4,22.4,22.4,22.4,22.4,22.4,22.4,22.4,22.4,22.4,22.4,22.4,22.4,22.4,22.4,22.4,22.4,22.4,22.4,22.4,22.4,22.4,22.4,22.4,22.6,22.4,22.4,22.6,22.4,22.6,22.4,22.7,22.7,22.4,22.6,22.4,22.4,22.7,22.6,22.7,22.8,23.0,23.2,24.8,27.2,28.7,29.0,29.3,29.4,29.5,29.5,29.5,29.5,29.4,29.4,29.5,29.6,29.7,29.7,29.8,29.8,29.8,29.8,30.0,29.7,29.6,29.5,29.3,28.8,28.5,27.0,25.4,24.0,23.1,22.9,23.0,22.9,23.2,23.6,25.0,27.3,28.7,29.3,29.7,29.7,29.7,30.0,30.0,30.1,30.1,30.4,30.5,30.5,30.6,30.6,30.7,30.8,30.7,30.8,30.9,31.0,31.1,31.1,31.0,30.8,30.8,30.7,30.5,30.1,30.0,29.6,29.3,28.8,28.5,29.0,29.8,30.1,30.0,30.0,30.0,30.0,30.0,29.8,30.0,30.0,30.0,29.8,29.8,29.6,29.6,29.6,29.6,29.6,29.6,29.3,29.3,29.1,29.0,28.7,28.5,27.9,27.5,27.1,25.4,24.1,23.0,22.8,22.9,23.2,23.3,24.6,26.8,28.5,29.5,29.5,29.4,29.2,29.2,29.0,28.8,28.7,28.5,28.1,27.8,27.7,27.3,27.1,27.1,26.6,26.6,26.3,26.1,25.8,25.3,24.8,24.0,23.0,22.7,22.6,22.7,22.6,22.4,22.4,22.4,22.4,22.4,22.4,22.4,22.6,22.4,22.4,22.6,22.4,22.6,22.6,22.6,22.6,22.4,22.7,22.7,22.6,22.7,22.7,22.7,22.7,22.8,22.6,22.7,22.7,22.8,22.8,22.8,22.7,22.9,23.0,22.7,22.9,23.0,23.0,22.9,22.9,22.9,23.0,22.8,23.0,23.0,23.1,23.0,23.2,23.2,23.0,23.1,23.1,23.1,23.1,23.1,23.2,23.1,23.2,23.2
93,23.1,22.6,22.4,22.4,22.4,22.4,22.4,22.6,22.4,22.4,22.4,22.4,22.4,22.4,22.6,22.4,22.4,22.4,22.4,22.4,22.4,22.4,22.4,22.4,22.4,22.4,22.4,22.4,22.4,22.4,22.4,22.4,22.4,22.4,22.4,22.4,22.4,22.4,22.6,22.4,22.4,22.4,22.4,22.4,22.7,22.6,22.4,22.4,22.4,22.4,22.4,22.4,22.6,22.4,22.4,22.6,22.4,23.0,23.2,24.2,26.5,28.1,29.0,29.2,29.4,29.3,29.3,29.4,29.4,29.4,29.4,29.4,29.5,29.5,29.6,29.6,29.8,29.7,29.8,29.7,29.6,29.7,29.5,29.5,29.3,29.0,28.1,26.6,24.7,23.9,23.1,23.0,22.9,23.0,23.5,24.1,26.5,28.2,29.3,29.6,29.8,29.7,30.0,30.0,30.1,30.1,30.4,30.5,30.6,30.5,30.6,30.7,30.8,30.8,31.0,31.0,31.0,31.2,31.2,31.2,31.1,30.9,30.7,30.5,30.5,30.0,29.7,29.3,29.0,28.9,29.0,29.7,30.0,30.1,30.0,30.0,30.0,30.0,30.0,30.0,30.0,29.8,29.8,29.8,29.7,29.6,29.7,29.7,29.6,29.5,29.5,29.4,29.3,29.1,28.9,28.5,28.2,27.9,27.2,26.2,24.5,23.3,22.9,22.9,23.1,23.2,24.2,25.9,28.1,29.3,29.5,29.4,29.3,29.2,29.0,29.0,28.7,28.6,28.2,28.0,27.7,27.5,27.2,27.1,26.9,26.5,26.2,26.1,25.8,25.6,25.1,24.3,23.3,23.0,22.7,22.6,22.6,22.4,22.4,22.4,22.4,22.4,22.4,22.4,22.4,22.6,22.7,22.4,22.2,22.4,22.6,22.4,22.6,22.7,22.4,22.6,22.6,22.7,22.7,22.7,22.6,22.7,22.7,22.8,22.7,22.7,22.7,22.9,22.9,22.9,23.0,22.9,22.8,23.0,22.7,23.0,22.9,23.0,22.9,22.9,23.0,23.0,23.1,23.1,23.1,23.1,23.1,23.0,23.0,23.1,23.3,23.3,23.1,23.1,23.2,23.2
94,22.4,22.4,22.7,22.6,22.4,22.4,22.4,22.4,22.4,22.4,22.4,22.4,22.2,22.4,22.4,22.4,22.4,22.6,22.4,22.4,22.4,22.4,22.4,22.4,22.4,22.4,22.4,22.4,22.4,22.4,22.4,22.6,22.4,22.4,22.4,22.6,22.4,22.6,22.4,22.6,22.4,22.4,22.6,22.4,22.4,22.4,22.4,22.4,22.4,22.4,22.4,22.6,22.4,22.7,22.4,22.6,22.7,22.7,23.3,23.6,25.4,27.6,28.4,28.8,29.4,29.2,29.3,29.4,29.3,29.4,29.3,29.3,29.5,29.5,29.5,29.6,29.7,29.7,29.8,29.7,29.7,29.7,29.6,29.5,29.4,29.1,28.7,27.7,26.0,24.5,23.5,23.0,22.9,22.9,23.4,23.8,25.6,27.6,29.2,29.7,29.7,29.8,30.0,30.0,30.3,30.4,30.5,30.6,30.6,30.6,30.8,30.8,30.7,30.8,31.0,31.0,31.1,31.1,31.3,31.3,31.2,31.1,30.8,30.6,30.6,30.1,29.8,29.6,29.3,29.1,29.1,29.8,30.0,30.0,30.0,30.1,30.0,30.0,30.0,30.1,30.0,30.0,29.8,29.8,29.8,29.7,29.7,29.7,29.7,29.6,29.5,29.4,29.3,29.3,29.0,28.6,28.4,28.1,27.7,26.9,25.5,23.6,23.0,22.8,23.0,23.2,24.1,25.4,27.6,29.2,29.4,29.4,29.3,29.2,29.0,29.0,28.6,28.5,28.1,27.8,27.6,27.4,27.2,26.9,26.6,26.5,26.3,26.0,25.8,25.6,25.3,24.5,23.5,23.0,22.7,22.6,22.7,22.7,22.4,22.7,22.6,22.6,22.4,22.4,22.4,22.6,22.6,22.4,22.4,22.6,22.6,22.4,22.6,22.6,22.6,22.6,22.4,22.7,22.7,22.7,22.6,22.7,22.8,22.7,22.8,22.8,22.7,22.8,22.8,22.8,22.9,23.0,23.0,22.9,23.0,23.0,23.1,22.8,23.1,22.9,22.9,23.0,23.1,23.1,23.3,23.1,23.2,23.2,23.1,23.2,23.2,23.2,23.2,23.3,23.2,23.3
95,22.6,22.7,22.6,22.4,22.7,22.4,22.4,22.4,22.4,22.4,22.4,22.4,22.4,22.4,22.4,22.4,22.4,22.4,22.4,22.4,22.4,22.4,22.4,22.2,22.4,22.4,22.4,22.4,22.4,22.4,22.4,22.4,22.4,22.4,22.4,22.4,22.4,22.4,22.4,22.4,22.4,22.4,22.4,22.4,22.4,22.4,22.4,22.4,22.4,22.4,22.4,22.4,22.4,22.4,22.4,22.6,22.4,22.7,23.0,23.2,24.4,26.3,27.9,28.7,29.1,29.3,29.3,29.3,29.4,29.4,29.3,29.4,29.4,29.4,29.5,29.5,29.6,29.8,29.7,29.7,29.6,29.8,29.7,29.5,29.4,29.3,29.0,28.4,27.3,25.5,24.1,23.1,23.0,22.9,23.2,23.3,25.0,26.8,28.6,29.4,29.8,30.0,30.0,30.1,30.4,30.5,30.5,30.6,30.6,30.7,30.7,30.8,30.7,30.8,30.9,30.9,31.2,31.3,31.3,31.4,31.2,31.2,31.0,30.8,30.5,30.4,30.0,29.8,29.3,29.3,29.3,29.7,30.1,30.3,30.1,30.3,30.3,30.3,30.3,30.1,30.1,30.0,30.0,30.0,29.8,29.8,29.8,29.7,29.7,29.8,29.6,29.5,29.3,29.4,29.0,28.8,28.5,28.2,27.7,27.2,25.8,24.1,23.2,23.0,22.9,23.0,23.4,25.1,26.9,28.7,29.3,29.4,29.3,29.2,29.1,28.8,28.5,28.5,28.1,27.9,27.5,27.3,27.1,26.9,26.6,26.4,26.2,26.0,25.8,25.6,25.5,24.6,24.0,23.1,22.8,22.7,22.4,22.6,22.7,22.4,22.6,22.6,22.4,22.4,22.6,22.6,22.7,22.6,22.4,22.4,22.7,22.6,22.6,22.6,22.7,22.8,22.6,22.6,22.7,22.7,22.7,22.8,22.7,22.8,22.7,22.9,22.9,22.8,22.8,22.9,23.0,22.8,22.7,23.1,23.0,23.1,23.0,23.0,23.0,23.0,23.0,23.1,23.0,23.2,23.2,23.2,23.1,23.0,23.1,23.2,23.2,23.3,23.2,23.2,23.3,23.3
96,22.4,22.6,22.7,22.6,22.4,22.4,22.6,22.4,22.4,22.4,22.4,22.4,22.4,22.4,22.4,22.4,22.4,22.4,22.4,22.4,22.4,22.4,22.4,22.4,22.4,22.4,22.4,22.4,22.4,22.4,22.4,22.4,22.4,22.6,22.4,22.4,22.4,22.4,22.2,22.4,22.6,22.4,22.6,22.4,22.4,22.6,22.7,22.4,22.4,22.4,22.4,22.4,22.4,22.4,22.7,22.6,22.6,22.7,22.7,23.1,23.8,25.3,27.4,28.5,28.9,29.2,29.2,29.4,29.4,29.3,29.3,29.3,29.5,29.5,29.5,29.6,29.6,29.7,29.8,29.7,29.7,29.8,29.8,29.7,29.8,29.6,29.4,28.9,28.1,27.0,24.9,23.6,23.0,23.0,23.2,23.4,24.1,25.9,28.1,29.2,29.8,30.0,30.1,30.3,30.3,30.5,30.5,30.6,30.6,30.7,30.8,30.8,30.8,30.8,30.9,31.0,31.1,31.2,31.5,31.5,31.5,31.3,31.1,30.9,30.5,30.4,30.1,30.0,29.6,29.5,29.3,29.7,30.1,30.3,30.4,30.4,30.5,30.1,30.3,30.4,30.4,30.1,30.1,30.1,30.0,29.8,30.0,30.0,30.0,29.7,29.7,29.5,29.5,29.3,29.2,29.0,28.7,28.4,28.1,27.3,26.4,24.8,23.4,23.0,22.8,23.1,23.3,24.4,26.3,28.2,29.0,29.2,29.2,29.0,29.1,28.7,28.6,28.4,28.1,27.9,27.5,27.2,27.1,26.6,26.4,26.2,26.1,26.0,25.8,25.8,25.6,24.9,24.2,23.4,23.0,22.8,22.7,22.6,22.4,22.8,22.6,22.4,22.4,22.6,22.6,22.7,22.7,22.7,22.7,22.6,22.6,22.6,22.7,22.7,22.7,22.7,22.7,22.7,22.8,22.8,22.8,22.8,22.7,22.9,22.9,22.9,22.8,22.9,22.9,23.0,23.0,23.0,23.1,23.1,23.1,23.1,23.0,23.1,23.1,23.2,23.1,23.1,23.1,23.1,23.2,23.2,23.2,23.2,23.2,23.1,23.2,23.2,23.1,23.2,23.2,23.3
97,22.7,22.8,22.6,22.6,22.6,22.4,22.4,22.4,22.4,22.4,22.4,22.4,22.7,22.4,22.4,22.4,22.4,22.4,22.4,22.4,22.4,22.4,22.4,22.4,22.4,22.4,22.6,22.4,22.6,22.4,22.4,22.4,22.4,22.4,22.6,22.4,22.6,22.6,22.4,22.4,22.6,22.6,22.6,22.4,22.6,22.6,22.4,22.6,22.4,22.6,22.4,22.4,22.4,22.4,22.4,22.7,22.6,22.6,22.9,23.1,23.4,24.5,26.5,28.1,28.9,29.2,29.3,29.2,29.4,29.3,29.4,29.4,29.4,29.4,29.4,29.5,29.8,29.8,29.8,29.7,29.8,29.8,30.0,29.8,30.0,29.7,29.5,29.4,28.8,27.8,26.2,24.6,23.4,23.1,23.3,23.3,24.1,24.9,27.2,29.2,29.7,30.0,30.1,30.4,30.4,30.6,30.5,30.6,30.7,30.7,30.8,31.0,31.0,30.9,31.0,31.0,31.1,31.3,31.3,31.5,31.6,31.5,31.2,31.1,30.6,30.5,30.4,30.0,29.8,29.4,29.5,29.8,30.1,30.4,30.4,30.4,30.5,30.4,30.3,30.5,30.3,30.3,30.3,30.1,30.0,30.0,30.1,30.0,30.1,30.0,29.8,29.7,29.6,29.5,29.3,29.1,28.9,28.6,28.1,27.7,26.9,25.3,23.8,23.2,22.9,23.1,23.4,24.2,25.8,27.5,28.8,29.3,29.1,29.0,28.9,28.7,28.7,28.1,28.1,27.7,27.4,27.2,27.1,26.8,26.4,26.4,26.3,26.0,25.8,25.6,25.5,25.0,24.5,23.6,23.0,22.9,22.8,22.7,22.7,22.9,22.8,22.7,22.7,22.9,22.7,22.7,22.9,22.7,22.8,22.6,22.8,22.8,22.9,22.7,22.7,22.8,22.8,22.7,22.9,22.8,22.9,23.0,22.8,22.8,23.0,22.9,23.0,22.9,23.0,23.0,23.0,23.1,23.1,23.1,23.1,23.1,23.0,23.1,23.1,23.1,23.2,23.1,23.2,23.2,23.2,23.3,23.2,23.2,23.2,23.3,23.2,23.3,23.3,23.2,23.3,23.2
98,22.8,22.7,22.7,22.4,22.7,22.4,22.4,22.4,22.4,22.6,22.4,22.4,22.4,22.4,22.4,22.4,22.4,22.4,22.4,22.4,22.4,22.4,22.4,22.4,22.4,22.4,22.4,22.6,22.4,22.6,22.7,22.4,22.6,22.6,22.6,22.6,22.4,22.4,22.6,22.6,22.6,22.7,22.4,22.6,22.7,22.4,22.6,22.6,22.4,22.6,22.4,22.4,22.6,22.7,22.7,22.8,22.6,22.7,22.8,23.1,23.4,24.0,25.8,27.6,28.8,29.0,29.2,29.2,29.3,29.3,29.3,29.3,29.3,29.4,29.4,29.5,29.6,29.7,29.7,29.7,29.7,29.7,29.8,30.0,30.0,29.8,29.5,29.5,29.1,28.5,27.5,25.6,24.2,23.4,23.3,23.3,23.8,24.3,26.4,28.4,29.6,30.0,30.1,30.4,30.5,30.5,30.6,30.6,30.7,30.8,30.8,30.9,30.8,31.0,30.9,31.0,31.1,31.2,31.4,31.5,31.6,31.5,31.4,31.1,30.7,30.6,30.3,30.1,29.7,29.6,29.6,29.6,30.0,30.3,30.5,30.5,30.5,30.4,30.5,30.3,30.3,30.3,30.3,30.3,30.1,30.0,30.0,30.0,30.0,30.0,29.8,29.7,29.6,29.5,29.4,29.2,28.9,28.7,28.5,27.9,27.1,26.0,24.6,23.5,23.1,23.0,23.2,23.6,25.1,27.3,28.5,28.9,29.0,28.9,29.0,28.7,28.5,28.4,28.0,27.7,27.4,27.3,27.0,26.6,26.5,26.2,26.2,26.0,25.8,25.6,25.6,25.1,24.7,24.1,23.3,23.0,22.9,23.0,22.7,22.9,22.7,22.7,22.7,22.7,22.7,22.9,22.7,22.9,22.9,22.7,22.9,22.8,22.7,22.7,22.8,22.8,22.9,22.9,22.8,22.7,22.7,22.9,23.0,22.8,22.8,23.0,22.9,23.0,22.9,22.8,23.0,23.0,23.1,23.0,23.1,23.2,23.1,23.1,23.0,23.2,23.1,23.1,23.2,23.2,23.2,23.2,23.2,23.2,23.2,23.3,23.3,23.3,23.2,23.2,23.2,23.2
99,22.7,22.8,22.7,22.7,22.6,22.6,22.6,22.4,22.6,22.6,22.6,22.7,22.4,22.6,22.4,22.7,22.4,22.6,22.4,22.6,22.4,22.4,22.4,22.6,22.4,22.6,22.6,22.6,22.7,22.6,22.6,22.7,22.7,22.7,22.7,22.7,22.7,22.6,22.6,22.7,22.7,22.7,22.7,22.7,22.7,22.7,22.7,22.7,22.9,22.7,22.8,22.6,22.8,22.9,22.8,23.0,22.9,23.0,23.0,23.2,23.1,23.5,24.8,27.0,28.5,28.9,29.2,29.2,29.2,29.2,29.2,29.3,29.3,29.3,29.4,29.3,29.6,29.5,29.7,29.6,29.7,30.0,30.0,29.8,30.0,30.0,29.7,29.7,29.4,29.0,28.2,27.2,25.5,24.1,23.4,23.4,23.4,24.2,25.4,27.7,29.1,30.0,30.3,30.5,30.4,30.5,30.5,30.6,30.6,30.7,30.8,30.8,30.8,30.8,30.9,30.9,31.2,31.2,31.4,31.5,31.6,31.5,31.3,31.1,31.0,30.7,30.5,30.1,29.8,29.7,29.6,29.7,30.0,30.3,30.5,30.5,30.6,30.5,30.6,30.4,30.5,30.5,30.3,30.4,30.3,30.1,30.1,30.0,30.0,30.0,30.0,30.0,29.8,29.6,29.5,29.4,29.2,28.9,28.6,28.1,27.5,26.3,24.7,23.5,23.1,23.1,23.2,23.5,24.7,26.4,28.4,28.7,29.0,29.0,28.8,28.7,28.5,28.4,28.2,27.8,27.4,27.2,27.1,26.9,26.5,26.4,26.3,26.0,25.9,25.6,25.5,25.3,24.9,24.3,23.5,23.0,22.9,22.7,22.7,22.7,22.7,22.9,22.8,22.7,23.0,22.8,22.8,22.7,22.8,22.8,22.7,22.8,22.7,22.9,22.7,22.9,22.8,22.7,22.9,22.8,22.9,22.8,22.8,22.8,22.8,22.9,23.0,23.0,23.0,23.1,23.1,23.1,23.1,23.1,23.1,23.0,23.0,23.1,23.1,23.2,23.2,23.1,23.1,23.2,23.1,23.2,23.3,23.1,23.2,23.3,23.2,23.3,23.3,23.3,23.2,23.2
100,23.0,22.9,22.7,22.7,22.8,22.6,22.6,22.4,22.6,22.6,22.7,22.6,22.6,22.6,22.7,22.4,22.6,22.6,22.4,22.4,22.6,22.7,22.4,22.4,22.4,22.7,22.7,22.6,22.9,22.7,22.7,22.8,22.7,22.7,22.7,22.8,22.6,22.7,22.7,22.8,22.9,22.9,22.7,22.7,22.8,22.7,22.9,22.9,22.9,22.8,22.7,22.8,22.8,22.9,23.0,23.0,22.8,23.0,23.1,23.1,23.2,23.5,24.2,26.0,27.9,28.8,29.1,29.2,29.3,29.3,29.3,29.3,29.4,29.3,29.3,29.4,29.5,29.6,29.6,29.7,29.7,29.8,29.8,30.0,30.0,30.0,29.8,29.8,29.6,29.3,28.7,28.1,26.6,24.9,23.9,23.5,23.5,23.6,24.6,26.6,28.4,30.0,30.1,30.4,30.5,30.5,30.5,30.6,30.7,30.8,30.8,30.9,31.0,30.9,31.0,31.0,31.1,31.2,31.3,31.5,31.5,31.5,31.3,31.1,30.8,30.8,30.6,30.3,30.0,29.8,29.7,29.6,30.0,30.4,30.5,30.5,30.6,30.6,30.6,30.5,30.4,30.4,30.3,30.3,30.4,30.3,30.3,30.1,30.3,30.0,30.0,30.0,30.0,29.8,29.7,29.5,29.2,28.9,28.7,28.1,27.6,26.8,25.6,23.6,23.1,23.2,23.2,23.3,24.3,25.9,28.0,28.9,29.0,28.9,28.9,28.8,28.5,28.5,28.0,27.8,27.6,27.3,27.1,26.9,26.8,26.5,26.3,26.2,25.9,25.8,25.6,25.5,25.1,24.6,23.8,23.1,23.0,22.9,22.8,22.7,22.7,22.8,22.7,22.7,22.8,22.7,22.8,22.7,22.6,22.6,22.7,22.9,22.8,22.7,22.6,22.8,22.8,22.7,22.9,22.9,22.7,22.9,22.7,22.8,22.8,22.9,22.8,23.1,22.9,22.9,23.1,23.0,23.1,23.1,23.1,23.1,23.1,23.1,23.1,23.1,23.2,23.1,23.2,23.1,23.0,23.2,23.1,23.2,23.3,23.2,23.2,23.2,23.3,23.3,23.3,23.2
101,22.8,22.7,22.8,22.7,22.6,22.7,22.7,22.7,22.7,22.7,22.6,22.9,22.7,22.6,22.4,22.4,22.4,22.6,22.4,22.6,22.7,22.4,22.4,22.6,22.7,22.6,22.6,22.7,22.4,22.7,22.7,22.6,22.7,22.7,22.8,22.7,22.7,22.7,22.9,22.9,22.9,22.7,22.8,22.8,22.9,22.8,22.8,22.9,23.0,22.9,22.8,22.8,23.0,22.9,23.0,23.0,23.0,23.0,23.0,23.0,23.0,23.3,23.8,25.0,27.2,28.4,28.8,29.2,29.2,29.2,29.2,29.3,29.4,29.3,29.3,29.3,29.5,29.5,29.7,29.7,29.7,29.8,29.8,29.8,30.0,30.0,30.0,29.8,29.8,29.6,29.3,28.7,27.8,26.0,24.5,23.3,23.3,23.5,24.3,25.8,27.4,29.4,30.1,30.3,30.5,30.6,30.5,30.6,30.7,30.7,30.9,30.8,31.0,31.0,31.1,31.0,31.0,31.1,31.2,31.3,31.3,31.4,31.2,31.2,30.9,30.8,30.6,30.5,30.1,30.0,29.7,29.6,29.7,30.1,30.6,30.6,30.7,30.6,30.6,30.5,30.5,30.5,30.4,30.5,30.4,30.4,30.5,30.3,30.1,30.1,30.3,30.1,30.0,30.0,29.7,29.6,29.4,29.1,28.7,28.5,27.8,27.1,25.6,24.1,23.1,23.0,23.0,23.3,23.6,25.0,27.1,28.6,28.9,28.9,28.9,28.7,28.4,28.4,28.1,27.8,27.6,27.4,27.1,27.1,26.8,26.4,26.4,26.1,26.0,25.8,25.6,25.4,25.1,24.8,24.1,23.2,23.0,22.8,22.6,22.7,22.6,22.6,22.7,22.8,22.8,22.7,22.6,22.7,22.4,22.4,22.6,22.7,22.6,22.7,22.7,22.9,22.7,22.8,22.7,22.8,22.7,22.9,22.7,22.8,22.8,22.9,23.0,23.0,23.0,22.9,23.0,23.0,23.0,22.9,23.1,23.1,23.1,23.0,23.1,23.2,23.1,23.1,23.1,23.2,23.1,23.1,23.1,23.2,23.2,23.1,23.2,23.2,23.2,23.3,23.3,23.1
102,22.7,22.8,22.6,22.8,22.7,22.7,22.7,22.8,22.6,22.7,22.7,22.7,22.8,22.6,22.7,22.6,22.6,22.7,22.4,22.6,22.7,22.4,22.7,22.7,22.7,22.7,22.6,22.7,22.7,22.7,22.7,22.7,22.8,22.8,22.7,22.7,22.7,22.8,22.8,22.7,22.7,22.9,22.7,22.8,22.8,22.8,22.8,22.9,22.7,22.7,23.0,22.7,22.9,22.9,22.8,23.0,23.0,22.8,23.0,22.8,23.0,23.1,23.2,24.0,26.4,27.6,28.9,29.0,29.2,29.3,29.3,29.3,29.3,29.4,29.3,29.4,29.4,29.5,29.6,29.8,29.7,29.7,29.8,30.0,30.1,30.1,30.1,30.0,29.8,29.8,29.5,29.2,28.6,27.3,25.8,23.9,23.4,23.3,23.9,24.7,26.8,28.7,30.0,30.3,30.5,30.5,30.6,30.6,30.6,30.7,30.9,30.9,31.0,30.9,31.0,30.9,31.0,31.1,31.2,31.2,31.2,31.5,31.4,31.2,30.9,30.9,30.7,30.6,30.4,30.0,29.6,29.7,29.7,30.1,30.5,30.5,30.6,30.7,30.5,30.5,30.6,30.5,30.6,30.5,30.4,30.3,30.5,30.5,30.5,30.4,30.3,30.3,30.1,30.1,29.8,29.7,29.4,29.2,29.0,28.6,28.1,27.3,26.0,24.4,23.2,22.7,22.9,23.1,23.4,25.0,26.6,28.4,28.8,28.9,28.8,28.6,28.5,28.4,28.2,27.9,27.6,27.5,27.2,27.0,26.8,26.6,26.3,26.3,26.0,25.8,25.6,25.6,25.4,25.1,24.5,23.6,23.0,22.8,22.6,22.7,22.6,22.7,22.4,22.7,22.6,22.7,22.6,22.7,22.7,22.6,22.6,22.6,22.6,22.7,22.7,22.7,22.6,22.8,22.6,22.8,22.8,22.9,22.8,23.0,22.9,23.0,23.0,22.9,22.9,22.9,23.0,23.0,23.0,23.1,23.1,23.2,23.0,23.2,23.1,23.1,23.1,23.1,23.2,23.2,23.1,23.2,23.2,23.2,23.2,23.2,23.3,23.2,23.3,23.3,23.3,23.2
103,22.7,22.7,22.8,22.7,22.7,22.6,22.6,22.7,22.7,22.6,22.6,22.6,22.7,22.7,22.7,22.7,22.7,22.7,22.4,22.7,22.6,22.6,22.7,22.4,22.6,22.7,22.7,22.7,22.4,22.4,22.7,22.6,22.7,22.7,22.6,22.7,22.7,22.6,22.7,22.6,22.7,22.7,22.8,22.7,22.7,22.7,22.7,22.8,22.8,22.8,22.7,22.8,22.6,22.7,22.8,22.9,22.8,22.7,22.7,22.8,22.7,23.1,23.3,23.5,25.5,27.4,28.6,29.0,29.2,29.3,29.3,29.3,29.3,29.4,29.4,29.5,29.4,29.6,29.6,29.6,29.5,29.6,29.8,29.8,30.0,30.3,30.1,30.1,30.1,30.0,29.8,29.4,28.9,28.4,26.4,24.9,23.6,23.2,23.5,24.2,25.4,27.6,29.4,30.3,30.5,30.5,30.6,30.6,30.7,30.8,30.8,30.8,30.9,30.8,31.0,31.0,30.8,31.0,31.0,31.0,31.2,31.3,31.1,31.1,31.1,31.0,30.8,30.7,30.4,30.1,30.0,29.7,29.6,30.0,30.5,30.7,30.8,30.7,30.6,30.6,30.7,30.5,30.5,30.5,30.5,30.5,30.5,30.4,30.5,30.5,30.4,30.1,30.1,30.0,30.0,29.8,29.5,29.3,29.0,28.6,28.1,27.7,26.5,24.8,23.1,22.9,22.8,23.0,23.3,24.2,25.9,27.8,28.7,28.8,28.8,28.7,28.5,28.5,28.2,28.1,27.7,27.4,27.3,27.1,26.9,26.4,26.3,26.2,26.1,25.8,25.8,25.5,25.3,25.5,24.8,24.1,23.1,22.9,22.8,22.8,22.6,22.6,22.7,22.7,22.8,22.6,22.6,22.6,22.4,22.4,22.7,22.4,22.4,22.6,22.7,22.7,22.7,22.7,22.6,22.7,22.7,22.9,22.8,22.9,23.0,22.9,23.0,23.0,22.9,22.9,23.1,23.0,23.1,23.1,23.1,23.1,23.2,23.1,23.1,23.2,23.0,23.2,23.2,23.2,23.2,23.3,23.1,23.2,23.2,23.3,23.3,23.2,23.2,23.0,23.3,23.2
104,22.6,22.9,22.7,22.7,22.7,22.7,22.7,22.7,22.6,22.6,22.6,22.7,22.7,22.7,22.7,22.7,22.6,22.7,22.6,22.6,22.7,22.4,22.7,22.4,22.7,22.4,22.4,22.6,22.4,22.4,22.4,22.6,22.6,22.6,22.6,22.6,22.7,22.6,22.7,22.6,22.4,22.7,22.4,22.7,22.7,22.6,22.7,22.7,22.6,22.6,22.6,22.4,22.7,22.4,22.6,22.6,22.4,22.6,22.7,22.7,22.6,22.7,23.0,23.3,24.3,26.5,28.1,29.2,29.2,29.3,29.3,29.3,29.6,29.4,29.4,29.5,29.6,29.5,29.7,29.6,29.6,29.8,30.0,30.0,30.0,30.1,30.1,30.3,30.1,30.1,29.8,29.6,29.2,28.6,27.8,25.6,23.9,23.2,23.3,23.6,24.4,26.3,28.6,29.7,30.5,30.6,30.6,30.6,30.6,30.6,30.7,30.9,30.8,30.8,30.8,30.9,30.8,30.9,30.9,31.0,31.2,31.2,31.2,31.2,31.1,31.0,30.7,30.6,30.6,30.3,30.0,29.7,29.6,29.8,30.3,30.5,30.7,30.6,30.7,30.7,30.6,30.6,30.6,30.5,30.5,30.6,30.5,30.5,30.5,30.4,30.3,30.1,30.0,30.1,30.0,29.8,29.5,29.3,29.2,29.0,28.1,27.8,26.5,25.0,23.6,22.8,22.9,22.9,23.1,23.8,25.6,27.2,28.6,28.7,28.9,28.7,28.7,28.5,28.1,28.0,27.7,27.6,27.3,27.1,26.8,26.6,26.5,26.2,26.2,25.9,25.8,25.6,25.6,25.3,24.9,24.3,23.5,23.0,22.8,22.9,22.7,22.7,22.8,22.7,22.8,22.7,22.6,22.8,22.6,22.6,22.8,22.7,22.7,22.7,22.7,22.7,22.7,22.8,22.6,22.9,22.8,22.7,22.8,23.1,23.1,22.9,22.8,22.8,23.0,23.0,23.1,23.0,23.0,23.1,23.2,23.1,23.1,23.1,23.2,23.0,23.1,23.1,23.1,23.2,23.1,23.2,23.3,23.1,23.2,23.2,23.2,23.3,23.2,23.3,23.3,23.2
105,23.0,22.8,22.9,22.7,22.6,22.6,22.7,22.7,22.7,22.6,22.7,22.7,22.6,22.7,22.7,22.8,22.7,22.7,22.6,22.6,22.6,22.7,22.7,22.4,22.7,22.4,22.4,22.4,22.6,22.6,22.6,22.4,22.4,22.4,22.6,22.6,22.7,22.6,22.6,22.6,22.4,22.7,22.7,22.4,22.6,22.6,22.7,22.8,22.6,22.6,22.7,22.4,22.4,22.4,22.7,22.4,22.7,22.4,22.7,22.7,22.4,22.9,22.8,23.0,23.8,25.1,27.5,28.9,29.3,29.3,29.3,29.4,29.5,29.5,29.5,29.5,29.5,29.6,29.6,29.7,29.7,29.7,29.8,30.0,30.1,30.3,30.3,30.4,30.3,30.3,30.0,30.0,29.6,29.2,28.5,27.1,24.9,23.5,23.3,23.5,24.1,25.6,28.1,29.7,30.3,30.5,30.5,30.6,30.5,30.6,30.5,30.7,30.7,30.6,30.8,30.7,30.8,30.9,31.0,30.9,31.0,31.2,31.2,31.1,31.1,31.0,30.9,30.7,30.5,30.4,30.0,29.8,29.6,29.8,30.4,30.7,30.7,30.7,30.6,30.6,30.7,30.6,30.7,30.5,30.6,30.5,30.5,30.4,30.4,30.4,30.3,30.3,30.0,30.1,30.0,29.8,29.7,29.3,29.4,28.9,28.4,28.1,27.0,25.5,23.5,23.0,23.0,23.0,23.0,23.5,25.3,27.0,28.5,28.9,28.9,28.7,28.6,28.4,28.4,28.1,27.7,27.6,27.3,27.1,26.9,26.6,26.4,26.3,26.2,25.9,25.8,25.6,25.5,25.3,24.9,24.6,24.0,23.1,22.9,22.8,22.7,22.8,22.8,22.7,22.7,22.7,22.6,22.6,22.7,22.6,22.7,22.4,22.7,22.6,22.7,22.7,22.7,22.8,22.7,22.8,22.8,22.7,22.9,22.8,23.0,23.0,23.0,23.0,22.9,23.0,23.0,23.1,23.1,23.1,23.2,23.1,23.1,23.1,23.2,23.1,23.0,23.1,23.2,23.2,23.1,23.2,23.1,23.2,23.2,23.3,23.2,23.2,23.3,23.3,23.3,23.3
106,22.8,22.7,22.8,22.8,22.7,22.6,22.6,22.7,22.7,22.6,22.7,22.6,22.7,22.7,22.7,22.7,22.6,22.7,22.6,22.7,22.6,22.4,22.4,22.4,22.6,22.6,22.4,22.4,22.6,22.4,22.4,22.4,22.6,22.6,22.6,22.6,22.7,22.7,22.4,22.6,22.4,22.7,22.6,22.6,22.7,22.4,22.4,22.6,22.4,22.4,22.6,22.4,22.6,22.4,22.4,22.6,22.4,22.7,22.6,22.7,22.6,22.8,22.9,23.0,23.6,24.6,27.0,28.4,29.1,29.3,29.3,29.5,29.5,29.6,29.5,29.5,29.3,29.6,29.7,29.6,29.7,29.8,29.8,30.0,30.1,30.1,30.4,30.5,30.5,30.5,30.4,30.0,29.6,29.4,29.0,27.9,25.8,24.2,23.4,23.2,23.4,24.9,27.2,29.3,30.3,30.5,30.5,30.4,30.6,30.6,30.6,30.6,30.5,30.6,30.7,30.6,30.8,30.7,30.9,31.0,30.9,31.1,31.2,31.1,31.1,31.0,31.0,30.7,30.7,30.5,30.3,30.0,30.0,29.8,30.4,30.6,30.7,30.6,30.7,30.6,30.7,30.6,30.6,30.5,30.5,30.5,30.5,30.3,30.4,30.1,30.0,30.1,30.0,30.0,30.0,29.8,29.7,29.6,29.4,29.1,28.6,28.0,27.3,25.6,24.0,22.9,23.0,23.0,23.1,23.5,24.7,26.3,27.9,28.6,28.9,28.8,28.7,28.6,28.4,28.1,27.8,27.7,27.3,27.2,27.0,26.6,26.5,26.2,26.2,26.0,25.9,25.8,25.7,25.5,25.0,24.8,24.4,23.4,23.0,23.0,22.7,22.8,22.8,22.7,22.7,22.7,22.7,22.8,22.6,22.6,22.7,22.7,22.7,22.7,22.7,22.8,22.7,22.8,22.7,23.0,22.7,22.8,22.9,22.9,22.8,22.9,23.1,22.9,23.0,23.1,23.0,23.0,23.1,23.0,23.0,23.1,23.1,23.2,23.2,23.1,23.2,23.2,23.2,23.1,23.2,23.1,23.3,23.2,23.3,23.3,23.2,23.3,23.2,23.3,23.2,23.2
107,23.0,22.7,22.9,22.7,22.7,22.7,22.4,22.6,22.6,22.6,22.6,22.6,22.7,22.7,22.6,22.7,22.6,22.6,22.6,22.4,22.4,22.6,22.4,22.6,22.4,22.4,22.4,22.6,22.4,22.4,22.6,22.4,22.6,22.6,22.4,22.7,22.6,22.4,22.6,22.6,22.6,22.7,22.4,22.7,22.4,22.7,22.7,22.6,22.4,22.4,22.4,22.6,22.6,22.6,22.6,22.4,22.6,22.4,22.7,22.6,22.7,22.7,22.8,22.9,23.2,24.1,25.9,28.1,29.0,29.3,29.4,29.4,29.4,29.5,29.4,29.4,29.5,29.5,29.6,29.6,29.7,29.8,29.8,30.0,30.0,30.3,30.4,30.5,30.6,30.5,30.3,30.1,30.0,29.5,29.2,28.4,26.8,24.8,23.6,23.3,23.5,24.3,26.4,28.8,30.1,30.3,30.1,30.1,30.4,30.3,30.4,30.4,30.6,30.5,30.5,30.6,30.6,30.6,30.7,30.8,30.8,31.1,31.0,31.1,31.0,30.9,31.0,30.8,30.6,30.6,30.3,30.1,30.0,30.0,30.4,30.6,30.6,30.6,30.5,30.6,30.6,30.5,30.5,30.4,30.4,30.3,30.3,30.1,30.3,30.0,30.1,30.0,30.0,30.0,30.0,30.0,29.7,29.5,29.4,29.2,28.7,28.1,27.5,26.0,24.2,23.2,23.0,22.9,23.1,23.4,24.1,25.9,27.8,28.7,28.8,28.7,28.6,28.6,28.4,28.1,27.8,27.6,27.3,27.1,26.9,26.6,26.5,26.3,26.2,26.1,25.9,25.8,25.6,25.4,25.1,24.8,24.5,23.5,22.9,22.8,22.7,22.8,22.6,22.7,22.7,22.6,22.6,22.8,22.6,22.7,22.7,22.7,22.6,22.7,22.6,22.7,22.6,22.9,22.7,22.7,22.7,22.7,22.7,23.0,23.0,22.8,22.9,22.9,23.0,23.0,23.1,23.0,23.0,23.1,23.1,23.1,23.0,23.1,23.2,23.0,23.2,23.1,23.1,23.2,23.1,23.3,23.2,23.3,23.2,23.2,23.2,23.2,23.1,23.3,23.2,23.3
108,22.9,22.7,22.8,22.7,22.6,22.8,22.8,22.6,22.6,22.6,22.4,22.6,22.4,22.6,22.7,22.6,22.7,22.7,22.4,22.4,22.4,22.4,22.6,22.6,22.7,22.4,22.4,22.4,22.6,22.6,22.6,22.4,22.6,22.4,22.4,22.4,22.7,22.6,22.4,22.4,22.4,22.7,22.7,22.7,22.7,22.4,22.7,22.2,22.7,22.7,22.4,22.6,22.7,22.7,22.4,22.6,22.4,22.6,22.4,22.7,22.7,22.8,22.7,22.9,23.1,23.5,25.1,27.0,28.6,29.0,29.3,29.3,29.4,29.4,29.4,29.5,29.4,29.6,29.6,29.8,29.8,29.8,30.0,30.0,30.1,30.3,30.4,30.5,30.5,30.6,30.6,30.4,30.0,30.0,29.3,28.9,27.5,25.3,24.1,23.4,23.5,24.1,25.6,28.1,29.7,30.3,30.1,30.3,30.1,30.3,30.3,30.3,30.4,30.4,30.6,30.5,30.5,30.7,30.7,30.7,30.8,30.8,31.1,31.0,30.9,31.0,30.8,30.9,30.6,30.6,30.4,30.1,30.0,30.0,30.3,30.5,30.6,30.5,30.5,30.4,30.4,30.3,30.4,30.3,30.3,30.1,30.1,30.1,30.1,30.0,30.0,30.0,30.0,30.0,30.0,30.0,29.8,29.7,29.4,29.1,28.9,28.5,27.7,26.0,24.6,23.2,22.9,22.9,23.0,23.3,23.9,25.6,27.5,28.6,28.9,28.8,28.7,28.6,28.5,28.2,28.0,27.8,27.4,27.2,27.0,26.8,26.6,26.4,26.3,26.1,26.0,25.8,25.6,25.6,25.3,24.9,24.5,23.8,23.2,22.8,22.6,22.6,22.7,22.6,22.7,22.7,22.7,22.6,22.6,22.7,22.7,22.7,22.7,22.7,22.7,22.7,22.7,22.7,22.8,22.7,22.7,22.7,22.9,22.9,23.0,22.9,22.9,22.9,22.9,23.1,23.0,22.8,23.0,23.0,23.0,23.1,23.1,23.2,23.1,23.0,23.2,23.2,23.2,23.1,23.2,23.1,23.1,23.2,23.1,23.2,23.1,23.2,23.1,23.2,23.3,23.3
109,22.6,22.7,22.7,22.7,22.4,22.8,22.7,22.6,22.7,22.4,22.7,22.7,22.4,22.7,22.4,22.6,22.6,22.4,22.4,22.4,22.6,22.6,22.6,22.6,22.4,22.4,22.4,22.4,22.4,22.4,22.4,22.6,22.4,22.4,22.4,22.4,22.7,22.6,22.6,22.7,22.4,22.6,22.6,22.7,22.7,22.6,22.6,22.6,22.6,22.6,22.6,22.6,22.4,22.4,22.7,22.6,22.7,22.7,22.4,22.4,22.7,22.6,22.9,22.9,23.0,23.3,24.5,26.4,28.1,29.1,29.2,29.3,29.5,29.4,29.6,29.5,29.7,29.7,29.8,29.8,30.0,30.0,30.0,30.0,30.3,30.4,30.5,30.6,30.6,30.8,30.6,30.6,30.3,29.8,29.7,29.4,28.2,26.5,24.8,23.6,23.3,23.5,25.3,27.3,29.3,30.0,30.0,30.1,30.0,30.0,30.1,30.3,30.5,30.4,30.4,30.4,30.5,30.5,30.6,30.6,30.7,30.8,30.8,30.9,30.9,31.0,30.9,30.8,30.8,30.6,30.5,30.3,30.0,30.0,30.1,30.4,30.5,30.5,30.4,30.3,30.3,30.3,30.4,30.3,30.1,30.1,30.1,30.0,30.0,30.0,30.0,30.0,30.0,30.0,30.0,29.8,30.0,29.6,29.6,29.3,28.8,28.4,27.9,26.8,24.8,23.4,22.9,22.9,22.9,23.2,23.5,25.0,27.2,28.6,28.9,28.9,28.8,28.7,28.6,28.1,28.1,27.8,27.5,27.2,27.1,27.0,26.6,26.4,26.3,26.1,26.0,25.8,25.7,25.6,25.3,25.0,24.7,24.1,23.2,22.9,22.7,22.6,22.7,22.7,22.6,22.7,22.6,22.7,22.7,22.4,22.7,22.6,22.6,22.6,22.9,22.7,22.9,22.9,22.7,22.8,22.8,22.9,22.8,22.9,22.8,22.7,22.9,22.8,22.9,22.9,23.0,23.0,23.0,23.0,23.0,23.1,23.1,23.2,23.1,23.2,23.2,23.0,23.1,23.1,23.1,23.1,23.0,23.1,23.1,23.2,23.2,23.2,23.2,23.2,23.3,23.3
110,23.0,22.8,22.7,22.7,22.8,22.8,22.7,22.6,22.6,22.7,22.7,22.7,22.7,22.6,22.7,22.7,22.7,22.7,22.7,22.4,22.7,22.6,22.4,22.6,22.6,22.6,22.4,22.4,22.4,22.6,22.4,22.6,22.6,22.6,22.7,22.6,22.6,22.7,22.4,22.7,22.4,22.7,22.4,22.7,22.8,22.7,22.7,22.6,22.7,22.4,22.6,22.7,22.6,22.7,22.6,22.7,22.7,22.6,22.6,22.7,22.4,22.6,22.8,22.8,23.0,23.3,24.1,25.4,27.6,28.9,29.2,29.4,29.4,29.5,29.6,29.7,29.8,30.0,30.0,30.1,30.0,30.1,30.1,30.4,30.5,30.6,30.6,30.7,30.7,30.8,30.7,30.5,30.5,30.3,30.0,29.4,29.1,27.5,25.6,24.0,23.4,23.6,24.6,26.5,28.9,29.8,30.0,30.0,29.8,30.0,30.1,30.1,30.3,30.5,30.4,30.4,30.5,30.5,30.6,30.6,30.6,30.8,30.9,30.7,30.9,30.9,30.8,30.8,30.8,30.7,30.6,30.4,30.1,30.0,30.1,30.5,30.5,30.3,30.5,30.1,30.3,30.1,30.3,30.1,30.1,30.1,30.0,30.0,30.0,30.0,30.0,30.0,30.0,30.0,30.0,29.8,29.8,29.7,29.7,29.5,29.1,28.6,28.1,27.1,25.4,23.8,23.0,22.9,23.1,23.2,23.5,24.8,26.8,28.4,29.0,29.0,28.9,28.7,28.7,28.4,28.0,27.7,27.5,27.3,27.2,26.9,26.8,26.5,26.3,26.1,26.2,25.8,25.8,25.6,25.5,25.0,24.7,24.4,23.3,22.9,22.8,22.8,22.6,22.8,22.7,22.7,22.7,22.4,22.7,22.4,22.7,22.7,22.6,22.8,22.7,22.8,22.7,22.7,22.8,22.8,22.7,22.9,22.7,22.9,22.8,22.8,22.9,23.0,23.0,23.1,23.0,23.1,23.0,23.0,23.1,23.0,23.0,23.1,23.1,23.1,23.1,23.1,23.2,23.1,23.2,23.0,23.2,23.1,23.2,23.2,23.2,23.2,23.2,23.3,23.2,23.3
111,22.7,22.8,22.7,22.7,22.7,22.7,22.7,22.6,22.7,22.6,22.6,22.7,22.4,22.6,22.7,22.6,22.6,22.6,22.4,22.4,22.4,22.4,22.4,22.4,22.4,22.6,22.6,22.6,22.6,22.7,22.6,22.4,22.4,22.6,22.4,22.6,22.6,22.6,22.4,22.7,22.6,22.7,22.7,22.7,22.6,22.6,22.7,22.4,22.4,22.6,22.4,22.6,22.6,22.7,22.6,22.6,22.6,22.4,22.4,22.4,22.4,22.8,22.7,22.8,22.8,23.1,23.5,24.5,26.8,28.2,29.2,29.4,29.4,29.5,29.7,29.8,30.0,30.0,30.1,30.0,30.1,30.3,30.3,30.3,30.4,30.5,30.6,30.6,30.7,31.0,31.0,30.8,30.5,30.4,30.0,29.8,29.4,28.4,26.3,24.5,23.5,23.5,24.0,26.0,28.1,29.3,29.8,30.0,30.0,30.0,30.1,30.1,30.1,30.4,30.1,30.1,30.3,30.5,30.5,30.5,30.6,30.6,30.7,30.7,30.8,30.8,30.9,30.9,30.8,30.7,30.6,30.4,30.1,30.0,30.1,30.4,30.5,30.3,30.3,30.1,30.1,30.0,30.1,30.0,30.1,30.0,30.0,30.0,30.0,30.0,30.0,30.0,29.8,30.0,30.0,30.0,30.0,29.8,29.6,29.4,29.2,28.8,28.2,27.5,25.4,23.6,23.0,22.9,22.9,23.0,23.4,24.3,26.2,28.1,28.9,29.2,29.0,28.7,28.6,28.4,28.1,27.9,27.6,27.3,27.1,27.1,26.9,26.5,26.5,26.3,26.1,25.8,25.8,25.6,25.4,24.9,24.8,24.3,23.5,22.9,22.7,22.7,22.7,22.6,22.7,22.6,22.7,22.7,22.7,22.7,22.7,22.6,22.7,22.7,22.7,22.6,22.7,22.7,22.8,22.8,22.8,22.8,22.9,22.8,22.7,22.7,22.7,22.9,23.0,22.9,23.0,22.9,22.9,23.0,23.1,23.0,23.0,23.1,23.0,23.2,23.2,23.1,23.1,23.1,23.1,23.1,23.1,23.1,23.1,23.1,23.1,23.2,23.2,23.2,23.2,23.3
112,22.7,22.7,22.6,22.7,22.6,22.7,22.7,22.7,22.7,22.6,22.7,22.7,22.4,22.4,22.7,22.6,22.6,22.6,22.6,22.6,22.7,22.7,22.4,22.4,22.6,22.7,22.6,22.4,22.6,22.4,22.7,22.7,22.7,22.6,22.6,22.6,22.7,22.6,22.6,22.6,22.7,22.4,22.6,22.7,22.6,22.7,22.4,22.6,22.4,22.4,22.6,22.7,22.6,22.6,22.6,22.6,22.6,22.4,22.4,22.6,22.4,22.6,22.7,22.6,22.9,23.0,23.4,24.1,25.9,27.8,29.1,29.2,29.6,29.6,29.8,30.0,30.0,30.3,30.3,30.5,30.3,30.5,30.4,30.5,30.5,30.5,30.6,30.6,30.8,30.9,31.0,31.0,30.7,30.6,30.3,30.0,29.3,28.6,27.2,24.9,23.6,23.3,23.9,25.3,27.6,29.3,29.8,29.8,29.8,30.0,30.0,30.0,30.0,30.1,30.1,30.1,30.1,30.3,30.4,30.4,30.5,30.5,30.7,30.7,30.7,30.8,30.8,30.9,30.9,30.9,30.6,30.5,30.1,30.1,30.1,30.3,30.3,30.1,30.3,30.1,30.0,30.1,30.0,30.1,30.0,30.0,30.0,30.0,29.8,30.0,30.0,29.8,30.0,30.0,30.0,30.0,29.8,29.8,29.8,29.5,29.1,28.9,28.4,27.5,25.9,24.1,23.2,23.0,22.9,23.0,23.3,24.0,25.7,28.1,29.0,29.3,29.1,29.1,28.9,28.6,28.4,28.1,27.8,27.6,27.3,27.1,26.9,26.8,26.3,26.2,26.2,26.0,25.8,25.6,25.5,25.1,24.9,24.5,23.9,23.0,22.8,22.9,22.7,22.7,22.8,22.7,22.7,22.7,22.7,22.6,22.7,22.8,22.6,22.7,22.7,22.8,22.6,23.0,22.7,22.8,23.0,22.9,23.0,22.8,23.0,22.9,22.9,22.9,22.8,22.9,22.9,23.0,23.0,23.1,23.1,23.1,23.0,23.1,23.1,23.2,23.1,23.1,23.1,23.2,23.1,23.2,23.2,23.1,23.2,23.3,23.2,23.3,23.2,23.2,23.3,23.2
113,22.7,22.7,22.6,22.7,22.4,22.7,22.6,22.7,22.6,22.6,22.6,22.6,22.7,22.7,22.6,22.6,22.6,22.6,22.4,22.6,22.6,22.4,22.6,22.4,22.4,22.4,22.4,22.7,22.7,22.4,22.6,22.4,22.6,22.4,22.6,22.6,22.4,22.7,22.4,22.6,22.6,22.4,22.6,22.4,22.7,22.6,22.6,22.4,22.6,22.6,22.4,22.4,22.4,22.4,22.6,22.4,22.4,22.6,22.4,22.4,22.6,22.8,22.6,22.7,22.7,22.7,23.1,23.3,24.8,27.1,28.7,29.3,29.5,29.7,29.8,30.0,30.3,30.4,30.5,30.5,30.4,30.5,30.3,30.4,30.4,30.5,30.6,30.6,30.8,30.9,31.0,31.2,30.9,30.6,30.4,30.0,29.6,29.0,28.1,26.2,24.4,23.5,23.5,24.7,27.1,28.8,29.6,29.7,29.7,29.7,30.0,29.8,30.0,30.0,30.1,30.1,30.1,30.1,30.5,30.4,30.4,30.6,30.6,30.6,30.7,30.8,30.8,30.8,30.8,30.8,30.7,30.4,30.3,30.1,30.3,30.1,30.3,30.1,30.0,30.0,30.0,30.0,30.0,30.0,30.0,30.0,30.0,29.8,30.0,29.8,29.8,30.0,30.0,29.8,30.0,29.8,30.0,29.8,29.8,29.6,29.4,29.0,28.6,27.7,26.3,24.4,23.4,22.8,22.8,22.9,23.1,23.6,25.6,28.1,29.2,29.4,29.3,29.2,28.9,28.9,28.4,28.2,28.0,27.7,27.4,27.2,27.1,26.9,26.5,26.3,26.2,25.8,25.8,25.8,25.5,25.0,24.9,24.6,23.9,23.2,22.7,22.7,22.6,22.7,22.7,22.7,22.7,22.7,22.6,22.7,22.6,22.6,22.7,22.7,22.7,22.7,22.7,22.8,22.8,22.7,22.8,22.8,22.7,22.8,22.9,22.9,22.8,23.0,22.9,23.0,23.1,22.9,23.0,22.9,23.1,22.9,23.0,23.1,23.1,23.1,23.1,23.0,23.1,23.2,23.2,23.1,23.1,23.2,23.1,23.2,23.3,23.3,23.3,23.3,23.2,23.1
114,22.7,22.7,22.7,22.6,22.6,22.7,22.7,22.7,22.6,22.6,22.4,22.6,22.6,22.4,22.6,22.6,22.4,22.6,22.4,22.4,22.6,22.4,22.6,22.7,22.4,22.6,22.7,22.4,22.4,22.4,22.4,22.4,22.4,22.4,22.4,22.4,22.4,22.4,22.4,22.4,22.6,22.6,22.6,22.6,22.7,22.7,22.6,22.4,22.6,22.4,22.4,22.6,22.4,22.6,22.6,22.4,22.4,22.6,22.7,22.4,22.4,22.4,22.7,22.6,22.8,22.7,23.1,23.3,24.4,26.3,28.2,29.1,29.3,29.7,29.8,30.0,30.3,30.5,30.5,30.5,30.4,30.3,30.3,30.4,30.3,30.6,30.5,30.6,30.8,31.0,31.1,31.1,31.0,30.7,30.4,30.3,29.7,29.3,28.6,27.2,25.0,24.0,23.9,24.3,25.9,28.4,29.4,29.6,29.7,29.7,29.8,29.8,29.8,29.8,30.1,30.0,30.1,30.1,30.1,30.3,30.4,30.5,30.6,30.6,30.7,30.6,30.7,30.8,30.9,30.9,30.7,30.5,30.3,30.1,30.0,30.1,30.3,30.1,30.0,29.8,30.0,30.0,29.8,29.8,29.8,29.8,29.8,29.8,30.0,30.0,29.8,29.8,30.0,29.8,30.0,30.0,29.8,29.8,29.7,29.7,29.4,29.1,28.6,27.9,26.4,24.5,23.5,22.9,22.7,22.8,23.2,23.5,25.6,28.1,29.2,29.5,29.4,29.4,29.2,29.0,28.7,28.5,28.1,27.9,27.5,27.3,27.1,26.9,26.8,26.4,26.3,26.1,25.9,25.6,25.5,25.1,25.0,24.6,23.6,23.1,22.8,22.7,22.6,22.7,22.7,22.7,22.7,22.4,22.7,22.6,22.7,22.6,22.7,22.4,22.7,22.9,22.7,22.9,22.8,22.9,22.8,22.9,22.8,22.9,22.9,22.9,23.0,22.9,23.1,23.0,23.0,23.1,23.0,23.2,23.0,23.1,23.1,23.2,23.0,23.2,23.2,23.2,23.2,23.2,23.1,23.2,23.1,23.2,23.2,23.3,23.1,23.2,23.3,23.2,23.2,23.2
115,22.6,22.7,22.7,22.7,22.7,22.7,22.7,22.7,22.7,22.6,22.7,22.6,22.6,22.7,22.6,22.4,22.4,22.6,22.7,22.6,22.6,22.6,22.4,22.4,22.4,22.4,22.4,22.4,22.4,22.4,22.4,22.4,22.4,22.7,22.6,22.4,22.4,22.4,22.4,22.7,22.7,22.7,22.4,22.7,22.6,22.4,22.6,22.4,22.7,22.6,22.4,22.4,22.4,22.6,22.4,22.4,22.4,22.4,22.4,22.7,22.7,22.4,22.4,22.6,22.6,22.9,23.0,23.2,23.8,24.9,27.9,28.7,29.5,29.8,30.0,30.1,30.3,30.5,30.5,30.5,30.5,30.3,30.3,30.3,30.4,30.6,30.6,30.7,30.9,31.0,31.2,31.2,31.0,30.8,30.5,30.4,30.0,29.4,29.2,27.9,25.9,24.4,23.5,24.3,25.5,27.7,29.1,29.6,29.6,29.7,29.7,29.8,29.8,29.8,30.0,30.0,30.0,30.0,30.1,30.1,30.3,30.5,30.5,30.6,30.6,30.7,30.8,30.8,30.9,30.8,30.8,30.7,30.5,30.1,30.0,30.0,30.1,30.1,30.0,30.0,29.8,29.8,30.0,29.7,29.7,30.0,29.8,29.8,29.8,29.7,29.8,30.0,29.8,30.0,29.8,30.0,30.0,30.0,29.8,29.7,29.5,29.2,28.7,28.2,26.8,24.8,23.4,23.0,22.7,23.0,23.2,23.8,25.5,28.0,29.3,29.6,29.5,29.4,29.3,29.1,28.8,28.6,28.5,28.2,27.9,27.5,27.2,27.1,26.8,26.6,26.4,26.2,26.0,25.8,25.5,25.1,24.9,24.7,24.0,23.0,22.7,22.7,22.7,22.8,22.8,22.7,22.7,22.8,22.7,22.7,22.7,22.7,22.7,22.7,22.7,22.7,22.7,22.9,22.9,22.8,22.8,22.8,22.8,22.9,22.8,23.0,23.0,23.1,22.7,23.0,23.1,23.1,23.1,23.1,23.1,23.1,23.1,23.3,23.2,23.1,23.1,23.2,23.2,23.3,23.3,23.2,23.2,23.2,23.2,23.3,23.3,23.2,23.3,23.3,23.3,23.3
116,22.7,22.7,22.7,22.6,22.8,22.7,22.7,22.6,22.6,22.6,22.7,22.4,22.7,22.6,22.6,22.4,22.4,22.4,22.6,22.6,22.4,22.4,22.4,22.4,22.4,22.6,22.4,22.4,22.6,22.4,22.4,22.4,22.4,22.4,22.4,22.4,22.4,22.6,22.4,22.4,22.4,22.4,22.6,22.4,22.6,22.6,22.7,22.4,22.4,22.4,22.6,22.4,22.4,22.4,22.4,22.6,22.4,22.4,22.4,22.4,22.4,22.4,22.4,22.6,22.6,22.8,22.8,23.0,23.2,24.4,26.6,28.5,29.3,29.6,30.0,30.0,30.3,30.5,30.5,30.3,30.3,30.3,30.4,30.3,30.4,30.6,30.6,30.7,30.8,31.0,31.1,31.0,30.9,30.7,30.5,30.1,30.0,29.7,29.2,28.5,26.5,24.8,23.6,23.5,24.8,27.1,28.8,29.4,29.5,29.6,29.6,29.7,29.7,29.8,30.0,30.0,30.0,30.0,30.1,30.3,30.3,30.3,30.6,30.6,30.6,30.6,30.7,30.7,30.8,30.8,30.7,30.6,30.5,30.4,30.1,30.1,30.1,30.0,30.0,29.8,29.8,29.7,29.7,29.6,29.8,29.6,29.8,29.8,29.8,29.7,29.7,29.8,29.8,30.0,29.8,30.0,29.8,29.8,29.8,29.8,29.3,29.2,28.8,28.5,27.3,25.3,23.6,23.0,22.9,23.0,23.3,23.5,25.3,27.7,29.3,29.5,29.5,29.4,29.4,29.3,29.0,28.7,28.5,28.4,27.9,27.6,27.4,27.1,27.0,26.8,26.6,26.3,26.1,25.8,25.6,25.4,25.0,24.7,24.0,23.2,22.9,22.8,22.8,22.6,22.7,22.7,22.7,22.6,22.6,22.7,22.7,22.8,22.7,22.7,22.8,22.8,22.6,23.0,22.8,22.8,22.8,22.9,22.9,22.9,23.0,23.0,23.0,22.9,23.0,23.0,23.2,23.1,23.2,23.3,23.2,23.1,23.1,23.3,23.2,23.2,23.2,23.1,23.2,23.2,23.2,23.2,23.3,23.2,23.3,23.3,23.3,23.3,23.3,23.2,23.4,23.3
117,22.6,22.7,22.7,22.7,22.7,22.7,22.7,22.7,22.7,22.6,22.7,22.7,22.7,22.7,22.6,22.6,22.6,22.6,22.4,22.4,22.6,22.4,22.4,22.4,22.4,22.6,22.4,22.4,22.4,22.4,22.4,22.4,22.6,22.6,22.4,22.4,22.6,22.4,22.4,22.4,22.4,22.7,22.4,22.4,22.4,22.4,22.6,22.4,22.7,22.4,22.6,22.6,22.4,22.6,22.4,22.4,22.4,22.4,22.7,22.4,22.4,22.4,22.6,22.7,22.4,22.7,22.7,22.7,23.2,23.9,25.8,28.0,29.3,29.6,29.8,30.1,30.3,30.3,30.5,30.3,30.4,30.4,30.5,30.5,30.4,30.6,30.6,30.7,30.8,30.9,30.9,31.0,30.9,30.7,30.6,30.3,30.0,29.8,29.3,28.7,27.5,25.8,23.8,23.9,24.4,26.4,28.5,29.3,29.5,29.6,29.7,29.7,29.7,29.7,29.7,29.8,29.8,30.0,30.1,30.1,30.1,30.3,30.5,30.5,30.6,30.6,30.6,30.9,30.8,30.8,30.8,30.7,30.6,30.5,30.3,30.1,30.1,30.0,30.0,29.7,29.7,29.7,29.8,29.7,29.6,29.7,29.7,29.7,29.8,29.6,29.7,29.7,29.7,29.8,30.0,30.0,29.8,29.8,29.8,29.7,29.5,29.3,28.9,28.5,27.6,25.8,24.0,23.0,22.9,23.1,23.2,23.6,25.4,27.7,29.4,29.5,29.4,29.4,29.4,29.1,29.1,28.8,28.5,28.5,28.1,27.8,27.6,27.4,27.2,27.1,26.8,26.4,26.3,25.9,25.8,25.4,25.1,24.6,24.1,23.3,22.9,22.9,22.8,22.7,22.8,22.8,22.8,22.8,22.6,22.7,22.9,22.7,22.7,22.8,22.9,22.9,23.0,22.8,22.9,22.9,23.0,22.8,22.9,22.9,23.0,23.1,23.1,23.1,23.0,23.1,23.1,23.2,23.1,23.2,23.1,23.3,23.2,23.3,23.3,23.3,23.3,23.3,23.2,23.3,23.2,23.2,23.2,23.2,23.3,23.3,23.3,23.3,23.3,23.3,23.4,23.3
118,22.6,22.8,22.8,22.7,22.9,22.8,22.6,22.8,22.7,22.7,22.7,22.7,22.6,22.6,22.7,22.6,22.4,22.4,22.6,22.6,22.6,22.6,22.4,22.4,22.6,22.4,22.6,22.6,22.4,22.4,22.4,22.4,22.4,22.7,22.4,22.4,22.4,22.6,22.4,22.4,22.6,22.4,22.4,22.6,22.4,22.6,22.6,22.4,22.6,22.4,22.6,22.6,22.6,22.4,22.4,22.6,22.4,22.4,22.6,22.7,22.6,22.6,22.6,22.6,22.7,22.7,22.8,22.7,23.0,23.2,24.6,27.2,28.9,29.4,29.7,30.0,30.3,30.5,30.4,30.5,30.3,30.4,30.5,30.5,30.5,30.6,30.6,30.6,30.7,30.8,30.7,30.8,30.7,30.7,30.5,30.3,30.1,29.8,29.6,29.0,28.2,26.5,24.5,23.6,24.2,25.6,27.6,29.2,29.4,29.5,29.6,29.6,29.7,29.6,29.7,29.7,29.8,29.8,30.0,30.0,30.0,30.4,30.5,30.4,30.5,30.6,30.6,30.7,30.8,30.8,30.8,30.7,30.6,30.5,30.3,30.3,30.1,30.0,29.8,29.7,29.6,29.7,29.6,29.6,29.6,29.6,29.7,29.6,29.7,29.7,29.7,29.8,30.0,30.0,29.8,30.0,29.8,29.8,30.0,29.8,29.5,29.3,29.0,28.5,27.7,26.3,24.1,23.2,23.1,23.1,23.2,23.9,25.3,27.3,29.2,29.5,29.4,29.5,29.3,29.2,29.0,28.9,28.7,28.5,28.1,27.7,27.6,27.4,27.2,27.2,26.9,26.5,26.3,26.1,25.8,25.5,25.3,24.9,24.2,23.3,22.9,22.9,22.9,22.8,22.9,22.8,22.7,23.0,22.9,22.7,22.7,22.7,22.8,22.7,22.9,22.9,22.9,23.0,22.8,22.7,22.9,23.0,23.0,23.0,23.0,22.9,23.0,23.0,22.9,23.1,23.1,23.1,23.2,23.1,23.0,23.2,23.1,23.3,23.2,23.3,23.3,23.2,23.3,23.2,23.2,23.3,23.2,23.2,23.3,23.3,23.3,23.3,23.3,23.4,23.3,23.5
119,22.7,22.8,22.8,22.8,22.8,22.8,22.8,22.7,22.7,22.7,22.6,22.7,22.7,22.6,22.6,22.7,22.7,22.6,22.7,22.7,22.7,22.6,22.6,22.4,22.6,22.6,22.7,22.6,22.4,22.6,22.6,22.4,22.4,22.7,22.7,22.6,22.6,22.7,22.6,22.7,22.6,22.7,22.6,22.4,22.7,22.6,22.7,22.6,22.6,22.4,22.7,22.6,22.7,22.6,22.4,22.6,22.7,22.4,22.6,22.4,22.4,22.4,22.4,22.6,22.7,22.7,22.8,22.8,22.9,23.2,23.6,25.6,28.0,29.2,29.7,30.0,30.3,30.4,30.4,30.5,30.5,30.5,30.5,30.5,30.5,30.5,30.6,30.6,30.6,30.6,30.7,30.7,30.6,30.7,30.5,30.5,30.1,30.1,29.7,29.3,28.8,27.5,25.1,24.1,24.1,24.8,27.1,28.6,29.4,29.6,29.6,29.6,29.6,29.7,29.7,29.8,29.7,29.7,30.0,30.0,30.1,30.1,30.3,30.5,30.4,30.5,30.6,30.7,30.8,30.8,30.8,30.8,30.7,30.5,30.4,30.1,30.1,30.0,29.8,29.7,29.7,29.6,29.6,29.6,29.6,29.6,29.7,29.6,29.7,29.7,29.8,29.7,29.7,29.8,30.0,30.0,30.0,30.0,29.8,29.7,29.6,29.3,29.1,28.6,28.0,26.3,24.2,23.2,23.1,23.1,23.3,23.8,25.0,27.3,28.9,29.4,29.3,29.3,29.2,29.0,28.8,28.8,28.7,28.5,28.2,27.9,27.7,27.5,27.3,27.2,27.0,26.6,26.4,26.2,25.8,25.5,25.1,24.8,24.3,23.2,22.9,22.8,22.8,22.8,22.9,22.8,22.8,22.7,22.8,22.7,22.9,22.8,22.9,22.7,23.0,23.0,22.8,22.8,22.8,23.0,23.0,22.9,23.0,22.9,23.0,23.1,23.1,23.0,23.0,23.1,23.0,23.1,23.1,23.1,23.1,23.3,23.1,23.1,23.1,23.2,23.3,23.3,23.3,23.1,23.3,23.2,23.3,23.1,23.2,23.1,23.3,23.3,23.2,23.2,23.3,23.1
120,22.9,22.9,22.9,22.9,22.8,22.8,22.8,22.8,22.7,22.7,22.7,22.8,22.7,22.4,22.7,22.6,22.7,22.6,22.7,22.7,22.6,22.6,22.6,22.7,22.6,22.4,22.6,22.7,22.6,22.4,22.4,22.6,22.7,22.7,22.4,22.7,22.7,22.6,22.6,22.7,22.6,22.6,22.6,22.7,22.7,22.7,22.6,22.8,22.4,22.7,22.7,22.7,22.6,22.7,22.4,22.7,22.4,22.8,22.7,22.7,22.7,22.7,22.7,22.7,22.8,22.7,22.9,22.8,23.0,23.2,23.4,24.4,26.6,28.6,29.4,29.8,30.1,30.3,30.5,30.5,30.4,30.5,30.5,30.5,30.6,30.5,30.7,30.5,30.6,30.5,30.6,30.5,30.5,30.5,30.6,30.4,30.3,30.1,30.0,29.5,29.2,28.2,26.0,24.5,24.0,24.4,26.2,28.4,29.3,29.6,29.5,29.5,29.6,29.6,29.7,29.6,29.7,30.0,30.0,30.0,30.1,30.1,30.3,30.5,30.4,30.6,30.5,30.6,30.7,30.8,30.8,30.8,30.7,30.7,30.4,30.3,30.1,29.8,29.8,29.7,29.6,29.7,29.6,29.6,29.6,29.6,29.6,29.6,29.5,29.7,29.7,29.8,29.8,29.8,30.0,30.0,29.8,30.0,29.7,29.8,29.5,29.3,29.2,28.7,28.1,26.8,24.3,23.5,23.1,23.1,23.3,23.6,24.7,27.2,29.0,29.3,29.2,29.0,29.2,28.8,28.7,28.8,28.6,28.5,28.2,28.0,27.7,27.4,27.3,27.0,26.8,26.5,26.4,26.1,25.9,25.4,25.4,24.8,24.1,23.1,23.0,23.0,22.8,22.8,22.8,22.9,22.7,22.9,22.8,22.9,22.6,22.8,22.8,22.8,22.8,23.0,22.8,22.8,22.9,22.9,22.9,23.0,23.0,22.8,22.9,23.0,23.0,23.1,23.0,23.1,23.1,23.2,23.2,23.1,23.3,23.2,23.1,23.1,23.2,23.2,23.3,23.3,23.2,23.3,23.2,23.2,23.2,23.2,23.2,23.2,23.3,23.3,23.3,23.3,23.2,23.2
121,23.0,22.8,22.8,22.8,22.8,22.8,22.8,22.9,22.7,22.8,22.8,22.8,22.6,22.7,22.7,22.7,22.7,22.8,22.7,22.9,22.6,22.7,22.6,22.7,22.6,22.6,22.6,22.6,22.7,22.4,22.7,22.6,22.7,22.6,22.6,22.7,22.7,22.8,22.7,22.8,22.7,22.7,22.7,22.6,23.0,22.7,22.8,22.8,22.7,22.7,22.7,22.6,22.7,22.8,22.6,22.8,22.7,22.8,22.7,22.8,22.8,22.7,22.9,22.7,23.0,22.8,22.9,23.0,23.0,23.1,23.4,24.3,26.2,28.1,29.3,29.8,30.0,30.1,30.3,30.4,30.4,30.6,30.4,30.5,30.5,30.5,30.5,30.5,30.5,30.5,30.5,30.5,30.6,30.6,30.5,30.5,30.3,30.1,30.0,29.6,29.0,28.4,27.1,25.1,24.0,24.3,25.7,27.6,29.1,29.4,29.4,29.6,29.7,29.6,29.7,29.7,29.8,29.8,30.0,30.0,30.0,30.3,30.4,30.4,30.5,30.5,30.6,30.6,30.8,30.7,30.8,30.8,30.7,30.7,30.5,30.3,30.3,30.1,30.0,29.8,29.7,29.6,29.6,29.7,29.7,29.6,29.6,29.5,29.7,29.7,29.8,29.8,29.8,29.7,29.8,30.0,30.0,30.0,29.8,29.7,29.6,29.3,29.2,28.8,28.4,27.0,24.9,23.4,23.1,23.1,23.2,23.6,24.8,27.0,28.8,29.1,29.0,28.9,28.8,28.7,28.5,28.6,28.4,28.2,28.1,27.9,27.9,27.3,27.2,26.9,26.6,26.5,26.3,26.1,25.8,25.5,25.3,24.8,23.9,23.2,22.9,22.9,22.8,22.9,23.0,23.0,22.8,22.8,22.8,22.7,22.8,22.9,22.8,22.8,22.7,22.9,22.7,23.0,22.9,22.9,22.8,23.1,23.0,23.0,22.8,23.0,23.0,23.0,23.1,23.0,23.3,23.1,23.1,23.2,23.1,23.1,23.2,23.2,23.2,23.2,23.3,23.2,23.3,23.2,23.3,23.2,23.2,23.3,23.2,23.2,23.2,23.3,23.3,23.2,23.3,23.3
122,22.9,23.0,22.9,22.9,22.8,22.8,22.8,22.8,22.8,22.7,22.8,22.7,22.7,22.7,22.4,22.7,22.6,22.7,22.7,22.9,22.4,22.8,22.6,22.7,22.6,22.6,22.7,22.7,22.6,22.7,22.7,22.6,22.6,22.7,22.6,22.8,22.6,22.7,22.8,22.9,22.9,22.8,22.8,23.0,22.9,23.0,22.9,22.8,22.6,22.7,22.7,22.6,22.8,22.9,22.7,22.8,22.8,22.6,22.7,22.7,22.8,23.0,22.8,22.8,22.9,23.0,22.9,23.0,23.0,23.0,23.2,23.6,25.3,27.2,28.9,29.7,30.0,30.1,30.0,30.3,30.3,30.4,30.3,30.3,30.5,30.3,30.4,30.4,30.3,30.5,30.6,30.5,30.5,30.5,30.5,30.4,30.1,30.0,30.0,29.7,29.3,28.9,27.6,26.0,24.3,24.0,25.1,26.9,28.5,29.4,29.5,29.6,29.7,29.7,29.8,29.7,29.8,29.8,30.0,30.0,30.0,30.1,30.3,30.4,30.4,30.5,30.5,30.7,30.6,30.7,30.9,30.8,30.8,30.8,30.7,30.5,30.4,30.3,30.0,29.7,29.7,29.7,29.7,29.6,29.7,29.6,29.6,29.6,29.6,29.7,29.7,29.8,29.8,30.0,30.0,30.0,29.8,30.0,30.0,29.8,29.6,29.5,29.3,29.0,28.7,27.1,25.6,24.1,23.1,23.1,23.3,23.6,25.3,27.1,28.8,29.0,29.0,28.9,28.7,28.6,28.5,28.5,28.1,28.1,28.1,28.1,27.8,27.3,27.2,27.1,26.8,26.5,26.3,26.0,25.8,25.6,25.3,24.7,24.1,23.3,23.0,22.9,22.8,22.8,22.9,22.8,22.9,22.8,23.0,22.8,22.9,22.8,22.7,22.7,22.7,22.9,23.0,22.8,22.9,22.9,22.9,22.8,22.9,23.0,22.9,23.0,23.0,22.9,23.0,23.1,23.1,23.2,23.1,23.1,23.2,23.2,23.1,23.2,23.1,23.2,23.1,23.2,23.2,23.3,23.2,23.2,23.1,23.2,23.2,23.3,23.3,23.3,23.2,23.3,23.4,23.3
123,22.9,22.8,22.9,23.0,23.0,22.8,22.8,22.8,22.7,22.6,22.7,22.7,22.7,22.7,22.8,22.7,22.7,22.7,22.7,22.7,22.7,22.7,22.7,22.7,22.7,22.7,22.6,22.7,22.6,22.6,22.7,22.4,22.6,22.7,22.7,22.7,22.8,22.8,22.7,22.8,22.7,22.7,23.0,22.8,23.0,22.8,22.9,22.9,22.8,22.7,22.7,22.7,22.9,22.7,22.9,22.9,22.8,22.7,22.8,22.8,22.7,23.0,23.0,22.8,23.0,23.0,22.8,23.0,23.0,23.1,23.1,23.6,24.5,26.8,28.5,29.3,29.7,29.8,30.0,30.1,30.1,30.1,30.3,30.1,30.3,30.3,30.1,30.3,30.4,30.5,30.4,30.5,30.6,30.5,30.5,30.3,30.1,30.0,29.8,29.8,29.5,28.9,28.2,26.6,24.6,24.1,24.5,25.8,28.2,29.3,29.5,29.6,29.6,29.7,29.8,29.8,29.8,30.0,30.0,30.1,30.3,30.4,30.4,30.4,30.5,30.5,30.6,30.6,30.7,30.7,30.8,31.0,30.8,30.8,30.7,30.5,30.6,30.3,30.1,30.0,29.7,29.7,29.7,29.7,29.7,29.7,29.6,29.6,29.7,29.7,29.7,29.8,29.8,29.8,30.0,30.0,30.0,30.0,30.0,29.8,29.7,29.5,29.4,29.1,28.9,27.8,25.8,24.2,23.2,23.1,23.3,23.6,24.8,27.3,28.9,28.8,28.7,28.7,28.6,28.5,28.4,28.2,28.1,28.1,27.9,27.9,27.7,27.3,27.2,27.0,26.9,26.4,26.3,26.1,25.8,25.6,25.1,24.9,24.3,23.3,22.8,22.9,23.0,22.8,22.8,22.9,22.8,22.8,22.8,22.9,22.9,22.7,22.8,22.6,22.7,22.7,22.7,22.8,22.8,22.9,22.9,22.8,22.9,22.8,23.0,23.0,23.0,23.0,22.9,23.1,23.1,23.2,23.2,23.2,23.2,23.2,23.2,23.2,23.2,23.2,23.1,23.2,23.2,23.2,23.2,23.2,23.2,23.3,23.3,23.3,23.3,23.3,23.3,23.3,23.3,23.3
124,22.7,22.8,22.9,22.9,22.9,22.8,22.8,22.7,22.8,22.7,22.4,22.7,22.7,22.7,22.8,22.7,22.7,22.7,22.6,22.7,22.7,22.8,22.7,22.6,22.7,22.6,22.6,22.6,22.6,22.6,22.6,22.6,22.7,22.7,22.6,22.7,22.6,22.6,22.7,22.7,22.7,22.7,22.7,22.8,22.8,23.0,22.9,22.7,22.7,22.8,22.7,22.9,22.7,22.7,22.8,22.8,22.8,22.7,22.9,22.8,23.0,22.9,22.8,23.0,23.0,23.0,22.9,23.0,23.0,23.0,23.1,23.3,24.2,25.8,27.9,29.3,29.6,29.7,30.0,30.0,30.0,30.1,30.1,30.0,30.1,30.1,30.1,30.1,30.3,30.4,30.4,30.5,30.5,30.3,30.3,30.3,30.3,30.1,30.0,29.8,29.5,29.2,28.7,27.2,25.0,24.2,24.4,25.1,27.1,28.8,29.6,29.7,29.7,29.8,29.8,29.7,30.0,30.0,30.1,30.3,30.3,30.3,30.5,30.5,30.4,30.6,30.6,30.7,30.7,30.8,30.9,31.0,31.0,31.0,30.8,30.6,30.6,30.4,30.1,30.0,29.7,29.7,29.7,29.6,29.7,29.6,29.7,29.7,29.7,29.8,29.8,30.0,30.0,29.8,29.8,30.0,29.8,30.0,29.8,30.0,29.7,29.6,29.5,28.9,28.9,28.1,26.2,24.4,23.2,23.1,23.1,23.6,25.4,27.1,28.7,28.8,28.6,28.6,28.5,28.5,28.4,28.2,28.1,28.1,27.9,27.8,27.5,27.3,27.2,27.0,26.8,26.5,26.2,26.0,26.0,25.7,25.3,24.9,24.0,23.3,22.8,22.8,22.8,22.7,22.8,22.8,23.0,22.9,22.8,22.8,22.8,22.8,22.7,22.8,22.8,22.8,22.9,22.7,22.9,23.0,22.9,23.0,23.0,23.0,23.0,23.1,22.9,23.0,23.0,23.1,23.1,23.1,23.0,23.0,23.2,23.2,23.1,23.2,23.2,23.1,23.2,23.2,23.3,23.2,23.2,23.2,23.2,23.3,23.2,23.3,23.3,23.3,23.3,23.2,23.3,23.3
125,22.7,22.8,22.9,22.9,22.8,22.7,22.9,22.7,22.7,22.7,22.7,22.7,22.6,22.7,22.6,22.6,22.4,22.6,22.7,22.6,22.6,22.6,22.6,22.6,22.6,22.6,22.7,22.4,22.6,22.4,22.4,22.6,22.6,22.4,22.6,22.7,22.4,22.7,22.7,22.6,22.7,22.7,22.8,22.6,22.7,22.7,22.7,22.6,22.7,22.6,22.7,22.7,22.7,22.7,22.8,22.7,22.7,22.7,22.9,22.7,22.7,22.8,22.7,22.7,22.8,22.9,22.8,23.0,22.8,22.9,23.0,23.2,23.6,24.6,27.2,28.6,29.5,29.6,29.7,29.8,29.8,30.0,30.1,30.0,30.1,30.1,30.1,30.1,30.3,30.4,30.4,30.3,30.5,30.4,30.4,30.1,30.1,30.0,30.0,29.7,29.6,29.4,28.7,28.1,26.2,24.2,24.0,24.6,26.4,28.5,29.5,29.6,29.6,29.8,30.0,29.8,30.0,30.1,30.1,30.3,30.3,30.3,30.5,30.6,30.5,30.6,30.5,30.7,30.8,30.8,30.9,31.0,31.1,31.1,30.9,30.7,30.7,30.4,30.3,30.1,30.0,29.8,29.6,29.7,29.7,29.7,29.7,29.7,29.8,30.0,29.8,29.8,30.0,30.0,29.8,30.0,30.0,30.0,30.0,30.0,29.8,29.6,29.5,29.3,29.0,28.4,26.8,24.5,23.3,23.3,23.2,23.5,25.4,27.8,28.7,28.8,28.6,28.6,28.4,28.5,28.2,28.1,28.0,27.8,27.7,27.9,27.6,27.3,27.2,27.1,26.5,26.4,26.3,26.1,25.9,25.6,25.3,25.1,24.3,23.3,23.0,22.9,22.8,23.0,22.7,22.7,22.9,23.0,22.7,22.7,22.8,22.8,22.7,22.6,22.7,22.8,22.8,22.8,23.0,22.9,22.9,22.9,22.8,22.8,23.0,23.0,22.8,22.9,23.0,22.9,23.1,23.1,23.2,23.1,23.3,23.1,23.2,23.3,23.3,23.2,23.2,23.3,23.1,23.3,23.4,23.3,23.2,23.2,23.2,23.3,23.3,23.1,23.2,23.3,23.3,23.3
126,22.9,22.9,22.7,22.7,22.7,22.7,22.6,22.7,22.7,22.8,22.6,22.6,22.6,22.7,22.6,22.7,22.6,22.7,22.7,22.6,22.7,22.7,22.6,22.4,22.7,22.4,22.6,22.4,22.4,22.4,22.6,22.6,22.6,22.4,22.6,22.4,22.4,22.6,22.6,22.6,22.6,22.8,22.8,22.6,22.7,22.7,22.7,22.7,22.7,22.4,22.7,22.6,22.6,22.7,22.6,22.7,22.7,22.8,22.8,22.7,22.7,22.7,22.6,22.6,22.7,22.7,22.7,22.7,22.9,22.6,22.6,23.0,23.3,24.1,26.1,28.1,29.2,29.5,29.7,29.8,29.8,30.0,30.0,30.0,30.0,30.1,30.1,30.1,30.3,30.3,30.3,30.3,30.1,30.3,30.3,30.1,30.1,30.0,30.0,30.0,29.6,29.3,29.0,28.5,26.9,24.9,24.0,24.1,25.3,27.6,29.0,29.7,29.7,29.8,29.8,30.0,30.0,30.1,30.1,30.1,30.4,30.4,30.6,30.6,30.5,30.6,30.7,30.7,30.8,30.9,30.9,31.1,31.0,31.1,31.1,30.8,30.7,30.6,30.3,30.1,30.0,30.0,29.7,29.7,29.7,29.7,29.8,29.7,29.7,29.8,30.0,30.0,30.0,30.0,29.8,30.0,30.0,30.0,30.0,30.0,29.8,29.7,29.6,29.3,29.0,28.2,27.1,24.8,23.5,23.3,23.4,23.8,25.8,27.5,28.8,28.7,28.5,28.6,28.4,28.4,28.1,28.0,28.0,27.9,27.7,27.7,27.6,27.3,27.1,26.8,26.8,26.4,26.2,26.1,25.8,25.6,25.5,24.8,24.3,23.3,22.8,22.8,22.7,22.9,22.7,22.8,22.8,22.7,22.7,22.7,22.7,22.7,22.7,22.8,22.8,22.8,22.7,22.9,22.8,22.8,22.8,22.9,22.9,22.9,23.0,23.0,22.7,23.1,23.0,23.0,23.2,23.0,23.1,23.1,23.2,23.1,23.1,23.1,23.3,23.3,23.2,23.2,23.3,23.2,23.2,23.2,23.3,23.3,23.3,23.3,23.3,23.3,23.3,23.2,23.5,23.2
127,22.6,22.7,22.7,22.7,22.9,22.6,22.7,22.7,22.8,22.6,22.6,22.8,22.7,22.4,22.6,22.7,22.7,22.6,22.7,22.6,22.7,22.4,22.4,22.6,22.6,22.7,22.4,22.4,22.4,22.6,22.4,22.6,22.6,22.7,22.4,22.6,22.4,22.6,22.6,22.7,22.7,22.7,22.7,22.8,22.7,22.7,22.6,22.7,22.4,22.6,22.6,22.6,22.6,22.6,22.7,22.8,22.7,22.7,22.7,22.7,22.8,22.8,22.7,22.7,22.7,22.7,22.7,22.8,22.7,22.8,22.9,23.0,23.3,23.5,25.1,27.5,29.1,29.5,29.5,29.7,29.8,30.0,30.0,29.8,30.0,30.0,30.0,30.1,30.0,30.1,30.1,30.1,30.0,30.3,30.1,30.1,30.0,30.1,30.0,29.8,29.8,29.6,29.2,28.9,27.7,25.8,24.3,23.9,24.8,26.8,28.5,29.5,29.6,30.0,30.0,30.0,30.1,30.1,30.4,30.3,30.5,30.5,30.5,30.6,30.6,30.6,30.6,30.7,30.8,30.8,30.9,31.1,31.1,31.2,31.1,31.0,30.8,30.8,30.4,30.0,30.0,29.8,29.8,29.7,29.7,29.8,29.8,29.7,29.8,29.8,29.8,29.8,30.0,30.0,30.0,30.0,30.0,30.0,30.1,30.0,30.0,29.7,29.7,29.3,29.0,28.2,27.2,25.3,23.5,23.3,23.4,24.0,25.8,28.1,28.5,28.6,28.5,28.4,28.4,28.2,28.1,28.0,27.9,27.9,27.7,27.7,27.5,27.3,27.1,26.8,26.6,26.4,26.3,26.0,25.9,25.6,25.4,24.8,24.1,23.3,23.0,22.9,22.8,22.8,22.7,22.7,22.8,22.8,22.7,22.7,22.7,22.7,22.8,22.7,22.8,22.7,22.6,22.9,22.8,22.9,23.0,23.0,22.9,23.0,23.0,23.0,23.0,23.0,23.0,23.0,23.0,22.9,22.9,23.1,23.2,23.3,23.0,23.2,23.1,23.2,23.3,23.2,23.3,23.3,23.3,23.2,23.2,23.3,23.2,23.3,23.3,23.2,23.3,23.3,23.3,23.3
128,22.9,22.8,22.8,22.9,22.7,22.7,22.7,22.7,22.6,22.7,22.7,22.7,22.7,22.4,22.6,22.7,22.7,22.7,22.7,22.7,22.4,22.6,22.8,22.6,22.4,22.7,22.6,22.4,22.6,22.6,22.4,22.8,22.6,22.6,22.4,22.6,22.4,22.6,22.6,22.6,22.6,22.6,22.7,22.7,22.6,22.7,22.7,22.7,22.7,22.7,22.6,22.6,22.7,22.7,22.7,22.9,22.7,22.9,23.0,22.9,23.0,22.9,22.8,22.9,22.8,22.8,22.7,22.8,22.7,22.7,22.8,22.9,23.1,23.4,24.5,26.9,28.7,29.3,29.5,29.7,29.8,29.8,29.8,30.0,30.0,30.0,30.0,30.0,30.0,30.0,30.0,30.1,30.0,30.0,30.0,30.0,30.0,30.0,30.0,30.0,29.8,29.7,29.4,29.0,28.2,26.9,24.5,23.8,24.3,25.8,28.1,29.4,29.7,30.0,30.0,30.0,30.1,30.1,30.3,30.5,30.5,30.6,30.6,30.5,30.6,30.6,30.7,30.8,30.9,31.0,31.0,31.2,31.2,31.2,31.2,31.1,31.0,30.6,30.5,30.4,30.3,30.1,30.0,30.0,29.8,29.8,30.0,29.7,29.8,29.8,30.0,30.0,30.0,30.1,30.1,30.0,30.1,30.1,30.1,30.1,30.0,29.8,29.8,29.5,29.2,28.7,27.6,25.6,23.9,23.3,23.5,24.2,25.8,27.9,28.6,28.5,28.5,28.4,28.4,28.1,28.0,27.9,27.8,27.9,27.6,27.6,27.5,27.3,27.2,27.0,26.8,26.3,26.2,26.0,25.9,25.6,25.4,24.8,24.2,23.3,22.8,22.9,22.9,22.8,22.9,22.6,22.8,22.8,22.6,22.6,22.7,22.7,22.4,22.7,22.7,22.9,22.9,23.0,23.0,22.8,23.0,23.0,23.0,22.9,23.0,23.0,23.1,23.0,23.0,22.9,23.1,23.1,23.1,23.0,23.2,23.2,23.1,23.0,23.3,23.3,23.2,23.2,23.2,23.2,23.3,23.3,23.3,23.3,23.2,23.3,23.4,23.3,23.2,23.3,23.3,23.3
129,23.0,22.9,22.9,22.9,22.9,22.9,22.8,22.6,22.6,22.7,22.7,22.8,22.7,22.6,22.7,22.4,22.6,22.6,22.4,22.7,22.6,22.6,22.7,22.7,22.6,22.7,22.4,22.7,22.6,22.6,22.7,22.4,22.6,22.4,22.4,22.4,22.6,22.6,22.4,22.4,22.6,22.7,22.7,22.7,22.8,22.7,22.7,22.7,22.8,22.8,22.7,22.8,22.8,22.8,23.0,23.0,23.1,23.1,23.2,23.2,23.3,23.2,23.1,23.0,23.1,22.9,23.0,22.8,22.8,22.7,22.7,22.9,23.1,23.1,24.0,25.8,28.2,29.3,29.5,29.6,29.8,29.8,29.7,29.7,29.8,30.0,30.0,29.8,30.0,30.0,30.0,30.0,30.0,30.0,30.0,30.1,30.0,30.0,30.1,30.0,29.8,29.8,29.4,29.3,28.6,27.7,25.3,24.2,23.9,24.8,27.0,29.1,29.5,30.0,30.0,30.0,30.1,30.3,30.5,30.4,30.6,30.6,30.6,30.6,30.6,30.7,30.8,30.8,30.9,31.0,31.1,31.2,31.3,31.3,31.4,31.2,31.1,31.0,30.5,30.4,30.3,30.0,30.0,30.0,30.0,30.0,30.0,30.0,30.0,30.0,30.0,30.0,30.0,30.0,30.1,30.1,30.1,30.1,30.3,30.1,30.0,30.0,29.7,29.5,29.3,28.9,27.7,25.8,24.0,23.4,23.5,24.3,25.8,28.0,28.5,28.6,28.5,28.1,28.1,28.0,28.0,27.9,27.8,27.6,27.6,27.6,27.3,27.2,27.2,27.0,26.8,26.4,26.2,26.0,25.8,25.7,25.4,24.8,24.1,23.2,22.8,22.8,22.8,22.9,22.9,22.8,22.8,22.9,22.8,22.7,22.7,22.8,22.7,22.9,22.8,22.9,23.0,23.0,22.9,22.9,22.9,23.0,23.1,22.9,23.0,23.0,23.0,23.0,23.1,23.1,23.0,23.0,23.2,23.1,23.2,23.2,23.1,23.2,23.2,23.2,23.2,23.2,23.3,23.2,23.2,23.3,23.3,23.3,23.2,23.4,23.3,23.3,23.4,23.3,23.2,23.4
130,22.9,22.9,22.8,22.8,22.9,22.9,22.7,22.8,22.7,22.7,22.7,22.7,22.7,22.7,22.7,22.7,22.7,22.7,22.7,22.7,22.7,22.7,22.6,22.7,22.8,22.4,22.6,22.6,22.6,22.4,22.7,22.6,22.7,22.7,22.6,22.4,22.6,22.6,22.7,22.4,22.4,22.4,22.7,22.7,22.6,22.7,22.6,22.8,22.7,22.7,22.7,22.8,22.9,23.1,23.1,23.3,23.5,23.8,24.0,24.5,24.1,24.2,23.8,23.5,23.3,23.4,23.1,23.0,23.0,22.8,22.8,23.0,23.1,23.3,23.6,24.7,27.5,28.8,29.5,29.6,29.6,29.6,29.7,29.8,29.8,30.0,29.8,29.8,29.8,29.8,30.0,29.8,29.8,30.0,30.0,30.0,30.0,30.0,30.0,30.0,29.8,30.0,29.8,29.5,29.2,28.1,26.2,24.3,23.8,24.8,25.8,28.1,29.3,30.0,30.1,30.1,30.4,30.4,30.5,30.5,30.7,30.6,30.7,30.8,30.7,30.7,30.9,30.8,30.9,31.0,31.2,31.3,31.4,31.5,31.4,31.3,31.1,31.0,30.8,30.6,30.4,30.1,30.1,30.1,30.0,30.0,30.1,30.0,30.1,30.0,30.1,30.1,30.1,30.3,30.0,30.3,30.3,30.1,30.3,30.3,30.1,29.8,30.0,29.5,29.3,28.9,28.5,26.5,24.4,23.5,23.5,24.3,26.0,28.0,28.6,28.5,28.5,28.1,28.1,27.9,27.9,27.8,27.7,27.6,27.5,27.6,27.4,27.3,27.1,26.9,26.5,26.4,26.3,26.0,25.9,25.6,25.5,25.3,24.3,23.3,22.8,22.9,22.9,22.7,22.8,22.8,22.7,22.7,22.7,22.6,22.7,22.7,22.8,22.7,22.8,22.7,23.0,22.9,22.9,22.8,22.9,22.8,22.9,22.9,22.9,23.1,23.1,23.0,22.9,23.0,23.2,23.0,23.1,23.1,23.2,23.2,23.0,23.1,23.1,23.2,23.1,23.2,23.3,23.3,23.3,23.3,23.3,23.3,23.3,23.3,23.3,23.3,23.4,23.2,23.4,23.3
131,22.9,23.0,22.9,22.9,22.8,22.8,23.0,22.9,22.7,22.7,22.7,22.7,22.7,22.7,22.7,22.8,22.7,22.8,22.7,22.7,22.6,22.7,22.6,22.6,22.7,22.8,22.7,22.6,22.6,22.7,22.6,22.6,22.6,22.6,22.6,22.4,22.7,22.7,22.7,22.7,22.7,22.7,22.6,22.8,22.8,22.7,22.7,22.8,22.7,22.9,22.7,23.0,23.0,23.4,23.5,24.3,25.0,26.5,27.1,27.5,27.1,27.1,26.2,25.5,24.7,24.1,23.8,23.4,23.1,23.0,22.8,23.0,23.0,23.1,23.4,24.1,26.5,28.6,29.3,29.5,29.6,29.7,29.6,29.6,29.8,29.6,29.7,29.7,29.7,29.8,29.7,30.0,29.8,30.0,30.0,30.0,30.0,30.0,30.1,30.3,30.0,30.0,29.8,29.6,29.4,29.0,27.2,24.8,23.5,23.9,24.6,27.1,29.2,30.0,30.1,30.1,30.4,30.5,30.5,30.7,30.6,30.8,30.8,30.8,30.9,30.7,30.8,31.0,31.0,31.2,31.2,31.4,31.5,31.5,31.5,31.5,31.5,31.2,30.9,30.6,30.6,30.6,30.4,30.3,30.4,30.3,30.4,30.3,30.4,30.4,30.3,30.4,30.3,30.3,30.3,30.4,30.3,30.5,30.5,30.5,30.3,30.0,30.0,29.6,29.4,29.2,28.7,27.1,24.7,23.5,23.6,24.4,26.3,28.1,28.6,28.5,28.5,28.2,28.1,28.1,27.9,27.9,27.6,27.6,27.6,27.5,27.3,27.2,27.0,27.0,26.8,26.5,26.4,26.1,26.0,25.7,25.6,24.9,24.3,23.3,22.9,22.8,22.9,22.9,22.9,22.7,22.7,22.8,22.8,22.7,22.8,22.8,22.7,22.8,22.9,22.9,22.9,22.9,22.9,22.9,22.9,23.2,23.0,23.0,23.0,23.0,23.0,23.0,23.1,23.1,23.1,23.0,23.2,23.2,23.1,23.1,23.1,23.2,23.3,23.2,23.2,23.2,23.3,23.3,23.2,23.3,23.3,23.4,23.4,23.3,23.2,23.3,23.4,23.3,23.3,23.4
132,23.1,23.0,23.0,22.9,23.0,22.9,22.8,22.7,22.7,22.6,22.7,22.7,22.7,22.8,22.7,22.7,22.7,22.7,22.7,22.7,22.7,22.6,22.4,22.7,22.4,22.7,22.6,22.7,22.6,22.6,22.6,22.7,22.7,22.8,22.6,22.4,22.4,22.6,22.7,22.7,22.6,22.6,22.7,22.6,22.6,22.7,22.7,22.7,22.7,22.8,23.0,23.0,23.1,23.5,25.3,27.1,28.4,29.1,29.1,29.4,29.3,29.3,29.0,28.4,27.7,26.4,25.5,24.4,23.6,23.2,23.1,23.0,23.0,23.1,23.3,23.8,25.6,27.8,29.0,29.5,29.6,29.6,29.6,29.6,29.6,29.6,29.7,29.6,29.7,29.6,29.7,29.8,29.7,29.8,29.8,30.0,29.8,30.0,30.0,30.0,30.0,30.0,30.0,29.8,29.6,29.3,28.0,25.7,24.1,23.8,24.2,25.9,28.5,29.5,30.0,30.3,30.4,30.5,30.6,30.7,30.8,30.9,31.0,30.9,30.9,30.8,31.0,31.0,31.0,31.2,31.2,31.5,31.5,31.6,31.6,31.6,31.6,31.3,31.2,30.8,30.7,30.6,30.6,30.6,30.5,30.5,30.5,30.5,30.5,30.5,30.4,30.5,30.3,30.5,30.4,30.5,30.4,30.6,30.5,30.5,30.5,30.1,30.1,29.8,29.5,29.0,28.5,27.4,24.9,23.8,23.6,24.4,26.4,28.1,28.7,28.6,28.4,28.2,28.1,28.1,27.9,27.7,27.7,27.6,27.6,27.4,27.3,27.1,27.1,26.9,26.8,26.4,26.3,26.1,26.0,25.8,25.7,25.1,23.8,23.1,22.8,22.9,22.9,22.8,22.9,22.7,22.9,22.8,22.7,22.7,22.7,22.7,22.9,22.8,22.8,23.0,22.8,22.9,22.9,23.0,23.0,22.9,23.0,23.0,23.0,23.0,23.1,23.0,23.1,23.1,23.0,23.1,23.1,23.2,23.2,23.2,23.2,23.3,23.3,23.3,23.2,23.3,23.3,23.3,23.3,23.2,23.4,23.3,23.3,23.3,23.5,23.3,23.3,23.3,23.4,23.3
133,22.9,22.9,23.0,22.9,22.7,22.8,22.8,22.8,22.6,22.6,22.8,22.6,22.7,22.7,22.7,22.7,22.6,22.7,22.7,22.7,22.7,22.6,22.4,22.7,22.4,22.6,22.7,22.6,22.4,22.6,22.6,22.7,22.7,22.6,22.6,22.6,22.6,22.6,22.6,22.4,22.7,22.6,22.4,22.4,22.4,22.7,22.4,22.8,22.7,22.9,23.0,23.2,23.8,25.8,28.0,29.0,29.3,29.8,29.8,29.8,30.0,29.8,29.7,29.5,29.4,28.9,28.0,26.9,25.4,24.2,23.3,23.2,23.0,23.0,23.1,23.3,24.7,27.1,28.7,29.4,29.5,29.5,29.5,29.5,29.6,29.6,29.5,29.5,29.6,29.6,29.6,29.7,29.7,29.7,29.8,29.8,29.8,30.0,29.8,30.3,30.0,30.0,30.0,30.0,29.8,29.5,28.6,26.5,24.5,23.8,24.1,25.0,27.3,29.0,30.0,30.1,30.5,30.6,30.7,30.8,30.8,30.9,31.0,30.9,31.0,31.0,31.0,31.1,31.2,31.3,31.2,31.3,31.5,31.6,31.7,31.6,31.7,31.6,31.2,30.9,30.7,30.6,30.5,30.6,30.6,30.5,30.6,30.6,30.5,30.5,30.5,30.5,30.5,30.5,30.4,30.5,30.5,30.6,30.6,30.5,30.4,30.4,30.0,29.8,29.5,29.4,28.7,27.4,25.5,24.0,23.5,24.5,26.5,28.0,28.7,28.5,28.5,28.2,28.1,28.1,27.9,27.7,27.6,27.6,27.5,27.3,27.2,27.2,27.1,26.8,26.8,26.4,26.3,26.1,25.9,25.7,25.6,25.3,24.0,23.2,22.9,22.7,22.9,22.9,22.8,22.7,22.9,22.7,22.7,22.6,22.8,22.7,22.7,22.7,22.9,22.9,22.8,22.8,22.9,23.0,23.0,23.0,22.9,23.0,23.0,23.0,23.1,23.2,23.0,23.0,23.2,23.0,23.1,23.1,23.2,23.1,23.2,23.3,23.3,23.2,23.3,23.3,23.2,23.2,23.2,23.3,23.4,23.3,23.3,23.4,23.3,23.3,23.4,23.3,23.4,23.3
134,23.0,23.0,22.9,23.0,22.8,22.9,22.8,22.8,22.7,22.6,22.7,22.7,22.7,22.8,22.7,22.7,22.7,22.7,22.6,22.7,22.7,22.4,22.4,22.6,22.7,22.7,22.7,22.6,22.4,22.4,22.4,22.4,22.6,22.7,22.4,22.7,22.4,22.8,22.7,22.4,22.6,22.7,22.4,22.7,22.6,22.6,22.6,22.7,22.8,23.1,23.0,23.5,25.9,28.4,29.3,29.5,29.7,29.8,29.8,30.0,30.1,30.1,30.1,30.1,30.0,29.8,29.3,28.9,27.7,26.0,24.3,23.5,23.1,22.8,23.1,23.5,24.2,26.2,28.1,29.2,29.4,29.4,29.4,29.5,29.4,29.5,29.4,29.5,29.5,29.5,29.6,29.6,29.6,29.6,29.6,29.7,30.0,29.8,30.0,30.0,30.1,30.0,30.0,30.0,29.8,29.7,29.4,27.5,25.3,23.5,24.0,24.5,26.1,28.5,29.7,30.3,30.6,30.7,30.7,30.8,30.9,31.0,31.1,31.0,31.0,31.0,31.0,31.1,31.1,31.2,31.2,31.4,31.5,31.6,31.7,31.7,31.7,31.6,31.2,31.1,30.9,30.7,30.6,30.6,30.7,30.6,30.6,30.6,30.6,30.6,30.5,30.5,30.5,30.5,30.6,30.5,30.5,30.6,30.6,30.5,30.6,30.4,30.5,30.0,29.6,29.3,28.8,28.1,25.8,24.1,23.8,24.4,26.5,28.1,28.7,28.6,28.5,28.4,28.1,28.1,27.9,27.8,27.7,27.7,27.6,27.3,27.3,27.2,26.9,26.9,26.6,26.4,26.3,26.1,26.0,25.8,25.6,24.9,24.1,23.1,23.0,22.7,22.8,22.8,22.8,22.7,22.7,22.7,22.7,22.8,22.6,22.7,22.8,22.7,22.8,22.9,23.0,22.9,22.9,22.9,23.0,22.9,23.0,22.9,23.0,23.0,23.0,23.0,23.2,23.0,23.2,23.1,23.2,23.1,23.2,23.3,23.2,23.3,23.3,23.4,23.2,23.4,23.2,23.3,23.3,23.3,23.3,23.5,23.4,23.3,23.4,23.4,23.3,23.5,23.4,23.5
135,22.8,23.0,23.0,22.8,23.0,22.9,22.9,22.8,22.7,22.7,22.8,22.7,22.6,22.7,22.7,22.7,22.7,22.7,22.4,22.6,22.6,22.6,22.6,22.4,22.6,22.6,22.8,22.7,22.7,22.6,22.7,22.7,22.6,22.7,22.4,22.6,22.7,22.6,22.4,22.6,22.6,22.7,22.6,22.6,22.6,22.7,22.6,22.7,22.7,23.1,23.1,24.9,28.2,29.2,29.4,29.7,29.8,30.0,30.0,30.0,30.3,30.3,30.4,30.3,30.3,30.0,30.0,29.5,29.2,28.1,26.5,24.5,23.6,23.2,23.1,23.3,24.0,25.4,27.6,28.9,29.3,29.4,29.4,29.5,29.3,29.5,29.4,29.4,29.5,29.5,29.5,29.6,29.6,29.7,29.8,29.8,29.7,30.0,30.0,30.0,30.1,30.0,30.3,30.1,30.0,30.0,29.7,28.5,26.1,24.3,23.6,24.1,25.0,27.3,29.2,30.5,30.6,30.8,30.8,30.8,30.9,31.0,31.2,31.1,31.1,31.1,31.1,31.1,31.2,31.2,31.2,31.4,31.5,31.6,31.6,31.6,31.7,31.6,31.4,31.1,30.9,30.7,30.8,30.8,30.7,30.7,30.7,30.6,30.6,30.6,30.5,30.6,30.4,30.4,30.5,30.5,30.5,30.7,30.7,30.6,30.6,30.6,30.5,30.1,29.8,29.6,29.2,28.4,26.4,24.4,23.9,24.5,26.4,28.5,28.6,28.6,28.5,28.4,28.1,28.0,28.0,27.8,27.7,27.6,27.5,27.5,27.3,27.2,27.0,26.8,26.8,26.5,26.3,26.1,25.9,25.6,25.5,24.9,24.1,23.3,22.8,23.0,22.7,22.9,22.8,22.7,23.0,22.8,22.8,22.7,22.7,22.8,22.9,22.8,22.9,23.1,22.8,23.0,23.0,23.1,23.0,23.1,22.8,23.1,23.1,23.1,23.1,23.2,23.1,23.1,23.1,23.1,23.3,23.3,23.3,23.3,23.3,23.2,23.3,23.3,23.2,23.3,23.3,23.5,23.4,23.5,23.3,23.5,23.3,23.5,23.5,23.3,23.4,23.5,23.5,23.3
136,22.9,23.0,23.0,22.9,22.8,22.8,22.8,22.7,22.8,22.7,22.8,22.8,22.9,22.8,22.8,22.7,22.6,22.6,22.6,22.4,22.6,22.7,22.7,22.6,22.6,22.7,22.7,22.7,22.6,22.4,22.6,22.6,22.6,22.7,22.4,22.7,22.6,22.7,22.4,22.6,22.6,22.6,22.6,22.4,22.7,22.8,22.7,22.7,22.9,23.1,23.9,26.5,28.7,29.5,29.8,30.0,29.8,30.0,30.1,30.3,30.4,30.3,30.5,30.6,30.6,30.4,30.4,30.1,29.6,29.2,28.4,26.4,24.4,23.2,23.1,23.3,23.5,24.6,26.9,28.5,29.2,29.5,29.4,29.3,29.3,29.5,29.4,29.5,29.3,29.5,29.4,29.5,29.6,29.6,29.8,29.8,29.7,30.0,30.0,30.0,30.1,30.1,30.3,30.1,30.3,30.0,29.6,29.0,27.6,25.0,23.6,24.0,24.3,26.0,29.0,30.0,30.5,30.8,30.9,31.1,31.0,31.0,31.2,31.1,31.2,31.1,31.1,31.1,31.2,31.2,31.2,31.2,31.5,31.5,31.6,31.6,31.7,31.6,31.3,31.2,31.0,30.8,30.7,30.7,30.7,30.7,30.7,30.7,30.7,30.6,30.5,30.5,30.5,30.5,30.5,30.6,30.6,30.6,30.7,30.8,30.6,30.6,30.6,30.3,30.0,29.7,29.3,28.6,26.9,24.8,24.0,24.5,26.5,27.9,28.7,28.7,28.5,28.4,28.1,28.0,28.1,27.8,27.8,27.7,27.6,27.3,27.2,27.2,27.0,26.9,26.9,26.4,26.4,26.1,26.0,25.6,25.6,25.0,24.3,23.4,23.1,23.0,22.7,23.0,22.9,22.9,22.9,22.8,22.9,22.8,23.0,23.0,22.8,22.9,23.0,23.0,22.9,23.0,23.0,23.1,22.9,23.2,23.0,23.0,23.1,23.0,23.2,23.0,23.1,23.2,23.1,23.2,23.2,23.3,23.2,23.3,23.3,23.3,23.3,23.3,23.3,23.2,23.3,23.5,23.4,23.3,23.4,23.3,23.4,23.3,23.4,23.5,23.3,23.4,23.3,23.4
137,22.9,23.1,22.9,23.0,23.0,23.0,22.7,22.8,22.8,22.7,22.7,22.8,22.8,22.7,22.7,22.7,22.7,22.7,22.4,22.8,22.8,22.7,22.8,22.7,22.6,22.7,22.7,22.6,22.8,22.6,22.7,22.7,22.6,22.4,22.6,22.4,22.7,22.6,22.6,22.6,22.7,22.7,22.6,22.7,22.4,22.7,22.9,23.0,23.2,23.2,24.6,27.6,29.3,30.0,30.0,30.0,30.0,30.0,30.4,30.3,30.4,30.5,30.5,30.6,30.6,30.6,30.5,30.3,30.3,29.7,29.1,28.4,25.8,24.0,23.3,23.2,23.3,24.0,25.8,27.9,29.2,29.5,29.4,29.4,29.3,29.5,29.5,29.5,29.5,29.4,29.5,29.5,29.6,29.7,29.7,29.7,29.8,29.8,30.0,30.0,30.3,30.4,30.4,30.4,30.3,30.4,30.0,29.7,28.6,26.2,24.2,23.9,24.1,25.3,28.4,29.7,30.6,30.7,30.9,31.0,31.1,31.2,31.2,31.2,31.2,31.1,31.2,31.2,31.1,31.1,31.2,31.3,31.2,31.4,31.4,31.5,31.6,31.5,31.5,31.2,30.9,30.9,30.9,30.8,30.7,30.7,30.7,30.7,30.7,30.6,30.6,30.6,30.6,30.5,30.6,30.6,30.6,30.8,30.7,31.0,30.7,30.7,30.7,30.5,30.1,30.0,29.6,28.9,27.6,25.1,24.1,24.6,26.9,28.1,29.0,28.7,28.6,28.5,28.2,28.1,28.1,27.9,27.9,27.8,27.5,27.4,27.3,27.1,27.1,26.9,26.9,26.4,26.4,26.2,26.1,25.8,25.8,25.1,24.3,23.3,23.0,23.0,23.0,22.8,22.9,23.0,23.0,23.0,23.0,23.0,22.9,23.0,23.1,23.0,23.0,23.0,23.1,23.0,23.1,23.0,23.0,23.0,23.1,23.2,23.1,23.1,23.1,23.1,23.1,23.1,23.2,23.2,23.3,23.3,23.2,23.2,23.5,23.4,23.4,23.3,23.4,23.3,23.3,23.4,23.4,23.5,23.3,23.4,23.5,23.4,23.5,23.3,23.4,23.5,23.5,23.5
138,23.0,23.1,23.1,23.1,23.0,22.9,22.9,22.9,22.9,22.7,22.8,22.7,22.7,22.8,22.9,22.8,22.8,22.7,22.7,22.6,22.7,22.9,22.7,22.7,22.9,22.8,22.7,22.8,22.7,22.7,22.8,22.7,22.8,22.8,22.6,22.6,22.7,22.4,22.4,22.7,22.6,22.7,22.4,22.6,22.7,22.7,22.9,23.0,23.1,23.5,25.5,28.8,29.6,29.8,30.0,30.0,30.0,30.3,30.3,30.3,30.4,30.5,30.4,30.6,30.5,30.6,30.5,30.6,30.4,30.3,29.6,29.3,27.5,24.5,23.3,23.2,23.3,23.4,24.7,27.2,28.6,29.3,29.4,29.4,29.3,29.5,29.4,29.4,29.4,29.5,29.6,29.5,29.6,29.6,29.7,29.8,29.8,30.0,30.0,30.0,30.3,30.4,30.5,30.5,30.6,30.5,30.1,29.6,29.1,27.2,24.8,24.0,24.0,24.8,27.2,29.5,30.5,30.7,30.9,31.0,31.2,31.2,31.2,31.3,31.2,31.2,31.2,31.2,31.2,31.1,31.1,31.2,31.2,31.1,31.3,31.4,31.4,31.4,31.2,31.1,31.0,30.8,31.0,30.9,30.8,30.8,30.8,30.7,30.8,30.8,30.7,30.6,30.6,30.6,30.6,30.6,30.7,30.8,30.9,31.0,31.0,31.0,30.8,30.5,30.3,30.0,29.6,28.9,28.2,25.8,24.5,24.5,26.5,28.6,28.7,28.9,28.6,28.5,28.4,28.2,28.2,27.9,27.9,27.8,27.7,27.5,27.4,27.3,27.1,27.0,26.9,26.6,26.4,26.2,25.9,25.8,25.6,25.1,24.3,23.3,23.1,22.9,23.0,23.0,23.0,23.0,23.0,23.1,22.9,22.8,23.0,22.9,22.9,23.1,23.0,23.1,22.9,23.1,23.1,23.2,23.1,23.1,23.1,23.0,23.1,23.1,23.1,23.1,23.0,23.3,23.2,23.2,23.4,23.4,23.3,23.3,23.3,23.3,23.4,23.3,23.4,23.5,23.4,23.5,23.3,23.4,23.4,23.4,23.3,23.5,23.4,23.4,23.5,23.4,23.4,23.5
139,23.1,23.0,23.1,23.0,23.0,23.0,23.0,23.0,22.9,22.9,22.8,22.8,22.8,22.8,22.8,22.8,22.8,22.7,22.9,22.8,22.8,22.8,22.8,23.0,22.8,22.7,22.9,22.8,22.7,22.8,22.7,22.7,22.8,22.8,22.6,22.7,22.6,22.7,22.7,22.6,22.9,22.7,22.8,22.8,22.8,22.7,23.0,22.9,23.0,24.0,26.2,28.9,29.7,29.8,30.1,30.1,30.1,30.1,30.3,30.4,30.4,30.5,30.6,30.6,30.5,30.6,30.7,30.5,30.5,30.1,30.0,29.8,28.7,26.4,24.1,23.4,23.2,23.3,24.3,26.0,28.1,29.3,29.3,29.5,29.3,29.5,29.4,29.4,29.5,29.5,29.7,29.7,29.6,29.6,29.7,30.0,30.0,30.0,30.1,30.1,30.3,30.4,30.6,30.6,30.6,30.6,30.5,29.8,29.6,28.1,25.6,23.9,23.9,24.2,26.5,29.0,30.4,30.7,31.0,31.0,31.1,31.1,31.2,31.3,31.2,31.2,31.2,31.1,31.1,31.0,31.0,31.1,31.1,31.0,31.0,30.9,31.1,30.9,31.0,31.0,30.9,30.9,30.8,30.8,30.8,30.8,30.8,30.9,30.8,30.7,30.7,30.6,30.6,30.6,30.6,30.6,30.6,30.8,31.0,31.0,30.9,31.0,30.8,30.6,30.5,30.3,29.8,29.5,28.4,26.5,24.6,24.6,26.5,28.6,28.9,28.8,28.6,28.6,28.2,28.1,28.1,28.1,27.9,27.7,27.7,27.6,27.4,27.2,27.2,27.0,26.9,26.5,26.5,26.2,26.2,25.8,25.7,25.5,24.2,23.4,23.1,23.0,22.9,22.9,23.0,23.0,23.0,22.9,23.0,23.1,23.0,23.0,23.0,23.0,23.0,23.1,22.9,23.1,23.0,23.0,23.1,23.1,23.0,23.1,23.0,23.1,23.1,23.1,23.1,23.2,23.3,23.2,23.2,23.2,23.3,23.4,23.3,23.3,23.3,23.3,23.2,23.4,23.3,23.3,23.3,23.4,23.4,23.4,23.4,23.4,23.4,23.5,23.4,23.3,23.4,23.5
140,23.1,23.1,23.0,23.1,23.0,23.1,23.0,23.0,23.0,22.8,23.0,22.9,22.8,22.9,22.9,22.9,22.9,22.8,22.9,22.7,23.0,22.6,22.9,23.0,22.8,22.9,22.9,22.8,22.9,22.8,22.7,22.8,22.7,22.7,22.7,22.6,22.7,22.7,22.7,22.8,22.8,22.7,22.6,22.8,22.7,22.8,22.9,23.2,23.3,24.1,27.0,29.4,29.8,30.0,30.0,30.1,30.0,30.3,30.4,30.4,30.5,30.5,30.6,30.5,30.5,30.6,30.5,30.5,30.5,30.4,30.1,29.8,29.3,27.6,24.8,23.5,23.3,23.2,23.5,25.0,27.7,28.7,29.4,29.4,29.4,29.5,29.5,29.5,29.5,29.6,29.6,29.7,29.8,29.7,30.0,29.7,30.0,30.0,30.3,30.3,30.5,30.6,30.7,30.7,30.8,30.8,30.7,30.3,29.8,29.2,26.8,24.7,24.1,24.2,25.6,28.5,30.1,30.9,31.0,31.0,31.2,31.2,31.2,31.2,31.2,31.2,31.0,31.1,31.1,30.9,31.0,31.0,31.0,30.9,30.8,30.9,30.9,30.8,30.9,30.8,30.9,30.8,30.9,30.9,30.7,30.8,30.7,30.7,30.9,30.8,30.7,30.8,30.7,30.7,30.5,30.6,30.7,30.8,30.9,31.1,31.0,31.0,30.9,30.9,30.6,30.3,30.0,29.7,29.0,27.2,25.3,24.8,26.2,28.1,29.1,28.9,28.8,28.7,28.6,28.5,28.1,28.1,28.0,27.8,27.6,27.5,27.5,27.2,27.1,27.1,27.0,26.6,26.5,26.3,26.1,25.7,25.8,24.9,24.1,23.5,23.1,23.0,23.0,22.8,23.0,23.0,23.0,23.0,22.9,23.0,23.0,22.9,23.0,23.1,23.1,23.1,23.1,23.1,23.1,23.1,23.0,23.1,23.1,23.1,23.0,23.1,23.2,23.2,23.1,23.2,23.2,23.2,23.2,23.2,23.2,23.3,23.3,23.3,23.4,23.2,23.5,23.3,23.4,23.5,23.4,23.5,23.3,23.3,23.5,23.5,23.5,23.3,23.3,23.3,23.5,23.3
141,23.1,23.1,23.0,23.0,23.0,23.1,23.0,22.9,23.0,22.9,22.9,23.0,22.8,22.8,22.9,22.8,22.9,22.7,22.9,22.8,22.8,22.7,22.7,22.8,22.6,22.7,22.6,22.7,22.8,22.8,22.7,22.8,22.8,22.8,22.7,22.7,22.8,22.7,22.9,22.8,22.8,22.8,22.7,23.0,22.9,22.9,23.1,23.1,23.3,24.2,27.6,29.0,30.0,30.1,30.0,30.1,30.1,30.3,30.1,30.3,30.5,30.5,30.6,30.5,30.6,30.5,30.5,30.5,30.6,30.5,30.4,30.0,30.0,29.1,26.0,24.3,23.4,23.2,23.5,24.3,26.4,28.6,29.3,29.5,29.4,29.5,29.4,29.5,29.5,29.6,29.6,29.7,29.6,30.0,30.0,30.0,30.1,30.1,30.5,30.5,30.5,30.6,30.8,30.9,31.1,31.1,31.0,30.7,30.5,30.0,28.1,25.6,24.3,24.2,25.1,27.9,30.0,30.7,30.9,31.1,31.1,31.2,31.2,31.1,31.0,31.1,31.1,31.1,31.1,31.0,30.9,30.9,30.7,30.8,30.8,30.7,30.8,30.6,30.8,30.7,30.7,30.8,30.8,30.8,30.8,30.7,30.8,30.6,30.7,30.8,30.8,30.6,30.7,30.7,30.6,30.6,30.6,30.7,30.7,31.0,31.0,31.0,31.0,30.8,30.7,30.5,30.3,29.7,29.2,27.9,25.5,25.0,26.3,28.5,29.0,29.2,28.9,28.8,28.6,28.5,28.1,28.1,28.1,27.9,27.8,27.6,27.5,27.3,27.1,27.0,26.9,26.6,26.5,26.3,26.2,25.9,25.6,25.4,24.3,23.3,23.1,23.0,23.0,23.0,23.2,23.0,23.0,23.1,23.0,23.0,23.0,23.0,22.9,23.0,23.1,23.2,22.9,23.0,23.1,22.9,23.1,23.1,23.1,23.1,23.1,23.1,23.1,23.1,23.2,23.2,23.2,23.2,23.2,23.2,23.3,23.3,23.3,23.5,23.3,23.4,23.3,23.3,23.3,23.4,23.3,23.3,23.3,23.3,23.3,23.5,23.4,23.3,23.3,23.3,23.5,23.5
142,23.1,23.2,23.0,23.1,23.1,23.0,23.0,23.0,22.9,22.9,22.8,22.8,22.8,22.8,22.8,23.0,22.9,22.9,23.0,22.9,22.9,22.8,22.9,22.9,22.7,22.7,22.8,22.7,22.6,22.8,22.7,22.7,22.7,22.7,22.7,22.7,22.8,22.9,22.8,22.8,22.7,22.8,23.0,23.0,22.9,22.9,23.0,23.2,23.5,24.9,27.9,29.3,29.8,29.8,30.1,30.3,30.4,30.3,30.3,30.3,30.4,30.3,30.4,30.5,30.5,30.5,30.6,30.5,30.5,30.5,30.3,30.3,30.0,29.1,27.4,24.7,23.3,23.3,23.4,23.8,25.4,27.3,29.2,29.3,29.3,29.5,29.5,29.6,29.5,29.7,29.6,29.7,29.8,29.8,30.0,30.0,30.1,30.3,30.5,30.5,30.7,30.8,30.8,31.2,31.3,31.3,31.1,30.9,30.6,30.0,28.9,26.9,24.8,24.6,25.0,27.7,30.0,30.7,31.0,30.9,31.0,31.1,31.0,31.0,31.0,30.9,30.9,30.8,30.9,30.9,30.8,30.9,30.8,30.7,30.7,30.7,30.7,30.7,30.6,30.7,30.8,30.7,30.7,30.7,30.6,30.6,30.6,30.7,30.7,30.7,30.6,30.6,30.6,30.6,30.6,30.6,30.5,30.6,30.6,30.8,30.9,31.0,31.0,30.9,30.8,30.6,30.5,30.0,29.7,28.5,26.2,25.1,26.8,28.5,29.3,29.2,29.2,28.9,28.7,28.5,28.4,28.1,27.9,27.9,27.9,27.6,27.5,27.3,27.3,26.9,26.9,26.8,26.4,26.3,26.3,25.9,25.5,25.5,24.3,23.3,23.1,23.0,22.9,23.1,23.0,23.0,23.1,23.0,23.0,23.0,23.0,22.9,23.0,23.0,22.9,23.1,23.0,23.0,23.0,23.0,23.1,23.0,23.1,23.0,23.1,23.1,23.2,23.2,23.1,23.1,23.2,23.1,23.2,23.2,23.3,23.3,23.2,23.3,23.3,23.3,23.3,23.3,23.3,23.2,23.3,23.5,23.5,23.4,23.5,23.5,23.6,23.3,23.4,23.5,23.4,23.5
143,23.0,23.3,23.0,23.1,23.1,23.0,22.9,22.9,23.0,22.8,22.9,22.8,22.7,22.8,22.8,22.8,22.7,22.9,22.8,22.9,22.9,22.7,22.7,22.7,22.8,22.8,22.7,22.9,22.9,22.7,22.7,22.7,22.7,22.7,22.6,22.8,22.7,22.7,22.7,22.8,22.8,22.8,22.9,22.7,22.9,22.9,23.1,23.1,23.5,25.1,28.5,29.4,29.8,30.0,30.0,30.1,30.3,30.3,30.1,30.3,30.1,30.5,30.4,30.5,30.3,30.6,30.6,30.5,30.6,30.5,30.5,30.3,30.0,29.7,28.5,25.7,23.8,23.2,23.2,23.4,24.4,26.3,28.2,29.3,29.4,29.5,29.5,29.5,29.7,29.7,29.7,29.7,30.0,30.0,30.1,30.3,30.4,30.4,30.6,30.7,30.9,31.0,31.2,31.4,31.5,31.4,31.2,31.1,30.9,30.6,30.1,28.1,25.6,24.8,25.8,28.1,30.1,30.8,30.9,30.8,30.8,31.0,30.9,31.0,30.9,30.8,30.8,30.8,30.8,30.7,30.8,30.8,30.7,30.7,30.6,30.7,30.6,30.6,30.7,30.6,30.7,30.6,30.6,30.6,30.6,30.6,30.6,30.6,30.5,30.5,30.5,30.6,30.6,30.5,30.5,30.5,30.5,30.5,30.6,30.7,30.8,30.8,31.0,31.1,30.7,30.6,30.4,30.0,29.5,29.0,27.2,25.7,27.2,29.1,29.5,29.5,29.1,28.9,28.8,28.7,28.5,28.1,28.1,27.9,27.9,27.7,27.5,27.3,27.2,27.1,26.9,26.8,26.6,26.4,26.2,25.9,25.7,25.3,24.0,23.2,23.0,23.0,23.0,22.8,23.0,23.0,22.7,22.9,22.9,22.9,23.0,22.9,23.0,23.1,23.0,23.0,22.8,22.9,23.0,23.1,23.1,23.1,23.1,23.1,23.1,23.1,23.1,23.1,23.2,23.2,23.2,23.3,23.1,23.2,23.3,23.2,23.3,23.3,23.3,23.3,23.4,23.4,23.4,23.4,23.5,23.3,23.4,23.4,23.5,23.5,23.4,23.5,23.4,23.5,23.4,23.3
144,23.1,23.1,23.1,23.0,23.0,23.0,22.9,23.0,22.8,22.9,22.9,23.0,22.7,22.7,22.8,22.7,22.7,22.7,22.7,22.8,22.8,22.7,22.7,22.7,22.7,22.8,22.8,22.7,22.6,22.8,22.8,22.7,22.7,22.8,22.7,22.8,22.7,22.8,22.8,22.8,22.8,22.8,22.9,23.0,22.9,22.9,23.1,23.0,23.8,25.6,28.1,29.3,29.8,29.8,30.0,30.3,30.1,30.3,30.3,30.3,30.1,30.4,30.3,30.5,30.5,30.6,30.6,30.7,30.6,30.5,30.4,30.4,30.3,29.6,29.3,26.8,24.4,23.4,23.1,23.5,23.5,25.1,27.5,29.1,29.4,29.6,29.6,29.6,29.6,29.8,29.8,30.0,30.1,30.1,30.3,30.5,30.6,30.6,30.8,30.9,31.0,31.2,31.4,31.5,31.5,31.5,31.4,31.3,31.1,30.6,30.0,29.2,27.1,26.0,27.2,29.2,30.4,30.6,30.7,30.7,30.8,31.0,30.9,30.8,30.8,30.8,30.8,30.8,30.8,30.8,30.7,30.7,30.6,30.6,30.6,30.6,30.6,30.6,30.6,30.5,30.5,30.6,30.5,30.5,30.5,30.4,30.5,30.4,30.6,30.6,30.5,30.4,30.4,30.5,30.4,30.5,30.4,30.5,30.5,30.6,30.6,30.6,30.8,30.9,30.9,30.6,30.5,30.3,29.8,29.3,28.1,26.6,28.0,29.3,29.6,29.3,29.2,29.2,28.8,28.7,28.5,28.4,28.1,28.0,27.9,27.8,27.4,27.4,27.3,27.1,27.1,26.9,26.6,26.4,26.3,26.0,25.8,25.1,24.2,23.2,23.0,22.9,22.8,22.9,22.8,23.0,23.0,22.8,22.9,23.0,23.0,22.8,22.9,22.8,23.0,23.0,22.9,23.0,23.0,23.1,23.0,23.1,23.1,23.0,23.1,23.1,23.1,23.1,23.1,23.2,23.2,23.2,23.3,23.2,23.3,23.3,23.3,23.3,23.3,23.3,23.4,23.3,23.4,23.5,23.4,23.4,23.5,23.4,23.5,23.5,23.5,23.5,23.5,23.5,23.3,23.5
145,22.9,23.0,23.1,23.2,22.9,23.0,23.0,22.9,23.0,23.0,22.9,22.9,22.9,22.8,22.9,22.7,22.7,22.8,22.7,22.7,22.7,22.7,22.7,22.8,22.7,22.7,22.8,22.7,22.7,22.7,22.7,22.7,22.8,22.6,22.7,22.8,22.7,22.7,22.7,22.9,22.8,22.7,22.7,23.0,23.0,23.0,23.0,23.2,23.8,25.6,28.5,29.5,29.8,30.0,30.0,30.3,30.3,30.4,30.3,30.3,30.3,30.5,30.5,30.5,30.4,30.5,30.6,30.7,30.7,30.6,30.5,30.5,30.4,30.0,29.5,28.1,25.5,23.5,23.1,23.2,23.5,24.3,26.5,28.5,29.5,29.5,29.5,29.8,29.7,30.0,30.0,30.1,30.3,30.4,30.6,30.6,30.7,31.0,31.0,31.1,31.1,31.3,31.5,31.5,31.6,31.6,31.6,31.5,31.3,31.1,30.7,30.0,28.9,28.0,28.9,30.0,30.6,30.7,30.7,30.8,30.8,30.8,30.8,30.8,30.8,30.8,30.8,30.8,30.6,30.7,30.8,30.6,30.6,30.5,30.5,30.6,30.6,30.6,30.5,30.5,30.5,30.4,30.5,30.5,30.5,30.5,30.5,30.3,30.3,30.4,30.4,30.3,30.1,30.5,30.3,30.4,30.3,30.3,30.5,30.4,30.5,30.6,30.7,30.7,30.7,30.7,30.5,30.5,29.8,29.6,29.1,28.6,29.3,29.7,29.6,29.4,29.4,29.3,28.9,28.8,28.7,28.5,28.1,28.1,27.8,27.7,27.6,27.5,27.4,27.2,27.1,27.0,26.9,26.5,26.4,26.0,25.8,25.1,24.3,23.5,22.8,22.9,22.9,23.0,22.7,22.9,23.0,23.0,22.9,22.9,22.9,23.0,22.9,23.0,23.0,22.9,23.0,23.0,23.0,23.1,23.2,23.1,23.1,23.1,23.1,23.1,23.2,23.2,23.1,23.1,23.2,23.2,23.2,23.3,23.3,23.3,23.3,23.3,23.4,23.3,23.2,23.3,23.4,23.4,23.5,23.4,23.5,23.5,23.4,23.4,23.5,23.5,23.5,23.5,23.6,23.6
146,22.8,23.1,23.0,22.9,23.0,23.0,22.9,23.0,22.9,22.8,22.9,22.9,22.7,22.9,22.7,22.8,22.7,22.7,22.7,22.7,22.7,22.7,22.7,22.6,22.8,22.8,22.7,22.7,22.7,22.6,22.7,22.4,22.6,22.6,22.7,22.6,22.8,22.6,22.7,22.8,22.7,22.8,22.8,22.8,22.8,22.9,23.0,23.2,23.9,26.0,28.7,29.6,29.8,29.8,30.1,30.3,30.3,30.3,30.3,30.3,30.4,30.4,30.4,30.5,30.6,30.6,30.7,30.6,30.7,30.6,30.6,30.5,30.5,30.0,30.0,29.0,26.1,23.8,23.3,23.1,23.2,23.5,25.3,27.9,29.2,29.6,29.7,29.8,30.0,30.0,30.1,30.3,30.4,30.5,30.5,30.6,30.8,31.0,31.0,31.2,31.2,31.2,31.4,31.6,31.6,31.6,31.6,31.5,31.3,31.0,30.7,30.6,29.8,29.8,30.1,30.6,30.7,30.7,30.7,30.8,30.8,30.8,30.6,30.7,30.7,30.7,30.7,30.8,30.7,30.7,30.7,30.5,30.7,30.5,30.6,30.6,30.6,30.5,30.5,30.6,30.5,30.5,30.4,30.4,30.4,30.3,30.3,30.3,30.3,30.3,30.3,30.3,30.3,30.3,30.3,30.1,30.1,30.1,30.3,30.5,30.3,30.4,30.5,30.5,30.5,30.6,30.6,30.5,30.1,30.1,29.7,29.6,29.7,29.6,29.5,29.5,29.3,29.3,29.1,28.9,28.7,28.5,28.4,28.1,28.0,27.8,27.7,27.5,27.4,27.3,27.1,27.0,26.9,26.6,26.4,26.0,25.9,25.1,24.3,23.3,23.0,23.0,22.8,23.0,23.1,22.9,23.0,22.9,22.9,22.9,23.0,23.0,23.0,23.0,23.0,23.0,23.1,23.0,23.2,23.1,23.1,23.1,23.1,23.3,23.2,23.2,23.1,23.0,23.3,23.2,23.2,23.1,23.2,23.2,23.2,23.4,23.3,23.3,23.3,23.2,23.4,23.5,23.4,23.3,23.5,23.6,23.5,23.5,23.4,23.6,23.5,23.3,23.5,23.5,23.6,23.6
147,23.2,23.1,23.3,23.0,23.0,23.0,23.0,22.9,23.0,22.9,22.8,22.9,22.8,22.7,22.9,22.7,22.8,22.8,22.8,22.8,22.7,22.6,22.6,22.7,22.8,22.7,22.7,22.7,22.7,22.7,22.7,22.7,22.6,22.7,22.6,22.7,22.7,22.7,22.7,22.8,22.7,22.7,22.9,22.9,22.8,22.9,23.0,23.2,23.8,26.3,28.7,29.5,29.7,29.8,30.0,30.1,30.0,30.3,30.1,30.3,30.3,30.5,30.5,30.5,30.6,30.7,30.7,30.7,30.7,30.7,30.5,30.6,30.5,30.1,30.0,29.3,27.1,24.3,23.4,23.2,23.0,23.3,24.6,26.5,28.7,29.6,29.7,30.0,30.1,30.4,30.4,30.5,30.5,30.6,30.7,30.7,30.9,31.0,31.1,31.2,31.2,31.5,31.3,31.5,31.5,31.5,31.5,31.4,31.4,31.1,30.7,30.5,30.5,30.6,30.5,30.7,30.7,30.7,30.7,30.8,30.7,30.8,30.7,30.7,30.7,30.6,30.7,30.7,30.6,30.7,30.7,30.5,30.5,30.5,30.5,30.5,30.6,30.5,30.5,30.4,30.4,30.4,30.4,30.3,30.3,30.3,30.3,30.4,30.3,30.3,30.1,30.1,30.1,30.4,30.0,30.1,30.1,30.0,30.0,30.0,30.1,30.1,30.3,30.3,30.3,30.5,30.3,30.1,30.1,30.0,30.0,29.8,29.6,29.5,29.5,29.3,29.3,29.3,29.0,28.9,28.8,28.5,28.5,28.2,28.0,27.9,27.7,27.6,27.4,27.3,27.1,27.1,27.0,26.8,26.5,26.1,25.8,25.0,24.3,23.4,23.1,23.0,23.0,22.9,22.9,23.0,22.9,23.0,22.9,22.8,23.0,23.0,22.9,23.0,23.1,23.1,23.0,23.2,23.1,23.2,23.1,23.2,23.1,23.1,23.1,23.1,23.2,23.2,23.2,23.2,23.2,23.2,23.2,23.3,23.4,23.3,23.3,23.3,23.3,23.5,23.4,23.4,23.4,23.5,23.4,23.5,23.6,23.5,23.5,23.5,23.4,23.4,23.6,23.6,23.5,23.5
148,23.2,23.3,23.2,23.0,23.0,22.9,23.0,23.0,22.9,22.8,22.7,22.7,22.8,22.8,22.7,23.0,22.7,22.7,22.8,22.8,22.8,22.7,22.7,22.7,22.7,22.7,22.7,22.8,22.6,22.7,22.7,22.7,22.6,22.6,22.6,22.7,22.8,22.7,22.7,22.7,22.8,22.7,22.7,22.8,22.9,22.9,23.1,23.4,24.0,26.9,28.8,29.5,29.7,29.8,30.0,30.1,30.3,30.3,30.1,30.4,30.4,30.5,30.3,30.5,30.6,30.7,30.7,30.7,30.6,30.7,30.6,30.6,30.6,30.4,30.3,29.7,27.9,24.6,23.2,23.1,22.9,23.2,23.9,25.3,27.9,29.4,29.6,30.0,30.1,30.5,30.5,30.5,30.6,30.6,30.7,30.8,30.8,30.9,31.0,31.1,31.2,31.2,31.2,31.2,31.3,31.2,31.3,31.0,30.9,30.7,30.6,30.6,30.5,30.6,30.6,30.5,30.7,30.7,30.7,30.7,30.7,30.8,30.6,30.7,30.6,30.7,30.6,30.5,30.6,30.6,30.5,30.6,30.5,30.5,30.3,30.5,30.4,30.5,30.4,30.4,30.4,30.3,30.3,30.3,30.1,30.3,30.1,30.3,30.1,30.1,30.1,30.1,30.1,30.3,30.0,30.0,30.0,30.0,30.0,30.0,29.8,29.8,29.8,29.8,30.1,30.0,30.0,30.0,29.8,29.8,29.8,29.7,29.5,29.4,29.3,29.2,29.2,29.1,29.0,28.9,28.8,28.5,28.4,28.2,28.0,28.0,27.7,27.6,27.5,27.3,27.2,27.1,26.8,26.6,26.4,26.1,25.8,25.4,24.2,23.4,23.1,22.9,23.0,23.0,22.9,22.8,22.8,22.9,23.0,23.0,23.0,23.1,22.9,22.9,23.0,23.1,23.1,23.0,23.1,23.2,23.1,23.2,23.1,23.1,23.1,23.2,23.2,23.2,23.2,23.2,23.3,23.3,23.2,23.3,23.3,23.3,23.3,23.3,23.4,23.4,23.3,23.5,23.5,23.4,23.5,23.5,23.4,23.6,23.6,23.6,23.5,23.5,23.6,23.5,23.6,23.6
149,23.0,23.2,23.2,23.1,23.0,23.0,23.0,23.0,22.9,22.9,22.9,22.9,23.0,22.8,22.8,22.8,22.9,22.8,22.9,22.8,22.8,22.8,22.8,22.7,22.7,22.7,22.7,22.8,22.7,22.6,22.7,22.7,22.7,22.8,22.7,22.6,22.8,22.9,22.8,23.0,22.9,22.7,22.8,22.9,22.9,22.8,23.2,23.2,24.1,27.1,28.9,29.5,29.7,29.8,30.0,30.3,30.0,30.0,30.1,30.3,30.3,30.5,30.4,30.5,30.6,30.6,30.6,30.7,30.9,30.7,30.6,30.6,30.6,30.4,30.1,29.7,28.4,25.0,23.4,23.1,23.2,23.1,23.4,24.4,27.1,28.9,29.6,30.0,30.5,30.5,30.6,30.5,30.6,30.7,30.8,30.8,30.8,31.0,31.0,31.1,31.1,31.1,31.0,31.1,31.0,30.8,30.8,30.7,30.8,30.6,30.6,30.6,30.5,30.6,30.6,30.6,30.6,30.6,30.6,30.6,30.7,30.6,30.6,30.7,30.6,30.7,30.6,30.6,30.5,30.6,30.5,30.5,30.5,30.5,30.4,30.5,30.4,30.4,30.3,30.3,30.4,30.4,30.1,30.3,30.1,30.1,30.1,30.1,30.1,30.1,30.0,30.0,30.0,30.0,30.0,29.8,29.8,29.8,29.7,30.0,29.7,29.6,29.7,29.6,29.7,29.6,29.6,29.6,29.7,29.6,29.5,29.3,29.2,29.2,29.2,29.1,29.2,29.0,28.9,28.7,28.7,28.5,28.5,28.2,28.0,28.0,27.8,27.7,27.5,27.3,27.3,26.9,26.9,26.8,26.3,26.1,25.8,25.5,24.3,23.4,23.1,23.0,23.0,22.9,22.9,22.8,22.8,22.8,23.0,23.0,23.0,23.0,22.9,23.1,23.1,23.1,23.0,23.2,23.2,23.2,23.2,23.3,23.3,23.2,23.1,23.2,23.3,23.3,23.3,23.2,23.3,23.3,23.3,23.3,23.3,23.2,23.3,23.4,23.5,23.5,23.5,23.5,23.4,23.5,23.6,23.5,23.6,23.5,23.6,23.6,23.5,23.8,23.5,23.6,23.6,23.6
150,23.3,23.1,23.1,23.2,23.0,23.1,23.0,23.0,23.0,23.0,22.9,22.9,22.9,22.9,23.0,23.0,22.7,22.8,22.9,23.0,22.9,22.7,22.8,22.9,22.6,22.7,22.7,22.8,22.6,22.7,22.7,22.7,22.9,22.7,22.7,22.9,22.8,22.7,22.8,22.7,22.8,22.9,22.9,22.9,22.9,23.0,23.2,23.3,24.7,27.4,28.9,29.5,29.6,29.8,30.0,30.0,30.0,30.0,30.0,30.0,30.1,30.4,30.4,30.6,30.6,30.7,30.5,30.8,30.7,30.6,30.5,30.7,30.5,30.4,30.4,30.0,28.7,26.0,23.6,23.3,23.0,23.2,23.5,23.9,25.8,28.4,29.3,30.1,30.3,30.5,30.6,30.5,30.7,30.7,30.8,30.7,30.8,30.9,30.8,30.8,30.8,30.8,30.8,30.7,30.6,30.6,30.6,30.4,30.5,30.4,30.5,30.5,30.5,30.5,30.5,30.6,30.6,30.6,30.6,30.6,30.6,30.6,30.6,30.6,30.5,30.6,30.6,30.6,30.6,30.6,30.5,30.5,30.6,30.3,30.5,30.3,30.3,30.4,30.4,30.3,30.3,30.3,30.1,30.3,30.1,30.3,30.1,30.0,30.1,30.0,30.0,30.0,30.0,30.0,30.0,30.0,29.8,29.8,29.7,29.6,29.6,29.3,29.5,29.3,29.3,29.4,29.4,29.3,29.3,29.2,29.3,29.1,29.1,29.1,29.1,29.0,29.0,29.0,28.8,28.8,28.8,28.5,28.4,28.1,28.1,28.1,27.8,27.7,27.5,27.4,27.2,27.2,27.0,26.5,26.4,26.2,25.9,25.5,24.4,23.3,23.0,22.9,23.0,22.9,23.0,22.9,23.0,23.0,23.0,23.1,23.0,23.2,23.1,23.1,23.1,23.2,23.1,23.2,23.1,23.2,23.2,23.2,23.2,23.1,23.2,23.2,23.2,23.3,23.3,23.3,23.3,23.3,23.3,23.5,23.5,23.3,23.4,23.5,23.4,23.5,23.8,23.5,23.6,23.5,23.6,23.6,23.5,23.8,23.8,23.6,23.6,23.6,23.8,23.6,23.9,23.6
151,23.1,23.1,23.1,23.1,23.0,23.1,22.9,22.9,22.9,22.9,23.0,23.0,22.9,22.8,22.8,22.8,22.9,22.9,22.7,22.8,22.8,22.7,22.8,22.7,22.7,22.7,22.9,22.7,22.7,22.7,22.7,22.7,22.7,22.7,22.8,22.8,22.8,22.7,22.7,22.8,22.8,22.8,22.7,22.7,23.0,23.1,23.2,23.2,24.5,27.3,28.8,29.4,29.7,29.7,29.8,30.0,30.0,30.0,30.0,30.1,30.1,30.3,30.4,30.6,30.5,30.6,30.7,30.7,30.7,30.6,30.6,30.5,30.6,30.5,30.1,29.7,29.1,26.4,23.9,23.1,23.0,23.1,23.1,23.4,24.6,27.4,29.0,30.0,30.4,30.5,30.5,30.5,30.5,30.6,30.6,30.6,30.6,30.6,30.6,30.7,30.6,30.6,30.6,30.5,30.4,30.3,30.3,30.3,30.4,30.4,30.5,30.4,30.4,30.5,30.6,30.6,30.6,30.6,30.5,30.5,30.6,30.6,30.6,30.6,30.5,30.6,30.5,30.6,30.5,30.5,30.6,30.5,30.5,30.4,30.4,30.5,30.4,30.3,30.1,30.4,30.3,30.4,30.1,30.3,30.1,30.1,30.1,30.0,30.0,30.0,30.0,30.0,30.0,29.8,29.8,29.7,29.7,29.5,29.5,29.4,29.4,29.3,29.3,29.3,29.1,29.0,29.0,29.0,28.8,28.9,28.9,28.7,28.7,28.8,28.7,28.8,28.9,28.8,28.8,28.7,28.5,28.6,28.4,28.2,28.1,27.9,27.8,27.6,27.5,27.3,27.2,26.9,26.9,26.5,26.2,26.1,25.8,25.6,24.6,23.5,23.1,23.0,23.0,22.9,22.9,23.0,23.0,22.8,22.8,23.0,23.0,23.1,23.0,23.0,23.2,23.2,23.0,23.2,23.1,23.3,23.2,23.1,23.2,23.2,23.3,23.2,23.3,23.3,23.3,23.4,23.4,23.3,23.4,23.5,23.5,23.3,23.4,23.5,23.5,23.6,23.5,23.5,23.6,23.5,23.6,23.5,23.6,23.6,23.8,23.8,23.9,23.8,23.6,23.8,23.6,23.6
152,23.1,23.2,23.1,23.0,23.1,23.0,23.1,23.0,23.1,23.0,22.9,23.0,22.9,22.8,23.0,22.8,22.9,23.0,22.8,22.9,22.8,22.8,22.7,22.7,22.8,22.7,22.7,22.8,22.8,22.7,22.7,22.8,22.8,22.7,22.7,22.8,22.8,22.7,22.6,22.7,22.6,22.7,22.7,23.0,22.9,23.1,23.2,23.2,24.5,27.5,28.7,29.4,29.5,29.6,29.7,29.8,29.8,30.0,30.0,30.0,30.4,30.1,30.4,30.5,30.5,30.6,30.6,30.6,30.8,30.7,30.6,30.6,30.6,30.4,30.4,30.0,29.5,27.2,24.3,23.3,23.0,23.2,23.1,23.3,24.1,26.2,28.7,29.8,30.3,30.5,30.5,30.5,30.5,30.5,30.6,30.6,30.5,30.6,30.5,30.6,30.5,30.5,30.3,30.3,30.4,30.3,30.1,30.1,30.4,30.1,30.4,30.5,30.5,30.6,30.6,30.5,30.6,30.6,30.7,30.6,30.6,30.5,30.5,30.6,30.5,30.6,30.6,30.6,30.6,30.6,30.6,30.6,30.5,30.4,30.5,30.3,30.3,30.4,30.3,30.1,30.3,30.1,30.1,30.3,30.1,30.1,30.1,30.0,30.0,30.0,30.0,30.0,29.8,29.8,29.7,29.7,29.5,29.5,29.3,29.4,29.2,29.0,28.9,29.0,28.9,28.8,28.8,28.8,28.8,28.7,28.8,28.6,28.8,28.7,28.6,28.7,28.6,28.6,28.6,28.6,28.5,28.5,28.4,28.2,28.1,28.0,27.9,27.6,27.6,27.4,27.2,27.1,26.8,26.8,26.3,26.3,25.9,25.6,24.4,23.3,23.1,23.0,23.0,23.0,23.1,23.0,22.9,22.9,22.9,23.1,23.1,23.2,23.1,23.1,23.1,23.2,23.1,23.2,23.2,23.3,23.3,23.2,23.3,23.3,23.3,23.3,23.3,23.4,23.5,23.3,23.5,23.6,23.5,23.5,23.4,23.5,23.5,23.8,23.5,23.5,23.8,23.9,23.8,23.5,23.8,23.8,23.8,23.6,23.9,23.9,23.8,23.9,23.9,24.0,23.8,23.6
153,23.0,23.2,23.2,23.2,23.1,23.0,23.1,23.0,23.0,23.0,23.0,23.0,23.0,22.9,22.9,22.9,22.9,22.8,22.9,22.8,22.8,22.9,22.8,22.8,22.8,22.7,22.8,22.6,22.8,22.9,22.9,22.9,22.7,22.9,22.8,22.9,22.7,22.7,22.7,22.7,22.8,22.9,22.9,22.8,22.8,23.1,23.1,23.3,24.9,27.5,28.7,29.3,29.3,29.5,29.7,29.6,29.8,29.8,30.0,30.1,30.1,30.4,30.4,30.4,30.6,30.5,30.6,30.6,30.6,30.7,30.6,30.6,30.6,30.5,30.1,30.0,29.6,27.6,24.3,23.3,23.0,22.9,23.0,23.3,23.4,25.0,28.1,29.7,30.1,30.4,30.4,30.3,30.4,30.4,30.3,30.5,30.3,30.4,30.4,30.4,30.3,30.3,30.1,30.1,30.1,30.0,30.0,30.0,30.1,30.1,30.1,30.3,30.5,30.6,30.5,30.6,30.5,30.6,30.5,30.6,30.5,30.6,30.6,30.5,30.5,30.6,30.5,30.5,30.6,30.5,30.5,30.5,30.5,30.4,30.4,30.3,30.3,30.1,30.3,30.3,30.3,30.1,30.3,30.3,30.3,30.0,30.0,30.0,30.0,30.0,29.8,30.0,29.8,29.8,29.7,29.6,29.3,29.5,29.4,29.2,29.2,29.0,29.0,28.8,28.7,28.7,28.7,28.6,28.5,28.5,28.5,28.5,28.5,28.4,28.4,28.5,28.5,28.5,28.6,28.5,28.5,28.4,28.4,28.2,28.1,28.1,27.8,27.7,27.6,27.4,27.2,27.1,26.9,26.6,26.3,26.0,25.8,25.5,24.8,23.5,23.2,23.0,23.1,22.9,23.0,23.0,23.1,23.1,23.1,23.1,23.2,23.1,23.2,23.1,23.1,23.2,23.2,23.3,23.3,23.3,23.3,23.3,23.3,23.2,23.5,23.5,23.5,23.4,23.5,23.3,23.5,23.5,23.5,23.6,23.6,23.6,23.6,23.6,23.8,23.6,23.8,23.8,23.8,23.9,23.6,23.8,23.9,23.8,23.6,23.8,23.9,23.9,23.9,24.0,23.9,24.0
154,23.3,23.1,23.2,23.1,23.2,23.1,23.1,23.1,23.0,23.0,23.0,23.1,23.0,22.9,23.0,22.9,23.1,22.9,22.9,22.9,23.0,22.9,22.9,22.8,22.7,22.7,22.7,22.9,22.8,22.8,22.9,22.7,22.8,22.7,22.7,22.7,22.9,22.7,22.8,22.8,22.7,22.8,22.8,22.9,23.0,23.0,23.0,23.2,24.7,27.6,28.7,29.2,29.4,29.5,29.6,29.7,29.8,29.7,30.0,30.0,30.3,30.3,30.5,30.5,30.6,30.5,30.6,30.7,30.7,30.6,30.6,30.6,30.6,30.6,30.3,30.1,29.7,28.2,25.1,23.3,22.9,23.0,23.1,23.2,23.5,24.5,27.5,29.3,30.3,30.4,30.1,30.3,30.1,30.4,30.3,30.5,30.4,30.4,30.3,30.3,30.3,30.3,30.1,30.0,29.8,30.0,30.0,30.0,30.0,30.1,30.3,30.5,30.5,30.4,30.6,30.5,30.6,30.5,30.5,30.6,30.5,30.6,30.5,30.6,30.5,30.6,30.6,30.6,30.5,30.6,30.5,30.5,30.5,30.4,30.3,30.5,30.3,30.3,30.3,30.3,30.3,30.3,30.1,30.1,30.1,30.1,30.0,30.0,30.0,29.8,29.8,29.8,29.7,29.7,29.7,29.4,29.5,29.3,29.3,29.0,28.9,28.9,28.8,28.6,28.5,28.5,28.4,28.4,28.4,28.4,28.4,28.2,28.2,28.2,28.1,28.1,28.2,28.4,28.4,28.4,28.4,28.4,28.2,28.1,28.1,28.1,27.9,27.8,27.7,27.6,27.2,27.2,27.0,26.6,26.4,26.0,25.9,25.6,24.9,23.6,23.1,23.2,23.2,23.1,23.1,23.1,23.2,23.1,23.1,23.2,23.2,23.3,23.3,23.3,23.2,23.2,23.2,23.3,23.3,23.2,23.3,23.3,23.3,23.4,23.4,23.3,23.4,23.4,23.5,23.6,23.8,23.5,23.6,23.6,23.6,23.6,23.6,23.8,23.8,23.6,23.6,23.5,24.0,23.8,23.8,23.9,23.9,23.8,23.8,23.9,24.0,23.9,24.0,24.0,23.8,23.9
155,23.3,23.2,23.3,23.2,23.2,23.1,23.1,23.0,23.0,23.0,23.1,23.1,23.0,23.0,23.0,22.9,23.0,23.0,22.9,22.9,23.0,22.9,22.9,23.0,22.7,22.8,22.8,22.9,22.9,22.8,22.7,22.9,22.7,22.9,22.7,22.9,22.7,22.9,23.0,22.7,22.9,23.0,22.9,23.0,22.9,23.0,23.2,23.3,24.6,27.7,28.7,29.3,29.5,29.5,29.6,29.8,29.7,30.0,30.0,30.0,30.3,30.5,30.5,30.6,30.6,30.6,30.6,30.6,30.6,30.6,30.5,30.6,30.6,30.5,30.1,30.1,29.6,28.4,25.1,23.5,23.0,23.1,23.0,23.2,23.2,24.3,26.8,29.1,30.0,30.0,30.1,30.1,30.3,30.1,30.3,30.3,30.3,30.3,30.3,30.3,30.1,30.0,30.0,30.0,30.0,30.0,29.8,30.0,30.0,30.0,30.1,30.4,30.5,30.5,30.6,30.5,30.6,30.6,30.6,30.6,30.6,30.5,30.6,30.6,30.6,30.6,30.6,30.5,30.6,30.5,30.5,30.4,30.4,30.4,30.3,30.3,30.4,30.3,30.3,30.3,30.4,30.1,30.3,30.1,30.1,30.0,30.0,30.0,29.8,29.8,29.8,29.7,29.7,29.7,29.5,29.5,29.4,29.3,29.2,29.0,28.9,28.7,28.7,28.5,28.4,28.4,28.4,28.1,28.1,28.1,28.1,28.1,28.1,27.9,28.0,28.0,28.1,28.1,28.0,28.1,28.1,28.1,28.2,28.1,27.9,28.0,27.8,27.9,27.7,27.4,27.4,27.2,26.9,26.6,26.4,26.0,25.8,25.4,24.8,24.1,23.5,23.1,23.1,23.2,23.2,23.2,23.1,23.1,23.2,23.2,23.3,23.2,23.2,23.2,23.3,23.2,23.2,23.4,23.2,23.3,23.3,23.3,23.4,23.3,23.4,23.3,23.5,23.5,23.5,23.5,23.5,23.6,23.6,23.5,23.6,23.6,23.6,23.6,23.6,23.6,23.5,23.8,24.0,23.9,23.9,24.0,23.6,23.9,24.0,24.0,24.0,24.0,24.0,23.9,24.1,24.0
156,23.3,23.3,23.2,23.2,23.3,23.1,23.3,23.1,23.0,22.9,23.1,23.0,23.0,23.0,23.0,23.0,23.1,23.0,23.1,22.8,23.0,23.0,23.0,22.9,22.7,23.0,22.8,22.9,23.0,22.9,22.9,22.9,22.8,22.8,22.8,22.8,22.7,23.0,22.8,23.0,22.9,22.8,23.0,22.8,23.0,23.0,23.2,23.4,24.8,27.7,28.8,29.1,29.3,29.3,29.6,29.7,29.7,30.0,30.1,30.1,30.1,30.5,30.4,30.5,30.6,30.6,30.7,30.7,30.7,30.6,30.7,30.6,30.6,30.5,30.5,30.1,30.1,28.9,25.6,23.6,23.1,23.1,23.1,23.1,23.2,24.0,26.4,28.9,30.0,30.1,30.1,30.1,30.0,30.1,30.0,30.1,30.1,30.1,30.3,30.1,30.1,30.0,30.0,29.8,29.8,30.0,29.8,30.0,30.1,30.0,30.1,30.3,30.1,30.5,30.5,30.5,30.5,30.5,30.6,30.6,30.5,30.5,30.6,30.6,30.6,30.5,30.5,30.6,30.5,30.6,30.5,30.5,30.4,30.4,30.5,30.4,30.5,30.4,30.4,30.3,30.3,30.3,30.1,30.0,30.1,30.0,30.0,29.8,29.8,29.8,29.8,29.7,29.6,29.6,29.5,29.4,29.3,29.1,29.0,28.7,28.8,28.6,28.5,28.5,28.4,28.2,28.2,28.1,28.1,28.0,28.0,28.0,27.9,28.1,28.0,27.9,28.1,28.0,28.0,28.0,28.1,27.9,28.0,28.1,27.8,27.9,27.7,27.8,27.6,27.6,27.3,27.1,27.1,26.8,26.5,26.3,25.8,25.6,24.9,24.0,23.3,23.2,23.3,23.2,23.3,23.2,23.2,23.2,23.2,23.2,23.3,23.2,23.2,23.3,23.3,23.3,23.3,23.3,23.3,23.3,23.3,23.5,23.4,23.4,23.3,23.5,23.5,23.5,23.6,23.6,23.5,23.5,23.6,23.6,23.5,24.0,23.8,23.8,23.8,23.9,23.8,23.8,24.0,23.9,24.0,23.9,24.0,24.0,24.0,24.1,24.0,24.0,24.0,24.1,24.1,24.2
157,23.3,23.2,23.3,23.2,23.3,23.2,23.2,23.2,23.1,23.1,23.1,23.1,23.0,23.1,23.0,23.1,23.0,23.0,23.0,23.1,23.2,23.0,23.1,22.9,22.9,23.0,22.8,23.0,22.8,23.0,22.9,23.0,22.9,22.9,23.1,22.8,22.8,23.0,23.1,22.9,22.9,23.0,23.1,23.0,23.0,23.0,23.1,23.3,24.7,27.5,28.9,29.0,29.2,29.3,29.4,29.7,29.7,29.8,30.0,30.0,30.3,30.3,30.5,30.4,30.4,30.6,30.5,30.7,30.7,30.6,30.5,30.6,30.6,30.5,30.5,30.1,30.0,28.9,25.9,24.0,23.2,23.1,23.0,23.1,23.3,23.6,25.7,28.7,29.6,30.0,30.0,30.1,30.0,30.0,30.3,30.1,30.0,30.1,30.1,30.1,30.0,30.0,29.8,29.8,29.8,29.8,30.0,29.8,30.0,30.0,30.0,30.3,30.3,30.3,30.5,30.5,30.5,30.5,30.5,30.5,30.5,30.6,30.6,30.5,30.5,30.6,30.6,30.5,30.6,30.6,30.6,30.5,30.5,30.4,30.5,30.5,30.4,30.5,30.5,30.4,30.4,30.5,30.3,30.3,30.1,30.0,30.0,30.0,29.8,29.7,29.7,29.7,29.6,29.5,29.3,29.4,29.1,29.0,29.0,28.9,28.6,28.5,28.4,28.4,28.1,28.2,28.1,28.1,28.1,28.0,27.8,28.0,27.9,27.9,28.1,27.8,27.9,27.9,27.9,28.1,27.9,27.9,28.0,27.8,27.8,27.8,27.6,27.5,27.6,27.5,27.3,27.3,27.1,26.8,26.5,26.3,26.0,25.8,25.1,24.1,23.4,23.3,23.2,23.3,23.2,23.3,23.2,23.3,23.1,23.0,23.2,23.1,23.2,23.3,23.3,23.2,23.3,23.3,23.3,23.4,23.3,23.5,23.4,23.4,23.5,23.4,23.5,23.6,23.5,23.6,23.5,23.5,23.6,23.5,23.6,23.9,23.6,23.8,23.9,23.6,23.8,23.6,23.9,24.0,23.9,23.9,23.9,24.0,23.9,24.0,24.0,24.0,24.0,24.1,24.0,24.0
158,23.2,23.3,23.3,23.3,23.3,23.3,23.3,23.1,23.1,23.1,23.0,23.2,23.1,23.1,23.1,23.0,23.0,23.1,23.0,23.1,23.0,23.1,23.1,23.0,23.1,23.0,23.0,22.9,23.0,23.0,22.9,23.1,23.0,23.0,23.0,23.0,22.9,22.9,23.1,22.9,23.0,23.1,23.0,23.0,23.1,23.0,23.3,23.4,24.6,27.4,28.7,29.0,29.2,29.4,29.4,29.7,29.7,30.1,30.3,30.0,30.1,30.3,30.4,30.5,30.5,30.5,30.6,30.7,30.6,30.6,30.5,30.6,30.6,30.5,30.4,30.1,30.1,29.0,26.5,24.0,23.2,23.2,23.2,23.2,23.3,23.9,25.5,28.6,29.6,30.0,30.0,30.1,30.0,30.1,30.1,30.1,30.0,30.0,30.0,30.0,29.8,29.8,29.8,29.8,29.7,29.8,29.7,29.8,30.0,30.0,30.1,30.1,30.3,30.3,30.4,30.5,30.5,30.5,30.4,30.5,30.5,30.6,30.5,30.5,30.6,30.5,30.6,30.6,30.6,30.5,30.6,30.5,30.4,30.4,30.5,30.5,30.4,30.4,30.5,30.5,30.3,30.5,30.4,30.1,30.0,30.1,30.0,30.0,29.7,29.8,29.6,29.6,29.6,29.5,29.3,29.2,29.0,28.9,28.7,28.7,28.5,28.5,28.2,28.2,28.1,28.0,27.9,28.0,27.9,27.9,27.8,27.9,27.9,27.8,27.9,28.0,27.9,27.9,27.9,27.9,28.0,27.8,27.7,27.7,27.7,27.7,27.5,27.5,27.4,27.3,27.3,27.1,27.1,26.8,26.6,26.3,26.1,25.8,25.0,24.3,23.5,23.3,23.2,23.2,23.2,23.3,23.3,23.4,23.2,23.3,23.3,23.3,23.3,23.3,23.4,23.3,23.3,23.3,23.3,23.5,23.4,23.3,23.5,23.5,23.5,23.4,23.5,23.5,23.6,23.6,23.5,23.8,23.9,23.9,24.0,23.9,23.9,23.8,23.9,23.9,23.9,23.6,24.0,24.0,23.9,24.0,23.9,23.9,24.0,24.1,24.1,24.0,24.1,24.1,24.0,24.0
159,23.2,23.3,23.2,23.3,23.3,23.2,23.2,23.1,23.1,23.1,23.1,23.1,23.1,23.1,23.1,23.1,23.1,23.1,23.2,23.1,23.1,23.0,23.1,23.1,23.1,23.0,23.0,23.1,22.8,22.9,23.0,23.1,23.1,23.0,23.0,23.0,23.0,23.1,23.0,23.0,23.0,23.0,23.0,23.2,23.1,23.2,23.3,23.4,24.5,27.4,28.7,29.0,29.3,29.3,29.4,29.6,29.8,30.1,30.0,30.4,30.5,30.4,30.4,30.4,30.5,30.5,30.6,30.6,30.7,30.6,30.5,30.6,30.6,30.5,30.5,30.3,30.4,29.5,26.8,24.3,23.2,23.2,23.1,23.1,23.3,23.6,25.0,28.5,29.6,30.1,30.0,30.1,30.0,30.0,30.1,30.0,30.0,29.8,30.0,30.0,29.8,29.7,29.7,29.7,29.6,29.7,29.7,29.8,29.8,30.0,30.1,30.3,30.3,30.4,30.5,30.6,30.5,30.6,30.5,30.6,30.6,30.5,30.6,30.5,30.5,30.5,30.6,30.5,30.5,30.7,30.6,30.5,30.5,30.5,30.6,30.5,30.5,30.5,30.6,30.4,30.4,30.3,30.3,30.3,30.0,30.0,30.1,29.8,29.8,29.8,29.7,29.6,29.5,29.4,29.3,29.2,29.0,28.9,28.9,28.6,28.5,28.4,28.4,28.1,28.1,28.0,28.0,28.0,27.8,27.7,27.8,27.7,27.9,27.6,27.7,27.7,27.8,27.7,27.7,28.0,27.8,27.7,27.9,27.5,27.6,27.6,27.5,27.5,27.3,27.2,27.3,27.2,27.0,26.9,26.5,26.2,26.1,25.8,25.5,24.7,23.5,23.3,23.3,23.2,23.4,23.3,23.3,23.2,23.2,23.3,23.2,23.3,23.4,23.2,23.3,23.3,23.3,23.4,23.3,23.4,23.4,23.4,23.5,23.5,23.5,23.5,23.5,23.5,23.6,23.5,23.8,23.6,24.0,23.6,23.9,23.8,23.8,24.0,23.8,23.9,23.8,23.9,23.9,24.0,24.0,24.1,24.0,24.0,24.0,24.0,24.0,24.1,24.2,24.1,24.1,23.9
160,23.3,23.2,23.3,23.3,23.3,23.2,23.1,23.1,23.1,23.1,23.0,23.1,23.0,23.2,23.2,23.0,23.0,23.1,23.1,23.1,23.1,23.1,23.1,23.0,23.1,23.1,22.9,23.1,23.0,23.0,22.9,23.1,23.0,23.1,23.0,22.9,22.9,23.0,23.0,23.0,23.0,22.9,23.0,23.2,23.0,23.1,23.3,23.5,24.4,26.9,28.4,29.0,29.3,29.5,29.4,29.8,29.8,30.0,30.3,30.3,30.1,30.3,30.3,30.5,30.6,30.5,30.6,30.6,30.6,30.6,30.6,30.6,30.6,30.6,30.5,30.3,30.4,29.3,27.2,24.4,23.3,23.2,23.1,23.1,23.3,23.5,24.9,27.6,29.5,30.0,30.0,30.1,30.1,30.0,30.0,30.0,30.0,30.0,30.0,30.0,29.7,29.7,29.7,29.7,29.8,29.8,29.7,29.7,29.8,30.0,30.0,30.1,30.3,30.4,30.4,30.6,30.5,30.5,30.6,30.5,30.6,30.5,30.5,30.5,30.5,30.6,30.5,30.5,30.6,30.5,30.5,30.6,30.6,30.6,30.6,30.6,30.5,30.6,30.5,30.5,30.5,30.3,30.4,30.1,30.1,30.1,30.0,30.0,29.8,29.8,29.7,29.7,29.5,29.4,29.3,29.2,28.9,28.9,28.7,28.6,28.5,28.2,28.2,28.1,28.1,28.0,27.9,27.7,27.8,27.8,27.7,27.6,27.7,27.6,27.7,27.6,27.6,27.6,27.7,27.6,27.8,27.7,27.6,27.6,27.6,27.5,27.5,27.5,27.3,27.3,27.2,27.0,26.9,26.4,26.4,26.3,26.0,25.8,25.6,24.6,23.6,23.3,23.3,23.2,23.3,23.2,23.3,23.3,23.2,23.2,23.3,23.3,23.3,23.4,23.3,23.5,23.3,23.4,23.4,23.5,23.4,23.5,23.5,23.5,23.6,23.6,23.6,23.6,23.6,23.6,23.6,23.8,23.8,23.8,23.8,23.8,23.6,23.8,23.8,24.0,24.0,23.9,23.8,24.0,24.0,23.9,23.9,24.1,24.0,24.1,24.1,24.1,24.1,24.1,24.2,24.1
161,23.4,23.3,23.2,23.3,23.3,23.3,23.1,23.2,23.2,23.2,23.1,23.2,23.1,23.1,23.1,23.2,23.1,23.1,23.1,23.1,23.1,23.1,23.1,23.1,23.1,23.0,23.0,23.1,23.1,23.0,23.0,23.0,23.0,23.0,23.0,23.1,23.0,23.2,23.0,23.0,23.1,22.8,23.0,23.1,23.1,23.1,23.2,23.3,24.1,27.1,28.7,29.0,29.3,29.4,29.5,29.8,30.0,30.1,30.1,30.3,30.1,30.3,30.3,30.5,30.5,30.5,30.5,30.4,30.6,30.6,30.6,30.7,30.6,30.6,30.5,30.5,30.1,29.4,27.6,24.3,23.3,23.2,23.2,23.2,23.3,23.5,24.5,27.5,29.5,30.0,30.3,30.0,30.0,30.0,30.0,30.0,29.8,29.8,30.0,30.0,29.7,29.7,29.7,29.7,29.6,29.7,29.7,29.7,29.8,29.8,30.0,30.1,30.3,30.3,30.5,30.5,30.6,30.5,30.5,30.6,30.7,30.7,30.6,30.6,30.6,30.5,30.5,30.5,30.6,30.6,30.7,30.7,30.6,30.7,30.6,30.5,30.6,30.5,30.5,30.5,30.5,30.4,30.3,30.3,30.0,30.1,30.1,30.0,29.8,29.8,29.7,29.6,29.4,29.3,29.4,29.1,29.0,28.9,28.7,28.7,28.4,28.1,28.1,28.1,28.1,27.9,27.7,27.7,27.7,27.7,27.7,27.6,27.5,27.6,27.6,27.5,27.5,27.6,27.5,27.6,27.6,27.6,27.6,27.5,27.5,27.5,27.3,27.4,27.4,27.2,27.2,27.1,26.8,26.4,26.3,26.2,25.9,25.8,25.6,24.6,23.6,23.4,23.4,23.3,23.3,23.3,23.3,23.3,23.4,23.3,23.3,23.3,23.3,23.3,23.4,23.3,23.5,23.5,23.5,23.5,23.5,23.5,23.5,23.5,23.5,23.6,23.8,23.5,23.6,23.6,23.6,23.8,23.9,23.9,23.8,23.9,23.5,23.9,24.0,23.8,23.9,23.9,24.0,23.9,24.1,24.2,24.0,24.0,24.1,24.1,24.2,24.3,24.3,24.3,24.3,24.2
162,23.0,23.4,23.3,23.3,23.3,23.3,23.3,23.2,23.2,23.2,23.2,23.3,23.1,23.2,23.2,23.1,23.1,23.1,23.0,23.1,23.1,23.1,23.0,23.1,23.1,23.1,23.0,23.0,22.9,23.1,23.0,23.0,23.0,23.0,23.0,23.0,23.0,23.0,23.1,22.9,23.0,23.0,23.1,23.0,23.0,23.0,23.2,23.2,24.1,26.2,28.2,28.9,29.3,29.2,29.5,29.8,30.0,30.1,30.3,30.4,30.3,30.3,30.3,30.5,30.5,30.5,30.6,30.6,30.6,30.6,30.6,30.7,30.7,30.7,30.6,30.5,30.3,29.7,27.7,24.5,23.3,23.1,23.2,23.1,23.3,23.5,24.1,27.1,29.3,30.0,30.3,30.1,30.0,30.0,30.0,30.0,29.8,30.0,30.0,30.0,29.8,29.8,29.7,29.6,29.7,29.7,29.7,29.7,30.0,30.0,30.1,30.1,30.3,30.4,30.5,30.6,30.6,30.6,30.6,30.5,30.6,30.6,30.5,30.5,30.5,30.5,30.6,30.6,30.6,30.7,30.6,30.7,30.7,30.5,30.5,30.6,30.6,30.6,30.6,30.5,30.6,30.4,30.5,30.1,30.1,30.0,29.8,30.0,29.8,29.7,29.6,29.7,29.5,29.4,29.3,29.0,28.9,28.9,28.7,28.6,28.5,28.2,28.4,28.0,28.0,27.9,27.9,27.8,27.7,27.7,27.6,27.6,27.5,27.5,27.5,27.4,27.4,27.6,27.5,27.5,27.6,27.6,27.6,27.5,27.6,27.5,27.5,27.3,27.5,27.2,27.2,27.1,26.9,26.5,26.3,26.2,25.9,25.8,25.5,24.8,23.6,23.3,23.3,23.1,23.2,23.3,23.3,23.2,23.4,23.3,23.3,23.4,23.4,23.3,23.3,23.4,23.5,23.3,23.4,23.4,23.6,23.6,23.5,23.5,23.5,23.6,23.6,23.5,23.5,23.6,23.6,23.9,23.8,23.9,23.8,23.6,23.9,24.0,24.0,24.0,24.0,23.9,24.0,24.1,24.0,24.0,24.0,24.1,24.2,24.2,24.3,24.3,24.3,24.3,24.3,24.2
163,23.4,23.4,23.2,23.3,23.3,23.3,23.2,23.2,23.2,23.2,23.2,23.1,23.0,23.2,23.2,23.1,23.1,23.1,23.1,23.1,23.1,23.0,23.1,23.1,23.1,23.0,23.1,23.1,23.0,23.1,22.9,23.0,23.0,23.0,23.0,23.0,23.1,23.0,23.0,23.0,23.1,23.0,23.0,23.1,23.1,23.2,23.3,23.3,24.0,25.8,28.1,28.7,29.3,29.4,29.5,29.8,30.0,30.3,30.3,30.3,30.4,30.3,30.4,30.5,30.5,30.6,30.6,30.6,30.5,30.6,30.6,30.7,30.7,30.5,30.7,30.6,30.5,29.6,27.8,24.7,23.5,23.2,23.1,23.1,23.2,23.3,24.1,27.1,29.2,30.1,30.1,30.1,30.0,30.0,30.1,29.8,30.0,30.0,30.0,29.8,29.8,29.8,29.7,29.8,29.7,30.0,29.8,29.8,30.0,30.0,30.3,30.3,30.3,30.5,30.5,30.5,30.6,30.6,30.6,30.6,30.6,30.6,30.5,30.6,30.6,30.6,30.6,30.6,30.7,30.7,30.8,30.7,30.7,30.7,30.7,30.6,30.6,30.7,30.7,30.6,30.6,30.5,30.4,30.3,30.1,30.0,30.1,30.0,29.8,29.8,29.7,29.6,29.6,29.5,29.3,29.2,28.9,28.8,28.8,28.5,28.4,28.2,28.1,28.1,27.9,27.8,27.9,27.7,27.7,27.7,27.6,27.5,27.5,27.5,27.4,27.5,27.5,27.5,27.4,27.5,27.4,27.5,27.6,27.5,27.5,27.5,27.5,27.3,27.3,27.2,27.3,27.1,27.1,26.5,26.5,26.2,26.0,25.8,25.6,24.8,23.8,23.5,23.3,23.2,23.3,23.3,23.3,23.3,23.3,23.4,23.4,23.3,23.5,23.3,23.5,23.5,23.5,23.5,23.5,23.5,23.6,23.5,23.6,23.6,23.8,23.8,24.0,23.8,23.9,23.6,23.8,23.9,24.0,23.8,24.0,24.1,23.9,24.1,24.0,24.0,24.1,24.0,24.0,24.1,24.3,24.2,24.1,24.3,24.1,24.3,24.3,24.3,24.4,24.4,24.5,24.5
164,23.3,23.5,23.3,23.3,23.3,23.3,23.4,23.3,23.3,23.2,23.2,23.2,23.2,23.2,23.1,23.2,23.0,23.1,23.1,23.1,23.1,23.2,23.1,23.1,23.1,23.0,23.0,23.0,23.1,23.1,23.1,22.9,23.0,23.0,22.9,23.1,23.1,22.9,23.0,23.0,23.1,22.9,23.1,23.1,23.1,23.1,23.2,23.3,23.5,25.3,27.5,28.5,29.2,29.5,29.7,30.0,30.1,30.3,30.4,30.3,30.3,30.5,30.6,30.5,30.6,30.6,30.6,30.6,30.6,30.5,30.7,30.7,30.8,30.7,30.7,30.6,30.5,29.8,28.0,24.7,23.5,23.1,23.0,23.0,23.2,23.4,23.5,26.5,29.1,30.1,30.1,30.3,30.0,30.0,30.0,29.8,30.0,30.0,30.0,30.0,30.0,29.8,29.8,29.7,29.8,29.8,30.0,30.0,30.0,30.0,30.1,30.3,30.4,30.5,30.6,30.6,30.6,30.6,30.6,30.6,30.6,30.7,30.6,30.5,30.6,30.7,30.6,30.6,30.7,30.6,30.7,30.7,30.7,30.7,30.7,30.6,30.6,30.6,30.6,30.6,30.6,30.5,30.4,30.3,30.1,30.1,30.0,30.0,30.0,29.8,29.7,29.7,29.6,29.5,29.3,29.3,28.9,28.9,28.7,28.5,28.5,28.2,28.1,27.9,27.9,27.9,27.7,27.8,27.6,27.5,27.5,27.5,27.3,27.4,27.5,27.5,27.4,27.5,27.5,27.4,27.5,27.5,27.5,27.5,27.5,27.5,27.5,27.4,27.3,27.4,27.2,27.0,26.9,26.8,26.4,26.3,26.0,25.8,25.4,24.9,23.8,23.5,23.3,23.3,23.4,23.3,23.3,23.3,23.4,23.4,23.4,23.5,23.5,23.4,23.5,23.5,23.5,23.6,23.6,23.6,23.8,23.8,23.9,23.9,23.8,23.9,23.8,23.6,23.8,23.9,24.0,24.0,24.0,24.1,24.0,24.0,24.0,24.1,24.1,24.1,24.0,24.1,24.1,24.2,24.1,24.3,24.3,24.2,24.3,24.4,24.4,24.5,24.5,24.5,24.5,24.5
165,23.4,23.4,23.3,23.3,23.3,23.4,23.3,23.4,23.3,23.2,23.2,23.1,23.1,23.2,23.0,23.0,23.1,23.0,23.2,23.1,23.1,23.1,23.1,23.1,23.0,23.1,23.0,23.0,23.0,23.0,23.0,22.9,22.8,22.7,22.8,23.0,22.9,23.1,23.0,23.1,23.1,23.1,23.1,23.2,23.1,23.2,23.2,23.3,23.3,24.5,27.1,28.6,29.0,29.5,29.8,30.1,30.1,30.4,30.4,30.4,30.4,30.6,30.5,30.6,30.6,30.7,30.7,30.6,30.6,30.6,30.8,30.8,30.8,30.9,30.6,30.6,30.6,29.8,28.2,24.8,23.4,23.1,23.1,23.2,23.2,23.3,24.1,25.8,28.8,30.0,30.1,30.1,30.1,30.0,30.0,29.8,30.0,29.7,30.0,29.8,29.8,30.0,29.8,30.0,30.0,30.0,30.0,30.0,30.0,30.1,30.1,30.3,30.4,30.6,30.6,30.6,30.6,30.6,30.6,30.6,30.6,30.7,30.6,30.6,30.6,30.6,30.7,30.7,30.7,30.6,30.7,30.7,30.8,30.7,30.8,30.7,30.7,30.7,30.6,30.6,30.5,30.5,30.5,30.3,30.3,30.1,30.0,30.0,30.0,30.0,29.8,29.6,29.6,29.5,29.4,29.3,29.0,28.8,28.6,28.5,28.4,28.1,28.1,28.1,27.9,27.9,27.7,27.7,27.6,27.6,27.5,27.4,27.4,27.5,27.4,27.4,27.3,27.4,27.3,27.4,27.4,27.4,27.5,27.5,27.5,27.5,27.5,27.5,27.5,27.3,27.2,27.2,27.0,26.8,26.5,26.3,26.0,25.8,25.6,24.8,24.2,23.5,23.3,23.3,23.4,23.3,23.3,23.3,23.4,23.4,23.5,23.4,23.5,23.5,23.5,23.6,23.5,23.5,23.6,23.8,23.9,23.8,24.0,24.0,23.9,23.9,24.1,23.9,24.0,23.8,24.1,24.1,24.1,24.0,24.1,24.1,24.1,24.2,24.2,24.1,24.1,24.3,24.3,24.2,24.2,24.3,24.3,24.3,24.3,24.4,24.5,24.5,24.5,24.5,24.6,24.6
166,23.3,23.4,23.4,23.4,23.5,23.4,23.4,23.3,23.5,23.3,23.3,23.2,23.1,23.0,23.2,23.2,23.1,23.1,23.1,23.0,23.1,23.1,23.2,23.1,23.0,23.0,23.1,23.1,23.0,23.1,23.0,23.1,22.8,22.9,23.0,23.1,23.0,23.0,23.1,23.1,23.1,23.1,23.1,23.2,23.0,23.0,23.3,23.3,23.8,24.2,26.8,28.2,29.2,29.7,30.0,30.3,30.3,30.5,30.5,30.3,30.5,30.5,30.5,30.4,30.6,30.6,30.6,30.5,30.7,30.7,30.6,30.8,30.9,30.8,30.8,30.9,30.5,30.0,28.5,25.0,23.6,23.2,23.1,23.0,23.1,23.2,23.8,25.6,28.9,30.0,30.0,30.3,30.1,30.0,30.0,30.0,29.8,30.0,30.0,30.0,30.0,30.0,30.1,30.0,30.0,30.1,30.0,30.1,30.1,30.1,30.4,30.4,30.5,30.5,30.5,30.5,30.6,30.7,30.7,30.8,30.7,30.7,30.7,30.7,30.7,30.6,30.7,30.7,30.7,30.7,30.7,30.8,30.7,30.8,30.8,30.7,30.7,30.6,30.7,30.6,30.6,30.6,30.4,30.4,30.3,30.3,30.0,30.0,30.0,29.8,29.8,29.7,29.5,29.6,29.5,29.3,29.0,28.8,28.9,28.6,28.4,28.2,28.1,27.9,27.9,27.8,27.7,27.7,27.6,27.7,27.5,27.5,27.5,27.3,27.3,27.3,27.3,27.3,27.3,27.4,27.3,27.5,27.5,27.5,27.5,27.5,27.5,27.5,27.5,27.3,27.3,27.2,27.1,27.0,26.8,26.3,26.3,25.9,25.8,24.9,24.2,23.6,23.5,23.5,23.5,23.5,23.3,23.4,23.4,23.4,23.5,23.5,23.5,23.5,23.5,23.5,23.5,23.9,23.9,24.0,24.0,24.0,23.9,24.0,23.9,24.1,23.9,24.0,24.0,24.0,24.1,24.0,24.2,24.2,24.3,24.2,24.2,24.3,24.2,24.3,24.3,24.1,24.4,24.4,24.5,24.5,24.5,24.5,24.5,24.5,24.6,24.7,24.6,24.6,24.6,24.6
167,23.3,23.4,23.5,23.3,23.5,23.4,23.4,23.4,23.3,23.3,23.2,23.2,23.1,23.2,23.2,23.2,23.1,23.1,23.2,23.1,23.1,23.1,23.1,23.1,23.1,23.1,23.0,23.1,23.1,23.1,23.0,23.0,22.9,22.9,22.9,23.0,23.0,23.0,23.1,23.1,23.1,23.1,23.2,23.0,23.2,23.2,23.2,23.4,23.5,23.9,25.8,27.9,29.3,29.7,29.8,30.3,30.5,30.5,30.6,30.6,30.5,30.5,30.5,30.5,30.5,30.6,30.5,30.6,30.6,30.7,30.6,30.8,30.8,30.8,30.7,30.7,30.5,30.3,28.6,25.3,23.5,23.2,23.2,23.1,23.2,23.3,23.6,25.4,28.8,30.0,30.1,30.4,30.0,30.1,30.1,30.0,30.0,30.1,30.0,30.0,30.0,30.1,30.1,30.1,30.1,30.3,30.1,30.1,30.1,30.4,30.4,30.5,30.5,30.5,30.6,30.6,30.6,30.6,30.8,30.7,30.7,30.9,30.7,30.7,30.7,30.6,30.7,30.6,30.8,30.7,30.8,30.8,30.8,30.8,30.8,30.8,30.8,30.7,30.7,30.8,30.7,30.7,30.4,30.4,30.3,30.3,30.1,30.0,30.0,30.0,29.8,30.0,29.8,29.6,29.5,29.5,29.2,29.0,28.8,28.6,28.5,28.1,28.1,28.0,27.9,27.8,27.7,27.7,27.6,27.6,27.5,27.4,27.3,27.5,27.4,27.3,27.3,27.3,27.3,27.3,27.3,27.4,27.5,27.5,27.5,27.4,27.5,27.4,27.5,27.4,27.3,27.2,27.2,27.1,26.9,26.5,26.2,25.8,25.6,25.3,24.4,23.8,23.5,23.5,23.5,23.6,23.5,23.6,23.5,23.4,23.5,23.5,23.5,23.6,23.6,23.6,23.9,24.0,24.0,24.0,24.0,24.1,24.0,24.1,24.1,24.1,24.1,24.2,24.1,24.2,24.2,24.3,24.1,24.3,24.3,24.3,24.3,24.3,24.5,24.4,24.3,24.4,24.5,24.6,24.6,24.6,24.6,24.6,24.7,24.6,24.7,24.7,24.9,24.9,25.0,24.9
168,23.5,23.5,23.6,23.5,23.5,23.4,23.4,23.4,23.5,23.3,23.3,23.2,23.3,23.3,23.2,23.3,23.1,23.2,23.1,23.1,23.2,23.2,23.2,23.2,23.0,23.1,23.2,23.1,23.1,23.0,23.0,22.9,23.0,22.9,23.1,23.0,23.0,23.1,23.1,23.1,23.2,23.1,23.1,23.3,23.1,23.2,23.2,23.3,23.4,23.5,25.3,27.5,29.2,29.8,30.0,30.3,30.4,30.6,30.5,30.3,30.4,30.4,30.3,30.4,30.5,30.4,30.4,30.6,30.6,30.6,30.6,30.6,30.7,30.7,30.5,30.6,30.6,29.8,29.0,25.4,23.6,23.1,23.0,23.1,23.3,23.3,23.3,25.3,28.1,30.0,30.1,30.1,30.0,30.0,30.0,30.0,30.0,30.0,30.0,30.0,30.0,30.1,30.0,30.1,30.1,30.3,30.1,30.1,30.3,30.5,30.4,30.5,30.5,30.5,30.6,30.6,30.6,30.7,30.8,30.8,30.8,30.8,30.7,30.7,30.7,30.7,30.7,30.7,30.8,30.7,30.7,30.8,30.8,30.9,30.9,30.9,30.8,30.7,30.8,30.7,30.7,30.5,30.5,30.5,30.3,30.1,30.1,30.1,29.8,30.0,29.8,30.0,29.7,29.6,29.5,29.3,29.3,29.0,28.9,28.7,28.5,28.2,28.1,28.1,27.9,27.8,27.7,27.7,27.6,27.5,27.5,27.5,27.3,27.4,27.2,27.3,27.3,27.3,27.2,27.3,27.3,27.4,27.4,27.5,27.4,27.5,27.5,27.5,27.4,27.4,27.3,27.3,27.1,27.2,26.9,26.5,26.2,26.0,25.6,25.3,24.6,24.0,23.5,23.6,23.6,23.6,23.6,23.6,23.8,23.5,23.6,23.8,23.5,23.8,23.9,24.0,23.8,23.9,24.1,23.9,24.0,24.2,24.1,24.2,24.2,24.3,24.3,24.3,24.3,24.2,24.3,24.4,24.2,24.3,24.3,24.3,24.3,24.3,24.4,24.5,24.4,24.5,24.5,24.6,24.7,24.8,24.8,24.8,24.8,24.9,24.9,24.9,24.8,25.0,24.9,25.1
169,23.3,23.5,23.5,23.6,23.5,23.5,23.6,23.5,23.5,23.3,23.3,23.3,23.3,23.4,23.3,23.2,23.2,23.2,23.1,23.2,23.2,23.2,23.0,23.2,23.1,23.1,23.1,23.1,23.1,23.1,23.0,22.9,23.1,23.2,23.0,23.1,23.0,23.0,23.0,23.1,23.1,23.1,23.1,23.1,23.1,23.1,23.3,23.2,23.4,23.5,24.5,27.1,28.9,29.7,29.8,30.3,30.0,30.3,30.1,30.1,30.1,30.1,30.1,30.3,30.4,30.3,30.3,30.4,30.3,30.4,30.3,30.5,30.6,30.5,30.5,30.5,30.5,30.0,28.9,25.7,23.8,23.2,23.2,23.1,23.2,23.4,23.5,24.8,28.1,29.8,30.3,30.1,30.1,30.0,30.0,30.0,30.0,29.8,30.0,30.0,30.0,30.1,30.1,30.0,30.3,30.1,30.3,30.3,30.4,30.4,30.5,30.5,30.5,30.5,30.6,30.6,30.6,30.6,30.7,30.8,30.8,30.8,30.8,30.8,30.7,30.8,30.7,30.8,30.7,30.8,30.6,30.8,30.8,30.8,30.7,30.8,30.7,30.8,30.8,30.7,30.7,30.7,30.5,30.3,30.3,30.1,30.1,30.1,30.0,30.0,30.0,29.8,30.0,29.8,29.6,29.5,29.3,29.0,28.7,28.6,28.4,28.2,28.2,27.9,27.9,27.8,27.6,27.7,27.6,27.5,27.3,27.4,27.4,27.3,27.2,27.2,27.3,27.3,27.2,27.4,27.2,27.3,27.5,27.4,27.5,27.4,27.4,27.5,27.5,27.5,27.3,27.2,27.2,27.1,26.9,26.6,26.3,26.0,25.6,25.1,24.7,23.6,23.8,23.5,23.8,23.6,23.6,23.9,23.5,23.6,23.6,23.9,23.6,23.8,24.0,24.1,23.9,24.0,24.1,24.2,24.3,24.2,24.3,24.2,24.3,24.3,24.3,24.4,24.3,24.3,24.4,24.5,24.5,24.4,24.6,24.5,24.5,24.6,24.6,24.6,24.8,24.6,24.8,24.7,24.8,24.9,24.9,25.0,25.0,25.1,25.0,25.1,25.1,25.1,25.1,25.4
170,23.6,23.8,23.6,23.8,23.6,23.6,23.5,23.6,23.5,23.5,23.4,23.5,23.5,23.5,23.3,23.5,23.3,23.4,23.3,23.3,23.3,23.3,23.3,23.3,23.2,23.3,23.2,23.1,23.2,23.1,23.2,23.1,23.1,23.1,23.1,23.1,23.1,23.2,23.1,23.1,23.2,23.2,23.2,23.3,23.3,23.1,23.3,23.3,23.4,23.5,24.4,26.5,28.7,29.6,29.7,29.8,29.8,30.1,30.1,30.0,30.1,30.0,30.3,30.3,30.1,30.3,30.1,30.0,30.1,30.1,30.0,30.5,30.5,30.4,30.4,30.3,30.0,30.1,28.9,26.0,23.9,23.2,23.2,23.2,23.2,23.5,23.5,24.7,28.4,29.7,30.0,30.0,30.1,30.0,30.0,30.0,30.0,30.0,30.0,30.1,30.1,30.0,30.1,30.3,30.3,30.3,30.1,30.5,30.5,30.5,30.5,30.5,30.6,30.6,30.6,30.6,30.7,30.9,31.0,30.8,30.8,30.9,30.7,30.8,30.9,30.8,30.8,30.7,30.8,30.7,30.8,30.8,30.8,30.9,30.8,31.0,30.8,30.8,30.8,30.8,30.7,30.7,30.5,30.4,30.5,30.3,30.1,30.1,30.0,30.0,29.8,29.8,29.8,30.0,29.6,29.5,29.3,29.2,28.9,28.8,28.4,28.2,28.1,27.9,27.9,27.7,27.6,27.6,27.5,27.5,27.4,27.5,27.5,27.2,27.2,27.2,27.2,27.3,27.3,27.2,27.2,27.3,27.4,27.4,27.3,27.5,27.5,27.5,27.4,27.5,27.5,27.2,27.2,27.2,26.9,26.8,26.4,26.2,25.8,25.1,24.5,24.0,23.9,23.9,23.9,23.8,23.9,24.0,23.8,23.8,24.0,24.0,24.0,23.9,24.0,24.1,24.1,24.2,24.1,24.3,24.3,24.4,24.5,24.5,24.5,24.5,24.5,24.6,24.5,24.7,24.6,24.6,24.6,24.7,24.8,24.8,24.7,24.9,24.8,24.8,24.8,24.9,25.0,24.9,25.0,25.1,25.1,25.3,25.0,25.0,25.3,25.4,25.0,25.1,25.1,25.0
171,24.2,24.1,24.1,24.0,24.0,24.0,24.0,23.9,23.8,23.6,23.6,23.6,23.6,23.5,23.5,23.4,23.4,23.3,23.3,23.3,23.3,23.4,23.3,23.3,23.2,23.1,23.3,23.3,23.3,23.2,23.1,23.2,23.2,23.1,23.2,23.2,23.2,23.2,23.3,23.2,23.2,23.2,23.2,23.3,23.1,23.2,23.3,23.3,23.5,23.4,24.3,26.4,28.5,29.4,29.7,30.0,30.0,30.0,30.0,30.0,30.0,30.0,30.0,30.0,30.0,30.0,30.0,30.0,30.0,30.0,30.0,30.3,30.1,30.3,30.1,30.3,30.0,29.8,28.7,26.4,24.0,23.3,23.2,23.3,23.3,23.5,23.8,24.3,27.9,29.8,30.0,30.1,30.0,30.0,30.0,30.0,30.0,30.0,30.0,30.0,30.0,30.0,30.1,30.3,30.3,30.4,30.5,30.3,30.4,30.5,30.6,30.6,30.6,30.7,30.7,30.7,30.7,30.8,30.9,30.8,31.1,30.9,30.9,30.9,31.0,31.0,30.9,30.8,30.8,30.7,30.8,30.8,30.9,30.9,30.8,31.0,30.9,30.9,30.9,30.7,30.7,30.7,30.5,30.5,30.4,30.3,30.3,30.1,30.1,30.0,30.0,29.8,30.0,29.8,29.7,29.4,29.3,29.1,29.0,28.7,28.5,28.4,28.2,28.0,27.9,27.7,27.6,27.7,27.6,27.5,27.3,27.4,27.3,27.3,27.3,27.2,27.3,27.2,27.2,27.3,27.3,27.4,27.3,27.4,27.4,27.5,27.5,27.5,27.5,27.5,27.4,27.3,27.3,27.1,27.1,26.6,26.4,26.2,25.9,25.6,24.7,24.2,24.0,24.0,24.1,24.0,24.1,24.1,24.0,24.0,24.1,24.2,24.1,24.3,24.3,24.4,24.5,24.5,24.5,24.6,24.6,24.7,24.7,24.6,24.7,24.7,24.7,24.7,24.7,24.8,24.8,24.8,24.8,24.9,24.9,25.0,25.0,24.9,24.9,24.8,25.0,25.0,25.1,24.9,25.1,25.1,25.3,25.0,25.3,25.4,25.3,25.3,25.4,25.5,25.4,25.3
172,24.1,24.2,24.1,24.1,24.1,24.1,24.0,24.0,23.9,23.9,23.8,23.9,23.6,23.6,23.6,23.5,23.5,23.5,23.5,23.5,23.6,23.5,23.4,23.3,23.3,23.4,23.3,23.2,23.3,23.3,23.2,23.2,23.2,23.3,23.2,23.3,23.1,23.3,23.2,23.3,23.1,23.3,23.3,23.3,23.3,23.3,23.3,23.4,23.5,23.4,24.1,26.0,28.4,29.1,29.6,30.0,30.0,30.1,29.8,29.8,30.0,30.0,30.0,30.0,30.0,30.0,30.0,30.0,29.8,30.0,30.0,30.0,30.1,30.1,30.1,30.1,30.0,29.8,29.0,26.2,24.0,23.3,23.2,23.3,23.3,23.5,23.5,24.5,27.6,29.7,30.3,30.1,30.1,30.0,30.0,30.0,30.0,30.0,30.0,30.0,30.1,30.0,30.1,30.3,30.4,30.4,30.4,30.5,30.5,30.5,30.6,30.6,30.6,30.7,30.7,30.7,30.7,30.8,30.9,30.9,30.9,31.0,31.0,31.0,30.9,30.9,30.9,30.8,30.8,30.9,30.9,30.9,30.9,30.9,30.9,30.8,31.0,31.1,31.0,30.8,30.8,30.8,30.6,30.5,30.4,30.3,30.3,30.0,30.1,30.1,30.1,30.0,30.0,29.8,29.8,29.6,29.3,29.2,29.0,28.9,28.5,28.4,28.1,28.2,28.0,27.8,27.8,27.6,27.6,27.5,27.5,27.3,27.3,27.3,27.3,27.2,27.3,27.2,27.2,27.3,27.2,27.2,27.3,27.4,27.4,27.5,27.4,27.5,27.5,27.5,27.5,27.3,27.3,27.1,27.1,26.8,26.4,26.3,25.9,25.5,24.8,24.3,24.2,24.2,24.2,24.2,24.1,24.3,24.4,24.3,24.4,24.4,24.3,24.5,24.5,24.5,24.6,24.6,24.7,24.6,24.8,24.7,24.8,24.8,24.7,24.8,24.9,24.8,24.9,24.9,24.9,24.8,25.1,24.8,24.9,25.0,25.0,25.1,25.3,25.0,25.1,25.1,25.1,25.3,25.1,25.3,25.4,25.3,25.1,25.5,25.5,25.4,25.3,25.4,25.5,25.4
173,24.3,24.2,24.3,24.3,24.2,24.2,24.1,24.1,24.0,24.0,24.1,23.9,24.0,23.9,23.8,23.8,23.6,23.6,23.6,23.8,23.6,23.6,23.6,23.5,23.4,23.4,23.5,23.4,23.5,23.3,23.4,23.3,23.3,23.3,23.3,23.3,23.2,23.3,23.3,23.2,23.3,23.3,23.3,23.3,23.4,23.4,23.4,23.5,23.5,23.8,23.6,25.6,27.6,29.0,29.5,29.7,29.8,29.8,29.7,30.0,29.7,29.7,30.0,29.7,29.7,29.7,29.7,29.7,29.8,30.0,29.8,30.0,30.1,30.0,30.0,30.1,30.0,29.8,29.2,26.4,24.0,23.3,23.2,23.3,23.4,23.5,23.6,24.4,27.6,29.7,30.0,30.3,30.0,30.0,30.1,30.0,30.0,30.0,30.0,30.0,30.0,30.0,30.1,30.3,30.3,30.4,30.4,30.5,30.5,30.6,30.6,30.6,30.6,30.5,30.7,30.7,30.6,30.7,30.8,30.9,31.0,31.1,31.0,31.0,31.0,30.9,30.9,30.9,30.9,30.9,30.9,30.8,31.0,30.9,30.9,31.0,31.0,30.9,30.8,31.0,30.7,30.7,30.5,30.5,30.4,30.4,30.1,30.1,30.0,30.0,30.0,30.1,30.0,30.0,30.0,29.7,29.4,29.2,28.9,28.9,28.5,28.2,28.1,28.1,27.8,28.0,27.6,27.7,27.5,27.5,27.5,27.4,27.3,27.2,27.3,27.2,27.2,27.2,27.2,27.2,27.2,27.2,27.3,27.3,27.2,27.2,27.3,27.5,27.4,27.3,27.3,27.4,27.2,27.2,27.0,26.6,26.4,26.2,26.0,25.5,24.8,24.6,24.6,24.5,24.3,24.5,24.4,24.5,24.5,24.5,24.6,24.5,24.6,24.6,24.7,24.8,24.6,24.7,24.9,24.8,24.9,24.8,24.9,24.9,24.9,24.9,24.8,24.9,24.8,24.9,24.9,24.9,24.8,24.8,25.1,25.1,25.0,25.0,25.1,25.1,25.1,25.1,25.1,25.3,25.3,25.3,25.3,25.4,25.3,25.5,25.4,25.4,25.4,25.4,25.3,25.3
174,24.3,24.3,24.3,24.3,24.3,24.3,24.2,24.3,24.1,24.1,24.1,24.2,24.1,24.1,24.1,23.9,23.9,23.9,23.9,24.0,23.9,23.6,23.8,23.6,23.6,23.8,23.6,23.6,23.8,23.5,23.5,23.5,23.5,23.5,23.5,23.5,23.3,23.5,23.4,23.5,23.5,23.5,23.6,23.5,23.6,23.5,23.6,23.5,23.8,23.6,24.2,25.0,27.7,29.0,29.4,29.6,29.8,29.8,29.8,29.8,29.8,29.7,29.8,29.8,29.7,29.7,29.8,29.7,29.8,29.8,29.8,30.0,30.0,30.0,30.1,30.1,30.0,30.0,29.3,26.5,24.0,23.5,23.4,23.2,23.5,23.9,23.6,24.6,27.9,29.7,30.3,30.3,30.1,30.3,30.1,30.1,30.0,30.1,30.1,30.0,30.1,30.1,30.1,30.3,30.3,30.5,30.3,30.5,30.5,30.6,30.5,30.7,30.6,30.7,30.7,30.8,30.9,30.9,30.9,31.0,30.9,31.1,31.0,31.0,31.0,31.1,31.0,31.1,31.0,31.0,31.0,31.0,31.0,31.1,31.0,31.0,31.1,31.1,31.0,31.1,31.0,30.8,30.6,30.5,30.5,30.5,30.3,30.3,30.1,30.1,30.3,30.0,30.0,30.0,29.8,29.7,29.5,29.3,29.0,28.8,28.5,28.4,28.2,28.1,28.1,27.9,27.7,27.7,27.6,27.5,27.5,27.5,27.3,27.3,27.3,27.2,27.2,27.2,27.2,27.3,27.2,27.2,27.2,27.3,27.2,27.3,27.3,27.3,27.3,27.2,27.4,27.3,27.3,27.2,27.1,26.5,26.4,26.2,25.9,25.8,25.1,24.6,24.6,24.7,24.6,24.5,24.6,24.6,24.5,24.5,24.6,24.7,24.7,24.6,24.8,24.8,24.7,24.8,24.8,24.8,24.9,24.9,24.9,24.9,24.8,25.0,25.0,25.0,24.9,25.0,25.0,25.0,25.0,25.0,25.1,25.1,25.1,25.1,25.1,25.3,25.1,25.3,25.3,25.4,25.4,25.5,25.4,25.5,25.5,25.6,25.5,25.5,25.6,25.5,25.6,25.8
175,24.3,24.3,24.3,24.1,24.3,24.3,24.2,24.2,24.0,24.3,24.2,24.1,24.2,24.0,24.1,24.0,23.9,24.0,24.0,23.8,24.1,24.0,23.9,23.9,23.9,23.6,23.8,23.6,23.9,23.5,23.8,23.9,23.8,23.8,23.6,23.8,23.6,23.6,23.6,23.6,23.6,23.8,23.6,23.8,23.6,23.8,23.6,23.6,23.9,23.9,24.1,24.7,27.1,28.7,29.4,29.4,29.6,29.8,29.7,29.7,29.8,29.7,29.7,29.5,29.8,29.6,29.7,29.7,29.7,29.7,29.8,30.0,30.0,30.0,30.0,30.1,30.0,29.7,29.4,26.8,24.3,23.5,23.4,23.5,23.3,23.6,24.0,24.7,27.6,29.7,30.4,30.3,30.3,30.3,30.4,30.1,30.3,30.0,30.1,30.0,30.0,30.0,30.1,30.3,30.3,30.4,30.4,30.5,30.6,30.5,30.6,30.6,30.7,30.6,30.7,30.8,30.8,30.8,31.0,31.0,31.0,31.1,31.2,31.2,31.1,31.1,31.2,31.1,31.1,31.1,31.1,31.0,31.0,31.0,31.1,30.9,31.2,31.0,31.1,31.0,30.8,30.7,30.7,30.7,30.6,30.3,30.4,30.1,30.3,30.1,30.1,30.1,30.1,30.0,29.8,29.6,29.3,29.3,28.9,28.7,28.5,28.5,28.1,28.1,27.9,27.8,27.7,27.7,27.6,27.6,27.5,27.5,27.3,27.2,27.2,27.1,27.1,27.1,27.1,27.2,27.1,27.2,27.2,27.2,27.2,27.2,27.3,27.3,27.2,27.2,27.2,27.2,27.2,27.1,27.1,26.8,26.4,26.2,25.9,25.7,24.9,24.8,24.7,24.7,24.7,24.6,24.7,24.7,24.5,24.6,24.7,24.7,24.8,24.6,24.6,24.8,24.8,24.9,24.9,24.8,24.7,24.9,25.0,24.8,24.9,24.9,24.9,24.9,25.0,25.1,25.0,25.0,25.1,25.1,25.1,25.3,25.3,25.4,25.3,25.3,25.3,25.3,25.4,25.5,25.5,25.5,25.5,25.5,25.5,25.5,25.6,25.6,25.6,25.6,25.8,25.6
176,24.2,24.5,24.3,24.4,24.2,24.4,24.3,24.3,24.3,24.3,24.1,24.2,24.3,24.1,24.0,24.1,24.0,24.1,24.0,24.1,24.0,24.0,24.1,24.0,24.0,23.9,24.0,23.9,23.9,24.0,23.8,23.9,24.0,23.9,23.9,23.9,24.0,23.9,23.6,24.0,23.6,23.8,24.0,23.8,24.0,23.8,23.9,24.0,23.6,24.0,24.1,24.7,26.5,28.5,29.3,29.5,29.4,29.5,29.7,29.6,29.6,29.5,29.7,29.5,29.7,29.6,29.7,29.6,29.6,29.6,29.7,29.8,30.0,30.0,29.8,30.0,30.1,30.0,29.2,26.9,24.3,23.9,23.6,23.6,23.6,24.0,24.0,24.8,27.4,29.6,30.3,30.5,30.6,30.5,30.5,30.5,30.3,30.3,30.4,30.3,30.1,30.1,30.1,30.3,30.3,30.4,30.5,30.6,30.5,30.6,30.6,30.6,30.6,30.8,30.8,30.8,31.0,30.9,31.0,31.0,31.1,31.2,31.0,31.2,31.2,31.2,31.2,31.1,31.2,31.1,31.1,31.2,31.1,31.1,31.2,31.2,31.1,31.2,31.1,31.1,31.0,30.8,30.7,30.6,30.5,30.5,30.4,30.4,30.3,30.3,30.1,30.3,30.0,30.0,30.0,29.6,29.3,29.2,29.1,28.8,28.5,28.4,28.1,28.1,28.1,27.8,27.8,27.6,27.6,27.6,27.5,27.5,27.3,27.3,27.2,27.1,27.2,27.3,27.2,27.1,27.2,27.2,27.2,27.2,27.2,27.3,27.2,27.2,27.3,27.2,27.3,27.3,27.2,27.3,27.1,26.9,26.5,26.3,25.9,25.7,25.3,24.7,24.6,24.8,24.7,24.7,24.6,24.6,24.8,24.7,24.8,24.8,24.8,24.8,24.9,24.8,24.9,24.8,24.8,24.9,25.0,24.8,24.9,24.9,24.9,25.1,25.1,25.1,25.0,25.0,25.1,25.1,25.1,25.3,25.3,25.5,25.3,25.6,25.5,25.5,25.5,25.5,25.5,25.6,25.6,25.6,25.6,25.7,25.6,25.7,25.8,25.8,25.8,25.9,25.8,25.8
177,24.7,24.5,24.4,24.4,24.4,24.4,24.3,24.3,24.2,24.3,24.2,24.1,24.2,24.1,24.1,24.2,24.1,24.1,24.1,24.1,24.0,24.0,24.0,24.1,24.0,24.0,23.9,23.9,23.9,23.9,23.9,24.0,23.9,23.9,23.6,24.0,23.8,23.9,23.8,24.0,23.9,23.8,23.8,24.0,23.9,24.0,24.1,24.0,23.9,24.0,24.3,24.5,26.2,28.5,29.0,29.3,29.5,29.6,29.6,29.5,29.5,29.6,29.6,29.6,29.5,29.6,29.7,29.6,29.6,29.6,29.6,29.8,30.0,30.0,30.0,30.0,29.8,29.6,29.2,27.2,24.7,24.1,24.0,24.0,24.0,24.2,24.1,25.0,27.5,29.6,30.5,30.7,30.6,30.8,30.6,30.6,30.6,30.5,30.3,30.3,30.3,30.1,30.3,30.3,30.3,30.5,30.4,30.4,30.5,30.5,30.7,30.7,30.7,30.8,30.8,30.8,30.9,31.0,31.0,31.0,31.1,31.1,31.2,31.1,31.2,31.2,31.2,31.2,31.2,31.2,31.2,31.2,31.2,31.3,31.2,31.2,31.4,31.2,31.2,31.0,31.1,31.1,30.7,30.6,30.6,30.5,30.5,30.5,30.3,30.3,30.3,30.1,30.1,30.1,30.0,29.6,29.6,29.3,29.3,28.7,28.5,28.2,28.4,28.1,28.0,27.9,27.8,27.7,27.6,27.6,27.6,27.5,27.4,27.3,27.3,27.1,27.2,27.1,27.1,27.1,27.1,27.2,27.2,27.2,27.2,27.2,27.3,27.2,27.2,27.2,27.3,27.2,27.3,27.2,27.1,26.9,26.5,26.3,26.1,25.6,25.1,24.8,24.7,24.8,24.7,24.7,24.7,24.7,24.6,24.7,24.7,24.7,24.7,24.7,24.7,24.7,24.8,24.8,25.0,24.8,24.8,25.1,24.9,25.0,25.1,24.9,25.1,25.3,25.3,25.1,25.3,25.1,25.5,25.5,25.5,25.5,25.6,25.6,25.6,25.5,25.6,25.6,25.7,25.8,25.8,25.8,25.6,25.8,25.8,25.8,25.9,26.0,26.0,26.0,26.1,26.1
178,24.3,24.5,24.4,24.3,24.5,24.3,24.3,24.3,24.2,24.3,24.1,24.3,24.2,24.2,24.1,24.2,24.1,24.2,24.1,24.0,24.1,24.0,24.0,24.1,24.1,24.1,24.0,24.0,24.0,23.9,24.0,24.1,24.0,24.0,23.9,23.9,23.9,23.8,24.0,24.0,23.9,24.0,23.9,24.1,24.0,23.6,24.0,23.9,24.0,24.0,24.1,24.3,25.6,27.9,29.0,29.4,29.4,29.6,29.5,29.5,29.6,29.6,29.5,29.5,29.6,29.5,29.6,29.6,29.6,29.7,29.6,29.7,29.8,30.0,30.0,29.8,30.0,29.7,29.1,27.3,24.7,24.2,23.9,24.0,24.1,24.0,24.3,24.7,27.6,29.8,30.5,30.7,30.9,30.9,30.8,30.7,30.6,30.5,30.6,30.5,30.4,30.3,30.4,30.3,30.3,30.5,30.5,30.5,30.6,30.6,30.6,30.7,30.8,30.8,30.9,31.0,31.0,31.0,31.0,31.0,31.1,31.1,31.1,31.1,31.1,31.1,31.2,31.3,31.2,31.3,31.4,31.3,31.3,31.2,31.3,31.2,31.4,31.3,31.4,31.2,31.1,31.0,30.9,30.7,30.6,30.5,30.5,30.5,30.4,30.4,30.3,30.3,30.1,30.0,30.0,29.8,29.5,29.3,29.1,28.8,28.5,28.5,28.4,28.1,28.1,28.0,27.8,27.8,27.7,27.6,27.6,27.4,27.4,27.3,27.3,27.2,27.2,27.2,27.2,27.2,27.1,27.2,27.1,27.2,27.1,27.2,27.2,27.1,27.2,27.2,27.2,27.2,27.2,27.2,27.1,27.1,26.5,26.3,26.2,25.8,25.1,24.8,24.8,24.8,24.7,24.6,24.7,24.8,24.7,24.7,24.8,24.8,24.8,24.8,24.9,24.9,24.8,24.9,24.8,25.0,24.9,25.1,25.0,25.0,25.1,25.1,25.1,25.1,25.3,25.4,25.4,25.4,25.5,25.6,25.6,25.6,25.5,25.7,25.6,25.8,25.8,25.7,25.7,25.8,25.9,25.8,26.0,26.0,26.0,26.1,26.2,26.2,26.2,26.4,26.4,26.4
179,24.5,24.5,24.5,24.5,24.5,24.5,24.4,24.4,24.4,24.4,24.3,24.3,24.3,24.2,24.2,24.1,24.1,24.2,24.1,24.2,24.1,24.1,24.0,24.2,24.1,24.0,24.1,23.9,24.0,24.0,24.0,24.1,24.0,24.0,24.0,23.9,24.0,24.0,23.8,24.0,23.9,24.0,24.0,24.1,23.8,24.0,24.0,24.0,24.0,24.1,24.2,24.3,25.3,27.5,28.7,29.4,29.5,29.4,29.7,29.3,29.6,29.5,29.6,29.5,29.5,29.6,29.5,29.6,29.6,29.6,29.7,30.0,30.0,30.0,29.8,30.0,29.8,29.6,29.3,27.8,24.8,24.2,24.0,24.0,24.1,24.0,24.0,24.6,27.4,29.6,30.5,30.7,30.8,30.9,31.0,31.0,30.8,30.7,30.7,30.6,30.6,30.6,30.4,30.5,30.6,30.5,30.5,30.6,30.6,30.7,30.7,30.8,30.9,30.8,30.8,31.0,31.0,31.1,31.1,31.1,31.1,31.1,31.1,31.2,31.1,31.1,31.1,31.3,31.4,31.2,31.4,31.4,31.4,31.5,31.6,31.5,31.5,31.5,31.5,31.4,31.2,31.2,31.0,30.7,30.6,30.6,30.6,30.6,30.5,30.6,30.5,30.4,30.3,30.4,30.0,30.0,29.5,29.4,29.1,28.8,28.5,28.2,28.5,28.1,28.2,28.0,28.1,27.9,27.7,27.6,27.6,27.5,27.3,27.4,27.4,27.2,27.2,27.2,27.2,27.1,27.2,27.2,27.1,27.1,27.1,27.2,27.1,27.2,27.2,27.2,27.2,27.2,27.3,27.1,27.1,27.0,26.6,26.5,26.2,25.8,25.3,24.9,24.9,24.9,24.9,24.8,24.7,24.8,24.7,24.8,24.7,24.8,24.8,24.8,24.9,25.0,25.1,25.0,25.1,25.1,25.1,25.1,25.1,25.1,25.4,25.3,25.4,25.3,25.3,25.5,25.6,25.6,25.6,25.6,25.8,25.8,25.7,25.7,25.9,25.9,25.9,25.9,26.1,26.1,26.1,26.0,26.2,26.3,26.1,26.3,26.5,26.5,26.8,26.5,26.8,26.8
180,24.7,24.8,24.7,24.6,24.5,24.6,24.6,24.5,24.5,24.5,24.4,24.3,24.3,24.3,24.3,24.1,24.2,24.3,24.2,24.2,24.2,24.1,24.2,24.2,24.1,24.0,24.2,24.0,24.0,24.0,24.1,23.9,24.2,24.0,23.9,23.9,24.0,23.9,24.0,24.0,24.1,24.0,24.0,24.0,24.0,24.1,23.9,24.0,24.0,24.0,24.2,24.3,25.1,27.3,28.7,29.2,29.4,29.4,29.4,29.5,29.5,29.6,29.5,29.7,29.6,29.6,29.6,29.5,29.5,29.6,29.6,29.6,30.0,30.0,29.8,30.0,29.8,29.8,29.7,27.8,25.0,24.3,23.9,24.0,24.0,24.3,23.8,24.7,27.2,29.5,30.4,30.6,30.8,31.0,31.0,31.0,31.1,31.0,31.0,30.9,30.7,30.7,30.6,30.6,30.6,30.6,30.6,30.6,30.7,30.7,30.9,30.9,31.0,30.9,31.0,31.1,31.1,31.2,31.2,31.1,31.1,31.2,31.2,31.1,31.1,31.2,31.2,31.3,31.2,31.4,31.5,31.5,31.6,31.6,31.6,31.6,31.6,31.6,31.6,31.6,31.5,31.4,31.2,30.9,30.8,30.7,30.6,30.7,30.4,30.5,30.5,30.5,30.4,30.3,30.0,30.0,29.5,29.3,29.0,28.8,28.6,28.5,28.4,28.4,28.2,28.0,28.1,27.9,27.8,27.7,27.8,27.5,27.5,27.3,27.3,27.4,27.3,27.2,27.2,27.2,27.2,27.2,27.1,27.1,27.1,27.1,27.1,27.1,27.2,27.2,27.1,27.1,27.2,27.2,27.2,27.1,26.8,26.4,26.2,25.8,25.4,24.9,24.9,24.9,24.9,24.9,24.8,24.8,24.9,24.9,24.9,24.9,25.0,25.0,24.9,25.3,25.3,25.1,25.1,25.3,25.3,25.4,25.3,25.5,25.4,25.6,25.5,25.5,25.6,25.6,25.8,25.8,25.8,25.9,25.9,26.1,25.9,26.1,26.3,26.2,26.2,26.3,26.3,26.5,26.4,26.4,26.5,26.6,26.5,26.8,26.8,27.0,27.2,27.2,27.2,26.9
181,24.8,24.9,25.0,24.8,24.8,24.6,24.7,24.6,24.7,24.6,24.5,24.5,24.5,24.5,24.4,24.4,24.4,24.4,24.3,24.3,24.3,24.3,24.2,24.3,24.3,24.1,24.1,24.2,24.0,24.1,24.0,24.1,24.0,24.1,24.0,24.0,24.0,24.1,24.0,24.0,24.0,24.1,24.0,24.1,24.0,23.9,24.1,24.1,24.0,24.1,24.3,24.5,24.7,26.6,28.8,29.3,29.3,29.5,29.3,29.5,29.5,29.6,29.4,29.5,29.5,29.6,29.7,29.5,29.6,29.5,29.6,29.7,29.8,29.8,29.7,29.7,29.8,29.8,29.6,28.4,25.5,24.4,24.1,24.1,23.9,24.2,24.2,24.6,26.6,29.4,30.3,30.6,30.6,30.8,31.0,31.1,31.1,31.1,31.0,31.1,30.9,30.8,30.8,30.7,30.7,30.8,30.7,30.8,30.8,30.8,31.0,31.0,31.1,31.1,31.2,31.1,31.2,31.2,31.2,31.2,31.2,31.1,31.1,31.2,31.1,31.1,31.2,31.2,31.2,31.3,31.4,31.5,31.6,31.6,31.6,31.6,31.7,31.6,31.7,31.6,31.7,31.5,31.2,31.1,30.7,30.8,30.8,30.8,30.7,30.6,30.5,30.5,30.4,30.4,30.1,30.0,29.6,29.5,29.3,29.0,28.7,28.5,28.5,28.4,28.1,28.1,28.1,27.9,27.7,27.8,27.8,27.6,27.6,27.4,27.3,27.2,27.4,27.2,27.3,27.4,27.2,27.2,27.2,27.1,27.1,27.1,27.1,27.1,27.1,27.1,27.2,27.1,27.2,27.2,27.2,27.1,26.9,26.8,26.2,25.8,25.5,25.1,25.0,25.0,25.0,25.1,24.9,24.9,24.9,25.0,25.1,25.0,25.1,25.0,25.3,25.3,25.3,25.5,25.3,25.5,25.5,25.6,25.6,25.8,25.7,25.8,25.9,25.9,26.0,26.0,26.2,26.0,26.2,26.3,26.4,26.5,26.5,26.5,26.6,26.6,26.6,26.6,26.8,26.9,26.9,26.9,26.9,27.0,27.2,27.3,27.3,27.5,27.3,27.5,27.6,27.6
182,25.3,25.1,25.3,25.1,24.9,25.1,25.0,24.9,24.9,24.8,24.8,24.7,24.6,24.5,24.6,24.5,24.5,24.5,24.3,24.4,24.4,24.3,24.3,24.3,24.3,24.1,24.2,24.2,24.3,24.4,24.0,24.1,24.1,24.1,24.0,24.0,24.0,24.1,24.1,24.2,24.0,24.0,23.9,24.1,24.1,24.2,24.1,24.1,24.1,24.1,24.3,24.3,24.7,26.3,28.6,29.2,29.3,29.3,29.4,29.4,29.4,29.5,29.5,29.5,29.5,29.6,29.5,29.5,29.5,29.5,29.5,29.7,29.6,29.7,29.7,29.8,29.8,29.7,29.5,28.6,25.8,24.3,24.1,24.0,24.0,24.1,24.1,24.5,26.0,29.0,29.8,30.3,30.7,30.7,30.9,31.1,31.0,31.0,31.1,31.1,31.0,31.0,30.9,30.9,30.9,30.9,30.9,31.2,30.9,31.1,31.0,31.2,31.1,31.2,31.2,31.2,31.3,31.2,31.3,31.2,31.1,31.1,31.2,31.1,31.0,31.2,31.2,31.2,31.3,31.2,31.4,31.5,31.5,31.5,31.6,31.6,31.7,31.9,31.7,31.6,31.7,31.6,31.4,31.2,30.9,30.9,30.8,30.8,30.7,30.6,30.6,30.6,30.5,30.5,30.3,30.0,29.7,29.4,29.3,29.0,28.8,28.7,28.6,28.5,28.2,28.1,28.1,28.1,27.8,27.7,27.7,27.7,27.5,27.5,27.5,27.3,27.3,27.2,27.3,27.3,27.2,27.1,27.2,27.1,27.1,27.1,27.1,27.1,27.1,27.1,27.2,27.1,27.2,27.1,27.2,27.2,26.9,26.4,26.2,25.8,25.3,25.3,25.1,25.0,25.0,25.1,25.3,25.3,25.1,25.1,25.3,25.3,25.3,25.4,25.3,25.5,25.6,25.6,25.7,25.8,25.8,25.9,26.0,25.9,26.0,26.2,26.2,26.3,26.3,26.5,26.4,26.5,26.6,26.8,26.8,26.9,26.8,27.0,27.0,27.1,27.0,27.2,27.1,27.2,27.3,27.3,27.3,27.5,27.5,27.7,27.6,27.9,28.1,28.0,28.1,28.1
183,25.6,25.6,25.5,25.5,25.5,25.3,25.3,25.4,25.3,25.3,25.1,25.0,24.8,24.9,24.8,24.7,24.7,24.6,24.6,24.5,24.6,24.5,24.5,24.5,24.4,24.3,24.4,24.2,24.3,24.2,24.2,24.2,24.3,24.1,24.2,24.1,24.3,24.3,24.3,24.2,24.2,24.1,24.0,24.2,24.1,24.1,24.1,24.1,24.1,24.2,24.3,24.3,24.7,25.8,28.1,29.1,29.2,29.3,29.4,29.4,29.4,29.4,29.5,29.5,29.3,29.4,29.5,29.4,29.3,29.5,29.4,29.4,29.6,29.5,29.6,29.7,29.7,29.7,29.7,28.7,26.1,24.6,24.2,24.1,24.0,24.2,24.1,24.5,25.1,27.9,29.5,30.4,30.7,30.7,30.8,30.8,31.0,31.0,31.0,30.9,31.1,31.1,31.1,30.9,31.1,31.0,31.1,31.2,31.1,31.2,31.2,31.2,31.2,31.4,31.4,31.3,31.4,31.4,31.3,31.2,31.2,31.1,31.2,31.1,31.1,31.1,31.1,31.2,31.2,31.3,31.3,31.3,31.4,31.5,31.6,31.6,31.6,31.6,31.7,31.7,31.9,31.7,31.5,31.4,31.0,30.9,30.8,31.0,31.0,30.8,30.8,30.6,30.5,30.5,30.4,30.0,30.0,29.5,29.3,29.2,28.8,28.7,28.7,28.5,28.5,28.1,28.1,28.0,28.0,27.9,27.8,27.7,27.6,27.5,27.4,27.4,27.4,27.2,27.2,27.3,27.2,27.2,27.2,27.1,27.1,27.1,27.1,27.0,27.1,27.1,27.2,27.2,27.2,27.2,27.2,27.1,27.0,26.9,26.5,25.9,25.5,25.3,25.1,25.3,25.3,25.5,25.4,25.5,25.5,25.5,25.6,25.5,25.6,25.6,25.9,26.0,26.0,26.0,26.2,26.4,26.3,26.4,26.4,26.4,26.5,26.5,26.5,26.6,26.9,26.8,27.0,26.9,27.1,27.1,27.1,27.2,27.3,27.2,27.5,27.4,27.6,27.6,27.6,27.6,27.6,27.9,27.9,28.1,28.0,28.4,28.2,28.4,28.5,28.5,28.6,28.8
184,26.2,25.9,25.8,25.8,25.8,25.7,25.6,25.8,25.8,25.6,25.6,25.5,25.3,25.3,25.3,25.3,25.1,25.0,24.9,24.8,24.8,24.8,24.8,24.6,24.5,24.6,24.5,24.6,24.5,24.5,24.3,24.4,24.5,24.2,24.4,24.3,24.5,24.3,24.3,24.2,24.4,24.2,24.3,24.3,24.3,24.3,24.3,24.3,24.2,24.2,24.3,24.5,24.4,25.5,27.9,29.2,29.3,29.3,29.4,29.3,29.3,29.3,29.4,29.4,29.4,29.4,29.4,29.4,29.5,29.5,29.3,29.3,29.3,29.3,29.6,29.6,29.7,29.6,29.5,29.2,26.8,24.6,24.3,24.2,24.1,24.2,24.3,24.3,25.1,27.2,29.5,30.3,30.6,30.7,30.7,30.9,30.8,30.9,30.8,30.9,31.0,31.1,31.1,31.1,31.1,31.1,31.1,31.1,31.3,31.3,31.5,31.4,31.4,31.4,31.5,31.5,31.4,31.3,31.3,31.4,31.2,31.2,31.2,31.3,31.3,31.2,31.2,31.2,31.2,31.2,31.3,31.5,31.3,31.5,31.6,31.5,31.6,31.7,31.7,31.9,31.9,31.7,31.6,31.4,31.2,31.1,31.2,31.0,31.1,31.0,30.8,30.9,30.8,30.6,30.6,30.3,29.7,29.6,29.5,29.2,28.9,28.9,28.8,28.6,28.5,28.4,28.4,28.1,28.1,28.1,27.9,27.8,27.6,27.6,27.6,27.5,27.4,27.5,27.4,27.3,27.2,27.2,27.1,27.1,27.1,27.0,27.1,27.0,27.1,27.2,27.2,27.2,27.2,27.2,27.3,27.2,27.0,26.8,26.5,26.0,25.6,25.6,25.6,25.7,25.8,25.9,25.8,25.8,25.8,25.8,26.0,26.0,26.0,26.3,26.3,26.5,26.5,26.6,26.8,26.8,26.9,26.9,26.9,27.0,27.0,27.1,27.1,27.1,27.3,27.3,27.3,27.4,27.6,27.6,27.7,27.8,27.9,28.1,28.0,28.1,28.1,28.1,28.1,28.1,28.4,28.5,28.4,28.6,28.6,28.8,28.8,28.8,28.9,28.9,29.0,29.2
185,26.3,26.3,26.2,26.2,26.1,26.2,26.1,26.1,26.1,25.9,25.9,25.9,25.6,25.8,25.5,25.5,25.3,25.3,25.3,25.0,25.0,25.0,25.0,24.9,24.9,24.8,24.8,24.8,24.8,24.6,24.6,24.6,24.6,24.6,24.5,24.6,24.5,24.4,24.5,24.5,24.4,24.5,24.3,24.5,24.3,24.4,24.6,24.4,24.3,24.3,24.3,24.5,24.7,25.6,27.3,29.0,29.2,29.3,29.3,29.3,29.3,29.3,29.3,29.3,29.4,29.3,29.3,29.3,29.5,29.4,29.2,29.4,29.5,29.4,29.4,29.6,29.7,29.7,29.7,29.1,27.2,25.1,24.3,24.2,24.0,24.3,24.1,24.5,24.5,26.0,28.9,30.1,30.8,30.7,30.8,30.8,30.8,30.8,30.8,30.8,31.0,30.9,30.9,31.0,31.0,31.1,31.2,31.2,31.1,31.2,31.3,31.4,31.4,31.5,31.5,31.5,31.4,31.5,31.5,31.3,31.4,31.2,31.3,31.3,31.2,31.2,31.2,31.2,31.2,31.3,31.3,31.3,31.4,31.5,31.5,31.5,31.6,31.5,31.7,31.6,31.7,31.7,31.6,31.5,31.4,31.1,31.1,31.1,31.2,31.0,31.0,31.0,30.9,30.6,30.6,30.5,30.0,30.0,29.6,29.4,29.2,29.1,28.9,28.6,28.6,28.5,28.5,28.4,28.2,28.1,28.1,27.8,27.8,27.6,27.6,27.6,27.5,27.4,27.3,27.3,27.2,27.1,27.2,27.1,27.1,27.1,27.0,27.0,26.9,27.1,27.2,27.1,27.1,27.1,27.2,27.1,26.9,26.5,26.3,26.1,26.1,25.9,26.0,26.0,26.1,26.3,26.3,26.3,26.2,26.2,26.3,26.3,26.6,26.6,26.8,26.8,27.0,27.2,27.2,27.3,27.1,27.2,27.3,27.2,27.3,27.4,27.4,27.6,27.8,27.8,27.9,28.0,28.1,28.2,28.4,28.5,28.4,28.5,28.6,28.6,28.5,28.6,28.6,28.7,28.7,28.7,28.9,28.7,29.0,29.0,29.0,29.0,29.0,29.2,29.2,29.2
186,27.2,27.1,27.0,26.9,26.8,26.5,26.5,26.4,26.4,26.4,26.3,26.2,26.1,26.1,26.0,25.9,25.7,25.8,25.6,25.6,25.5,25.4,25.5,25.4,25.3,25.3,25.1,25.1,25.0,25.1,25.1,25.0,25.0,24.9,24.9,24.8,24.8,24.9,24.8,24.8,24.8,24.7,24.6,24.6,24.8,24.8,24.8,24.8,24.7,24.5,24.7,24.7,25.0,25.6,27.3,28.9,29.2,29.3,29.3,29.4,29.3,29.5,29.3,29.4,29.4,29.4,29.5,29.5,29.4,29.4,29.3,29.3,29.3,29.4,29.5,29.6,29.7,29.8,29.7,29.3,27.5,25.6,24.5,24.3,24.2,24.3,24.3,24.6,24.8,25.4,27.7,29.7,30.5,30.8,30.8,30.9,30.7,30.8,30.7,30.6,30.7,30.7,30.8,30.9,30.9,31.0,31.0,31.0,31.1,31.1,31.4,31.4,31.4,31.5,31.5,31.5,31.6,31.6,31.5,31.4,31.4,31.4,31.5,31.4,31.4,31.2,31.3,31.1,31.2,31.2,31.3,31.3,31.4,31.4,31.5,31.5,31.6,31.6,31.7,31.6,31.7,31.7,31.6,31.6,31.2,31.1,31.2,31.1,31.2,31.2,31.3,31.2,31.1,31.0,30.7,30.5,30.0,30.0,29.7,29.5,29.2,29.2,29.1,28.8,28.7,28.8,28.6,28.5,28.2,28.1,28.1,28.0,27.8,27.7,27.6,27.5,27.5,27.5,27.4,27.3,27.2,27.3,27.1,27.1,26.8,26.9,26.9,26.9,26.9,27.0,27.0,27.0,27.1,27.1,27.2,27.1,27.1,26.8,26.5,26.5,26.3,26.4,26.3,26.4,26.4,26.5,26.6,26.6,26.5,26.8,26.8,27.0,27.0,27.2,27.2,27.2,27.4,27.4,27.7,27.5,27.8,27.7,27.7,27.8,27.9,28.0,28.1,28.1,28.2,28.5,28.6,28.7,28.7,28.8,28.5,28.8,28.7,28.9,29.0,29.0,29.0,28.9,29.1,29.1,29.0,28.9,29.1,29.0,29.0,29.2,29.3,29.2,29.0,29.2,29.2,29.2
187,27.6,27.3,27.4,27.2,27.2,27.1,27.1,27.1,27.1,27.0,26.9,26.9,26.8,26.5,26.5,26.5,26.4,26.3,26.1,25.9,26.0,25.8,25.8,25.8,25.8,25.7,25.6,25.5,25.6,25.5,25.3,25.5,25.4,25.3,25.3,25.0,25.4,25.1,25.1,25.0,25.1,25.1,25.0,25.3,25.3,25.1,25.1,25.3,25.1,25.3,25.1,25.3,25.1,25.7,27.2,28.8,29.1,29.3,29.3,29.4,29.3,29.4,29.4,29.5,29.4,29.3,29.3,29.3,29.3,29.3,29.3,29.3,29.3,29.4,29.6,29.7,29.8,30.0,29.8,29.7,28.4,25.8,24.6,24.4,24.5,24.3,24.5,24.6,24.7,25.4,27.2,30.0,30.7,30.8,31.0,30.9,30.7,30.8,30.7,30.7,30.7,30.7,30.7,30.8,30.8,30.9,31.0,30.9,31.1,31.1,31.2,31.3,31.4,31.4,31.6,31.5,31.6,31.6,31.5,31.5,31.5,31.6,31.5,31.6,31.4,31.3,31.4,31.3,31.3,31.5,31.3,31.5,31.4,31.5,31.4,31.5,31.6,31.6,31.6,31.7,31.7,31.6,31.5,31.5,31.3,31.1,31.2,31.1,31.2,31.2,31.2,31.2,31.2,31.1,30.9,30.7,30.4,30.3,30.0,29.7,29.4,29.4,29.4,29.2,29.1,28.9,28.8,28.7,28.5,28.4,28.1,28.0,27.9,27.7,27.7,27.7,27.6,27.5,27.3,27.3,27.2,27.1,27.1,27.0,26.9,26.9,26.9,26.9,26.9,26.8,27.0,27.1,26.9,27.1,27.1,27.2,27.1,26.9,26.6,26.8,26.6,26.9,26.9,27.1,26.9,27.0,27.1,27.2,27.1,27.2,27.3,27.3,27.4,27.6,27.7,28.0,28.1,28.1,28.2,28.4,28.4,28.5,28.4,28.5,28.6,28.7,28.9,28.8,28.9,29.0,29.1,28.9,29.0,29.1,29.2,29.0,29.0,29.2,29.0,29.2,29.2,29.2,29.2,29.1,29.1,29.2,29.0,29.1,29.2,29.1,29.2,29.2,29.3,29.2,29.2,29.3
188,28.0,27.8,27.7,27.6,27.5,27.4,27.5,27.4,27.4,27.3,27.4,27.2,27.1,27.2,27.1,27.0,26.8,26.6,26.5,26.5,26.3,26.2,26.2,26.2,26.1,26.0,25.8,25.9,25.9,25.9,25.8,25.6,25.7,25.7,25.6,25.8,25.6,25.6,25.6,25.8,25.5,25.6,25.6,25.6,25.7,25.6,25.6,25.5,25.5,25.6,25.6,25.5,25.8,25.8,27.1,28.4,28.9,29.2,29.4,29.4,29.4,29.4,29.5,29.4,29.3,29.3,29.3,29.3,29.3,29.2,29.2,29.3,29.4,29.4,29.6,29.7,29.8,30.0,29.8,29.6,28.9,26.3,25.1,24.9,24.6,24.7,24.8,24.8,25.1,25.5,27.1,29.5,30.5,30.7,30.8,30.9,30.8,30.7,30.7,30.6,30.6,30.6,30.6,30.7,30.7,30.7,30.7,30.9,30.9,31.0,31.1,31.2,31.3,31.2,31.5,31.5,31.6,31.6,31.5,31.6,31.6,31.6,31.6,31.5,31.5,31.5,31.4,31.3,31.3,31.2,31.3,31.3,31.5,31.2,31.5,31.5,31.5,31.6,31.5,31.5,31.6,31.6,31.5,31.5,31.3,31.0,31.1,31.2,31.2,31.2,31.3,31.2,31.2,31.2,30.9,30.8,30.4,30.3,30.0,29.7,29.5,29.3,29.4,29.3,29.0,29.1,28.9,28.8,28.6,28.5,28.4,28.1,28.1,27.9,27.7,27.7,27.6,27.6,27.3,27.3,27.2,27.2,27.1,27.1,26.9,26.9,27.0,26.9,26.9,26.9,26.9,27.0,26.9,27.1,27.1,27.1,27.1,26.8,26.9,27.1,27.1,27.2,27.4,27.3,27.5,27.6,27.6,27.8,27.8,27.9,28.1,28.1,28.4,28.2,28.5,28.7,28.6,28.9,28.7,28.9,28.9,28.9,29.0,28.8,28.9,28.9,29.0,29.1,28.9,29.1,29.2,29.1,29.3,29.2,29.1,29.2,29.2,29.3,29.2,29.4,29.1,29.2,29.2,29.0,29.2,29.2,29.2,29.1,29.1,29.3,29.1,29.2,29.3,29.1,29.3,29.0
189,27.8,27.9,27.7,27.7,27.7,27.7,27.6,27.7,27.6,27.6,27.6,27.4,27.6,27.4,27.3,27.3,27.2,27.2,27.1,27.1,27.1,26.9,26.9,26.8,26.5,26.6,26.5,26.3,26.3,26.2,26.4,26.2,26.0,26.1,26.0,26.0,25.9,25.9,26.0,25.8,25.9,25.9,25.9,25.8,25.9,25.8,25.9,25.8,25.9,25.9,25.7,25.8,25.8,26.2,27.0,28.4,29.0,29.3,29.3,29.4,29.4,29.4,29.4,29.3,29.3,29.4,29.3,29.4,29.3,29.4,29.3,29.4,29.6,29.4,29.5,29.7,30.0,30.0,30.0,29.8,28.9,27.1,25.3,25.0,25.3,25.0,24.9,25.4,25.4,25.8,27.1,29.5,30.0,30.5,30.7,30.8,30.7,30.7,30.7,30.6,30.6,30.6,30.7,30.6,30.6,30.7,30.8,30.7,30.8,30.9,31.0,31.2,31.1,31.2,31.5,31.5,31.5,31.6,31.6,31.6,31.7,31.6,31.6,31.6,31.6,31.6,31.4,31.4,31.2,31.4,31.4,31.3,31.5,31.5,31.5,31.5,31.5,31.5,31.6,31.6,31.6,31.6,31.5,31.4,31.2,31.1,31.1,31.2,31.2,31.2,31.3,31.3,31.4,31.2,31.0,30.8,30.6,30.5,30.1,30.0,29.6,29.5,29.4,29.4,29.4,29.1,29.0,28.8,28.7,28.7,28.6,28.5,28.1,28.1,28.0,27.7,27.8,27.6,27.6,27.4,27.3,27.2,27.1,26.9,27.0,27.0,26.9,26.8,26.8,26.8,26.9,26.8,26.9,26.9,27.0,27.1,27.0,27.1,27.1,27.2,27.6,27.8,27.9,28.2,28.4,28.4,28.5,28.5,28.6,28.5,28.7,28.7,29.1,28.9,29.0,29.0,29.1,29.2,29.1,29.2,29.1,29.1,29.2,29.1,29.1,29.1,29.2,29.1,29.2,29.2,29.1,29.2,29.2,29.2,29.2,29.2,29.2,29.3,29.3,29.2,29.1,29.2,29.1,29.0,29.3,29.1,29.2,29.3,29.3,29.2,29.3,29.2,29.3,29.3,29.3,29.3
190,27.8,27.8,27.9,27.7,27.8,27.7,27.6,27.7,27.7,27.7,27.7,27.7,27.7,27.6,27.7,27.5,27.5,27.5,27.4,27.5,27.4,27.4,27.3,27.3,27.2,27.2,27.2,27.1,27.0,27.0,26.9,26.9,26.8,26.8,26.5,26.6,26.5,26.5,26.5,26.3,26.4,26.1,26.2,26.2,26.2,26.2,26.2,26.2,26.3,26.1,26.0,26.2,26.3,26.1,26.9,28.6,28.9,29.3,29.3,29.5,29.5,29.5,29.4,29.4,29.3,29.2,29.3,29.3,29.4,29.2,29.3,29.5,29.6,29.7,29.6,30.0,30.0,30.1,30.0,30.0,29.5,27.5,25.6,25.3,25.1,25.3,25.3,25.5,25.4,26.1,27.3,29.3,30.0,30.4,30.5,30.5,30.6,30.7,30.7,30.6,30.6,30.5,30.6,30.5,30.6,30.7,30.8,30.7,30.7,30.8,30.9,31.0,31.2,31.2,31.4,31.5,31.4,31.6,31.7,31.7,31.7,31.7,31.7,31.6,31.6,31.6,31.6,31.4,31.5,31.3,31.3,31.4,31.5,31.4,31.5,31.5,31.5,31.5,31.5,31.6,31.6,31.6,31.5,31.3,31.2,31.1,31.2,31.2,31.2,31.3,31.2,31.3,31.4,31.2,31.0,30.9,30.7,30.5,30.4,30.1,29.6,29.5,29.5,29.5,29.4,29.2,29.2,29.0,28.9,28.8,28.6,28.2,28.1,28.1,27.9,27.9,27.7,27.6,27.5,27.5,27.3,27.2,27.2,27.0,26.8,26.8,26.8,26.8,26.5,26.5,26.5,26.5,26.8,26.8,26.8,26.6,26.9,26.9,27.1,27.6,28.4,28.5,28.6,28.6,28.7,28.7,28.8,28.9,28.9,28.8,28.9,29.0,29.0,29.0,29.0,29.1,29.2,29.2,29.3,29.2,29.0,29.1,29.1,29.2,29.1,29.1,29.2,29.0,29.1,29.2,29.2,29.2,29.2,29.2,29.2,29.2,29.0,29.1,29.2,29.2,29.2,29.1,29.2,29.1,29.2,29.0,29.2,29.3,29.2,29.3,29.3,29.3,29.3,29.4,29.3,29.7
191,27.6,27.9,27.7,27.8,27.7,27.8,27.7,27.6,27.7,27.9,27.7,27.6,27.8,27.7,27.8,27.6,27.8,27.7,27.7,27.7,27.6,27.7,27.5,27.7,27.6,27.3,27.6,27.6,27.6,27.6,27.4,27.4,27.3,27.3,27.3,27.2,27.2,27.3,27.1,26.9,26.9,27.0,26.9,26.9,26.4,26.4,26.9,26.8,26.8,26.8,26.5,26.3,26.5,26.4,27.1,28.5,29.1,29.2,29.3,29.5,29.4,29.4,29.4,29.4,29.3,29.5,29.3,29.4,29.3,29.3,29.5,29.6,29.7,29.6,29.6,29.7,30.1,30.3,30.1,30.1,29.6,28.1,26.3,25.5,25.8,25.3,25.7,25.5,26.2,26.2,27.9,29.2,29.8,30.4,30.3,30.4,30.5,30.6,30.6,30.6,30.6,30.7,30.6,30.6,30.5,30.6,30.7,30.6,30.8,30.8,30.7,30.9,31.2,31.0,31.2,31.4,31.3,31.5,31.6,31.7,31.7,31.9,31.7,31.9,31.9,31.6,31.7,31.6,31.4,31.4,31.5,31.3,31.5,31.4,31.2,31.6,31.5,31.6,31.5,31.6,31.6,31.5,31.5,31.6,31.2,31.2,31.3,31.2,31.1,31.2,31.2,31.2,31.3,31.2,31.1,30.9,30.6,30.5,30.4,30.1,29.8,29.5,29.7,29.6,29.5,29.4,29.3,29.3,29.0,28.9,28.6,28.4,28.1,28.2,28.4,28.0,27.7,27.9,27.7,27.6,27.3,27.2,27.1,27.2,26.6,26.8,26.8,26.5,26.4,26.5,26.4,26.3,26.5,26.5,26.5,26.6,26.6,26.9,27.1,27.4,28.4,28.7,28.8,28.8,29.0,28.9,29.0,28.8,28.9,29.0,28.9,29.0,29.0,29.2,29.0,29.2,29.2,29.0,29.1,29.3,29.2,29.3,29.0,29.1,29.4,29.1,29.0,29.0,28.9,29.2,28.7,29.1,29.2,29.3,29.2,29.4,29.0,29.3,29.3,29.1,29.0,29.5,29.3,28.9,29.3,29.1,29.2,29.3,29.2,29.6,29.5,29.5,29.5,29.6,29.7,29.8
