รเ X/Y,0,1,2,3,4,5,6,7,8,9,10,11,12,13,14,15,16,17,18,19,20,21,22,23,24,25,26,27,28,29,30,31,32,33,34,35,36,37,38,39,40,41,42,43,44,45,46,47,48,49,50,51,52,53,54,55,56,57,58,59,60,61,62,63,64,65,66,67,68,69,70,71,72,73,74,75,76,77,78,79,80,81,82,83,84,85,86,87,88,89,90,91,92,93,94,95,96,97,98,99,100,101,102,103,104,105,106,107,108,109,110,111,112,113,114,115,116,117,118,119,120,121,122,123,124,125,126,127,128,129,130,131,132,133,134,135,136,137,138,139,140,141,142,143,144,145,146,147,148,149,150,151,152,153,154,155,156,157,158,159,160,161,162,163,164,165,166,167,168,169,170,171,172,173,174,175,176,177,178,179,180,181,182,183,184,185,186,187,188,189,190,191,192,193,194,195,196,197,198,199,200,201,202,203,204,205,206,207,208,209,210,211,212,213,214,215,216,217,218,219,220,221,222,223,224,225,226,227,228,229,230,231,232,233,234,235,236,237,238,239,240,241,242,243,244,245,246,247,248,249,250,251,252,253,254,255
0,21.6,21.5,21.5,21.2,21.5,21.6,21.4,21.5,21.2,21.5,21.4,21.5,21.4,21.5,21.5,21.2,21.4,21.5,20.9,21.2,20.9,21.2,21.0,21.2,20.9,21.0,21.2,21.2,21.2,21.2,21.2,21.0,21.5,20.9,21.2,20.9,21.0,21.0,21.2,21.2,21.0,21.0,21.5,21.4,21.2,20.9,21.2,21.2,21.4,21.2,21.0,21.2,21.2,21.2,21.0,21.2,21.0,21.2,21.2,21.0,21.0,21.2,20.8,21.2,21.0,21.0,21.0,21.0,20.9,21.2,20.9,20.9,21.2,20.8,21.2,20.9,21.0,21.2,21.2,20.9,21.0,20.9,20.8,21.0,20.8,20.9,20.9,21.0,21.0,20.9,20.9,21.2,21.2,21.0,21.2,21.0,21.0,20.9,21.0,21.2,20.9,21.0,21.0,21.0,21.0,20.9,21.0,21.0,21.0,21.2,21.2,21.0,21.0,21.2,21.0,21.2,21.2,20.8,21.2,21.2,21.2,20.9,20.9,20.9,20.9,21.2,21.4,21.4,21.2,21.0,21.4,21.2,21.2,21.2,21.5,21.4,20.9,21.2,20.9,21.4,21.2,21.2,20.8,21.2,20.9,20.9,21.0,21.0,20.9,21.0,20.8,21.0,20.9,20.9,21.2,20.9,21.0,21.2,20.9,21.2,20.9,21.2,21.4,21.5,21.7,21.8,21.8,21.5,21.9,21.9,21.8,21.2,21.5,21.5,21.7,21.4,21.4,21.4,21.0,21.4,21.2,21.0,20.9,21.0,21.2,20.7,21.0,21.0,21.0,20.8,21.0,20.8,20.8,20.9,20.8,20.9,21.0,21.2,21.0,21.0,20.7,20.9,20.8,21.2,20.8,20.9,20.7,20.9,21.0,20.8,20.8,20.9,21.2,21.2,20.8,21.2,21.0,21.2,21.0,21.5,20.9,21.2,21.0,21.2,21.2,21.2,21.2,21.2,21.0,21.0,21.5,20.9,21.0,21.2,20.9,20.8,20.9,21.2,20.9,21.4,21.0,20.9,21.0,21.2,20.9,21.0,21.2,20.9,21.2,21.2,20.7,20.9,21.2,21.2,21.6,21.0
1,21.2,21.4,21.4,21.2,21.4,21.4,21.2,21.2,21.4,21.4,21.4,21.4,21.5,21.4,21.4,21.4,21.2,21.2,21.2,21.2,21.2,21.2,21.2,21.0,21.2,21.0,21.2,21.2,21.0,21.2,21.2,21.2,21.2,21.2,21.2,21.0,21.0,21.0,21.0,21.0,21.2,21.0,21.2,21.2,21.2,21.2,21.2,20.9,20.9,21.0,21.0,21.0,21.2,21.2,20.9,21.0,21.2,21.2,21.0,21.0,20.9,20.9,20.8,21.0,21.0,21.0,21.0,21.0,21.2,21.0,20.9,21.0,21.0,20.9,21.0,20.9,21.2,21.0,21.0,20.9,21.0,21.2,21.0,21.2,21.0,21.0,21.0,20.9,21.0,21.0,20.9,21.0,21.0,21.2,21.0,21.0,20.9,21.0,21.0,21.0,20.9,21.0,21.0,21.0,21.2,21.0,20.9,21.0,21.0,20.9,21.0,21.2,21.0,21.0,21.0,21.0,20.9,21.0,21.0,21.0,21.2,21.0,21.0,21.0,20.9,21.0,21.0,21.2,21.2,21.0,21.2,21.0,21.0,21.0,21.0,21.2,21.0,21.0,21.0,21.2,20.9,21.0,20.9,21.0,21.2,21.2,21.0,20.9,20.9,20.9,20.8,21.0,21.2,20.9,21.2,21.0,21.2,21.2,21.0,21.0,21.2,21.2,21.2,21.5,21.4,21.5,21.4,21.5,21.5,21.4,21.4,21.4,21.0,21.4,21.2,21.2,21.0,21.2,21.2,21.0,21.0,21.0,21.0,20.9,20.9,20.9,21.0,21.0,20.9,20.9,20.9,20.9,20.8,20.9,20.9,20.9,20.9,20.9,21.0,20.9,20.9,20.9,20.8,20.9,20.9,20.9,20.8,21.0,20.7,20.9,20.9,21.0,20.9,20.9,21.0,21.0,21.0,21.0,20.9,21.0,20.9,21.0,20.9,20.8,21.0,21.0,21.0,21.0,21.0,21.2,21.2,21.0,21.0,21.0,20.9,20.9,21.0,21.2,20.9,21.0,21.0,20.9,20.9,20.9,20.9,20.9,20.8,20.9,21.0,20.9,20.9,21.2,21.0,21.0,21.0,21.0
2,21.5,21.2,21.2,21.2,21.2,21.2,21.2,21.2,21.2,21.4,21.2,21.4,21.4,21.2,21.2,21.2,21.2,21.2,21.2,21.2,21.2,21.2,21.2,21.0,21.2,21.2,21.0,20.9,21.2,21.2,20.9,21.2,21.2,21.2,21.2,21.0,21.2,21.0,21.0,21.0,21.0,21.0,21.0,21.2,21.0,20.9,21.0,21.0,21.0,21.2,21.0,21.2,21.0,21.0,21.0,21.0,21.2,21.2,21.2,21.2,20.9,21.0,21.0,21.0,21.0,21.2,21.0,21.0,21.0,21.0,20.9,21.0,21.0,21.0,20.9,21.2,20.9,21.0,21.0,21.0,21.0,21.2,21.2,21.0,20.9,21.0,21.0,21.0,21.0,20.9,21.0,21.0,21.0,20.9,21.0,20.9,21.2,21.0,20.9,20.9,21.0,21.0,20.8,21.0,21.0,21.0,21.2,20.9,21.0,21.0,20.9,21.0,21.0,21.0,21.2,21.0,21.0,21.2,20.9,21.0,20.9,21.0,21.0,20.9,20.9,21.0,21.0,21.2,21.0,21.0,21.0,21.0,21.2,21.2,21.0,21.2,21.0,21.0,20.9,21.0,20.9,21.0,20.9,21.0,21.0,21.2,20.9,21.0,20.9,20.9,21.0,21.0,21.0,21.0,20.9,21.0,21.0,20.9,21.0,20.9,21.0,21.0,21.2,21.2,21.4,21.2,21.2,21.4,21.2,21.2,21.2,21.2,21.0,21.0,21.0,21.2,21.0,21.0,21.2,21.2,21.2,20.9,20.9,21.0,21.0,20.9,21.0,20.9,20.9,21.0,20.9,20.9,20.9,20.8,20.8,20.9,20.9,20.8,20.8,20.9,20.9,20.7,21.0,20.8,20.9,20.8,20.9,20.9,20.9,21.0,20.9,20.9,20.9,21.0,20.9,20.9,20.8,20.9,20.9,20.9,20.9,20.9,20.8,20.8,20.9,21.0,21.0,21.0,21.0,21.0,21.2,21.0,21.2,21.2,20.9,20.9,21.0,21.0,21.0,21.0,20.9,20.9,20.8,21.2,21.0,20.9,21.2,21.0,21.0,20.9,21.0,20.9,21.0,21.2,21.2,21.0
3,21.2,21.2,21.2,21.2,21.2,21.2,21.2,21.2,21.2,21.4,21.2,21.5,21.2,21.2,21.2,21.2,21.2,21.2,21.0,21.0,21.0,21.0,21.0,21.0,21.0,21.2,21.2,21.2,21.2,21.0,21.0,21.0,21.2,21.2,21.2,21.2,21.2,21.0,21.0,20.9,21.2,21.2,21.0,21.0,20.9,21.2,21.0,21.0,21.2,20.9,20.9,21.0,21.0,21.0,20.9,21.2,21.2,21.0,21.0,21.0,20.9,21.0,20.9,20.9,20.9,21.2,21.0,21.2,21.0,20.9,20.9,20.8,20.9,21.0,21.2,20.9,21.0,20.9,21.0,21.0,20.9,20.9,21.0,20.9,21.0,21.0,20.9,21.0,21.0,21.2,21.0,21.2,21.0,20.9,20.9,21.0,20.9,21.0,20.9,21.0,21.0,20.9,21.0,20.8,21.0,21.0,21.0,20.9,21.0,21.0,21.0,20.9,20.9,20.9,21.0,21.0,21.2,21.2,20.9,20.9,21.0,21.0,21.0,20.8,20.9,20.8,20.9,21.0,20.9,20.9,21.0,21.0,21.0,21.0,20.9,21.0,21.0,21.0,21.0,20.9,20.9,21.0,21.0,21.0,21.0,20.9,20.9,20.9,20.9,20.9,20.9,20.9,20.9,21.2,21.0,21.0,20.9,21.0,20.9,20.9,20.9,21.0,21.0,21.0,21.0,21.0,21.0,21.0,21.2,21.0,21.2,21.0,20.9,20.9,20.9,21.0,20.9,21.0,21.0,21.0,20.9,20.9,21.0,20.9,20.9,20.9,21.0,20.9,20.9,20.9,20.8,20.8,20.9,21.0,20.9,20.8,20.9,20.8,20.9,21.0,20.9,20.9,20.9,20.9,20.8,20.9,20.9,20.9,20.8,20.9,20.8,20.9,21.0,20.9,20.8,20.9,20.8,20.9,20.9,21.0,20.9,20.9,20.9,20.9,20.8,21.0,20.9,20.9,20.8,20.9,21.0,21.0,21.0,20.9,21.0,20.9,21.0,21.2,21.2,21.0,21.0,21.0,21.0,20.9,21.2,21.0,21.0,21.2,20.9,20.8,21.0,21.2,20.9,21.2,20.9,21.0
4,21.2,21.2,21.5,21.4,21.2,21.5,21.2,21.4,21.2,21.2,21.4,21.4,21.2,21.2,21.4,21.2,21.2,21.2,21.2,21.0,21.0,21.2,21.2,21.2,21.0,21.2,21.2,20.9,21.0,21.2,21.2,21.2,21.0,21.0,21.2,21.2,21.0,21.2,21.0,21.2,21.2,21.0,21.0,20.9,21.0,21.0,21.0,21.2,21.0,21.0,21.2,21.0,20.9,21.0,21.0,21.0,21.2,21.0,21.0,21.0,21.2,21.0,21.0,21.2,21.0,21.0,21.0,21.0,20.9,21.0,21.0,21.0,21.0,21.0,20.9,21.2,21.2,20.9,21.0,21.0,21.0,21.0,21.0,21.0,21.0,21.2,21.2,20.9,20.9,21.2,21.2,21.0,21.0,21.0,20.9,21.0,21.2,20.9,20.9,21.2,21.0,21.0,20.9,21.0,21.0,21.0,21.0,21.0,21.0,20.9,21.0,21.0,21.0,21.0,21.2,21.2,20.9,21.2,21.0,21.0,21.0,20.9,21.0,21.0,20.9,20.9,20.9,21.0,20.9,20.9,21.0,20.9,21.0,21.0,21.0,21.0,20.9,20.9,20.9,21.0,21.0,21.0,20.9,20.9,20.9,21.0,20.9,21.0,20.9,21.0,20.9,20.9,20.9,21.0,21.0,21.0,20.9,20.8,20.9,20.9,21.0,20.8,21.0,21.0,21.0,21.0,20.9,20.9,20.9,21.0,20.9,21.2,21.0,21.2,21.0,21.0,21.2,21.0,20.9,20.9,20.9,21.2,21.0,21.0,21.0,20.9,20.8,21.0,20.8,20.9,21.0,20.9,21.0,20.9,20.9,20.9,20.9,20.9,20.9,20.9,20.9,20.8,21.0,20.9,21.0,21.0,20.9,20.9,20.8,20.9,20.9,20.8,20.9,20.9,20.9,20.9,20.9,20.9,20.9,20.9,20.8,20.9,20.9,20.8,21.0,20.9,20.9,21.0,20.9,21.0,21.2,20.9,20.9,20.9,21.0,21.0,21.0,21.0,21.2,21.0,20.8,21.0,20.9,21.2,21.0,21.0,21.2,21.0,21.0,21.0,20.9,21.0,21.0,21.0,21.0,20.9
5,21.5,21.2,21.4,21.5,21.2,21.4,21.4,21.2,21.4,21.2,21.2,21.2,21.2,21.2,21.4,21.2,21.4,21.2,21.2,21.2,21.2,21.2,21.2,21.0,21.2,21.2,21.2,21.2,21.2,21.0,21.2,21.2,21.2,21.2,21.2,21.2,21.2,21.2,21.0,21.0,20.9,20.9,21.0,20.9,20.9,20.9,21.0,21.0,21.2,20.9,21.0,21.0,21.0,21.0,21.0,21.0,21.0,21.0,21.0,21.2,21.0,21.2,21.2,21.2,21.2,21.0,20.9,21.2,20.9,21.0,21.2,21.0,21.0,21.2,21.0,21.0,20.9,21.0,21.0,21.0,21.0,20.9,20.9,21.2,21.0,21.0,21.0,20.9,21.0,21.0,20.9,21.0,20.9,21.0,20.8,21.0,21.0,20.9,20.9,21.0,21.2,21.0,21.0,20.9,21.0,21.0,20.8,21.0,20.9,21.0,21.0,21.0,21.0,21.0,21.2,20.8,21.0,21.0,20.9,20.9,21.2,20.9,21.0,21.2,20.9,20.9,21.0,20.9,20.9,20.8,20.9,21.0,20.9,21.0,21.0,21.0,20.8,20.9,21.0,20.9,21.2,21.2,20.9,21.0,21.0,20.9,21.2,21.0,21.0,20.8,21.0,21.0,20.9,20.9,20.9,21.0,20.8,20.9,21.0,21.0,20.8,20.9,21.0,21.0,20.9,20.9,21.0,21.0,21.0,20.9,20.9,20.9,20.9,20.9,20.8,20.9,20.9,20.9,21.0,21.0,21.0,20.9,21.0,20.9,21.2,21.0,21.0,20.9,20.9,20.8,20.8,21.2,21.0,20.9,21.0,20.9,20.8,20.9,20.9,20.9,21.0,20.8,20.9,20.9,21.0,21.0,21.0,20.9,20.8,21.0,21.0,20.9,20.9,20.9,20.9,20.9,20.9,20.9,20.8,20.9,20.8,21.0,20.9,20.8,21.0,21.0,20.9,20.9,20.9,20.9,20.9,21.0,20.9,21.0,21.0,21.0,21.0,21.0,21.2,21.2,20.9,21.0,21.2,21.0,21.2,21.0,21.2,21.0,21.0,21.0,21.2,21.0,21.0,21.2,21.2,21.2
6,21.2,21.4,21.4,21.2,21.4,21.2,21.4,21.2,21.2,21.4,21.2,21.2,21.2,21.2,21.2,21.4,21.2,21.4,21.2,21.2,21.2,21.0,21.0,21.0,21.0,21.2,21.0,21.0,21.2,21.0,21.0,21.0,21.2,21.0,20.9,21.0,21.2,21.0,21.0,21.2,20.9,21.0,20.9,21.0,20.9,21.0,20.9,21.0,21.0,21.0,21.0,21.2,21.0,20.9,20.9,21.0,21.0,21.0,20.9,21.2,21.0,21.2,20.9,21.0,20.9,21.2,20.9,20.9,21.2,21.0,21.0,21.2,21.0,21.0,21.0,21.0,20.9,21.0,21.0,21.2,21.0,21.2,21.0,21.0,21.0,21.2,20.9,20.9,21.0,21.0,21.2,20.9,21.0,21.2,21.0,21.2,21.0,21.0,20.9,21.0,21.0,21.0,20.9,21.0,20.9,20.9,20.9,21.0,20.9,21.0,20.8,20.9,21.2,20.9,21.0,20.9,20.9,21.0,21.0,21.0,21.0,21.0,20.9,21.0,21.0,21.0,20.9,21.0,20.9,20.9,21.0,20.9,21.0,20.9,21.0,21.0,20.9,20.9,20.9,21.0,20.9,20.9,20.9,21.0,21.0,21.0,21.0,21.0,21.0,20.9,21.0,20.9,21.0,21.0,20.9,20.9,20.9,20.9,20.9,21.0,20.9,20.8,20.9,21.0,21.0,20.9,20.9,20.9,21.0,20.9,20.8,20.9,21.0,20.9,21.0,21.0,20.9,20.8,21.0,20.9,21.0,20.9,21.0,21.0,20.9,21.0,21.0,20.9,21.0,20.9,20.9,20.9,20.9,20.8,20.9,20.9,20.8,20.8,20.7,20.8,20.8,20.9,20.9,20.9,21.0,21.0,21.0,20.9,20.9,20.8,20.9,20.8,20.8,20.9,20.9,20.8,20.9,20.9,20.9,20.9,20.8,20.9,20.9,20.8,20.9,20.9,20.9,20.9,20.8,20.9,20.9,20.8,20.9,20.9,20.9,20.9,21.0,20.9,21.0,20.9,21.0,21.0,21.2,20.9,21.2,21.0,21.0,21.0,21.2,21.2,21.2,21.0,21.0,21.2,21.2,21.0
7,21.5,21.2,21.2,21.4,21.2,21.2,21.2,21.4,21.4,21.2,21.2,21.4,21.0,21.2,21.0,21.2,21.4,21.2,21.2,21.2,21.2,21.2,21.2,21.0,20.9,21.0,21.0,21.0,21.2,21.2,21.2,21.0,21.0,21.2,21.2,21.0,21.0,21.0,21.2,21.2,21.2,21.2,21.0,21.0,20.9,21.2,21.0,21.0,21.0,21.0,21.2,21.0,21.0,21.0,21.0,21.2,21.0,20.9,21.0,21.0,21.0,21.0,20.9,21.0,21.2,21.2,21.2,21.0,21.0,21.0,20.9,20.9,20.9,21.0,21.0,20.9,21.0,20.9,20.9,21.0,21.0,21.2,20.9,21.0,20.9,20.9,21.0,21.0,21.0,20.9,21.0,21.0,21.0,20.9,20.9,21.0,20.9,20.9,21.0,20.9,21.0,21.0,21.0,21.0,20.9,21.0,20.9,20.9,20.9,20.9,20.9,20.9,20.9,21.2,21.0,21.0,21.0,21.0,21.0,21.0,20.9,20.9,20.9,20.9,20.9,21.0,21.0,20.9,20.8,20.9,20.9,20.9,20.9,20.9,20.9,20.9,21.0,20.8,20.9,21.0,21.0,20.9,20.9,21.0,21.0,20.9,21.0,21.0,20.8,20.9,20.9,20.9,21.0,20.9,20.9,20.9,20.9,21.0,21.0,21.0,20.9,20.9,20.9,20.8,20.8,20.8,21.0,20.9,20.9,21.0,20.9,20.9,20.9,20.9,20.9,20.9,20.9,21.0,21.0,21.0,21.0,21.2,21.0,21.0,21.0,21.0,21.0,21.0,20.8,20.9,20.9,20.9,20.9,20.9,20.8,20.8,21.0,20.8,20.8,20.9,20.8,20.9,20.9,21.0,20.9,20.9,20.9,20.9,20.9,21.0,20.9,20.9,21.0,21.0,20.9,20.9,21.0,20.9,20.8,20.9,20.8,20.9,20.9,21.0,20.9,20.9,20.9,20.8,20.9,20.8,20.8,21.0,20.9,20.9,20.9,21.0,21.0,21.0,21.0,21.0,20.9,21.2,21.0,20.9,21.0,21.2,20.9,21.0,21.0,21.0,21.0,21.0,21.2,21.2,21.2,21.2
8,21.0,21.2,21.2,21.2,21.4,21.4,21.0,21.2,21.2,21.2,21.2,21.2,21.2,21.0,21.2,21.2,21.2,21.2,21.2,21.4,20.9,21.2,21.2,21.0,21.0,21.0,21.0,21.0,21.0,21.2,21.0,21.2,21.2,21.0,21.0,21.0,21.2,21.2,21.0,21.0,21.0,21.2,21.0,21.2,21.0,21.0,20.9,21.0,21.0,21.2,20.9,20.9,21.2,21.0,20.9,21.0,20.9,20.9,21.2,21.0,20.9,21.0,21.2,21.0,21.0,21.2,21.0,20.9,20.9,21.0,21.0,20.9,21.0,20.9,21.0,21.0,21.0,20.9,21.0,21.0,20.9,21.0,20.9,20.9,21.0,21.0,20.8,21.0,21.2,21.0,21.0,21.0,21.2,21.2,21.0,20.9,20.9,20.9,21.0,20.9,21.2,21.0,21.2,21.0,20.9,21.0,21.0,21.0,21.0,20.9,20.9,21.0,20.9,20.9,21.0,21.0,21.0,21.0,21.0,20.9,20.8,20.9,20.9,20.8,21.0,21.0,20.9,20.9,20.9,20.9,21.0,20.8,20.8,21.0,21.0,20.9,20.9,21.0,21.0,20.9,21.0,21.0,20.9,20.9,20.8,20.9,20.8,20.9,21.0,20.9,21.0,20.9,20.9,20.9,20.9,20.9,21.0,20.9,20.9,20.9,20.9,20.9,21.0,20.9,21.0,20.9,20.8,20.9,20.9,20.9,20.9,20.8,20.9,21.0,20.8,20.9,20.8,21.0,21.0,21.0,21.0,20.8,21.0,20.9,21.0,21.0,20.9,21.0,21.0,21.0,21.0,20.8,20.9,20.8,20.8,20.8,20.8,21.0,20.9,20.9,20.9,20.9,21.0,20.9,20.8,20.9,20.9,20.9,20.9,20.9,20.8,20.8,20.9,21.0,20.9,20.9,20.8,20.9,20.8,20.8,20.9,21.0,20.9,20.9,20.9,20.9,21.0,20.9,20.7,20.9,20.9,20.9,20.8,21.0,21.0,21.0,21.0,21.0,20.9,20.9,21.0,21.0,21.0,20.9,20.9,21.2,21.2,21.2,21.0,21.2,21.2,21.4,21.2,21.2,21.0,21.0
9,21.2,21.2,21.2,21.2,21.2,21.2,21.2,21.2,21.2,21.2,21.4,21.2,21.4,21.2,21.0,21.2,21.4,21.2,21.2,21.4,21.4,21.2,21.2,21.0,21.0,21.0,21.0,21.0,21.0,21.2,21.2,21.2,21.2,21.0,21.2,21.2,21.2,21.2,21.0,21.0,21.0,21.2,20.9,21.0,21.0,21.2,21.0,21.0,21.2,21.2,21.0,21.0,21.0,21.0,21.0,21.0,21.0,21.0,21.0,21.2,21.2,21.2,21.0,21.0,20.9,21.0,21.0,20.9,21.2,21.2,21.2,21.0,21.2,21.0,20.9,21.0,21.0,20.9,20.9,20.9,21.0,21.0,21.0,20.9,20.8,21.0,20.9,21.0,21.0,20.9,21.0,21.0,21.2,21.0,21.0,21.2,20.9,20.9,20.9,21.2,21.0,21.0,21.0,20.9,21.0,21.0,20.9,21.2,21.0,21.2,21.0,21.0,21.0,21.2,21.0,21.0,21.2,21.0,21.0,21.0,21.0,20.9,20.9,20.9,21.0,21.0,21.0,20.9,20.9,21.0,20.9,21.0,20.8,20.9,20.9,20.9,21.0,21.0,21.0,21.0,21.0,20.9,20.9,21.0,20.9,20.8,20.8,20.9,20.8,20.9,20.9,20.9,20.9,21.0,21.0,21.0,21.0,20.9,21.0,20.9,20.9,20.9,20.9,20.8,20.8,20.8,20.8,20.8,20.9,20.8,20.9,21.0,20.9,21.0,20.9,21.0,20.8,21.0,21.0,21.0,21.0,21.0,21.0,21.0,20.9,20.9,21.0,21.0,20.9,20.9,20.9,21.0,20.9,20.9,20.8,20.8,20.9,20.9,21.0,21.0,21.0,21.0,20.9,20.9,20.9,20.9,20.9,21.0,20.9,20.8,20.8,20.8,20.8,20.8,20.8,20.9,20.8,20.9,20.9,20.9,20.9,20.9,20.9,20.8,20.9,21.0,20.9,21.0,20.9,20.9,20.8,20.9,20.9,20.8,21.0,21.0,21.0,20.9,20.9,21.0,20.9,21.0,20.9,21.0,21.2,21.2,21.0,21.0,20.9,21.0,21.2,21.2,21.2,21.2,21.0,21.2
10,21.2,21.2,21.2,21.2,21.4,21.2,21.2,21.2,21.4,21.2,21.2,21.5,20.9,21.2,21.2,21.0,21.0,21.2,21.0,21.0,21.2,21.2,21.2,21.0,21.2,21.0,21.2,21.0,20.9,21.0,21.0,21.2,21.0,20.9,21.2,21.0,21.0,21.2,21.2,21.0,21.2,20.9,21.2,21.0,21.0,21.2,21.0,21.4,21.0,21.0,21.2,21.0,21.0,21.0,21.2,21.0,20.9,21.0,20.9,21.2,21.2,21.0,21.2,20.9,21.0,21.0,21.0,21.0,20.9,21.2,21.0,21.0,21.0,21.0,21.0,21.0,21.2,21.2,21.0,21.0,21.0,21.2,20.9,20.9,20.8,20.8,20.9,21.2,21.0,21.2,21.0,21.0,20.9,20.9,21.0,20.9,21.0,21.0,21.0,21.0,21.0,21.0,20.9,20.9,21.0,21.0,21.0,21.0,21.0,21.0,21.0,21.0,21.0,21.2,21.0,21.0,21.0,21.0,21.0,21.0,21.2,20.9,20.9,20.9,20.9,20.9,21.0,21.0,21.0,21.0,21.2,21.0,20.9,20.9,20.9,20.9,20.9,21.2,21.0,21.0,20.8,21.0,21.0,20.9,20.9,20.9,20.8,21.0,21.0,21.2,20.8,21.0,20.9,20.9,20.9,21.0,20.9,20.9,21.0,20.9,20.9,20.9,20.9,20.9,20.8,20.8,20.9,20.8,20.8,20.9,20.9,20.8,21.0,20.8,20.9,20.9,20.8,20.9,21.0,21.0,21.0,21.0,20.9,20.9,20.9,20.9,21.0,21.0,20.9,21.0,20.9,21.0,20.9,20.9,20.8,21.0,20.9,20.9,20.8,20.9,20.9,20.9,20.9,20.9,20.9,20.9,20.9,20.9,20.9,20.9,20.9,20.9,20.9,20.9,20.8,20.9,20.9,20.9,20.9,21.0,21.2,21.0,21.0,21.2,21.0,20.9,21.0,20.9,21.0,20.9,20.9,20.9,20.9,20.8,21.2,20.9,20.7,21.0,20.9,20.9,20.9,20.9,21.2,21.0,21.0,21.0,21.4,21.0,21.0,21.0,21.0,21.2,21.0,21.0,21.0,20.9
11,21.2,21.2,21.2,21.2,21.2,21.2,21.2,21.2,21.2,21.2,21.0,21.2,21.0,21.0,21.0,21.0,21.0,21.2,21.2,21.2,21.0,21.0,21.0,21.2,20.9,21.2,21.0,21.0,21.0,21.2,21.2,21.0,20.9,20.9,21.0,21.2,21.2,21.2,21.0,20.9,20.9,20.9,21.0,21.2,21.2,21.0,21.0,21.0,21.0,20.9,21.0,21.2,21.2,21.0,21.0,20.9,20.8,21.0,21.0,20.9,21.0,20.9,21.0,20.9,21.0,21.0,21.0,21.0,20.9,21.0,21.0,21.0,21.0,20.9,21.0,21.0,21.0,20.9,20.9,20.9,20.9,20.9,20.8,20.8,20.9,20.9,21.0,21.0,20.9,20.9,20.9,20.9,21.0,20.9,20.8,20.9,20.9,20.9,21.0,20.9,21.2,21.0,20.9,20.9,20.9,20.9,20.9,20.9,21.0,21.0,21.0,21.2,20.9,21.0,20.9,20.9,21.0,20.9,21.0,21.0,20.9,20.8,20.9,20.8,20.9,20.9,21.0,21.0,21.0,21.2,21.0,21.0,20.9,21.0,21.0,20.7,21.0,21.0,21.0,20.9,20.9,21.0,21.0,21.0,20.9,20.8,20.9,20.9,20.9,21.0,21.0,20.9,20.9,20.9,20.9,21.0,20.9,20.9,21.0,20.9,20.9,21.0,20.9,20.9,20.9,20.8,20.8,20.8,20.9,20.9,20.8,21.0,20.9,20.9,20.9,20.8,20.8,20.9,20.8,21.0,21.2,20.9,20.9,20.9,20.9,20.8,20.8,20.9,21.0,21.0,21.0,21.0,20.9,20.9,20.9,20.9,20.9,20.8,20.7,20.9,21.0,20.8,20.9,20.9,20.8,20.7,20.9,20.7,20.8,20.9,20.8,20.8,20.9,20.8,20.7,20.9,20.7,20.8,21.0,20.9,20.9,21.0,20.8,21.0,20.8,20.9,21.0,20.8,20.9,20.7,20.9,20.8,21.0,20.9,20.9,21.0,21.0,20.9,20.9,20.9,20.8,21.0,20.9,20.9,20.9,20.9,20.9,20.9,20.8,21.0,20.8,21.0,21.2,20.9,21.0,20.9
12,21.2,21.2,21.2,21.2,21.0,21.2,21.0,21.2,21.2,21.4,21.2,21.2,21.0,21.0,21.0,21.0,21.0,21.0,21.2,21.0,21.0,20.9,21.0,21.2,21.2,21.0,21.0,21.0,21.2,20.9,21.2,21.0,20.9,21.0,21.2,21.0,21.2,20.9,20.9,21.2,21.0,20.9,21.0,21.0,21.2,21.2,20.9,21.0,20.9,21.0,21.0,21.0,20.9,21.2,21.0,21.0,20.9,20.9,21.0,20.9,21.0,20.9,20.8,20.9,21.0,20.9,21.0,21.0,20.9,21.0,21.0,21.2,20.9,21.0,21.0,21.0,21.2,20.9,21.0,20.9,20.9,20.8,20.9,20.9,20.9,20.9,20.9,21.0,20.9,21.0,21.0,20.9,20.8,20.8,21.0,20.8,20.8,20.9,21.0,21.0,21.0,21.0,21.0,20.9,20.9,21.0,20.9,20.8,21.0,21.0,21.2,21.0,21.0,20.9,20.9,20.9,20.8,20.9,21.0,20.9,20.9,20.9,20.8,20.9,20.9,21.0,20.8,21.0,20.9,21.2,20.9,20.9,21.0,20.9,21.0,20.9,21.0,21.0,21.0,20.9,20.9,20.9,20.8,20.9,20.9,21.0,20.9,20.9,20.9,21.0,21.0,20.9,20.9,20.8,20.8,20.9,20.8,20.9,20.8,20.9,21.0,20.8,20.9,20.8,20.8,20.9,20.9,20.9,20.8,20.8,20.9,20.9,20.8,20.9,20.9,20.8,20.8,20.9,20.9,20.9,20.9,21.0,20.9,20.9,20.8,20.9,20.9,21.0,20.9,20.9,20.9,21.0,20.9,20.8,20.8,20.8,20.9,20.8,20.8,20.8,20.9,20.9,20.8,20.9,20.8,20.7,20.8,20.8,20.9,20.9,20.8,20.8,20.9,20.8,21.0,20.9,20.8,20.9,20.9,20.8,20.9,20.9,20.8,20.9,21.0,20.8,20.9,21.0,20.8,20.7,20.8,20.7,20.8,20.8,20.9,21.0,20.9,20.9,21.0,20.9,21.0,20.9,21.0,21.0,21.0,21.0,20.9,20.9,20.9,20.9,20.9,21.0,20.9,21.0,21.0,21.4
13,21.5,21.2,21.2,21.2,21.0,21.2,21.4,21.2,21.2,21.2,21.2,21.2,21.2,21.2,21.2,21.0,21.0,21.0,21.0,21.0,21.0,21.0,21.0,21.2,21.0,21.2,21.2,21.0,21.0,20.9,21.0,21.0,20.9,21.0,20.9,21.0,20.8,21.0,20.9,20.9,21.0,20.8,21.0,21.0,21.0,21.2,21.0,20.9,20.8,20.9,21.0,20.9,21.0,20.9,21.0,21.0,20.9,20.8,20.9,20.9,20.9,20.9,20.9,20.8,21.2,20.9,20.9,21.0,21.0,21.0,21.2,21.2,21.0,21.0,21.2,21.0,20.9,20.8,21.0,21.0,20.9,20.8,20.9,20.8,20.9,20.9,20.9,20.9,20.8,20.9,20.9,20.9,20.9,20.8,20.8,20.8,20.9,21.0,20.9,20.8,21.0,20.9,21.0,21.0,21.0,20.8,20.9,20.9,21.0,20.9,20.9,20.9,20.9,20.9,20.9,20.9,20.7,20.8,20.9,20.9,20.8,20.9,20.9,20.9,20.9,20.9,20.9,21.0,20.8,21.0,20.8,20.8,21.0,20.9,20.9,21.2,21.2,21.2,20.9,20.8,20.9,20.9,20.8,20.9,20.9,20.9,20.8,20.9,20.8,20.9,20.9,20.8,20.9,20.8,20.9,20.8,20.9,20.9,20.9,20.9,20.9,20.9,20.9,20.9,20.8,20.8,20.8,20.8,20.8,20.8,20.7,20.9,20.8,20.8,20.7,20.8,20.8,20.8,20.9,20.9,21.0,20.9,20.9,20.9,20.9,20.9,20.9,20.9,20.9,21.0,20.9,20.8,20.9,20.8,20.9,20.9,20.9,20.8,20.9,20.9,20.8,20.8,20.8,20.8,20.9,20.8,20.8,20.8,20.7,20.9,20.8,20.7,20.8,20.8,20.8,20.8,20.9,20.8,20.8,20.8,20.8,20.8,20.9,20.9,20.9,20.9,20.9,20.7,21.0,20.9,20.9,20.8,20.8,20.8,20.9,20.9,20.8,20.9,20.9,21.2,20.8,20.9,20.9,21.0,20.9,21.0,20.9,20.8,21.0,21.0,21.0,21.0,21.0,20.9,21.0,21.4
14,21.5,21.2,21.2,21.2,21.2,21.2,21.2,21.2,21.2,21.0,21.2,21.0,21.0,21.0,21.0,21.2,21.0,20.9,21.2,21.2,21.2,20.9,21.0,21.0,21.2,21.2,21.0,21.0,21.0,21.0,21.0,20.9,21.0,20.9,21.0,21.0,21.0,20.9,20.9,20.9,21.0,20.9,21.0,21.0,20.9,20.9,20.9,21.0,20.9,20.9,21.0,20.9,21.0,20.9,21.0,20.9,21.0,20.9,21.0,20.9,20.9,20.9,21.0,20.9,20.9,20.9,20.9,21.0,21.0,21.2,21.0,20.9,21.0,20.9,21.0,20.9,20.9,21.0,20.9,21.0,21.0,20.8,20.9,20.9,20.9,21.0,20.9,21.0,20.9,20.8,20.7,20.9,21.0,20.9,20.9,21.0,20.8,20.9,20.8,20.9,20.9,20.9,21.0,21.0,20.9,20.9,20.8,20.9,21.0,21.0,20.9,21.0,20.9,20.9,20.9,20.9,20.9,20.9,20.9,20.9,20.9,20.8,20.9,20.8,20.9,20.9,20.9,20.9,20.9,20.9,20.9,20.9,21.0,21.0,20.9,20.9,20.9,20.9,20.9,21.0,20.9,20.8,20.8,20.9,20.9,20.9,20.9,20.9,20.9,21.0,21.0,20.9,20.8,20.9,20.8,20.9,20.7,20.9,20.8,20.9,20.8,20.8,20.8,20.9,20.8,20.9,20.8,21.0,20.8,20.9,20.8,20.7,20.7,20.7,20.8,20.8,21.0,20.9,20.9,20.8,21.0,20.9,20.9,20.8,20.9,20.9,21.0,20.9,20.8,20.8,20.9,20.8,20.8,20.8,20.8,20.8,20.8,20.8,20.8,20.9,20.8,20.8,20.7,20.9,20.9,20.7,20.9,20.7,20.8,20.8,20.8,20.8,20.7,20.8,20.9,20.9,20.9,20.8,20.8,21.0,20.8,20.8,20.9,20.8,20.9,20.9,20.8,20.8,21.0,20.9,21.0,20.8,20.9,20.9,20.9,20.9,21.0,21.0,21.0,20.9,20.9,20.9,20.9,21.0,20.9,21.0,20.9,21.0,20.9,20.8,20.9,20.9,20.8,20.9,20.9,21.0
15,21.0,21.2,21.2,21.2,21.2,21.2,21.0,21.2,21.2,21.2,21.0,21.2,21.2,21.2,21.0,21.2,21.2,21.2,21.0,21.2,21.2,21.0,21.2,21.2,21.0,21.2,21.2,21.0,21.0,21.0,21.0,21.0,21.2,21.0,21.0,21.2,20.9,21.0,20.9,21.0,20.9,21.0,20.9,21.0,21.2,20.9,21.0,20.9,21.0,21.0,21.0,21.0,20.9,20.9,21.0,20.9,20.9,20.9,20.9,20.9,20.9,20.9,20.9,21.2,20.9,21.0,21.2,20.9,21.0,20.9,21.2,20.9,20.9,21.2,21.0,21.0,21.0,21.0,20.9,20.9,20.8,20.9,20.9,20.9,20.9,21.2,20.9,21.0,21.0,20.9,20.8,20.8,20.9,20.9,20.9,21.0,20.9,21.0,20.9,20.9,20.8,20.9,21.0,20.9,20.9,20.9,20.9,20.9,20.9,20.9,20.9,21.0,21.0,21.0,20.9,20.9,21.0,20.9,20.8,20.8,20.7,20.8,20.9,21.0,20.9,21.0,21.0,20.9,20.9,20.9,21.0,21.0,20.9,20.9,20.9,20.9,20.9,20.9,20.8,20.9,20.8,20.9,21.2,21.0,20.9,20.9,20.8,20.8,20.8,20.9,20.9,20.9,20.9,20.9,20.8,20.9,20.8,20.8,20.8,20.8,20.8,20.8,20.7,20.8,20.8,20.9,21.0,20.9,20.8,20.8,20.8,20.8,20.8,20.8,20.8,20.8,20.9,20.9,20.9,20.9,20.9,20.9,20.8,20.8,20.9,20.9,20.9,20.9,20.9,20.9,20.9,20.9,20.8,20.9,20.8,20.9,20.9,20.9,20.8,20.9,20.7,20.7,20.8,20.7,20.8,20.7,20.8,20.8,20.8,20.8,20.9,20.9,20.8,20.8,20.9,20.8,21.0,20.8,20.9,20.9,20.8,20.9,20.8,20.8,21.0,20.8,20.8,20.8,20.8,20.9,21.0,20.9,20.8,20.9,20.9,20.9,20.7,20.7,20.9,20.9,20.9,20.9,20.9,20.9,20.8,21.0,20.9,20.9,21.0,21.0,20.9,21.0,20.9,20.7,21.0,21.2
16,21.2,21.2,21.2,21.4,21.2,21.2,21.2,21.2,21.2,20.9,21.2,21.0,21.0,21.2,21.2,21.0,21.0,21.2,21.0,21.0,21.2,21.0,21.2,21.0,21.0,21.2,21.0,21.0,21.2,20.9,20.9,21.2,21.2,21.0,21.0,21.0,21.0,21.0,20.9,21.0,20.9,21.0,20.9,21.0,21.0,21.0,20.9,21.0,20.9,21.0,20.9,21.0,21.0,21.0,20.9,21.0,20.9,20.9,21.0,20.9,21.0,21.0,21.0,21.0,20.9,21.0,20.9,20.9,21.0,21.0,20.9,21.2,21.0,21.2,20.9,21.0,20.9,21.0,20.9,20.9,20.8,20.9,20.9,20.9,20.9,20.9,20.9,20.9,20.9,20.9,21.2,21.0,21.0,20.9,20.9,21.0,20.9,21.0,20.9,21.0,20.9,21.2,21.0,20.9,20.9,21.0,21.0,21.0,20.9,20.9,21.0,20.9,21.2,20.9,20.8,21.0,20.9,21.0,21.0,20.9,20.8,20.8,20.8,20.9,20.8,20.9,20.9,21.0,21.0,20.9,20.9,20.9,20.9,20.9,20.9,21.0,21.0,20.9,20.9,21.0,20.9,21.0,20.8,20.9,20.9,20.8,20.8,20.8,20.9,20.7,20.9,20.8,20.8,20.8,20.9,20.9,20.9,20.8,20.7,20.8,20.8,20.8,20.8,20.9,20.8,20.8,20.8,20.9,20.9,20.9,20.9,20.8,20.9,20.8,20.9,20.8,20.9,20.9,20.8,20.9,20.9,20.8,20.9,20.9,20.8,20.9,20.8,20.9,20.9,20.9,20.9,20.8,20.9,20.8,20.8,20.9,20.7,20.8,20.9,20.8,20.8,20.9,20.9,20.8,20.8,20.8,20.9,20.7,20.8,20.8,20.8,20.9,20.8,20.8,20.9,20.9,20.8,20.8,20.8,20.9,20.9,20.9,21.0,20.9,21.0,20.8,20.9,20.8,21.0,20.9,20.9,20.9,20.8,20.8,20.9,20.9,20.8,20.9,20.9,20.9,20.9,20.8,21.0,20.8,20.9,20.9,21.0,20.8,20.8,20.9,20.9,21.2,20.9,20.8,21.0,21.2
17,21.2,21.2,21.2,21.2,21.2,21.2,21.2,21.2,20.9,21.0,21.2,21.2,21.2,21.2,21.2,21.2,21.2,21.2,21.2,21.0,21.0,21.0,21.0,21.0,20.9,21.2,21.0,21.0,21.0,21.0,21.0,21.0,21.0,20.9,21.0,21.0,21.2,21.0,20.9,20.9,21.0,21.0,20.9,20.9,20.9,21.0,21.0,21.0,21.0,21.2,21.0,21.2,21.0,20.9,21.2,21.0,21.0,20.9,21.0,21.0,20.9,21.0,21.2,21.0,20.9,20.9,20.9,21.0,20.9,20.9,21.0,21.2,21.0,21.2,21.0,21.0,21.0,21.0,21.0,20.8,20.9,20.8,20.9,21.0,21.0,20.8,20.9,20.8,20.8,21.0,20.9,21.0,21.2,20.9,20.8,20.9,20.9,20.9,20.8,21.0,21.0,20.9,20.8,21.0,21.0,21.0,20.9,20.9,20.9,20.9,21.0,20.9,21.0,20.8,20.8,21.0,21.0,20.8,20.9,20.9,21.0,20.8,20.8,20.8,20.9,20.9,21.0,21.0,21.0,20.9,20.9,20.9,21.0,20.9,20.9,20.8,20.9,20.9,20.7,20.7,20.8,20.9,20.9,20.8,20.9,20.9,20.9,20.8,20.8,20.8,20.8,20.8,20.8,20.8,20.9,20.9,20.8,20.7,20.9,20.8,20.8,20.8,20.9,20.9,20.8,20.8,20.7,20.8,20.8,20.8,20.8,20.8,20.8,20.8,20.9,20.8,20.9,20.9,21.0,20.9,20.9,20.9,20.8,20.8,20.9,20.9,20.8,20.9,20.8,20.9,20.7,20.7,20.8,20.9,20.8,20.7,20.9,20.9,20.8,20.8,20.8,20.8,20.9,20.9,20.8,20.9,20.9,20.9,20.7,20.8,20.8,20.9,20.7,20.7,20.8,20.8,20.8,20.8,20.7,20.9,20.9,20.8,20.8,20.9,20.9,20.9,20.8,20.9,20.8,20.9,21.0,21.0,20.9,20.8,20.9,20.8,20.9,20.9,21.0,21.0,21.0,21.0,20.9,20.9,20.9,20.9,20.9,20.9,21.0,21.0,21.0,20.9,20.9,20.8,20.7,20.8
18,21.2,21.2,21.2,21.0,21.0,21.0,21.2,21.2,21.2,21.0,21.0,21.0,21.2,21.2,21.0,21.0,21.0,21.2,21.0,21.2,21.0,21.0,21.2,21.0,21.0,21.0,21.2,21.2,21.0,21.0,21.2,21.2,20.9,21.0,21.0,21.0,21.2,21.2,20.9,20.9,21.0,21.0,21.2,20.9,21.0,20.9,21.2,20.9,21.0,20.9,21.0,20.9,21.0,21.0,21.2,20.9,21.0,21.0,21.2,21.2,21.0,21.0,21.0,21.0,21.0,21.0,21.2,20.9,21.0,20.8,21.0,20.9,21.0,21.0,21.2,20.9,21.0,20.9,20.9,21.0,20.9,21.0,20.8,21.0,20.9,20.9,20.9,20.9,20.9,20.9,21.0,21.0,20.9,21.0,20.9,20.9,20.9,20.9,21.0,20.9,21.0,21.0,20.9,20.9,20.9,21.0,21.2,21.0,20.9,21.0,21.0,21.0,20.8,20.9,21.0,20.9,20.8,20.9,21.0,20.9,20.9,20.9,21.0,20.9,20.8,20.9,20.9,20.9,20.9,20.8,20.9,20.9,20.9,21.0,20.8,20.9,20.9,20.8,21.0,20.8,20.8,20.8,20.8,20.8,20.7,20.8,20.8,20.7,20.9,20.9,20.8,20.9,20.9,20.8,20.9,20.9,20.9,20.9,20.8,20.9,20.8,20.8,20.7,20.9,20.7,20.8,20.8,20.8,20.9,20.8,20.7,20.8,20.7,20.7,20.9,20.7,20.8,20.9,20.8,20.8,20.9,20.8,20.9,20.9,20.9,20.8,20.9,20.9,20.9,20.7,20.8,20.8,20.8,20.7,20.7,20.8,20.8,20.9,20.9,20.9,21.0,20.8,20.9,20.7,20.8,20.8,20.9,20.7,20.6,20.8,20.8,20.9,20.8,20.7,20.7,20.8,20.8,20.8,20.8,20.7,20.9,20.8,20.9,20.8,21.0,20.9,20.9,20.8,20.9,20.9,20.9,20.9,20.9,21.2,21.0,20.8,21.0,21.0,21.0,20.8,21.0,20.9,21.0,20.8,20.9,21.0,21.0,21.0,20.9,21.0,20.9,21.0,20.8,20.9,20.9,20.9
19,21.2,21.2,21.2,21.2,21.2,20.9,21.2,21.2,21.2,21.2,21.0,21.2,21.2,21.0,21.2,21.2,21.2,21.2,21.2,21.0,21.2,21.2,21.0,21.2,20.9,21.0,21.0,20.9,21.0,21.2,21.2,21.0,21.0,21.0,21.0,21.2,21.0,21.2,21.0,20.9,21.0,20.9,20.9,21.0,21.0,21.0,21.0,20.9,20.9,21.0,20.9,20.9,20.9,20.8,21.0,20.9,20.8,21.0,21.0,20.9,21.0,21.0,21.0,20.9,20.9,21.0,21.0,21.2,20.9,20.9,20.9,20.9,21.0,20.9,21.0,21.0,21.0,21.0,21.0,21.0,21.2,21.0,21.0,21.0,20.9,20.9,21.0,20.8,20.9,20.9,21.0,20.9,21.0,20.9,21.0,20.9,20.9,21.0,20.9,20.9,20.9,20.9,20.9,20.9,21.0,20.9,21.0,20.9,20.9,20.9,21.0,21.0,20.9,20.8,20.9,21.0,21.2,20.8,21.0,20.8,20.9,20.8,20.9,20.9,20.8,20.9,20.8,20.9,20.8,20.9,20.9,20.9,21.0,20.9,20.9,20.7,20.8,20.9,20.8,20.9,20.9,20.9,20.8,20.9,20.8,20.8,20.8,20.9,20.9,20.7,20.8,20.8,20.8,20.9,20.8,20.9,20.8,20.8,20.7,20.9,20.8,20.8,20.8,20.8,20.8,20.8,20.8,20.8,20.8,20.8,20.8,20.7,20.9,20.8,20.9,20.9,20.7,20.9,20.9,20.9,20.8,20.9,20.9,20.9,20.9,20.9,20.8,20.8,20.8,20.8,20.7,20.8,20.7,20.7,20.9,20.9,20.8,20.8,20.8,20.9,20.8,20.9,20.8,20.7,20.8,20.9,20.9,20.7,20.9,20.8,20.8,20.8,20.8,20.8,20.7,20.9,20.7,20.8,20.7,20.8,20.8,20.8,20.8,20.9,20.9,21.0,20.8,20.8,20.7,20.9,21.0,20.9,20.9,21.0,21.0,20.8,20.8,20.9,21.0,20.7,21.0,20.8,21.0,20.9,21.0,20.9,21.0,21.0,21.0,21.0,20.9,20.9,21.0,21.0,21.0,20.8
20,21.2,21.2,21.4,21.2,21.2,21.2,21.0,21.0,21.2,21.0,21.0,21.0,21.2,21.2,21.4,21.2,21.2,21.2,21.2,21.2,21.0,21.0,21.0,21.0,21.2,21.2,20.9,20.9,21.0,21.0,21.0,21.0,21.2,21.2,21.0,21.0,21.0,20.9,21.0,20.9,20.9,21.0,21.0,21.0,20.9,20.9,21.0,21.0,20.9,21.0,20.9,20.9,20.9,21.0,20.9,21.0,21.2,21.2,21.0,21.0,21.0,21.0,21.0,21.0,21.0,21.0,21.0,20.9,20.9,21.2,20.9,21.0,20.9,21.0,21.0,21.0,20.9,20.9,20.8,21.0,20.9,20.9,21.0,20.9,20.9,20.8,20.8,20.9,21.0,20.9,20.9,20.9,20.9,21.0,20.9,20.9,20.9,20.9,20.9,21.0,20.9,20.9,21.0,20.9,20.9,20.9,21.0,21.0,21.0,21.0,20.9,20.9,20.9,20.9,20.9,20.8,20.8,20.9,20.9,20.8,20.8,20.8,21.0,21.0,20.9,20.8,20.9,20.8,20.9,21.0,20.8,20.9,20.9,21.0,20.8,20.8,20.9,20.8,20.7,20.7,20.9,20.8,20.8,20.7,20.8,20.8,20.8,20.8,20.8,20.9,20.8,20.7,20.9,20.8,20.8,21.0,20.9,20.8,20.8,20.7,20.7,20.7,20.8,20.7,20.7,20.8,20.8,20.7,20.8,20.8,20.7,20.9,20.9,20.9,20.9,20.7,20.9,20.8,20.8,20.7,20.7,20.8,20.7,20.8,20.8,20.9,20.9,20.9,20.7,20.9,20.7,20.9,20.8,20.8,20.9,20.8,20.7,20.7,20.8,20.7,20.6,20.7,20.8,20.8,20.7,20.7,20.8,20.8,20.7,20.7,20.7,20.8,20.7,20.7,20.7,20.8,20.7,20.8,20.8,20.9,20.9,20.9,20.8,20.8,20.9,20.9,20.8,20.8,20.7,20.8,20.8,20.8,20.7,20.9,21.0,20.7,20.9,20.8,20.9,20.9,20.8,21.0,20.9,20.9,20.8,20.9,21.2,20.9,20.9,20.9,20.9,21.0,20.9,21.0,20.9,20.5
21,21.4,21.2,21.2,21.2,21.2,21.2,21.2,21.2,21.0,21.0,21.2,21.2,21.2,21.2,21.0,21.2,21.2,21.2,21.0,21.0,20.9,21.2,21.0,21.0,21.0,21.0,21.2,21.0,21.2,21.2,21.2,21.2,21.2,21.0,21.2,21.0,21.0,20.9,21.2,20.9,21.0,21.0,21.2,21.2,21.2,20.9,21.0,21.0,21.0,21.0,20.9,21.0,20.9,21.0,21.0,21.2,21.0,21.0,21.0,21.0,21.0,20.9,20.9,20.9,20.9,21.0,20.9,20.9,21.0,21.0,21.0,21.0,21.0,21.0,20.9,21.0,21.2,21.0,21.2,21.0,21.2,21.2,21.2,21.2,21.0,21.0,21.0,20.9,21.0,20.9,21.0,20.9,20.9,21.0,21.2,21.0,20.9,20.9,21.2,21.0,20.9,21.0,20.9,21.0,21.2,20.9,21.0,21.0,20.9,20.9,20.9,20.9,21.0,21.0,21.0,21.0,21.0,20.9,20.9,20.9,21.0,21.0,20.9,20.9,20.9,20.9,21.0,20.9,20.9,20.9,20.9,20.9,21.0,20.9,21.0,20.9,20.8,20.8,20.9,20.9,20.8,20.9,20.9,21.0,20.7,20.9,20.9,20.8,20.9,20.8,20.9,20.9,20.8,20.9,21.0,20.8,21.0,20.8,20.9,20.9,20.8,20.9,20.8,20.8,20.8,20.7,20.7,20.9,20.7,20.7,20.9,20.8,20.9,20.8,20.9,20.9,20.8,20.8,20.8,20.8,20.8,20.9,20.8,21.0,20.8,20.8,20.9,20.8,20.7,20.7,20.6,20.8,20.9,20.7,20.8,20.9,20.7,20.8,20.7,20.8,20.8,20.7,20.8,20.7,20.8,20.7,20.7,20.7,20.8,20.7,20.9,20.7,20.9,20.9,20.8,20.8,20.9,20.8,20.7,20.8,20.9,20.9,20.9,20.8,20.7,20.8,20.9,20.8,20.8,20.7,20.9,20.8,20.8,20.9,20.7,20.9,20.9,20.9,20.8,20.8,20.9,20.9,21.0,21.0,20.9,20.8,20.9,20.9,21.0,21.2,20.8,21.0,20.8,21.2,20.9,21.2
22,20.9,21.2,21.5,21.4,21.2,21.2,21.2,21.2,21.2,21.2,21.0,21.0,21.2,21.2,21.2,21.2,21.0,21.2,21.0,21.0,21.0,21.2,21.2,21.2,21.0,21.0,21.2,21.0,21.0,21.0,21.2,21.0,21.0,21.0,21.0,21.0,20.9,21.0,20.9,20.9,20.9,21.0,20.9,21.0,21.0,21.2,21.0,21.2,21.0,21.2,20.9,21.0,20.9,21.0,20.9,21.0,21.2,20.8,20.9,20.9,21.0,21.0,20.9,20.9,21.0,20.9,20.9,20.9,20.9,21.0,21.0,20.9,21.0,21.2,20.9,21.0,20.9,21.0,21.0,20.9,20.9,21.2,21.2,21.2,21.0,21.0,20.9,21.2,20.9,20.9,20.9,20.9,21.0,20.9,21.0,21.0,21.0,21.0,21.0,21.0,20.9,20.9,21.0,20.8,21.0,21.0,20.9,21.0,21.0,20.9,20.9,20.9,20.9,20.9,20.9,20.8,21.0,20.9,20.9,20.9,20.9,21.0,21.0,20.9,20.9,20.9,20.9,21.0,20.9,21.0,21.0,20.8,20.8,20.9,21.0,20.9,20.7,20.8,20.8,20.9,20.7,20.9,20.9,20.9,20.9,20.8,20.8,20.9,21.0,20.8,20.9,20.7,20.8,20.9,20.9,20.8,20.9,20.8,20.8,21.0,20.8,20.8,20.7,20.8,20.7,20.8,20.7,20.9,20.7,20.8,20.8,20.9,20.8,20.9,20.8,20.8,20.8,20.9,20.8,20.8,20.9,20.9,20.8,20.8,20.9,20.7,20.8,20.7,20.8,20.8,20.7,20.8,20.8,20.7,20.9,20.9,20.7,20.8,20.8,20.9,20.7,20.8,20.8,20.8,20.8,20.7,20.8,20.8,20.8,20.7,20.7,20.8,20.7,20.8,20.7,20.7,20.7,20.8,20.8,20.8,20.8,20.8,20.8,20.8,20.8,20.8,20.9,20.9,20.7,20.8,20.8,20.8,20.9,20.8,20.9,20.9,20.9,20.9,20.9,20.9,20.9,21.0,20.9,20.9,20.9,21.2,20.9,20.9,20.9,20.8,20.9,20.8,20.8,20.9,20.9,21.2
23,21.0,21.0,21.2,21.2,21.2,21.2,21.2,21.2,21.2,21.0,21.2,21.0,21.0,21.0,21.0,21.0,21.2,21.0,20.9,20.9,20.8,21.0,20.9,20.9,20.9,20.9,20.9,21.0,21.2,21.0,21.0,21.0,21.0,20.9,20.9,20.8,20.9,20.9,21.0,20.8,21.0,21.2,21.0,20.7,21.0,20.9,20.9,20.9,21.0,21.0,20.9,20.9,20.9,20.9,20.9,21.0,21.0,20.9,21.0,21.0,20.9,20.7,20.9,21.0,20.9,20.9,21.0,21.0,21.0,21.2,21.0,21.0,20.9,21.0,20.8,21.0,20.9,20.9,21.0,20.9,20.9,20.9,21.2,20.9,21.0,20.9,21.0,20.9,20.9,20.7,20.8,20.8,20.8,20.9,21.0,21.0,20.9,20.9,20.9,20.9,20.9,21.0,20.9,21.0,20.9,21.0,21.0,20.9,21.0,21.0,20.9,20.9,20.8,20.9,20.8,21.0,21.0,20.9,20.8,20.8,20.8,20.9,20.9,21.0,20.9,20.8,20.9,20.9,20.9,20.9,21.0,20.8,20.9,20.9,20.8,20.9,20.7,20.8,20.8,20.7,20.8,20.8,21.0,21.0,20.8,20.8,20.8,20.9,20.9,20.8,20.8,20.8,20.8,20.8,20.8,20.8,20.7,20.8,20.8,20.8,20.8,20.8,20.7,20.8,20.7,20.7,20.7,20.7,20.7,20.8,20.8,20.9,20.8,20.9,20.8,20.7,20.8,20.9,20.7,20.8,20.9,20.9,20.8,20.8,20.7,20.8,20.9,20.7,20.8,20.7,20.7,20.7,20.7,20.8,20.8,20.7,20.8,20.7,20.8,20.8,20.7,20.7,20.8,20.8,20.7,20.8,20.7,20.8,20.8,20.7,20.9,20.8,20.9,20.8,20.8,20.7,20.7,20.7,20.8,20.8,20.8,20.8,20.9,20.8,20.7,20.8,20.8,20.8,20.7,20.9,20.8,20.7,20.8,20.8,20.9,20.7,20.8,20.8,20.8,20.9,20.8,20.9,20.9,20.8,20.8,20.8,20.9,20.9,20.8,20.9,20.9,20.8,20.8,20.8,20.8,20.8
24,21.4,21.0,21.2,21.2,21.0,21.2,21.2,21.2,21.2,20.9,21.0,21.0,21.2,21.0,21.2,21.0,21.0,21.0,21.0,21.2,21.2,20.9,21.0,21.0,21.0,21.2,20.9,21.0,21.0,21.0,21.2,21.2,21.0,21.0,20.9,21.2,21.0,21.0,20.9,20.9,20.9,20.8,21.2,21.0,21.0,21.0,21.0,21.0,21.0,21.2,20.9,20.9,21.0,20.9,20.9,20.9,21.0,20.9,20.9,20.9,20.9,20.9,20.9,21.0,21.0,21.0,20.9,21.0,21.0,20.9,20.9,21.0,21.0,20.9,21.0,21.0,21.0,20.9,20.9,21.2,20.9,20.9,20.9,20.9,20.9,21.0,20.9,20.9,20.9,20.9,20.9,20.9,20.9,20.9,20.9,21.0,20.9,20.8,21.0,21.0,20.9,20.7,21.0,20.8,20.9,21.0,20.9,20.9,21.0,21.0,21.0,20.9,21.0,20.9,20.9,20.9,20.9,21.0,20.9,20.9,20.9,21.2,20.9,20.9,20.9,20.9,21.0,20.9,20.9,21.0,21.0,20.9,20.9,21.0,20.9,20.9,20.8,20.7,20.8,20.8,20.8,20.8,20.9,20.8,20.9,20.8,20.8,20.9,20.8,20.9,20.8,20.7,20.8,20.8,20.8,20.8,20.9,20.8,20.9,20.9,20.8,20.7,20.7,20.8,20.8,20.8,20.7,20.8,20.7,20.7,20.7,20.8,20.7,20.8,20.8,20.8,20.7,20.8,20.8,20.9,20.8,20.7,20.9,20.7,20.8,20.7,20.8,20.8,20.7,20.7,20.7,20.8,20.7,20.8,20.7,20.8,20.8,20.7,20.7,20.8,20.8,20.8,20.7,20.7,20.7,20.7,20.8,20.8,20.8,20.7,20.8,20.9,20.7,20.8,20.8,20.7,20.7,20.8,20.7,20.7,20.8,20.7,20.7,20.8,20.8,20.7,20.8,20.7,20.8,20.8,20.8,20.8,20.8,20.8,20.8,20.8,20.8,20.8,20.9,20.9,20.9,20.8,20.9,20.8,20.8,20.8,20.9,20.7,21.0,20.7,20.8,20.7,20.9,21.0,20.9,20.9
25,21.0,21.2,21.0,21.0,21.0,21.0,21.2,21.0,20.9,21.0,21.0,21.0,21.2,21.0,21.0,21.0,21.0,21.0,20.9,20.9,21.2,21.2,21.2,21.0,20.9,20.9,20.9,20.9,21.0,20.9,21.0,21.0,21.2,20.9,21.0,20.9,21.0,20.9,20.9,20.8,20.9,20.9,20.9,20.8,20.9,20.9,20.9,20.9,21.0,20.9,21.0,21.0,21.0,20.9,20.9,20.9,20.9,20.8,20.8,20.9,21.0,20.9,20.8,20.8,20.9,21.0,21.2,21.0,20.9,21.0,21.0,21.0,20.9,20.9,21.0,21.0,20.9,20.9,20.8,20.9,21.0,21.0,21.0,20.9,21.0,20.9,20.9,20.9,20.9,20.9,21.0,20.9,20.8,20.8,21.0,20.9,21.0,20.9,20.8,21.0,20.9,20.9,20.8,20.9,20.9,20.9,20.9,21.0,21.0,21.0,20.9,20.9,20.9,20.9,20.9,20.9,20.9,20.8,20.9,20.9,20.9,20.9,20.9,20.9,21.0,20.8,20.8,20.9,20.9,21.0,20.9,20.9,20.8,20.9,21.0,20.9,20.9,20.7,20.7,20.8,20.8,20.8,20.8,20.9,20.7,20.8,20.7,20.8,20.8,20.7,20.9,20.8,20.7,20.9,20.8,20.7,20.8,20.8,20.8,20.8,20.7,20.8,20.9,20.8,20.7,20.8,20.8,20.7,20.7,20.7,20.8,20.8,20.7,20.7,20.7,20.7,20.7,20.7,20.7,20.9,20.8,20.9,20.7,20.7,20.7,20.8,20.8,20.7,20.8,20.7,20.7,20.8,20.7,20.8,20.7,20.8,20.7,20.7,20.7,20.7,20.7,20.8,20.8,20.7,20.8,20.7,20.7,20.7,20.7,20.8,20.8,20.7,20.8,20.7,20.8,20.8,20.7,20.7,20.7,20.7,20.6,20.7,20.8,20.8,20.8,20.9,20.8,20.8,20.7,20.9,20.7,20.7,20.7,20.7,20.7,20.7,20.8,20.7,20.9,20.8,20.9,20.7,20.9,20.8,20.9,20.9,20.9,20.9,20.8,20.8,20.8,21.0,20.8,20.8,20.9,20.8
26,21.2,21.0,21.2,21.0,21.0,21.2,21.0,21.0,21.0,21.0,20.9,21.0,21.0,21.0,20.9,20.9,20.9,20.9,21.0,21.0,20.9,21.2,21.0,20.9,21.0,20.9,21.2,21.0,21.0,21.2,21.0,21.0,21.2,21.2,21.0,20.9,20.9,20.9,21.0,20.9,20.8,20.9,20.9,21.0,20.9,21.0,21.0,20.9,21.2,21.0,20.9,21.0,20.9,21.2,20.9,20.9,20.9,20.8,20.9,20.9,21.0,21.0,20.8,21.0,21.0,20.9,20.9,21.0,20.8,21.0,21.0,21.0,20.9,20.8,21.0,21.2,20.9,21.0,21.0,21.0,20.9,21.0,21.0,21.0,20.9,21.0,20.9,20.9,20.9,21.0,21.0,20.9,21.0,20.8,20.9,20.8,20.8,20.8,20.9,20.9,20.9,20.9,21.0,20.9,20.9,20.9,20.9,21.0,20.9,21.0,20.9,20.9,20.9,21.0,20.9,20.8,20.9,20.9,20.9,20.9,20.9,20.8,20.9,20.8,20.8,20.8,20.9,20.9,21.0,20.8,20.9,20.8,20.9,20.8,20.9,20.9,20.8,20.8,20.8,20.8,20.8,20.7,20.7,20.8,20.8,20.7,20.7,20.8,20.8,20.8,20.8,20.9,20.7,20.7,20.9,20.7,20.7,20.8,20.9,20.9,20.9,20.7,20.7,20.7,20.7,20.7,20.7,20.7,20.7,20.7,20.7,20.8,20.6,20.7,20.8,20.8,20.7,20.7,20.8,20.8,20.9,20.8,20.7,20.8,20.7,20.8,20.8,20.8,20.8,20.8,20.7,20.7,20.7,20.7,20.8,20.7,20.7,20.7,20.8,20.7,20.6,20.7,20.7,20.8,20.8,20.8,20.8,20.7,20.7,20.8,20.8,20.8,20.7,20.8,20.8,20.7,20.6,20.7,20.7,20.6,20.8,20.9,20.7,20.8,20.7,20.8,20.8,20.7,20.8,20.9,20.8,20.7,20.8,20.7,20.8,20.7,20.7,20.9,20.8,20.9,21.0,20.9,20.9,21.0,20.8,20.8,20.9,20.7,20.7,20.8,20.9,20.7,20.7,20.7,20.8,20.6
27,21.2,21.0,20.9,20.9,21.0,21.2,21.0,21.0,21.0,21.0,21.0,21.2,21.0,21.0,21.0,21.0,20.9,21.0,20.9,20.9,20.9,21.0,20.9,20.9,20.9,20.9,20.8,21.0,21.2,21.0,21.2,20.9,20.9,20.9,21.0,20.9,20.9,20.9,20.8,20.8,20.9,20.9,20.9,20.9,20.9,20.9,20.9,20.9,21.0,21.0,21.0,20.9,21.0,20.8,20.8,21.0,20.8,21.0,20.9,20.9,20.9,20.9,20.9,20.9,20.9,20.9,21.0,21.0,20.8,21.0,20.9,20.9,20.9,21.0,21.0,21.0,20.9,20.9,20.9,21.2,21.0,21.0,21.0,21.0,20.9,20.9,20.9,20.9,20.8,21.0,21.0,20.9,20.9,20.9,20.9,20.9,20.9,20.8,20.9,20.9,21.0,20.8,20.9,20.8,20.9,20.8,21.0,20.7,20.9,20.8,20.9,20.8,20.8,20.8,20.8,20.8,20.8,21.0,20.8,20.9,20.9,20.8,20.8,20.8,20.9,20.9,21.0,20.9,20.8,20.9,20.8,20.8,20.9,20.9,20.9,20.7,20.8,20.8,20.8,20.8,20.8,20.8,20.7,20.9,20.7,20.9,20.8,20.8,20.8,20.8,20.8,20.8,20.7,20.8,20.8,20.7,20.7,20.8,20.8,20.7,20.7,20.9,20.8,20.7,20.7,20.8,20.8,20.7,20.8,20.8,20.8,20.8,20.8,20.7,20.7,20.7,20.8,20.8,20.7,20.8,20.8,20.7,20.8,20.7,20.7,20.8,20.8,20.8,20.7,20.8,20.7,20.8,20.7,20.8,20.7,20.7,20.7,20.8,20.7,20.8,20.8,20.7,20.7,20.7,20.7,20.7,20.6,20.6,20.7,20.7,20.7,20.7,20.7,20.7,20.8,20.7,20.6,20.7,20.7,20.8,20.6,20.8,20.7,20.7,20.8,20.8,20.8,20.8,20.8,20.9,20.7,20.8,20.7,20.7,20.8,20.6,20.7,20.7,20.9,20.9,20.8,20.7,20.8,20.7,20.8,20.7,20.8,20.7,20.8,20.8,20.8,20.8,20.7,20.7,20.8,20.9
28,21.2,21.0,21.2,21.0,21.0,20.9,21.0,20.9,21.0,21.2,21.0,21.0,20.9,20.9,21.0,21.0,20.9,21.0,21.0,21.0,20.9,20.9,20.9,20.9,21.0,21.0,20.9,21.0,20.9,20.9,21.0,21.0,20.9,21.0,20.9,21.0,21.0,21.0,20.9,21.0,20.8,20.9,20.9,21.0,20.9,20.9,20.9,20.9,21.0,20.9,20.9,21.0,20.9,20.9,20.8,20.9,20.9,20.9,21.0,21.2,21.0,20.9,20.9,20.9,21.0,21.0,21.0,21.0,21.2,21.2,21.2,21.0,21.0,21.2,21.2,21.2,21.2,21.0,21.2,21.0,20.9,20.9,21.0,20.9,20.9,21.0,20.9,20.9,21.0,20.9,20.9,20.9,20.9,20.9,20.9,21.0,20.9,20.9,20.9,20.9,20.9,20.9,20.9,20.8,20.9,20.9,20.9,20.9,20.8,20.9,20.9,20.8,20.9,20.8,20.9,20.9,20.9,20.9,20.8,20.9,20.9,20.8,21.0,21.0,20.8,20.7,20.8,20.8,20.8,20.8,20.8,20.8,20.9,20.8,20.8,20.8,20.8,20.8,20.9,20.8,20.7,20.8,20.8,20.8,20.7,20.8,20.7,20.8,20.8,20.7,20.8,20.7,20.8,20.8,20.7,20.8,20.7,20.8,20.8,20.8,20.7,20.7,20.8,20.8,20.7,20.8,20.8,20.8,20.7,20.7,20.8,20.7,20.7,20.7,20.7,20.7,20.8,20.7,20.8,20.8,20.7,20.8,20.6,20.8,20.8,20.8,20.8,20.7,20.7,20.8,20.7,20.7,20.7,20.7,20.7,20.8,20.7,20.6,20.9,20.7,20.6,20.7,20.8,20.8,20.9,20.8,20.7,20.7,20.7,20.8,20.8,20.7,20.7,20.7,20.7,20.7,20.8,20.7,20.8,20.8,20.8,20.8,20.7,20.8,20.8,20.8,20.8,20.7,20.7,20.7,20.8,20.7,20.7,20.7,20.8,20.8,20.9,20.8,20.8,20.8,20.9,20.9,20.7,20.7,20.7,20.7,20.7,20.8,20.8,20.7,20.8,20.9,20.7,20.7,20.9,20.9
29,21.4,21.2,21.4,21.2,20.9,21.0,20.9,21.0,21.2,20.9,21.0,21.0,20.8,20.9,20.7,20.9,20.8,20.9,20.8,21.2,20.9,21.0,21.0,21.2,21.0,20.9,20.9,20.9,21.0,21.0,21.0,20.9,21.0,20.9,20.9,20.9,20.9,21.0,20.9,20.9,20.8,20.9,20.9,20.9,20.9,20.8,20.9,20.9,21.0,20.9,20.9,20.9,20.8,20.8,20.9,20.9,20.9,21.0,20.9,21.0,20.9,21.0,20.9,20.9,20.9,20.9,21.0,21.0,21.2,21.2,21.2,21.4,21.2,21.2,21.4,21.2,21.0,21.0,21.0,21.0,21.0,20.9,21.0,21.0,20.9,21.0,20.7,20.9,20.8,20.9,20.9,20.8,20.9,20.9,20.9,20.8,21.0,20.9,21.0,20.9,20.8,20.8,20.9,20.7,20.8,20.8,20.9,20.8,20.9,21.0,20.8,20.8,20.9,20.9,20.8,21.0,20.9,20.9,20.9,20.9,20.9,20.9,20.9,20.9,20.9,20.9,20.9,20.9,20.9,20.9,20.9,20.8,20.8,20.9,20.8,20.9,20.8,20.8,20.8,20.8,20.7,20.7,20.7,20.7,20.7,20.8,20.8,20.8,20.9,20.8,20.8,20.7,20.8,20.9,20.8,20.7,20.8,20.8,20.8,20.8,20.7,20.7,20.8,20.7,20.9,20.8,20.8,20.7,20.8,20.7,20.8,20.7,20.7,20.7,20.8,20.6,20.7,20.7,20.8,20.8,20.8,20.8,20.8,20.7,20.8,20.8,20.9,20.7,20.8,20.7,20.7,20.7,20.7,20.7,20.7,20.7,20.9,20.7,20.8,20.7,20.6,20.7,20.8,20.8,20.7,20.8,20.8,20.7,20.7,20.7,20.7,20.7,20.7,20.7,20.7,20.7,20.7,20.7,20.7,20.8,20.7,20.7,20.7,20.7,20.8,20.8,20.9,20.7,20.7,20.7,20.7,20.8,20.7,20.7,20.8,20.8,20.7,20.8,20.7,20.7,20.8,20.8,20.8,20.9,20.8,20.8,20.9,20.8,20.8,20.7,20.8,20.7,20.7,20.8,20.8,20.8
30,21.0,21.2,21.0,21.0,21.0,21.0,20.9,20.9,21.0,20.9,20.9,20.9,20.9,20.9,20.8,20.9,20.8,20.8,21.0,21.2,21.0,21.0,21.0,20.9,20.9,20.9,20.9,21.0,21.0,20.8,21.0,21.0,20.9,20.8,20.9,20.8,21.0,21.0,20.9,20.9,20.9,20.8,20.9,20.9,21.0,20.9,20.9,21.0,20.9,20.9,20.8,20.9,20.8,20.9,20.9,21.0,20.9,21.0,20.9,21.0,20.9,20.9,20.9,21.0,20.9,20.9,21.2,21.4,21.2,21.8,21.8,21.8,21.8,21.8,21.6,21.5,21.4,21.2,21.0,21.2,21.0,21.0,21.0,21.0,20.8,20.8,20.7,20.8,20.8,20.8,20.9,20.8,20.7,20.9,20.8,20.9,20.9,20.9,20.9,20.9,20.8,20.9,20.9,20.8,20.8,20.9,20.8,20.8,20.8,20.9,20.8,20.7,20.8,20.8,20.9,20.8,20.9,20.8,20.8,20.7,20.9,20.8,20.9,20.8,20.8,20.8,20.8,20.9,20.8,20.7,20.8,20.8,20.7,20.8,20.8,20.8,20.8,20.8,20.8,20.8,20.7,20.8,20.8,20.8,20.8,20.7,20.8,20.8,20.9,20.7,20.7,20.8,20.7,20.9,20.8,20.7,20.7,20.7,20.7,20.7,20.7,20.8,20.8,20.8,20.8,20.7,20.8,20.7,20.7,20.7,20.7,20.7,20.7,20.7,20.7,20.7,20.7,20.7,20.7,20.7,20.7,20.7,20.7,20.7,20.8,20.7,20.8,20.7,20.7,20.7,20.6,20.7,20.6,20.7,20.8,20.7,20.7,20.6,20.7,20.6,20.7,20.7,20.8,20.7,20.7,20.7,20.8,20.7,20.7,20.7,20.8,20.7,20.7,20.7,20.8,20.8,20.7,20.7,20.7,20.7,20.8,20.7,20.7,20.7,20.7,20.8,20.8,20.8,20.8,20.8,20.8,20.8,20.9,20.7,20.8,20.8,20.8,20.9,20.8,20.7,20.8,20.9,20.8,20.8,20.7,20.7,20.7,20.8,20.7,20.7,20.7,20.8,20.8,20.9,20.8,20.7
31,21.0,21.2,21.2,21.0,21.0,21.2,21.0,21.0,21.0,20.9,21.0,20.9,21.0,20.9,21.0,21.2,21.0,20.9,21.0,20.9,20.9,20.8,20.9,21.0,20.9,20.8,20.8,20.8,20.9,20.8,20.9,20.9,21.0,20.9,20.9,21.0,20.9,20.9,20.9,20.8,20.9,20.8,20.9,21.0,20.8,20.9,20.9,20.9,20.8,20.9,20.9,20.8,20.9,20.8,20.9,20.9,20.9,20.9,20.9,20.9,21.0,20.9,20.8,20.9,20.9,21.2,21.2,21.6,21.9,22.6,23.3,24.2,23.9,23.3,22.4,22.0,21.5,21.2,21.2,21.2,21.0,20.9,21.0,20.9,20.9,21.0,20.9,20.9,20.8,20.8,20.8,20.8,20.7,20.8,20.8,20.9,20.8,20.8,20.8,20.9,20.8,20.8,20.8,20.8,20.8,20.9,20.8,20.9,20.8,20.8,20.8,20.8,20.8,20.8,20.8,20.8,20.7,20.8,20.7,20.8,20.7,20.7,20.7,20.8,20.9,20.8,20.7,20.8,20.8,20.7,20.7,20.7,20.7,20.7,20.8,20.7,20.8,20.8,20.9,20.9,20.8,20.7,20.7,20.8,20.8,20.8,20.9,20.8,20.8,20.8,20.7,20.8,20.8,20.7,20.8,20.7,20.7,20.7,20.7,20.7,20.8,20.8,20.8,20.6,20.7,20.8,20.7,20.7,20.7,20.7,20.7,20.7,20.7,20.7,20.7,20.7,20.7,20.7,20.7,20.7,20.7,20.7,20.7,20.7,20.8,20.6,20.9,20.7,20.7,20.7,20.8,20.6,20.6,20.7,20.7,20.7,20.7,20.8,20.7,20.7,20.7,20.7,20.7,20.7,20.7,20.8,20.7,20.6,20.6,20.5,20.7,20.7,20.7,20.7,20.8,20.5,20.7,20.6,20.5,20.8,20.7,20.8,20.7,20.8,20.8,20.8,20.8,20.9,20.7,20.7,20.7,20.8,20.8,20.8,20.8,20.9,20.8,20.8,20.7,20.7,20.8,20.8,20.9,20.7,20.8,20.7,20.7,20.8,20.8,20.8,20.7,20.9,20.8,20.9,20.8,20.7
32,21.0,21.2,21.2,21.2,21.0,21.0,20.9,20.9,20.9,21.0,20.8,21.2,21.0,20.9,20.9,20.9,20.9,20.9,21.0,21.0,21.0,20.8,21.0,20.9,20.9,20.8,20.8,20.9,20.8,20.8,20.9,20.9,20.9,20.9,21.0,20.9,20.9,21.0,20.9,20.9,21.0,21.0,21.0,20.9,20.9,21.0,21.0,20.9,21.0,20.9,20.9,20.9,20.9,21.0,20.9,20.9,20.9,21.2,20.9,20.9,20.9,21.2,20.9,21.2,21.0,21.2,21.5,21.9,23.0,24.8,27.1,28.2,28.1,27.3,25.7,23.8,22.1,21.9,21.5,21.2,21.2,20.9,20.9,20.9,20.9,20.8,20.8,20.9,20.9,20.8,20.8,20.8,20.8,20.9,20.8,20.8,20.8,20.8,20.8,20.8,20.9,20.7,20.9,20.8,20.9,21.0,21.0,20.8,20.8,20.7,20.9,20.8,20.8,20.9,20.7,20.8,20.8,20.8,20.7,20.7,20.7,20.7,20.7,20.8,20.7,20.7,20.8,20.7,20.8,20.7,20.7,20.7,20.8,20.8,20.8,20.8,20.7,20.8,20.7,20.7,20.8,20.8,20.8,20.7,20.7,20.8,20.9,20.8,20.8,20.7,20.7,20.7,20.8,20.7,20.7,20.9,20.8,20.8,20.7,20.7,20.7,20.8,20.8,20.9,20.7,20.8,20.7,20.7,20.7,20.7,20.7,20.6,20.7,20.7,20.7,20.8,20.7,20.7,20.7,20.8,20.7,20.8,20.7,20.7,20.8,20.7,20.8,20.8,20.8,20.6,20.7,20.7,20.8,20.7,20.7,20.7,20.7,20.8,20.7,20.7,20.8,20.6,20.7,20.7,20.7,20.8,20.7,20.7,20.8,20.7,20.8,20.7,20.8,20.7,20.7,20.7,20.6,20.6,20.6,20.7,20.7,20.7,20.8,20.7,20.7,20.7,20.7,20.9,20.7,20.7,20.7,20.7,20.7,20.8,20.8,20.8,20.9,20.8,21.0,20.8,20.9,20.9,20.8,20.7,20.8,20.7,20.8,20.9,20.8,20.7,20.7,20.8,20.7,20.7,20.8,21.0
33,21.0,21.2,21.2,20.9,20.9,21.0,21.0,21.0,21.0,21.2,20.9,21.0,21.0,20.9,21.0,21.0,20.9,20.9,21.0,20.9,20.9,20.9,21.0,20.9,20.9,20.8,20.8,21.0,21.0,21.0,21.2,20.9,20.8,21.0,21.0,21.2,21.0,21.0,21.0,20.9,21.0,20.9,21.0,21.0,20.9,21.2,21.2,21.0,20.8,20.9,20.8,20.8,20.9,20.9,20.9,21.0,21.0,21.0,21.0,20.9,21.0,21.2,20.9,21.0,21.2,21.2,21.8,22.7,25.5,28.6,30.1,30.5,30.6,30.6,29.5,27.6,24.7,22.8,22.0,21.5,21.2,20.9,21.0,20.9,20.9,20.9,21.0,20.8,20.9,20.9,20.9,20.8,20.9,20.9,20.9,20.9,20.9,20.8,20.8,20.9,20.9,20.9,20.8,20.9,21.0,20.9,20.9,20.7,20.9,20.8,20.9,20.8,20.8,20.8,20.8,20.8,20.8,20.8,20.7,20.8,20.7,20.8,20.9,20.8,20.8,20.8,20.8,20.8,20.9,20.8,20.7,20.7,20.7,20.7,20.7,20.7,20.7,20.7,20.9,20.8,20.8,20.8,20.8,20.8,20.7,20.8,20.9,20.8,20.7,20.8,20.7,20.8,20.7,20.7,20.8,20.7,20.7,20.7,20.7,20.8,20.9,20.8,20.8,20.7,20.7,20.7,20.6,20.7,20.6,20.7,20.7,20.6,20.7,20.8,20.7,20.7,20.6,20.8,20.8,20.6,20.7,20.7,20.7,20.7,20.8,20.7,20.8,20.8,20.7,20.7,20.7,20.8,20.8,20.7,20.8,20.7,20.8,20.7,20.8,20.7,20.7,20.7,20.8,20.7,20.7,20.7,20.7,20.6,20.6,20.7,20.6,20.6,20.7,20.7,20.7,20.7,20.7,20.6,20.7,20.7,20.6,20.7,20.7,20.7,20.7,20.7,20.7,20.5,20.7,20.7,20.7,20.8,20.7,20.7,20.8,20.7,20.6,20.8,20.9,20.8,20.8,20.9,20.8,20.7,20.7,20.8,20.7,20.8,20.7,20.7,20.7,20.8,20.8,20.7,20.8,20.9
34,21.0,21.0,20.9,20.9,21.0,21.0,21.0,21.2,21.0,20.9,20.9,20.9,21.0,21.0,21.0,21.0,21.0,21.0,21.0,21.0,20.9,20.8,20.9,20.8,20.8,20.8,20.8,21.0,20.9,21.2,20.9,21.0,20.9,21.0,20.9,21.0,21.0,21.0,20.9,20.9,21.0,21.2,20.9,21.0,21.0,21.0,21.2,21.0,20.9,20.9,20.9,20.9,21.0,20.9,21.0,20.9,21.0,21.0,21.0,21.2,20.9,21.0,21.0,21.0,21.2,21.8,22.7,24.4,27.8,29.3,30.3,30.9,30.8,30.8,30.8,30.4,28.4,25.3,23.0,21.9,21.4,21.2,21.0,21.0,20.9,20.8,20.9,20.8,21.0,20.8,20.8,20.9,21.2,21.0,20.9,21.0,20.8,20.8,20.9,20.9,20.9,20.8,20.9,20.9,20.8,20.8,20.9,20.8,20.8,20.8,20.7,20.9,20.8,20.8,20.7,20.8,20.8,20.8,20.7,20.7,20.7,20.8,20.8,20.8,20.7,20.7,20.7,20.7,20.7,20.7,20.7,20.7,20.7,20.7,20.7,20.7,20.7,20.8,20.7,20.7,20.9,20.7,20.7,20.7,20.8,20.8,20.8,20.7,20.7,20.7,20.8,20.7,20.7,20.7,20.7,20.7,20.8,20.7,20.7,20.7,20.8,20.7,20.7,20.7,20.8,20.7,20.7,20.7,20.7,20.6,20.7,20.5,20.8,20.7,20.7,20.9,20.7,20.7,20.8,20.7,20.7,20.8,20.6,20.8,20.7,20.7,20.7,20.7,20.8,20.6,20.7,20.7,20.7,20.9,20.7,20.7,20.7,20.7,20.6,20.7,20.6,20.7,20.6,20.7,20.7,20.7,20.7,20.8,20.7,20.6,20.6,20.6,20.7,20.7,20.7,20.8,20.6,20.7,20.4,20.5,20.6,20.7,20.7,20.7,20.7,20.6,20.7,20.6,20.5,20.5,20.7,20.7,20.7,20.7,20.8,20.8,20.8,20.8,20.7,20.7,20.7,20.9,20.8,20.7,20.8,20.8,20.7,20.7,20.8,20.7,20.7,20.7,20.8,20.7,20.7,20.9
35,20.9,20.9,21.0,21.0,21.2,21.0,20.9,20.9,21.2,21.0,20.8,21.0,20.9,20.8,20.9,20.9,20.9,20.9,20.9,20.8,20.9,20.8,20.9,20.8,20.9,20.7,20.9,20.9,21.0,21.0,21.0,20.9,20.9,20.9,20.8,20.9,21.0,21.2,21.2,20.9,21.0,21.0,21.0,21.2,21.0,21.0,21.0,20.9,21.0,20.8,21.0,20.9,21.0,20.9,21.0,20.8,20.9,20.9,21.0,20.8,21.0,21.2,21.0,21.4,21.6,22.2,23.9,26.8,29.4,30.1,30.7,30.7,30.8,30.8,30.9,30.8,30.1,29.1,25.3,22.6,21.6,21.2,21.2,20.9,20.8,21.0,20.8,20.9,20.8,20.9,20.9,20.8,20.9,21.0,21.0,20.9,20.9,20.8,20.8,20.9,20.8,20.8,20.8,20.9,20.7,20.9,20.9,20.8,20.8,20.7,20.8,20.7,20.8,20.8,20.7,20.7,20.8,20.9,20.8,20.8,20.8,20.7,20.7,20.7,20.7,20.7,20.7,20.7,20.7,20.7,20.7,20.7,20.7,20.7,20.8,20.7,20.7,20.7,20.8,20.7,20.7,20.7,20.6,20.6,20.7,20.7,20.8,20.7,20.6,20.7,20.5,20.7,20.6,20.7,20.7,20.7,20.8,20.7,20.7,20.7,20.8,20.7,20.8,20.7,20.7,20.6,20.7,20.7,20.7,20.8,20.6,20.7,20.7,20.7,20.7,20.7,20.7,20.7,20.6,20.8,20.7,20.8,20.7,20.5,20.6,20.7,20.7,20.7,20.7,20.7,20.7,20.7,20.7,20.8,20.7,20.7,20.6,20.7,20.7,20.7,20.7,20.6,20.7,20.6,20.7,20.7,20.5,20.6,20.7,20.7,20.6,20.7,20.6,20.7,20.7,20.7,20.7,20.7,20.6,20.6,20.6,20.7,20.6,20.7,20.6,20.7,20.7,20.6,20.5,20.7,20.7,20.7,20.7,20.6,20.7,20.5,20.8,20.8,20.8,20.8,20.7,20.8,20.7,20.6,20.7,20.8,20.7,20.7,20.8,20.7,20.7,20.7,20.7,20.7,20.7,20.7
36,20.7,21.2,20.8,21.0,21.0,21.0,21.0,21.2,21.0,20.9,21.0,20.9,21.0,21.0,21.0,20.9,20.9,20.9,21.0,20.8,20.8,20.7,20.8,20.7,20.7,20.9,20.9,21.0,21.0,21.0,21.0,20.9,21.2,20.9,21.0,21.2,21.0,21.2,21.0,20.9,20.9,21.2,20.9,21.2,21.2,21.2,21.0,21.0,20.9,20.9,21.0,21.0,20.9,20.9,20.9,20.9,20.8,20.8,21.2,21.0,21.0,21.2,21.0,21.4,22.0,23.3,25.9,28.7,30.0,30.6,30.6,30.7,30.8,30.6,30.6,30.5,30.3,30.0,28.1,24.5,22.2,21.4,21.2,21.2,20.9,21.0,20.9,20.8,21.0,20.9,20.8,21.0,20.9,20.9,20.8,21.0,20.9,20.9,20.9,20.9,20.8,20.8,20.9,20.8,20.7,20.9,20.8,20.8,20.8,20.7,20.8,20.7,20.8,20.8,20.8,20.8,20.7,20.8,20.7,20.8,20.7,20.7,20.7,20.7,20.7,20.7,20.7,20.7,20.7,20.7,20.7,20.7,20.7,20.7,20.7,20.7,20.7,20.7,20.7,20.7,20.6,20.7,20.6,20.7,20.7,20.7,20.7,20.7,20.8,20.7,20.6,20.7,20.6,20.7,20.5,20.6,20.7,20.7,20.7,20.6,20.7,20.7,20.7,20.7,20.6,20.7,20.6,20.7,20.7,20.8,20.5,20.6,20.5,20.7,20.7,20.6,20.6,20.7,20.7,20.7,20.7,20.7,20.8,20.8,20.6,20.7,20.7,20.7,20.7,20.6,20.7,20.6,20.7,20.7,20.7,20.6,20.6,20.6,20.5,20.6,20.7,20.7,20.7,20.8,20.5,20.7,20.7,20.7,20.5,20.7,20.6,20.7,20.6,20.7,20.6,20.5,20.5,20.7,20.7,20.7,20.7,20.7,20.6,20.7,20.5,20.5,20.6,20.6,20.6,20.5,20.6,20.6,20.6,20.7,20.7,20.7,20.7,20.7,20.7,20.7,20.7,20.5,20.6,20.6,20.6,20.8,20.9,20.7,20.7,20.7,20.6,20.7,20.6,20.7,20.5,20.9
37,20.7,21.0,21.2,21.0,21.2,21.0,20.9,21.0,21.0,21.0,21.0,21.0,21.0,21.0,21.0,20.9,21.0,20.9,20.9,21.0,20.8,20.9,20.9,20.8,20.9,20.9,20.9,21.0,20.9,20.9,21.2,20.9,21.0,21.0,21.0,21.0,21.0,21.0,21.0,21.0,21.2,21.4,21.2,21.4,21.2,21.2,21.0,21.2,21.4,21.0,21.0,20.9,21.0,21.0,20.9,21.0,20.8,20.9,21.0,21.0,21.2,21.2,21.2,21.7,22.9,25.8,28.5,29.8,30.4,30.7,30.9,30.9,30.7,30.6,30.7,30.6,30.5,30.1,29.4,27.2,23.8,21.9,21.4,21.2,21.2,21.0,20.9,20.9,21.0,20.9,20.9,20.9,20.9,20.8,20.8,20.9,20.9,20.9,20.8,20.8,20.8,20.8,20.9,20.7,20.9,20.8,20.8,20.8,20.8,20.9,20.8,20.8,20.9,20.8,20.8,20.8,20.8,20.7,20.7,20.7,20.9,20.8,20.9,20.8,20.8,20.7,20.8,20.6,20.6,20.7,20.7,20.7,20.7,20.7,20.7,20.7,20.8,20.7,20.7,20.7,20.7,20.7,20.7,20.7,20.6,20.7,20.8,20.7,20.7,20.6,20.7,20.7,20.7,20.7,20.7,20.7,20.6,20.7,20.7,20.7,20.7,20.7,20.6,20.7,20.7,20.6,20.7,20.7,20.7,20.5,20.7,20.7,20.7,20.6,20.7,20.6,20.6,20.7,20.6,20.7,20.7,20.7,20.7,20.6,20.5,20.6,20.7,20.7,20.6,20.8,20.7,20.6,20.7,20.7,20.7,20.7,20.5,20.7,20.7,20.7,20.6,20.6,20.7,20.7,20.7,20.7,20.7,20.6,20.7,20.7,20.7,20.6,20.6,20.6,20.5,20.7,20.5,20.7,20.7,20.7,20.7,20.7,20.7,20.6,20.7,20.6,20.6,20.5,20.6,20.7,20.7,20.8,20.7,20.8,20.7,20.6,20.7,20.7,20.7,20.8,20.7,20.7,20.7,20.7,20.7,20.8,20.8,20.7,20.7,20.7,20.7,20.7,20.6,20.7,20.7,20.6
38,21.0,20.9,21.0,21.0,20.8,20.9,21.0,20.9,20.9,20.9,20.9,21.0,20.9,20.9,20.9,20.9,20.9,21.0,20.8,21.0,20.9,20.8,20.8,20.8,20.8,20.8,20.8,20.8,20.9,21.0,20.9,21.0,21.0,21.0,21.0,21.0,21.0,21.2,21.2,21.2,21.2,21.6,21.7,21.7,21.8,21.7,21.6,21.4,21.4,21.2,21.0,21.0,21.0,20.9,20.9,21.2,21.0,20.8,21.0,21.2,21.0,21.2,21.4,22.1,24.3,27.7,29.6,30.3,30.6,30.8,31.1,30.8,30.6,30.6,30.6,30.4,30.3,30.0,30.0,29.0,25.9,22.9,21.8,21.2,20.9,21.0,20.8,20.8,21.0,20.8,20.9,20.8,20.9,20.8,20.9,20.9,20.9,20.9,20.9,20.8,20.8,20.7,20.8,20.8,20.8,20.8,20.9,20.7,20.8,20.7,20.8,20.8,20.8,20.8,20.8,20.8,20.7,20.7,20.6,20.7,20.9,20.7,20.8,20.8,20.7,20.7,20.7,20.6,20.7,20.7,20.7,20.7,20.7,20.7,20.7,20.7,20.6,20.7,20.7,20.7,20.7,20.7,20.7,20.7,20.7,20.7,20.7,20.6,20.7,20.6,20.7,20.7,20.7,20.8,20.7,20.8,20.7,20.7,20.7,20.5,20.5,20.6,20.7,20.6,20.6,20.7,20.6,20.6,20.7,20.7,20.6,20.5,20.6,20.5,20.7,20.5,20.6,20.5,20.7,20.7,20.6,20.6,20.5,20.6,20.5,20.7,20.5,20.7,20.7,20.6,20.6,20.5,20.5,20.7,20.5,20.6,20.7,20.7,20.7,20.6,20.6,20.7,20.7,20.5,20.8,20.7,20.6,20.7,20.7,20.6,20.7,20.5,20.7,20.6,20.5,20.6,20.7,20.6,20.8,20.6,20.7,20.7,20.6,20.6,20.6,20.6,20.7,20.7,20.7,20.8,20.8,20.6,20.6,20.8,20.7,20.7,20.6,20.6,20.8,20.5,20.7,20.7,20.7,20.7,20.7,20.7,20.6,20.8,20.7,20.7,20.8,20.7,20.6,20.6,20.7,20.8
39,20.8,21.0,21.0,20.9,20.8,20.8,20.9,20.9,20.8,20.9,20.9,20.9,20.8,20.9,20.9,21.0,20.9,21.0,20.9,20.9,20.8,20.9,20.9,20.9,20.8,20.8,20.8,20.8,20.9,20.9,20.9,20.9,20.9,21.2,21.0,21.0,21.0,21.0,21.5,21.4,22.1,23.0,23.6,23.6,23.9,23.5,22.4,22.2,21.8,21.7,21.2,21.2,21.0,20.9,21.0,20.9,20.9,20.9,21.0,21.2,21.2,21.4,21.6,22.7,26.0,28.9,29.7,30.3,30.5,31.0,30.8,30.8,30.6,30.6,30.4,30.1,30.1,29.8,30.0,29.4,28.0,24.5,22.1,21.6,21.2,21.0,20.9,20.9,20.9,20.9,20.9,21.0,20.9,20.8,20.9,20.8,20.9,20.8,20.9,20.9,20.8,20.8,20.8,20.8,20.8,20.8,20.8,20.8,20.9,20.9,20.9,20.8,20.7,20.8,20.7,20.8,20.8,20.7,20.8,20.8,20.8,20.9,20.8,20.8,20.7,20.7,20.7,20.7,20.7,20.7,20.7,20.7,20.7,20.7,20.7,20.7,20.6,20.6,20.7,20.8,20.6,20.7,20.7,20.7,20.8,20.7,20.7,20.7,20.7,20.7,20.6,20.6,20.7,20.7,20.6,20.6,20.7,20.7,20.7,20.7,20.6,20.7,20.7,20.6,20.6,20.5,20.7,20.6,20.7,20.5,20.4,20.6,20.6,20.6,20.6,20.6,20.6,20.7,20.5,20.5,20.7,20.7,20.7,20.7,20.6,20.7,20.5,20.7,20.6,20.6,20.7,20.6,20.7,20.6,20.5,20.5,20.7,20.7,20.5,20.7,20.7,20.7,20.6,20.7,20.7,20.7,20.7,20.5,20.5,20.6,20.5,20.5,20.6,20.6,20.7,20.5,20.6,20.5,20.7,20.6,20.7,20.7,20.6,20.6,20.7,20.5,20.7,20.7,20.7,20.7,20.7,20.5,20.7,20.8,20.7,20.7,20.7,20.7,20.8,20.5,20.7,20.7,20.7,20.7,20.7,20.7,20.7,20.7,20.7,20.6,20.7,20.5,20.6,20.5,20.7,20.7
40,20.8,21.0,20.9,20.8,20.9,20.9,20.9,21.0,20.9,20.9,20.8,20.9,20.9,20.8,20.8,20.9,21.0,20.9,20.9,20.9,20.8,20.8,20.9,21.0,20.9,20.7,20.9,20.9,20.9,20.9,20.9,20.9,20.9,20.9,20.9,21.2,21.2,21.2,21.6,22.4,24.2,26.8,28.2,29.0,29.0,28.5,27.1,25.4,23.4,22.4,21.7,21.4,21.4,21.0,21.0,21.0,21.2,21.0,21.2,21.2,21.2,21.4,22.0,23.8,27.4,29.4,30.1,30.6,30.6,30.9,30.9,31.0,30.7,30.6,30.3,30.3,30.1,30.0,29.7,29.7,29.1,26.6,23.1,21.9,21.2,21.2,21.0,21.2,21.0,21.0,21.0,21.2,20.9,21.0,20.9,20.9,20.8,20.8,20.8,20.8,20.9,20.8,20.9,20.8,20.9,20.9,20.8,20.9,20.8,20.8,20.8,20.8,20.7,20.8,20.7,20.7,20.7,20.8,20.7,20.7,20.8,20.7,20.8,20.7,20.9,20.7,20.7,20.7,20.7,20.6,20.7,20.7,20.7,20.6,20.7,20.7,20.7,20.7,20.8,20.7,20.7,20.6,20.8,20.8,20.7,20.7,20.7,20.7,20.7,20.8,20.7,20.6,20.6,20.7,20.5,20.7,20.7,20.7,20.7,20.6,20.7,20.7,20.7,20.6,20.7,20.7,20.5,20.7,20.6,20.6,20.6,20.7,20.6,20.7,20.5,20.5,20.5,20.7,20.5,20.7,20.7,20.6,20.6,20.7,20.5,20.6,20.4,20.8,20.5,20.7,20.5,20.7,20.5,20.6,20.5,20.7,20.7,20.5,20.7,20.5,20.7,20.6,20.7,20.7,20.7,20.7,20.7,20.8,20.6,20.6,20.6,20.5,20.6,20.5,20.6,20.7,20.6,20.5,20.8,20.5,20.7,20.7,20.5,20.7,20.6,20.6,20.7,20.7,20.6,20.5,20.7,20.7,20.7,20.7,20.7,20.7,20.7,20.7,20.6,20.7,20.7,20.7,20.7,20.7,20.6,20.6,20.8,20.7,20.7,20.7,20.7,20.7,20.6,20.6,20.7,20.8
41,20.8,21.2,20.9,20.9,20.8,20.9,20.9,20.9,20.9,20.8,20.9,20.9,20.8,20.8,20.8,21.0,21.0,20.9,20.9,21.0,20.9,20.8,21.0,20.8,20.9,20.8,20.9,20.8,20.9,20.9,20.9,20.9,20.9,21.0,20.9,21.2,21.0,21.4,21.9,23.4,27.6,29.8,30.5,30.9,31.2,31.1,30.7,30.0,28.2,25.5,23.0,21.9,21.5,21.2,21.2,21.0,20.9,21.0,21.0,21.2,21.2,21.5,22.0,24.7,28.0,29.4,30.3,30.4,30.6,30.8,30.9,30.9,30.8,30.5,30.5,30.1,30.0,29.7,29.7,29.6,29.5,28.2,24.6,22.2,21.4,21.2,21.0,20.9,20.9,21.0,21.0,20.9,20.9,20.9,21.0,20.9,20.9,20.7,20.8,20.9,20.9,20.9,20.8,20.8,20.8,20.8,20.9,20.9,20.9,20.9,20.8,20.9,20.8,20.8,20.8,20.8,20.8,20.6,20.7,20.8,20.7,20.7,20.7,20.7,20.8,20.8,20.7,20.8,20.7,20.7,20.7,20.7,20.6,20.7,20.7,20.7,20.7,20.7,20.7,20.8,20.7,20.7,20.8,20.8,20.7,20.7,20.6,20.7,20.6,20.8,20.6,20.7,20.7,20.7,20.7,20.7,20.6,20.7,20.7,20.8,20.7,20.7,20.7,20.7,20.7,20.7,20.5,20.7,20.5,20.7,20.6,20.6,20.5,20.7,20.5,20.7,20.7,20.7,20.7,20.7,20.6,20.7,20.7,20.6,20.7,20.7,20.6,20.7,20.7,20.6,20.7,20.6,20.5,20.5,20.6,20.5,20.5,20.6,20.8,20.6,20.7,20.7,20.6,20.7,20.6,20.6,20.6,20.6,20.7,20.5,20.5,20.5,20.7,20.7,20.5,20.5,20.5,20.5,20.6,20.6,20.6,20.5,20.7,20.6,20.6,20.4,20.5,20.6,20.7,20.7,20.6,20.7,20.7,20.7,20.6,20.6,20.7,20.7,20.6,20.6,20.6,20.7,20.7,20.7,20.6,20.8,20.7,20.7,20.7,20.6,20.6,20.7,20.7,20.7,20.5,20.7
42,20.9,21.0,20.8,20.9,20.9,21.0,20.9,20.9,20.9,20.8,20.9,20.8,20.9,21.0,20.8,20.8,20.8,20.9,20.8,20.8,20.9,20.8,20.9,20.9,20.9,20.8,20.9,21.0,20.8,20.9,20.9,20.9,20.8,20.9,21.0,20.9,21.0,21.6,22.1,25.1,29.2,30.4,30.7,31.1,31.2,31.4,31.3,31.2,30.8,29.8,27.2,23.3,21.9,21.5,21.4,21.2,21.2,21.0,21.0,21.2,21.2,21.6,22.4,25.4,28.9,29.8,30.0,30.5,30.4,30.9,30.8,30.8,30.7,30.6,30.6,30.3,30.0,29.8,29.8,29.5,29.4,29.0,26.1,22.8,21.7,21.4,21.2,21.0,21.0,21.0,21.0,21.0,20.9,21.0,21.0,21.0,20.8,20.9,20.9,20.9,20.8,20.9,20.9,20.8,20.8,20.9,20.9,20.9,20.8,21.0,20.9,20.9,20.8,20.8,20.8,20.8,20.7,20.7,20.7,20.7,20.8,20.7,20.5,20.7,20.7,20.8,20.7,20.8,20.8,20.6,20.7,20.7,20.7,20.6,20.7,20.7,20.7,20.6,20.7,20.7,20.7,20.7,20.7,20.7,20.7,20.6,20.6,20.7,20.8,20.7,20.6,20.7,20.7,20.7,20.7,20.6,20.7,20.6,20.7,20.7,20.7,20.6,20.7,20.6,20.7,20.5,20.6,20.5,20.4,20.6,20.5,20.5,20.7,20.5,20.5,20.5,20.7,20.7,20.6,20.7,20.6,20.7,20.6,20.5,20.7,20.5,20.6,20.5,20.6,20.6,20.7,20.6,20.6,20.5,20.5,20.5,20.5,20.4,20.7,20.7,20.7,20.6,20.6,20.7,20.7,20.5,20.7,20.5,20.7,20.5,20.5,20.5,20.6,20.5,20.4,20.5,20.6,20.5,20.4,20.5,20.4,20.5,20.5,20.5,20.6,20.6,20.6,20.7,20.5,20.7,20.7,20.7,20.6,20.7,20.7,20.8,20.7,20.7,20.6,20.6,20.8,20.7,20.7,20.6,20.7,20.5,20.5,20.6,20.7,20.7,20.7,20.7,20.6,20.6,20.6,20.3
43,20.8,20.9,21.0,20.9,20.9,20.9,21.0,20.8,20.8,20.8,20.9,20.8,20.9,20.9,20.9,20.8,20.9,20.8,20.9,20.8,20.9,20.9,20.7,20.8,20.9,20.8,20.9,20.8,20.8,20.9,20.8,20.9,20.9,20.9,21.0,21.0,21.2,21.5,22.2,25.7,29.3,30.4,31.0,30.8,31.2,31.2,31.2,31.2,31.1,30.8,29.8,27.1,23.9,22.0,21.7,21.5,21.4,21.0,21.2,21.2,21.0,21.5,22.2,25.6,28.6,29.8,30.4,30.3,30.5,30.6,30.9,31.0,30.8,30.7,30.6,30.3,29.8,30.0,29.8,29.6,29.7,29.2,27.9,24.0,22.1,21.4,21.2,21.2,21.0,21.0,21.2,21.2,21.0,21.0,20.9,21.0,20.8,20.8,20.9,20.9,20.9,20.8,20.9,20.7,20.9,20.9,20.8,20.9,20.8,20.9,20.8,20.8,20.9,20.8,20.7,20.8,20.8,20.7,20.9,20.7,20.7,20.6,20.7,20.7,20.7,20.7,20.8,20.7,20.7,20.7,20.6,20.7,20.7,20.7,20.7,20.7,20.5,20.7,20.6,20.7,20.8,20.7,20.7,20.7,20.7,20.7,20.7,20.7,20.7,20.7,20.7,20.7,20.7,20.7,20.6,20.7,20.7,20.7,20.7,20.7,20.7,20.7,20.6,20.7,20.7,20.6,20.5,20.5,20.5,20.5,20.5,20.5,20.4,20.7,20.7,20.7,20.5,20.7,20.6,20.7,20.5,20.7,20.7,20.7,20.6,20.6,20.7,20.5,20.5,20.5,20.6,20.7,20.6,20.6,20.6,20.6,20.5,20.6,20.5,20.7,20.6,20.7,20.6,20.6,20.6,20.6,20.6,20.6,20.5,20.5,20.5,20.5,20.6,20.5,20.6,20.6,20.4,20.4,20.4,20.7,20.5,20.6,20.6,20.7,20.6,20.7,20.6,20.7,20.5,20.6,20.6,20.6,20.6,20.7,20.8,20.7,20.7,20.7,20.7,20.6,20.6,20.6,20.7,20.7,20.6,20.5,20.6,20.7,20.8,20.7,20.7,20.8,20.8,20.7,20.5,20.6
44,20.8,20.9,20.9,21.2,21.0,21.0,21.0,20.9,21.2,20.9,21.0,20.9,20.9,20.9,20.8,20.8,20.8,20.8,20.8,20.8,20.8,20.8,20.9,21.0,20.9,20.8,20.9,20.9,20.9,20.9,20.9,20.9,20.9,20.9,21.0,21.0,21.2,21.7,22.7,26.3,29.6,30.6,31.0,31.2,31.1,31.2,31.3,31.2,31.1,30.8,30.6,29.4,27.1,23.1,22.1,21.6,21.4,21.2,21.2,21.2,21.2,21.7,22.2,25.7,29.1,30.0,30.4,30.5,30.6,30.9,30.9,31.0,30.8,30.6,30.6,30.5,30.4,30.3,30.1,30.1,29.8,29.6,28.9,26.1,23.0,21.9,21.4,21.2,21.2,21.0,21.0,21.2,21.2,21.0,21.0,21.2,21.2,21.0,21.0,21.0,20.9,20.9,20.9,20.9,20.9,20.9,21.0,20.9,20.9,20.8,20.8,20.8,20.8,20.9,20.9,20.7,20.7,20.7,20.8,20.9,20.7,20.7,20.7,20.7,20.8,20.8,20.7,20.7,20.7,20.8,20.6,20.7,20.8,20.7,20.8,20.7,20.7,20.7,20.7,20.8,20.7,20.8,20.7,20.7,20.7,20.7,20.8,20.7,20.8,20.8,20.7,20.7,20.7,20.7,20.5,20.7,20.8,20.7,20.7,20.7,20.6,20.7,20.5,20.7,20.7,20.7,20.7,20.6,20.6,20.6,20.7,20.6,20.6,20.6,20.7,20.6,20.7,20.6,20.5,20.7,20.7,20.6,20.7,20.7,20.7,20.6,20.7,20.7,20.5,20.7,20.7,20.6,20.5,20.7,20.5,20.5,20.6,20.5,20.7,20.7,20.6,20.6,20.7,20.7,20.7,20.7,20.6,20.5,20.5,20.7,20.6,20.7,20.6,20.6,20.4,20.5,20.5,20.6,20.4,20.6,20.6,20.6,20.6,20.6,20.7,20.7,20.7,20.7,20.7,20.7,20.6,20.7,20.7,20.7,20.6,20.7,20.7,20.7,20.7,20.7,20.7,20.7,20.9,20.5,20.6,20.6,20.6,20.7,20.7,20.7,20.7,20.8,20.7,20.7,20.7,20.4
45,20.7,20.9,21.0,21.0,20.9,21.0,20.9,21.0,21.0,20.8,21.0,20.9,20.8,20.8,20.8,20.8,20.9,20.8,20.8,20.8,20.7,20.8,20.9,20.8,20.7,20.9,20.9,20.8,20.9,20.8,20.9,20.8,20.8,20.9,21.0,21.2,21.2,21.8,23.1,27.2,29.7,30.7,31.0,31.2,31.2,31.5,31.3,31.3,31.0,31.0,30.6,30.1,29.2,25.8,22.4,21.7,21.5,21.0,21.2,21.2,21.2,21.4,22.1,25.0,28.9,29.6,30.3,30.4,30.6,30.7,30.8,30.7,30.8,30.9,30.8,30.6,30.5,30.3,30.4,30.3,30.1,30.0,29.5,28.0,24.4,22.6,21.7,21.4,21.2,21.0,21.2,21.2,21.0,21.4,21.2,21.4,21.4,21.4,21.2,21.2,20.9,21.0,20.9,20.8,20.8,20.8,20.9,20.8,20.9,20.8,20.9,20.8,20.8,20.8,20.7,20.8,20.8,20.7,20.8,20.8,20.7,20.7,20.8,20.7,20.7,20.7,20.8,20.8,20.7,20.7,20.7,20.7,20.7,20.7,20.8,20.7,20.7,20.7,20.7,20.7,20.7,20.7,20.7,20.7,20.7,20.6,20.7,20.7,20.7,20.6,20.7,20.6,20.7,20.6,20.7,20.7,20.8,20.7,20.7,20.7,20.5,20.7,20.7,20.7,20.7,20.6,20.7,20.7,20.6,20.5,20.6,20.5,20.5,20.6,20.6,20.6,20.7,20.6,20.6,20.5,20.6,20.5,20.7,20.7,20.7,20.7,20.7,20.6,20.7,20.7,20.5,20.7,20.5,20.5,20.6,20.5,20.6,20.6,20.6,20.5,20.6,20.5,20.6,20.5,20.7,20.5,20.6,20.5,20.6,20.6,20.6,20.5,20.6,20.6,20.6,20.5,20.5,20.4,20.5,20.5,20.7,20.6,20.5,20.6,20.6,20.6,20.5,20.6,20.7,20.6,20.6,20.5,20.7,20.5,20.7,20.5,20.6,20.6,20.7,20.7,20.7,20.8,20.7,20.6,20.7,20.7,20.8,20.7,20.7,20.6,20.7,20.5,20.7,20.5,20.7,20.5
46,21.0,21.0,21.2,20.9,20.8,20.9,20.9,20.8,20.9,20.7,20.9,20.9,20.9,20.8,20.9,20.9,20.7,20.9,20.9,20.9,20.8,20.8,20.8,20.7,20.8,20.8,20.9,20.8,20.9,20.9,20.9,20.8,20.9,21.0,21.0,21.2,21.2,21.9,23.6,27.9,30.0,30.8,31.0,31.4,31.3,31.4,31.6,31.5,31.3,30.9,31.1,30.6,30.0,28.4,24.1,22.1,21.8,21.4,21.2,21.2,21.2,21.5,21.9,24.3,28.2,29.8,30.5,30.3,30.5,30.6,30.7,30.8,30.8,30.9,30.6,30.7,30.5,30.5,30.6,30.4,30.5,30.5,30.0,29.3,26.9,23.9,22.0,21.5,21.2,21.2,21.2,21.4,21.6,21.7,21.8,22.1,22.1,21.9,21.9,21.7,21.4,21.2,21.2,21.0,20.9,20.9,20.9,20.9,20.9,20.9,20.8,20.9,20.8,20.8,20.8,20.8,20.8,20.7,20.8,20.8,20.9,20.8,20.7,20.7,20.8,20.8,20.7,20.8,20.7,20.7,20.7,20.7,20.6,20.7,20.7,20.7,20.7,20.6,20.7,20.7,20.7,20.7,20.7,20.7,20.6,20.7,20.7,20.7,20.7,20.7,20.7,20.7,20.7,20.7,20.8,20.7,20.7,20.7,20.8,20.7,20.7,20.5,20.6,20.8,20.6,20.7,20.7,20.7,20.5,20.7,20.5,20.6,20.5,20.5,20.6,20.5,20.7,20.7,20.7,20.5,20.7,20.7,20.6,20.6,20.7,20.6,20.5,20.6,20.7,20.7,20.6,20.7,20.6,20.5,20.6,20.5,20.5,20.5,20.6,20.7,20.7,20.7,20.6,20.5,20.5,20.7,20.6,20.6,20.6,20.6,20.7,20.7,20.4,20.5,20.5,20.7,20.5,20.6,20.4,20.6,20.5,20.7,20.5,20.5,20.6,20.5,20.6,20.6,20.7,20.6,20.5,20.5,20.7,20.7,20.7,20.7,20.7,20.8,20.6,20.8,20.6,20.7,20.7,20.8,20.6,20.8,20.7,20.7,20.8,20.8,20.7,20.7,20.7,20.7,20.6,20.7
47,20.9,20.9,20.9,20.9,20.8,20.9,20.9,20.8,20.9,20.8,20.7,20.9,20.8,20.8,20.8,20.7,20.9,20.8,20.7,20.9,20.8,20.7,20.7,20.7,20.7,20.7,20.7,20.8,20.9,20.9,20.9,20.8,20.9,21.0,21.0,21.2,21.4,22.1,24.0,28.4,30.1,30.8,31.2,31.2,31.4,31.5,31.5,31.5,31.2,31.1,30.8,30.7,30.6,29.5,26.4,22.9,21.7,21.4,21.2,21.0,21.2,21.4,21.7,23.3,27.5,29.5,30.0,30.1,30.4,30.6,30.7,30.7,30.8,31.0,30.9,30.8,30.8,30.6,30.7,30.6,30.6,30.6,30.5,29.8,28.7,25.8,23.0,21.8,21.2,21.2,21.4,21.7,22.0,22.8,23.2,24.3,24.3,23.6,23.0,22.6,21.9,21.6,21.2,21.0,20.9,20.8,20.8,20.9,20.9,20.8,20.9,20.8,20.7,20.8,20.7,20.7,20.9,20.8,20.7,20.8,20.8,20.7,20.7,20.7,20.7,20.7,20.8,20.9,20.6,20.7,20.7,20.6,20.7,20.7,20.7,20.6,20.7,20.7,20.7,20.7,20.7,20.7,20.6,20.7,20.7,20.7,20.6,20.7,20.7,20.6,20.7,20.7,20.8,20.7,20.7,20.7,20.7,20.7,20.7,20.6,20.7,20.6,20.7,20.7,20.7,20.6,20.5,20.6,20.5,20.5,20.7,20.6,20.5,20.5,20.6,20.4,20.5,20.7,20.4,20.6,20.5,20.7,20.6,20.7,20.6,20.6,20.7,20.7,20.6,20.6,20.7,20.7,20.6,20.7,20.5,20.6,20.5,20.6,20.5,20.6,20.6,20.5,20.5,20.5,20.5,20.5,20.6,20.5,20.5,20.5,20.5,20.5,20.7,20.4,20.4,20.6,20.5,20.7,20.4,20.5,20.5,20.6,20.5,20.6,20.6,20.6,20.6,20.7,20.6,20.5,20.7,20.5,20.6,20.6,20.6,20.5,20.6,20.6,20.7,20.7,20.6,20.6,20.8,20.6,20.5,20.7,20.6,20.7,20.5,20.7,20.6,20.7,20.6,20.7,20.6,20.5
48,21.0,20.8,20.8,20.8,20.8,20.9,20.8,20.8,20.7,20.9,20.8,20.8,20.8,20.8,20.8,21.0,20.8,20.8,20.8,20.8,20.9,20.8,20.7,20.8,20.7,20.9,20.7,20.9,20.8,20.9,20.8,20.7,20.8,20.9,20.8,21.0,21.4,22.0,24.3,28.6,30.3,30.8,31.0,31.4,31.2,31.4,31.4,31.5,31.4,31.1,30.9,31.0,30.6,30.4,28.9,24.5,22.1,21.6,21.2,21.4,21.2,21.2,21.4,22.6,26.1,29.1,29.8,30.0,30.3,30.7,30.7,30.9,30.8,31.0,31.0,30.9,30.8,30.8,30.7,30.8,30.7,30.6,30.7,30.6,29.8,28.2,24.6,22.4,21.7,21.6,21.7,22.1,23.2,24.6,26.9,28.2,27.9,27.5,26.3,24.8,23.2,22.1,21.5,21.2,21.0,20.9,20.8,20.8,20.8,20.9,20.8,20.8,20.7,20.7,20.8,20.8,20.8,20.8,20.8,20.9,20.7,20.7,20.6,20.7,20.7,20.8,20.7,20.7,20.8,20.7,20.6,20.7,20.7,20.6,20.7,20.7,20.7,20.7,20.8,20.7,20.7,20.6,20.7,20.6,20.7,20.7,20.7,20.7,20.7,20.6,20.6,20.7,20.7,20.7,20.6,20.6,20.6,20.7,20.7,20.6,20.7,20.7,20.7,20.6,20.7,20.6,20.6,20.5,20.5,20.5,20.4,20.5,20.6,20.5,20.7,20.6,20.6,20.6,20.5,20.4,20.6,20.5,20.5,20.6,20.7,20.5,20.6,20.7,20.6,20.6,20.7,20.5,20.6,20.5,20.5,20.5,20.6,20.6,20.5,20.5,20.5,20.5,20.6,20.6,20.5,20.5,20.5,20.4,20.5,20.5,20.5,20.5,20.5,20.5,20.5,20.5,20.6,20.5,20.6,20.5,20.5,20.5,20.6,20.5,20.5,20.5,20.5,20.6,20.6,20.5,20.5,20.5,20.5,20.5,20.6,20.5,20.7,20.7,20.7,20.7,20.7,20.7,20.6,20.6,20.6,20.5,20.5,20.7,20.6,20.7,20.5,20.7,20.7,20.5,20.7,20.6
49,21.0,21.0,20.8,20.9,20.9,20.9,20.8,20.8,20.8,20.9,20.8,20.9,20.9,20.8,20.8,20.7,21.0,20.8,20.9,20.9,20.8,20.8,20.8,20.9,20.8,20.7,20.8,20.8,20.9,20.8,20.8,20.9,21.0,21.0,21.0,21.0,21.2,22.1,24.4,28.7,30.5,30.9,31.2,31.2,31.2,31.5,31.3,31.5,31.2,31.1,31.2,31.0,30.7,30.7,30.1,27.7,23.6,21.9,21.7,21.5,21.2,21.2,21.2,22.2,24.6,28.6,29.8,30.1,30.3,30.8,30.9,30.8,30.9,31.2,31.0,31.1,31.2,31.0,31.1,31.0,31.1,31.0,30.8,30.9,30.3,29.4,27.1,23.9,22.1,21.7,22.2,23.3,25.4,27.7,29.5,30.5,30.5,30.1,29.4,28.1,25.8,23.8,22.4,21.7,21.2,21.2,21.0,20.9,20.9,20.9,20.8,20.8,20.8,20.9,20.7,20.8,20.8,20.7,20.8,20.8,20.7,20.7,20.7,20.7,20.8,20.7,20.7,20.7,20.8,20.7,20.7,20.7,20.8,20.7,20.7,20.7,20.7,20.5,20.7,20.8,20.7,20.6,20.7,20.7,20.7,20.7,20.6,20.6,20.6,20.6,20.6,20.7,20.8,20.7,20.7,20.7,20.7,20.6,20.7,20.5,20.7,20.7,20.7,20.8,20.6,20.6,20.6,20.6,20.5,20.4,20.6,20.6,20.5,20.6,20.6,20.6,20.6,20.5,20.7,20.3,20.6,20.6,20.6,20.6,20.6,20.7,20.7,20.6,20.6,20.7,20.7,20.7,20.6,20.5,20.6,20.6,20.6,20.5,20.5,20.6,20.6,20.6,20.7,20.6,20.6,20.5,20.5,20.7,20.5,20.4,20.5,20.5,20.5,20.6,20.6,20.6,20.6,20.6,20.5,20.6,20.5,20.7,20.5,20.6,20.6,20.6,20.5,20.7,20.6,20.7,20.6,20.6,20.7,20.5,20.6,20.7,20.5,20.6,20.7,20.6,20.5,20.6,20.7,20.6,20.5,20.6,20.6,20.6,20.5,20.5,20.7,20.7,20.6,20.7,20.7,20.4
50,20.8,20.9,20.8,20.8,20.7,20.7,20.7,20.8,20.8,20.8,20.9,20.8,20.8,20.7,20.8,21.0,20.8,20.7,20.9,20.8,20.8,20.8,20.8,20.8,20.7,20.8,20.9,20.7,20.7,20.8,20.8,20.8,20.7,20.9,20.9,21.0,21.2,22.0,24.3,28.6,30.4,30.8,31.1,31.0,31.3,31.2,31.2,31.3,31.2,31.1,31.2,30.9,30.9,30.8,30.7,29.6,26.6,23.1,21.9,21.5,21.4,21.2,21.2,21.5,23.4,27.6,29.4,29.8,30.4,30.6,30.7,31.0,30.9,31.2,31.2,31.3,31.1,31.1,31.1,31.0,30.9,31.1,30.9,31.0,30.6,30.0,28.7,25.7,22.9,22.6,22.9,25.0,27.6,29.5,30.3,30.7,30.7,30.8,30.7,30.3,28.8,26.3,23.6,22.1,21.6,21.4,21.2,20.8,20.8,20.8,20.8,20.8,20.9,20.8,20.8,20.7,20.7,20.8,20.7,20.7,20.7,20.7,20.7,20.8,20.7,20.7,20.7,20.7,20.7,20.6,20.6,20.7,20.6,20.6,20.7,20.6,20.7,20.6,20.6,20.7,20.7,20.7,20.7,20.6,20.7,20.6,20.6,20.6,20.5,20.5,20.5,20.7,20.7,20.7,20.7,20.6,20.5,20.6,20.6,20.5,20.5,20.5,20.7,20.7,20.5,20.4,20.4,20.6,20.6,20.7,20.5,20.5,20.5,20.5,20.4,20.5,20.5,20.5,20.5,20.6,20.5,20.6,20.5,20.5,20.5,20.6,20.7,20.5,20.5,20.6,20.6,20.5,20.6,20.6,20.6,20.6,20.6,20.6,20.4,20.5,20.4,20.6,20.6,20.6,20.5,20.6,20.5,20.5,20.5,20.4,20.5,20.3,20.5,20.5,20.4,20.5,20.4,20.5,20.5,20.5,20.5,20.4,20.5,20.4,20.4,20.5,20.7,20.4,20.4,20.5,20.5,20.5,20.5,20.7,20.5,20.6,20.6,20.4,20.7,20.6,20.5,20.5,20.5,20.7,20.5,20.6,20.5,20.6,20.6,20.6,20.7,20.4,20.5,20.5,20.5,20.5
51,20.8,20.8,20.9,20.8,20.8,20.8,20.7,20.8,20.9,20.8,20.9,20.9,20.8,20.9,20.9,20.8,20.8,20.8,20.9,20.8,20.9,20.8,20.8,20.8,20.8,20.8,20.8,20.9,20.7,20.7,20.8,20.8,20.8,20.9,20.9,21.2,21.4,21.9,23.9,28.1,30.5,31.0,31.2,31.1,31.2,31.3,31.1,31.2,31.0,31.1,31.1,31.2,31.1,31.2,31.1,30.7,29.4,25.7,22.8,21.9,21.4,21.4,21.2,21.7,22.4,25.9,29.1,30.0,30.1,30.7,30.7,31.0,31.0,31.2,31.5,31.4,31.4,31.5,31.1,31.3,31.5,31.2,31.1,31.1,30.8,30.4,29.6,28.0,24.5,24.0,25.3,27.8,29.6,30.3,30.6,30.8,30.7,30.7,30.8,31.0,30.3,28.9,26.4,23.6,22.2,21.6,21.2,21.0,20.8,21.0,20.8,20.7,20.8,20.9,20.8,20.8,20.8,20.8,20.8,20.7,20.7,20.7,20.7,20.7,20.7,20.7,20.7,20.8,20.8,20.7,20.7,20.7,20.7,20.7,20.7,20.7,20.7,20.7,20.7,20.7,20.7,20.6,20.7,20.7,20.7,20.7,20.6,20.5,20.6,20.6,20.7,20.6,20.6,20.7,20.6,20.6,20.5,20.7,20.5,20.5,20.5,20.6,20.5,20.6,20.6,20.4,20.5,20.5,20.7,20.5,20.5,20.6,20.5,20.5,20.6,20.6,20.5,20.5,20.5,20.5,20.5,20.7,20.5,20.5,20.6,20.5,20.7,20.6,20.6,20.6,20.6,20.6,20.6,20.5,20.6,20.5,20.5,20.5,20.7,20.5,20.7,20.5,20.5,20.5,20.7,20.6,20.7,20.6,20.5,20.5,20.4,20.5,20.3,20.5,20.5,20.7,20.5,20.5,20.5,20.6,20.6,20.5,20.5,20.5,20.6,20.5,20.5,20.6,20.5,20.5,20.5,20.7,20.7,20.6,20.5,20.5,20.5,20.7,20.5,20.6,20.7,20.7,20.6,20.7,20.7,20.7,20.7,20.6,20.6,20.6,20.5,20.7,20.6,20.5,20.6,20.4
52,20.7,20.9,20.8,20.8,20.7,20.8,20.7,20.7,20.7,20.7,20.8,20.8,20.8,20.7,20.8,20.8,20.8,20.8,20.9,20.7,20.9,20.7,20.8,20.8,20.7,20.7,20.8,20.8,20.9,20.8,20.8,20.6,20.7,20.9,20.9,21.0,21.2,21.7,23.2,27.6,30.0,30.6,31.0,31.2,31.4,31.2,31.2,31.1,31.1,31.1,31.0,31.1,31.2,31.2,31.2,30.9,30.5,28.4,24.1,22.1,21.4,21.4,21.2,21.5,22.0,23.9,28.4,29.8,30.1,30.6,30.9,31.0,31.0,31.3,31.4,31.4,31.5,31.3,31.5,31.3,31.3,31.3,31.3,31.2,31.1,30.8,30.3,29.2,27.0,26.4,28.2,29.8,30.7,30.8,30.9,30.9,30.7,30.8,30.7,30.8,30.8,30.3,28.5,25.8,23.4,22.1,21.5,21.0,20.8,20.9,20.7,20.8,20.7,20.8,20.7,20.7,20.7,20.7,20.7,20.7,20.7,20.7,20.7,20.7,20.7,20.6,20.7,20.7,20.6,20.7,20.7,20.7,20.6,20.6,20.5,20.5,20.6,20.7,20.6,20.7,20.7,20.6,20.6,20.5,20.6,20.4,20.6,20.6,20.5,20.5,20.5,20.5,20.6,20.5,20.7,20.5,20.5,20.6,20.5,20.6,20.5,20.6,20.5,20.5,20.5,20.4,20.5,20.4,20.6,20.7,20.5,20.6,20.5,20.5,20.5,20.5,20.5,20.5,20.5,20.4,20.6,20.5,20.5,20.6,20.4,20.5,20.5,20.6,20.6,20.5,20.5,20.4,20.4,20.5,20.5,20.6,20.5,20.5,20.4,20.4,20.4,20.4,20.5,20.5,20.5,20.5,20.6,20.5,20.4,20.4,20.4,20.4,20.4,20.5,20.5,20.3,20.4,20.4,20.5,20.5,20.4,20.5,20.5,20.5,20.5,20.5,20.4,20.5,20.6,20.7,20.6,20.5,20.7,20.5,20.6,20.5,20.5,20.6,20.7,20.6,20.7,20.7,20.5,20.7,20.7,20.7,20.5,20.5,20.5,20.6,20.6,20.7,20.5,20.6,20.5,20.6
53,20.8,20.8,20.9,20.9,20.8,20.7,20.7,20.7,20.8,20.8,20.8,21.0,20.9,20.9,20.8,20.7,20.7,20.8,20.7,20.9,20.8,20.8,20.8,20.8,20.7,20.7,20.7,20.7,20.7,20.8,20.9,20.7,20.9,20.9,20.9,21.2,21.2,21.6,22.6,26.8,29.6,30.7,31.0,31.1,31.3,31.3,31.1,31.1,30.9,30.9,31.0,31.0,31.3,31.3,31.2,31.2,30.8,29.8,26.8,23.3,21.9,21.4,21.2,21.4,21.6,22.7,26.6,29.6,30.1,30.6,30.8,30.9,31.2,31.5,31.2,31.6,31.4,31.5,31.5,31.5,31.5,31.2,31.3,31.3,31.1,30.8,30.5,30.1,28.9,28.9,30.1,30.7,30.9,31.1,30.9,30.9,31.0,30.8,30.8,30.8,30.8,30.6,29.8,28.0,25.4,23.1,21.8,21.4,20.9,20.9,20.7,20.8,20.7,20.7,20.7,20.7,20.8,20.8,20.7,20.7,20.6,20.7,20.6,20.6,20.7,20.6,20.7,20.6,20.7,20.6,20.7,20.7,20.7,20.7,20.6,20.6,20.6,20.6,20.5,20.6,20.5,20.6,20.6,20.7,20.6,20.4,20.6,20.5,20.6,20.6,20.6,20.5,20.5,20.5,20.7,20.4,20.7,20.7,20.5,20.6,20.6,20.6,20.5,20.5,20.5,20.6,20.5,20.6,20.5,20.6,20.6,20.6,20.6,20.4,20.4,20.5,20.4,20.5,20.5,20.6,20.5,20.5,20.5,20.5,20.5,20.5,20.5,20.5,20.4,20.5,20.5,20.5,20.5,20.7,20.7,20.6,20.5,20.5,20.5,20.5,20.5,20.5,20.5,20.5,20.4,20.6,20.5,20.5,20.3,20.4,20.4,20.6,20.5,20.4,20.6,20.5,20.5,20.6,20.3,20.5,20.6,20.5,20.4,20.3,20.4,20.7,20.4,20.4,20.5,20.5,20.6,20.6,20.6,20.6,20.7,20.5,20.7,20.5,20.6,20.6,20.7,20.6,20.5,20.7,20.5,20.5,20.5,20.6,20.6,20.5,20.5,20.7,20.6,20.5,20.7,20.5
54,20.8,20.8,20.9,20.8,20.8,20.9,20.8,20.8,20.9,20.9,20.8,21.0,20.9,20.9,20.9,20.7,20.8,20.8,20.8,20.8,20.8,20.8,20.9,20.9,20.9,20.9,20.9,20.8,20.9,20.8,20.8,20.9,20.8,20.9,21.2,21.0,21.0,21.5,22.1,25.5,29.0,30.1,30.8,31.0,31.2,31.4,31.1,31.1,31.1,30.8,31.0,31.2,31.3,31.4,31.3,31.5,31.2,30.6,28.8,25.0,22.1,21.7,21.4,21.2,21.4,22.1,24.5,28.6,30.1,30.7,30.7,31.2,31.2,31.5,31.7,31.7,31.6,31.6,31.5,31.4,31.7,31.5,31.5,31.5,31.2,31.1,30.7,30.7,30.6,30.8,31.2,31.2,31.3,31.1,31.1,31.1,31.1,31.0,30.9,31.0,30.7,30.6,30.5,29.4,27.2,24.4,22.2,21.4,21.2,20.9,20.8,20.7,20.7,20.7,20.7,20.7,20.6,20.7,20.7,20.7,20.7,20.7,20.6,20.6,20.6,20.7,20.6,20.5,20.7,20.6,20.7,20.7,20.6,20.7,20.6,20.7,20.7,20.7,20.6,20.6,20.5,20.6,20.7,20.5,20.6,20.5,20.6,20.6,20.5,20.7,20.5,20.5,20.6,20.6,20.6,20.5,20.7,20.6,20.5,20.6,20.4,20.6,20.7,20.5,20.6,20.5,20.5,20.5,20.6,20.6,20.5,20.6,20.5,20.6,20.6,20.4,20.4,20.5,20.5,20.5,20.5,20.5,20.5,20.5,20.5,20.4,20.4,20.7,20.6,20.4,20.4,20.5,20.6,20.6,20.6,20.7,20.5,20.5,20.6,20.5,20.5,20.4,20.4,20.5,20.5,20.6,20.6,20.5,20.4,20.4,20.4,20.4,20.4,20.4,20.4,20.5,20.4,20.5,20.4,20.4,20.4,20.3,20.5,20.5,20.6,20.5,20.5,20.5,20.6,20.7,20.5,20.5,20.6,20.6,20.6,20.5,20.5,20.5,20.5,20.5,20.6,20.6,20.6,20.6,20.6,20.6,20.7,20.7,20.7,20.6,20.6,20.6,20.5,20.6,20.5,20.5
55,20.8,20.8,20.9,20.9,21.0,20.9,20.8,20.8,20.8,20.9,20.9,20.9,20.8,20.9,20.8,20.9,20.7,20.9,20.8,20.8,20.8,20.8,20.8,20.9,20.8,20.8,20.8,20.8,20.9,20.8,20.9,20.9,20.8,20.9,21.0,21.0,21.2,21.4,22.0,24.5,28.5,30.3,30.8,30.9,31.2,31.1,31.0,30.9,31.0,31.0,31.0,31.0,31.3,31.5,31.5,31.4,31.3,31.0,29.8,27.6,23.3,21.8,21.4,21.4,21.2,21.8,23.3,26.9,30.0,30.7,30.9,31.2,31.3,31.6,31.7,31.7,31.7,31.7,31.5,31.7,31.5,31.5,31.6,31.5,31.4,31.4,31.0,31.1,31.2,31.3,31.4,31.4,31.2,31.3,31.2,31.2,31.1,31.0,31.0,31.0,30.8,30.6,30.5,30.1,28.6,26.3,23.4,21.9,21.2,21.0,20.9,20.8,20.7,20.7,20.6,20.7,20.6,20.7,20.8,20.7,20.8,20.7,20.7,20.7,20.7,20.7,20.7,20.7,20.6,20.7,20.8,20.6,20.5,20.6,20.6,20.6,20.6,20.6,20.7,20.6,20.6,20.7,20.7,20.6,20.7,20.7,20.5,20.6,20.6,20.5,20.6,20.6,20.4,20.4,20.6,20.6,20.7,20.7,20.6,20.7,20.7,20.5,20.7,20.7,20.5,20.6,20.5,20.5,20.7,20.5,20.5,20.6,20.6,20.6,20.6,20.6,20.4,20.6,20.5,20.6,20.4,20.5,20.6,20.5,20.7,20.4,20.6,20.5,20.6,20.4,20.5,20.5,20.5,20.6,20.7,20.5,20.5,20.6,20.6,20.6,20.5,20.5,20.7,20.4,20.5,20.6,20.6,20.6,20.6,20.5,20.4,20.4,20.5,20.5,20.5,20.5,20.5,20.5,20.4,20.6,20.4,20.4,20.5,20.5,20.5,20.6,20.7,20.6,20.6,20.6,20.6,20.6,20.6,20.5,20.6,20.5,20.5,20.6,20.6,20.7,20.6,20.7,20.6,20.5,20.7,20.7,20.7,20.7,20.6,20.7,20.7,20.6,20.6,20.6,20.6,20.5
56,20.9,20.9,20.8,20.8,20.8,20.9,20.8,21.0,20.9,20.8,21.0,21.0,20.9,20.8,20.9,20.8,20.7,20.7,20.8,20.7,20.8,20.8,20.8,20.9,20.8,20.9,20.8,20.9,20.8,20.9,20.8,20.9,20.8,21.0,20.9,20.9,21.0,21.4,21.8,23.3,27.6,29.5,30.5,30.8,30.8,30.9,30.8,30.8,30.9,31.0,31.0,31.2,31.3,31.4,31.5,31.5,31.3,31.2,30.6,28.9,25.1,22.2,21.5,21.4,21.2,21.4,22.4,24.9,29.3,30.7,31.0,31.1,31.3,31.3,31.7,31.6,31.9,31.7,31.7,31.7,31.7,31.6,31.7,31.7,31.5,31.5,31.2,31.2,31.2,31.4,31.5,31.5,31.4,31.3,31.2,31.4,31.2,31.2,31.0,30.9,30.7,30.6,30.5,30.3,29.6,27.9,24.9,22.4,21.2,21.2,20.8,20.8,20.7,20.8,20.7,20.7,20.7,20.7,20.7,20.7,20.7,20.7,20.6,20.7,20.7,20.7,20.7,20.7,20.7,20.5,20.7,20.7,20.5,20.5,20.6,20.6,20.5,20.7,20.5,20.5,20.5,20.6,20.5,20.5,20.6,20.7,20.5,20.7,20.7,20.7,20.5,20.5,20.5,20.7,20.6,20.6,20.5,20.5,20.5,20.6,20.5,20.6,20.6,20.7,20.4,20.5,20.5,20.5,20.4,20.5,20.6,20.5,20.4,20.5,20.4,20.5,20.5,20.7,20.5,20.4,20.5,20.5,20.5,20.4,20.4,20.6,20.7,20.6,20.6,20.4,20.5,20.5,20.5,20.7,20.5,20.6,20.5,20.6,20.7,20.6,20.6,20.5,20.4,20.4,20.5,20.5,20.5,20.5,20.4,20.4,20.3,20.5,20.4,20.5,20.6,20.6,20.5,20.4,20.4,20.5,20.4,20.5,20.6,20.5,20.6,20.6,20.4,20.7,20.4,20.5,20.5,20.5,20.5,20.4,20.5,20.4,20.5,20.5,20.6,20.5,20.6,20.5,20.6,20.7,20.7,20.6,20.7,20.6,20.7,20.7,20.7,20.7,20.5,20.5,20.6,20.6
57,21.2,20.7,20.7,20.8,20.9,20.8,20.8,20.9,20.8,20.8,20.8,20.7,20.8,21.0,20.9,20.9,20.8,21.0,20.8,20.8,20.7,20.8,20.8,20.8,20.9,20.8,20.7,20.8,20.8,20.9,20.7,20.8,20.9,20.9,20.9,21.0,21.2,21.2,21.5,22.7,26.8,29.5,30.3,30.7,30.9,31.1,31.0,31.0,31.0,31.1,31.1,31.0,31.3,31.5,31.4,31.7,31.4,31.2,30.8,30.0,27.1,23.1,21.7,21.5,21.2,21.4,21.9,23.4,27.9,30.5,31.0,31.4,31.5,31.7,31.7,31.7,31.7,31.7,31.7,31.9,31.9,31.7,31.7,31.9,31.7,31.5,31.4,31.2,31.5,31.5,31.5,31.4,31.5,31.4,31.5,31.5,31.4,31.1,31.1,31.0,30.8,30.7,30.5,30.3,29.8,29.1,26.4,23.5,21.9,21.4,21.0,20.9,20.8,20.7,20.7,20.7,20.7,20.7,20.7,20.8,20.7,20.7,20.7,20.6,20.7,20.7,20.7,20.6,20.7,20.6,20.7,20.7,20.7,20.6,20.5,20.7,20.6,20.5,20.5,20.5,20.4,20.6,20.5,20.5,20.6,20.6,20.5,20.5,20.5,20.6,20.6,20.7,20.6,20.4,20.6,20.5,20.5,20.5,20.5,20.5,20.7,20.5,20.5,20.4,20.5,20.5,20.5,20.5,20.4,20.4,20.5,20.6,20.6,20.5,20.4,20.5,20.5,20.6,20.5,20.4,20.4,20.4,20.5,20.5,20.5,20.5,20.6,20.4,20.5,20.4,20.4,20.5,20.6,20.6,20.5,20.6,20.6,20.6,20.7,20.4,20.6,20.5,20.6,20.4,20.5,20.5,20.5,20.4,20.5,20.3,20.3,20.3,20.4,20.5,20.5,20.5,20.4,20.4,20.5,20.4,20.4,20.4,20.5,20.5,20.5,20.7,20.6,20.5,20.5,20.5,20.7,20.4,20.4,20.5,20.4,20.5,20.5,20.6,20.5,20.5,20.5,20.6,20.5,20.5,20.5,20.5,20.5,20.6,20.5,20.5,20.5,20.5,20.6,20.6,20.6,20.6
58,20.7,20.8,20.8,20.8,20.7,20.9,21.0,20.8,20.8,20.8,20.8,20.9,20.9,20.8,20.9,20.8,20.8,20.8,20.8,20.7,20.7,20.8,20.8,20.9,20.7,20.9,20.9,20.9,20.7,20.8,20.8,20.9,20.8,20.9,20.8,20.8,20.9,21.2,21.4,22.2,25.6,29.2,30.4,30.6,30.9,31.0,31.0,31.0,31.1,31.1,31.2,31.2,31.2,31.5,31.5,31.5,31.5,31.3,31.1,30.4,28.6,24.5,22.1,21.7,21.4,21.4,21.7,22.4,25.9,30.0,31.3,31.5,31.4,31.6,31.7,31.7,32.0,32.0,31.9,31.9,31.9,31.9,31.9,31.9,31.7,31.6,31.6,31.5,31.7,31.5,31.5,31.6,31.4,31.4,31.3,31.5,31.5,31.5,31.3,31.0,30.8,30.6,30.6,30.1,29.8,29.6,28.1,24.7,22.4,21.5,21.2,21.0,20.7,20.9,20.8,20.7,20.7,20.7,20.7,20.7,20.8,20.6,20.7,20.7,20.7,20.7,20.7,20.7,20.7,20.7,20.7,20.7,20.8,20.5,20.7,20.7,20.7,20.7,20.5,20.6,20.5,20.6,20.5,20.5,20.6,20.5,20.6,20.6,20.6,20.7,20.6,20.5,20.4,20.5,20.6,20.5,20.4,20.4,20.5,20.5,20.5,20.5,20.4,20.6,20.5,20.4,20.5,20.5,20.5,20.5,20.5,20.5,20.5,20.3,20.5,20.5,20.6,20.5,20.6,20.5,20.5,20.6,20.4,20.6,20.6,20.7,20.5,20.6,20.5,20.5,20.5,20.5,20.5,20.5,20.6,20.6,20.6,20.5,20.5,20.6,20.7,20.5,20.6,20.4,20.4,20.5,20.4,20.4,20.4,20.2,20.4,20.2,20.5,20.5,20.4,20.4,20.5,20.5,20.5,20.5,20.5,20.5,20.5,20.5,20.7,20.6,20.7,20.4,20.5,20.4,20.6,20.4,20.4,20.7,20.6,20.6,20.5,20.6,20.6,20.6,20.6,20.4,20.5,20.5,20.5,20.5,20.6,20.6,20.6,20.7,20.6,20.7,20.5,20.5,20.7,20.7
59,20.7,20.8,20.8,20.8,20.8,20.8,20.8,20.9,20.9,20.8,20.9,20.9,20.9,20.9,20.8,20.8,20.8,20.9,20.8,20.8,20.7,20.8,20.8,20.7,20.8,20.8,20.9,20.8,20.8,20.9,20.8,20.8,20.9,20.9,20.9,20.9,20.9,21.0,21.4,21.8,24.3,28.6,30.0,30.6,31.0,31.0,31.2,31.1,31.2,31.2,31.1,31.3,31.2,31.5,31.4,31.6,31.5,31.3,31.0,30.7,29.4,26.0,22.4,21.8,21.4,21.4,21.5,22.0,24.0,28.7,30.7,31.4,31.5,31.7,31.7,32.0,31.9,32.0,31.9,32.2,32.0,31.9,32.0,31.9,31.7,31.7,31.7,31.5,31.5,31.6,31.5,31.5,31.5,31.4,31.5,31.4,31.6,31.4,31.3,31.1,31.0,30.8,30.5,30.3,29.8,29.6,28.6,26.0,23.1,21.7,21.2,21.0,20.9,20.7,20.7,20.7,20.8,20.8,20.7,20.8,20.7,20.7,20.7,20.7,20.7,20.7,20.7,20.6,20.6,20.7,20.7,20.6,20.7,20.6,20.5,20.6,20.6,20.6,20.6,20.5,20.5,20.5,20.5,20.5,20.6,20.6,20.5,20.5,20.5,20.6,20.5,20.5,20.5,20.5,20.4,20.5,20.5,20.5,20.5,20.4,20.5,20.6,20.5,20.5,20.4,20.5,20.5,20.6,20.4,20.5,20.4,20.5,20.5,20.4,20.5,20.4,20.5,20.4,20.4,20.4,20.4,20.5,20.5,20.4,20.6,20.4,20.6,20.6,20.5,20.5,20.5,20.4,20.5,20.6,20.5,20.5,20.6,20.5,20.4,20.5,20.4,20.6,20.4,20.4,20.4,20.5,20.3,20.4,20.4,20.3,20.4,20.3,20.4,20.4,20.6,20.4,20.5,20.4,20.4,20.4,20.4,20.5,20.5,20.6,20.4,20.5,20.5,20.6,20.4,20.5,20.7,20.5,20.5,20.7,20.5,20.4,20.6,20.4,20.5,20.4,20.5,20.3,20.6,20.5,20.5,20.5,20.7,20.7,20.5,20.7,20.6,20.6,20.6,20.5,20.6,20.4
60,21.2,20.9,20.8,20.7,20.9,20.9,20.9,20.9,20.9,21.0,20.9,20.8,20.9,20.7,20.7,20.9,20.8,20.7,20.8,20.8,20.8,20.8,20.8,20.6,20.7,20.7,20.7,20.7,20.7,20.8,20.9,20.7,20.9,20.8,20.9,20.9,20.9,21.0,21.2,21.5,23.1,27.4,29.8,30.6,30.9,30.9,31.1,31.2,31.2,31.1,31.2,31.2,31.2,31.2,31.4,31.5,31.6,31.4,31.2,30.8,30.0,27.6,23.3,21.8,21.6,21.4,21.4,21.7,22.8,26.6,30.1,31.4,31.6,31.7,31.7,32.0,32.0,32.0,32.0,32.2,32.2,32.0,31.7,31.9,31.7,31.9,31.7,31.7,31.7,31.6,31.5,31.5,31.5,31.5,31.5,31.5,31.5,31.5,31.3,31.2,31.0,30.7,30.6,30.3,30.0,29.7,29.2,27.2,24.0,22.1,21.4,21.0,20.9,20.8,20.7,20.8,20.7,20.8,20.7,20.8,20.7,20.7,20.7,20.5,20.6,20.7,20.7,20.7,20.7,20.5,20.7,20.7,20.5,20.6,20.5,20.5,20.6,20.7,20.6,20.5,20.6,20.4,20.5,20.5,20.5,20.6,20.6,20.4,20.5,20.6,20.5,20.6,20.5,20.5,20.4,20.5,20.5,20.5,20.5,20.6,20.6,20.4,20.4,20.5,20.4,20.5,20.5,20.5,20.5,20.4,20.5,20.4,20.4,20.5,20.5,20.4,20.5,20.4,20.5,20.5,20.4,20.5,20.5,20.4,20.6,20.5,20.5,20.5,20.6,20.4,20.5,20.5,20.5,20.4,20.5,20.5,20.5,20.4,20.5,20.7,20.4,20.5,20.4,20.4,20.2,20.4,20.4,20.4,20.4,20.4,20.3,20.4,20.4,20.4,20.4,20.4,20.4,20.4,20.4,20.4,20.5,20.5,20.6,20.4,20.5,20.4,20.5,20.4,20.3,20.5,20.4,20.5,20.6,20.5,20.6,20.6,20.5,20.6,20.5,20.5,20.5,20.5,20.5,20.5,20.6,20.5,20.6,20.5,20.5,20.5,20.5,20.5,20.6,20.5,20.5,20.6
61,20.9,20.7,20.8,20.8,20.9,20.9,20.8,20.9,20.8,21.0,20.9,21.0,20.9,20.9,20.8,20.8,20.9,20.8,20.8,20.8,20.7,20.7,20.7,20.9,20.7,20.8,20.9,20.7,20.7,20.9,20.9,20.8,20.8,20.7,20.8,20.9,20.9,21.0,20.9,21.2,22.2,25.8,29.3,30.5,30.9,31.2,31.1,31.2,31.2,31.2,31.1,31.2,31.2,31.5,31.4,31.5,31.4,31.4,31.2,31.1,30.6,29.1,24.8,22.1,21.6,21.2,21.4,21.4,22.0,24.5,28.7,30.9,31.3,31.6,31.7,32.2,32.0,32.2,32.0,32.2,32.2,31.9,32.0,31.9,31.9,31.9,31.9,31.7,31.7,31.6,31.6,31.5,31.5,31.3,31.5,31.5,31.4,31.4,31.5,31.3,30.8,31.1,30.7,30.5,30.3,30.0,29.4,27.9,25.0,23.0,21.7,21.2,20.9,20.8,20.7,20.7,20.7,20.9,20.7,20.8,20.8,20.7,20.7,20.7,20.7,20.6,20.6,20.7,20.7,20.7,20.6,20.7,20.6,20.6,20.7,20.7,20.6,20.6,20.5,20.5,20.6,20.5,20.5,20.5,20.6,20.6,20.5,20.5,20.5,20.4,20.6,20.5,20.6,20.5,20.5,20.5,20.5,20.5,20.6,20.5,20.5,20.5,20.4,20.5,20.5,20.4,20.5,20.5,20.5,20.4,20.5,20.6,20.5,20.4,20.5,20.5,20.6,20.5,20.4,20.5,20.6,20.4,20.5,20.5,20.6,20.5,20.5,20.5,20.4,20.5,20.5,20.5,20.4,20.5,20.4,20.6,20.4,20.4,20.4,20.5,20.4,20.6,20.4,20.5,20.4,20.4,20.4,20.4,20.4,20.5,20.4,20.5,20.5,20.5,20.4,20.5,20.4,20.6,20.5,20.5,20.5,20.7,20.4,20.5,20.5,20.5,20.5,20.3,20.5,20.4,20.6,20.4,20.3,20.5,20.6,20.4,20.6,20.4,20.4,20.4,20.6,20.5,20.7,20.7,20.7,20.6,20.6,20.7,20.6,20.5,20.7,20.5,20.5,20.6,20.6,20.2
62,20.9,20.9,20.8,20.8,20.9,20.8,20.8,20.8,20.9,20.8,20.8,20.9,20.8,20.8,20.9,21.0,20.8,20.8,20.7,20.8,20.7,20.8,20.8,20.8,20.7,20.8,20.7,20.7,20.8,20.9,20.7,20.7,20.7,20.8,20.7,20.9,21.0,21.0,21.0,21.2,21.5,24.0,28.2,29.8,30.7,30.9,31.2,31.0,31.3,31.1,31.2,31.2,31.2,31.2,31.4,31.5,31.5,31.4,31.2,31.2,31.1,30.0,26.5,22.7,21.8,21.4,21.4,21.4,21.7,23.1,26.4,30.0,31.2,31.5,31.5,31.9,31.7,32.0,32.2,32.2,32.0,31.9,32.0,32.0,31.7,32.0,32.0,31.9,31.7,31.6,31.5,31.5,31.3,31.5,31.4,31.5,31.6,31.5,31.4,31.4,31.1,31.0,31.0,30.6,30.1,30.0,29.8,28.9,26.5,23.9,22.0,21.4,21.2,21.0,20.7,20.8,20.8,20.9,20.8,20.8,20.7,20.8,20.6,20.7,20.7,20.8,20.7,20.7,20.7,20.7,20.6,20.7,20.7,20.7,20.5,20.7,20.5,20.7,20.6,20.6,20.5,20.5,20.6,20.5,20.6,20.7,20.6,20.4,20.4,20.4,20.5,20.5,20.5,20.5,20.5,20.6,20.6,20.4,20.5,20.5,20.5,20.5,20.4,20.5,20.4,20.5,20.5,20.4,20.4,20.5,20.5,20.5,20.3,20.4,20.5,20.5,20.5,20.5,20.5,20.4,20.4,20.5,20.5,20.4,20.5,20.6,20.4,20.5,20.5,20.4,20.6,20.5,20.5,20.4,20.5,20.4,20.4,20.5,20.5,20.5,20.5,20.5,20.4,20.4,20.3,20.4,20.5,20.5,20.4,20.4,20.5,20.4,20.4,20.5,20.4,20.3,20.4,20.4,20.5,20.5,20.4,20.5,20.4,20.3,20.4,20.4,20.4,20.4,20.5,20.6,20.7,20.5,20.5,20.4,20.4,20.6,20.4,20.5,20.5,20.5,20.6,20.6,20.5,20.6,20.5,20.7,20.7,20.6,20.5,20.4,20.4,20.6,20.6,20.5,20.6,20.9
63,21.0,20.9,20.8,20.8,20.9,20.9,20.9,20.8,20.8,20.7,20.8,20.7,20.9,20.8,20.9,20.9,20.9,20.8,20.7,20.8,20.8,20.7,20.8,20.8,20.8,20.7,20.7,20.8,20.9,20.9,20.9,20.9,20.8,20.8,20.8,20.8,20.8,21.0,20.9,21.2,21.2,22.4,25.9,29.4,30.6,31.0,31.2,31.1,31.2,31.2,30.9,31.1,31.2,31.2,31.2,31.4,31.4,31.4,31.4,31.3,31.1,30.4,28.1,23.6,21.8,21.5,21.4,21.2,21.4,22.2,24.3,28.4,30.5,31.5,31.5,31.7,31.7,31.9,32.0,31.7,31.9,31.9,31.9,32.0,31.7,32.0,31.9,32.0,31.9,31.7,31.6,31.5,31.3,31.2,31.4,31.5,31.5,31.3,31.4,31.2,31.3,31.0,31.0,30.8,30.6,30.5,30.0,29.5,28.1,25.6,23.0,21.8,21.2,20.8,20.7,20.7,20.8,20.8,20.8,20.7,20.7,20.8,20.7,20.7,20.7,20.9,20.7,20.7,20.7,20.6,20.6,20.7,20.6,20.7,20.7,20.6,20.7,20.5,20.6,20.6,20.7,20.6,20.5,20.6,20.6,20.6,20.5,20.5,20.5,20.5,20.5,20.5,20.4,20.5,20.6,20.5,20.5,20.5,20.5,20.5,20.5,20.5,20.6,20.5,20.5,20.5,20.4,20.3,20.5,20.5,20.5,20.4,20.4,20.5,20.6,20.4,20.5,20.5,20.4,20.4,20.4,20.5,20.4,20.4,20.5,20.4,20.5,20.6,20.3,20.5,20.5,20.5,20.6,20.4,20.5,20.4,20.5,20.4,20.4,20.4,20.4,20.5,20.4,20.4,20.4,20.4,20.5,20.4,20.3,20.3,20.4,20.4,20.4,20.4,20.3,20.4,20.4,20.4,20.5,20.5,20.5,20.4,20.5,20.5,20.4,20.5,20.5,20.5,20.5,20.5,20.7,20.4,20.5,20.4,20.6,20.5,20.4,20.6,20.5,20.5,20.5,20.5,20.5,20.5,20.5,20.6,20.7,20.5,20.4,20.5,20.6,20.7,20.7,20.6,20.5,20.2
64,20.9,20.9,20.9,20.9,20.8,20.8,20.8,20.8,20.8,20.8,20.8,20.7,20.9,20.9,20.9,20.8,20.8,20.8,20.7,20.8,20.8,20.6,20.8,20.7,20.9,20.7,20.7,20.7,20.9,20.8,20.7,20.8,20.8,20.8,20.8,21.0,20.9,20.9,21.0,20.8,21.2,21.8,24.4,28.6,30.4,30.9,31.1,31.2,31.2,31.2,31.2,31.3,31.2,31.4,31.3,31.2,31.2,31.2,31.4,31.6,31.2,30.8,29.2,24.9,22.1,21.7,21.2,21.2,21.4,22.0,22.9,25.8,29.4,30.7,31.7,31.7,31.9,31.9,31.7,31.9,32.0,31.9,32.0,32.0,31.9,32.2,32.0,32.2,31.9,31.7,31.5,31.5,31.4,31.3,31.2,31.2,31.4,31.4,31.3,31.3,31.2,31.1,31.1,30.8,30.7,30.7,30.5,30.0,29.4,27.7,24.7,22.4,21.7,21.2,20.9,20.9,20.8,20.9,20.8,20.8,20.7,20.7,20.6,20.6,20.7,20.8,20.7,20.7,20.7,20.6,20.7,20.6,20.6,20.7,20.7,20.6,20.7,20.7,20.6,20.7,20.7,20.5,20.5,20.6,20.5,20.5,20.5,20.5,20.5,20.5,20.5,20.5,20.6,20.5,20.5,20.5,20.5,20.5,20.5,20.5,20.5,20.5,20.4,20.5,20.4,20.5,20.5,20.4,20.5,20.3,20.4,20.5,20.4,20.5,20.6,20.6,20.5,20.4,20.6,20.4,20.5,20.4,20.4,20.5,20.5,20.5,20.6,20.4,20.4,20.5,20.4,20.5,20.5,20.5,20.5,20.4,20.4,20.5,20.4,20.4,20.4,20.4,20.4,20.4,20.4,20.3,20.3,20.4,20.4,20.4,20.3,20.3,20.4,20.4,20.4,20.4,20.4,20.4,20.4,20.5,20.5,20.4,20.5,20.4,20.4,20.5,20.5,20.5,20.5,20.6,20.5,20.4,20.3,20.4,20.4,20.5,20.6,20.5,20.6,20.6,20.5,20.5,20.7,20.5,20.5,20.7,20.6,20.5,20.4,20.4,20.5,20.5,20.5,20.7,20.4,20.6
65,20.8,20.8,20.9,20.8,20.9,20.8,20.9,21.0,20.9,20.8,20.8,20.7,20.9,20.8,20.7,20.9,20.7,20.7,20.7,20.7,20.7,20.7,20.8,20.8,20.7,20.7,20.8,20.9,20.7,20.8,20.8,20.8,20.8,20.8,20.8,20.8,20.9,21.0,20.8,21.0,20.9,21.7,22.9,26.6,29.7,30.6,31.1,31.2,31.2,31.4,31.1,31.2,30.9,31.1,31.3,31.3,31.2,31.2,31.4,31.5,31.5,31.0,30.0,26.5,22.7,21.7,21.5,21.2,21.2,21.5,22.0,24.1,28.4,30.6,31.3,31.6,31.7,31.9,31.9,31.7,31.9,31.7,32.0,32.2,32.2,32.3,32.3,32.5,31.9,31.7,31.3,31.5,31.3,31.3,31.2,31.2,31.1,31.2,31.3,31.2,31.4,31.1,31.1,31.1,31.0,30.8,30.6,30.5,30.0,29.1,27.0,23.9,22.2,21.5,21.0,20.9,20.8,20.9,20.8,20.7,20.7,20.7,20.7,20.7,20.8,20.7,20.6,20.7,20.7,20.6,20.6,20.6,20.6,20.7,20.5,20.6,20.6,20.6,20.5,20.5,20.5,20.6,20.5,20.5,20.5,20.5,20.6,20.5,20.4,20.5,20.5,20.5,20.5,20.5,20.5,20.5,20.4,20.5,20.6,20.7,20.5,20.5,20.5,20.5,20.5,20.6,20.3,20.4,20.5,20.5,20.4,20.6,20.4,20.3,20.5,20.4,20.4,20.4,20.5,20.5,20.7,20.7,20.5,20.5,20.4,20.4,20.4,20.5,20.4,20.5,20.5,20.5,20.4,20.4,20.4,20.5,20.4,20.4,20.3,20.5,20.4,20.4,20.4,20.3,20.4,20.4,20.4,20.3,20.4,20.4,20.3,20.4,20.4,20.4,20.2,20.3,20.3,20.3,20.3,20.5,20.4,20.4,20.4,20.4,20.3,20.4,20.5,20.4,20.6,20.5,20.4,20.4,20.5,20.4,20.4,20.4,20.5,20.5,20.8,20.4,20.5,20.7,20.6,20.5,20.5,20.5,20.7,20.7,20.6,20.5,20.4,20.6,20.4,20.5,20.5,20.7
66,20.6,20.9,20.8,20.8,20.8,20.9,20.9,20.8,20.8,20.8,20.7,20.8,20.8,20.7,20.8,20.8,20.8,20.7,20.9,20.7,20.8,20.8,20.8,20.8,20.8,20.8,20.7,20.7,20.8,20.7,20.8,20.7,20.8,20.9,20.8,20.8,21.0,21.0,20.8,20.9,20.9,21.2,22.1,24.7,28.7,30.4,30.6,31.1,31.2,31.3,31.2,31.1,31.2,31.2,31.2,31.2,31.2,31.2,31.4,31.5,31.4,31.3,30.5,28.2,24.0,22.0,21.5,21.4,21.2,21.2,21.7,23.2,27.2,30.3,31.1,31.6,31.7,31.7,31.9,31.9,32.0,32.0,32.0,32.2,32.3,32.8,32.6,32.5,32.0,31.9,31.5,31.3,31.3,31.2,31.1,31.2,31.2,31.3,31.3,31.3,31.2,31.2,31.2,31.1,31.2,31.0,30.8,30.7,30.5,29.7,28.4,25.7,23.1,21.8,21.2,21.0,20.9,20.9,20.8,20.7,20.7,20.6,20.7,20.7,20.7,20.8,20.7,20.6,20.6,20.6,20.5,20.5,20.5,20.7,20.6,20.6,20.7,20.5,20.6,20.5,20.5,20.6,20.5,20.5,20.4,20.5,20.6,20.4,20.4,20.5,20.6,20.6,20.6,20.6,20.5,20.6,20.6,20.5,20.6,20.5,20.4,20.5,20.5,20.5,20.5,20.5,20.5,20.4,20.5,20.4,20.4,20.6,20.5,20.4,20.5,20.4,20.4,20.4,20.4,20.4,20.5,20.5,20.4,20.5,20.3,20.4,20.4,20.5,20.4,20.5,20.5,20.4,20.5,20.5,20.5,20.5,20.4,20.4,20.3,20.4,20.4,20.5,20.5,20.2,20.4,20.3,20.2,20.2,20.4,20.4,20.4,20.3,20.3,20.2,20.2,20.2,20.4,20.3,20.3,20.4,20.4,20.5,20.5,20.4,20.4,20.5,20.4,20.4,20.5,20.5,20.5,20.3,20.5,20.4,20.5,20.4,20.5,20.6,20.5,20.6,20.5,20.7,20.6,20.6,20.5,20.5,20.5,20.5,20.5,20.4,20.4,20.6,20.6,20.6,20.6,20.2
67,20.9,20.8,20.8,20.9,20.9,20.8,20.8,20.8,20.9,20.8,20.9,20.7,20.7,20.8,20.8,20.8,20.7,20.7,20.8,20.9,20.9,20.8,20.8,20.8,20.7,20.7,20.7,20.8,20.7,20.8,20.8,20.9,20.7,20.9,20.9,20.9,20.7,20.9,20.8,20.8,21.0,21.2,21.6,23.1,27.2,29.7,30.6,31.2,31.3,31.5,31.2,31.2,31.2,31.1,31.2,31.1,31.2,31.4,31.6,31.7,31.6,31.2,30.6,29.4,25.5,22.6,21.6,21.2,21.0,21.5,21.6,22.4,25.7,29.8,31.2,31.5,31.6,31.9,32.2,32.0,32.2,32.0,32.2,32.5,32.5,32.8,32.5,32.3,32.2,31.7,31.5,31.4,31.1,31.2,31.0,31.2,31.2,31.2,31.3,31.4,31.3,31.3,31.4,31.4,31.2,31.1,31.1,30.9,30.8,30.1,29.3,27.4,24.6,22.4,21.2,21.0,21.2,20.9,20.9,20.7,20.8,20.7,20.6,20.7,20.7,20.7,20.7,20.7,20.7,20.6,20.7,20.6,20.5,20.7,20.7,20.7,20.5,20.6,20.6,20.6,20.5,20.7,20.6,20.5,20.6,20.5,20.5,20.5,20.5,20.6,20.6,20.5,20.6,20.5,20.6,20.5,20.6,20.6,20.6,20.5,20.5,20.5,20.5,20.6,20.6,20.5,20.5,20.4,20.6,20.5,20.5,20.6,20.5,20.5,20.6,20.4,20.4,20.4,20.5,20.5,20.5,20.3,20.4,20.4,20.3,20.5,20.5,20.5,20.4,20.5,20.6,20.4,20.4,20.4,20.5,20.5,20.5,20.5,20.5,20.4,20.5,20.4,20.4,20.3,20.5,20.4,20.4,20.4,20.4,20.4,20.4,20.4,20.5,20.3,20.4,20.5,20.2,20.4,20.4,20.4,20.5,20.6,20.4,20.4,20.4,20.5,20.5,20.4,20.5,20.4,20.5,20.5,20.3,20.6,20.5,20.4,20.5,20.4,20.5,20.4,20.5,20.7,20.5,20.4,20.5,20.5,20.5,20.5,20.4,20.4,20.5,20.6,20.7,20.5,20.5,20.5
68,20.7,20.9,20.7,20.8,20.8,20.8,20.7,20.7,20.9,20.8,20.8,20.7,20.7,20.8,20.7,20.7,20.7,20.8,20.8,20.7,20.8,20.8,20.7,20.7,20.8,20.7,20.8,20.7,20.8,20.8,20.9,20.7,20.8,20.8,20.7,20.8,20.8,20.8,20.8,20.8,20.7,21.0,21.4,22.2,25.1,28.9,30.3,30.7,31.2,31.5,31.3,31.3,31.2,31.3,31.2,31.3,31.5,31.6,31.7,31.9,31.7,31.4,30.8,29.8,26.9,22.8,21.9,21.4,21.2,21.2,21.4,22.0,24.3,28.6,30.7,31.4,31.7,31.7,32.0,32.0,32.0,32.2,32.2,32.6,32.5,32.5,32.2,32.2,32.0,31.7,31.5,31.5,31.2,31.2,31.1,31.2,31.4,31.3,31.4,31.4,31.4,31.5,31.2,31.4,31.2,31.0,31.1,31.0,30.9,30.5,29.7,28.6,26.3,23.3,21.8,21.2,20.9,20.9,20.8,20.9,20.7,20.7,20.8,20.6,20.6,20.6,20.7,20.7,20.6,20.7,20.6,20.6,20.5,20.6,20.6,20.6,20.5,20.5,20.5,20.6,20.6,20.5,20.5,20.6,20.5,20.5,20.6,20.5,20.5,20.4,20.5,20.6,20.5,20.6,20.5,20.6,20.7,20.5,20.5,20.6,20.6,20.5,20.6,20.5,20.4,20.5,20.5,20.4,20.5,20.5,20.4,20.5,20.5,20.5,20.5,20.4,20.5,20.5,20.4,20.5,20.6,20.5,20.4,20.5,20.4,20.4,20.4,20.5,20.5,20.6,20.5,20.5,20.5,20.4,20.5,20.4,20.4,20.4,20.4,20.5,20.3,20.4,20.4,20.4,20.3,20.4,20.4,20.4,20.4,20.4,20.4,20.4,20.5,20.3,20.4,20.4,20.4,20.4,20.4,20.4,20.4,20.4,20.4,20.5,20.5,20.5,20.4,20.4,20.4,20.4,20.6,20.4,20.5,20.3,20.3,20.4,20.5,20.5,20.4,20.4,20.6,20.5,20.6,20.4,20.5,20.6,20.6,20.5,20.4,20.5,20.5,20.5,20.5,20.5,20.5,20.6
69,20.8,20.8,20.8,20.7,20.7,20.7,20.7,20.8,20.9,20.8,20.8,20.7,20.7,20.7,20.7,20.8,20.8,20.8,20.9,20.8,20.7,20.8,20.8,20.8,20.8,20.8,20.8,20.8,20.9,20.8,20.8,20.8,20.8,20.7,20.7,20.8,20.7,20.7,20.8,20.7,20.8,21.0,21.2,21.7,23.4,27.8,30.3,30.9,31.2,31.6,31.5,31.6,31.5,31.3,31.4,31.3,31.5,31.5,31.7,31.7,31.5,31.3,31.0,30.6,28.5,24.3,21.9,21.5,21.2,21.2,21.4,22.0,23.1,27.7,30.3,31.1,31.3,31.6,31.6,31.7,31.9,32.0,31.9,32.2,32.0,32.2,32.2,32.2,32.0,31.9,31.7,31.6,31.4,31.2,31.3,31.3,31.2,31.3,31.5,31.4,31.4,31.5,31.5,31.4,31.2,31.2,31.1,31.0,30.7,30.6,30.0,29.3,27.4,24.7,22.1,21.5,21.0,21.0,20.8,20.7,20.8,20.7,20.7,20.7,20.7,20.7,20.7,20.7,20.7,20.5,20.6,20.7,20.6,20.6,20.7,20.6,20.7,20.6,20.6,20.5,20.6,20.7,20.7,20.5,20.5,20.6,20.5,20.5,20.5,20.5,20.5,20.5,20.5,20.5,20.5,20.5,20.5,20.5,20.5,20.4,20.5,20.5,20.6,20.5,20.5,20.4,20.5,20.5,20.5,20.5,20.5,20.5,20.6,20.5,20.5,20.4,20.5,20.4,20.5,20.4,20.4,20.4,20.4,20.5,20.5,20.5,20.5,20.6,20.4,20.5,20.4,20.6,20.5,20.5,20.3,20.3,20.4,20.5,20.4,20.6,20.4,20.5,20.4,20.5,20.5,20.3,20.3,20.3,20.4,20.3,20.4,20.3,20.4,20.3,20.4,20.5,20.4,20.3,20.3,20.5,20.6,20.4,20.5,20.5,20.4,20.4,20.4,20.5,20.4,20.4,20.5,20.5,20.4,20.3,20.4,20.4,20.4,20.5,20.5,20.4,20.5,20.5,20.7,20.4,20.5,20.5,20.5,20.4,20.4,20.5,20.5,20.5,20.6,20.5,20.5,20.5
70,20.8,20.8,20.8,20.8,20.7,20.7,20.7,21.0,20.8,20.8,20.8,20.7,20.8,20.7,20.7,20.7,20.8,20.8,20.8,20.8,20.8,20.7,20.8,20.7,20.7,20.7,20.7,20.8,21.0,20.8,20.8,20.8,20.7,20.7,20.7,20.8,20.7,20.8,20.8,20.7,20.7,20.8,20.9,21.4,22.6,26.9,29.8,30.9,31.1,31.4,31.5,31.7,31.5,31.5,31.5,31.2,31.5,31.3,31.5,31.5,31.5,31.4,31.1,30.7,29.2,25.6,22.7,21.2,21.2,21.4,21.4,21.5,22.4,26.0,29.5,30.8,31.2,31.3,31.4,31.6,31.7,31.9,31.9,32.0,31.9,32.2,32.0,32.0,32.0,32.0,31.7,31.9,31.6,31.4,31.4,31.3,31.4,31.5,31.6,31.7,31.5,31.5,31.5,31.5,31.2,31.2,31.2,30.9,30.8,30.6,30.5,29.8,28.5,26.0,23.1,21.7,21.2,20.8,20.9,20.7,20.7,20.7,20.5,20.7,20.5,20.7,20.6,20.7,20.6,20.5,20.6,20.8,20.6,20.7,20.6,20.7,20.5,20.5,20.5,20.5,20.5,20.7,20.5,20.6,20.5,20.5,20.5,20.5,20.5,20.4,20.5,20.3,20.4,20.4,20.6,20.5,20.5,20.5,20.5,20.4,20.6,20.5,20.5,20.4,20.4,20.4,20.5,20.5,20.3,20.4,20.5,20.5,20.4,20.5,20.4,20.4,20.5,20.5,20.5,20.4,20.3,20.4,20.3,20.4,20.4,20.4,20.5,20.4,20.3,20.4,20.4,20.5,20.4,20.3,20.3,20.4,20.4,20.3,20.3,20.4,20.5,20.4,20.4,20.4,20.4,20.4,20.3,20.3,20.4,20.4,20.3,20.4,20.3,20.4,20.4,20.4,20.5,20.4,20.4,20.4,20.5,20.4,20.2,20.2,20.5,20.5,20.4,20.4,20.2,20.4,20.5,20.5,20.4,20.3,20.5,20.2,20.5,20.5,20.4,20.5,20.4,20.6,20.5,20.5,20.5,20.5,20.4,20.4,20.2,20.4,20.5,20.4,20.5,20.4,20.5,20.8
71,20.7,20.8,20.7,20.8,20.7,20.8,20.8,20.9,20.9,20.7,20.7,20.8,20.9,20.8,20.8,20.8,21.0,20.9,21.0,20.9,20.9,20.9,20.9,20.8,20.8,20.8,20.8,20.9,20.7,20.8,20.8,20.7,20.8,20.8,20.7,20.7,20.7,20.8,20.7,20.8,20.7,20.8,21.2,21.5,22.1,25.6,29.4,30.8,31.0,31.6,31.2,31.3,31.3,31.5,31.4,31.2,31.2,31.2,31.3,31.4,31.4,31.2,31.2,30.8,30.0,27.2,23.1,21.7,21.2,21.4,21.5,21.6,22.1,24.7,28.9,30.4,30.9,30.9,31.2,31.4,31.5,31.7,31.7,31.7,31.9,32.0,31.9,32.0,32.0,32.0,32.0,31.9,31.7,31.7,31.7,31.6,31.5,31.7,31.7,31.7,31.5,31.5,31.5,31.5,31.5,31.3,31.2,31.2,30.9,30.8,30.5,29.8,29.3,27.2,23.9,22.0,21.2,20.9,20.9,20.7,20.7,20.6,20.7,20.7,20.7,20.6,20.6,20.6,20.7,20.7,20.7,20.5,20.5,20.6,20.5,20.6,20.6,20.6,20.5,20.5,20.4,20.5,20.5,20.5,20.4,20.4,20.5,20.5,20.4,20.6,20.4,20.4,20.4,20.4,20.5,20.5,20.5,20.5,20.5,20.5,20.5,20.5,20.6,20.5,20.5,20.4,20.5,20.5,20.4,20.5,20.5,20.5,20.5,20.5,20.4,20.4,20.6,20.5,20.4,20.2,20.4,20.2,20.4,20.5,20.4,20.6,20.4,20.3,20.3,20.5,20.5,20.5,20.4,20.4,20.3,20.4,20.2,20.3,20.4,20.5,20.4,20.4,20.5,20.4,20.4,20.3,20.4,20.2,20.4,20.3,20.4,20.3,20.4,20.4,20.4,20.5,20.2,20.4,20.3,20.3,20.3,20.4,20.4,20.4,20.5,20.4,20.3,20.4,20.3,20.5,20.4,20.5,20.5,20.5,20.5,20.5,20.5,20.4,20.5,20.4,20.7,20.6,20.6,20.4,20.4,20.5,20.5,20.3,20.4,20.5,20.6,20.4,20.6,20.4,20.5,20.3
72,20.6,20.6,20.7,20.7,20.9,20.8,20.9,20.8,20.8,20.8,20.8,20.7,20.7,20.8,20.9,21.0,21.2,21.0,21.2,21.4,21.4,21.0,21.2,20.9,21.0,20.8,20.9,20.8,20.8,20.9,20.8,20.8,20.7,20.7,20.7,20.7,20.9,20.7,20.8,20.7,20.8,20.8,20.9,21.4,22.0,24.4,28.6,30.1,30.7,31.2,31.0,31.2,31.1,31.1,30.8,31.0,31.0,31.1,31.1,31.2,31.2,31.2,31.0,30.9,30.5,29.0,24.9,21.9,21.2,21.4,21.4,21.5,22.0,23.6,27.8,30.1,30.6,31.0,31.1,31.2,31.4,31.3,31.5,31.7,31.6,31.7,31.9,31.9,31.9,32.0,32.0,32.0,31.9,31.9,31.9,31.9,31.7,31.7,31.9,31.7,31.7,31.7,31.5,31.5,31.4,31.3,31.3,31.2,31.0,30.8,30.6,30.6,29.6,28.1,24.9,22.4,21.4,20.9,20.9,20.8,20.8,20.7,20.7,20.7,20.4,20.6,20.5,20.7,20.7,20.7,20.7,20.6,20.5,20.5,20.5,20.6,20.4,20.7,20.5,20.5,20.5,20.6,20.4,20.5,20.5,20.5,20.4,20.6,20.4,20.4,20.4,20.3,20.4,20.4,20.4,20.4,20.4,20.5,20.5,20.5,20.5,20.5,20.5,20.6,20.5,20.4,20.4,20.4,20.5,20.4,20.3,20.4,20.4,20.4,20.4,20.5,20.4,20.4,20.4,20.4,20.5,20.3,20.4,20.4,20.4,20.5,20.4,20.4,20.4,20.3,20.4,20.3,20.4,20.3,20.4,20.3,20.2,20.4,20.4,20.4,20.3,20.4,20.4,20.5,20.3,20.3,20.3,20.3,20.2,20.4,20.4,20.5,20.4,20.5,20.3,20.2,20.3,20.3,20.3,20.4,20.4,20.4,20.2,20.2,20.5,20.3,20.3,20.4,20.5,20.3,20.4,20.4,20.5,20.5,20.5,20.3,20.6,20.5,20.4,20.4,20.4,20.5,20.5,20.4,20.4,20.5,20.4,20.5,20.5,20.5,20.5,20.5,20.4,20.2,20.6,20.5
73,20.8,20.8,20.8,20.7,20.9,20.7,20.8,20.9,20.9,20.8,20.8,20.8,21.0,21.0,21.0,21.2,21.7,21.9,22.4,22.1,22.1,21.7,21.4,21.4,21.2,21.0,20.8,20.8,20.9,20.9,20.9,20.7,20.7,20.8,20.7,20.8,20.7,20.9,20.7,20.8,20.6,20.9,20.8,21.0,21.6,23.4,27.8,29.8,30.4,30.7,30.7,30.6,30.8,30.6,30.7,30.8,30.7,30.9,30.8,31.2,31.1,31.1,31.1,30.9,30.6,29.6,26.4,22.9,21.6,21.4,21.2,21.2,21.5,22.9,26.3,29.5,30.6,30.8,31.1,31.1,31.2,31.3,31.4,31.6,31.6,31.7,31.7,31.9,32.0,32.0,32.0,32.0,31.9,32.0,31.9,32.0,31.9,31.9,31.9,31.9,31.9,31.7,31.7,31.7,31.6,31.6,31.4,31.3,31.2,31.2,30.9,30.6,29.8,28.9,26.1,23.2,21.5,21.2,20.9,20.7,20.7,20.6,20.6,20.7,20.7,20.6,20.7,20.6,20.6,20.5,20.5,20.7,20.6,20.7,20.6,20.4,20.5,20.7,20.4,20.4,20.5,20.4,20.4,20.4,20.4,20.5,20.4,20.4,20.6,20.5,20.5,20.4,20.4,20.5,20.4,20.4,20.4,20.5,20.4,20.5,20.4,20.5,20.3,20.4,20.4,20.5,20.4,20.4,20.3,20.4,20.4,20.2,20.4,20.4,20.3,20.2,20.3,20.2,20.5,20.6,20.4,20.2,20.4,20.4,20.4,20.3,20.4,20.4,20.2,20.2,20.3,20.2,20.5,20.4,20.3,20.3,20.3,20.4,20.3,20.3,20.4,20.4,20.4,20.3,20.3,20.3,20.4,20.2,20.4,20.3,20.5,20.4,20.4,20.4,20.2,20.3,20.2,20.4,20.3,20.2,20.3,20.3,20.3,20.4,20.2,20.2,20.3,20.4,20.4,20.4,20.5,20.4,20.5,20.5,20.5,20.5,20.4,20.5,20.5,20.4,20.3,20.6,20.5,20.5,20.4,20.4,20.4,20.5,20.4,20.5,20.6,20.5,20.5,20.4,20.3,20.3
74,20.6,20.8,20.8,20.7,20.7,20.8,20.7,20.8,20.9,20.7,20.8,20.9,20.9,21.0,21.2,21.6,22.9,25.5,27.7,27.6,25.8,23.9,22.4,21.9,21.5,21.4,21.2,21.0,21.0,20.9,20.8,20.8,20.7,20.8,20.8,20.9,20.7,20.9,20.7,20.7,20.7,20.8,20.8,21.2,21.4,22.9,26.8,29.3,30.1,30.6,30.6,30.6,30.6,30.6,30.6,30.6,30.6,30.8,30.8,31.0,31.0,31.0,31.0,30.8,30.7,30.1,28.0,24.2,21.8,21.4,21.2,21.2,21.2,22.1,24.7,29.1,30.3,30.6,30.8,31.1,31.2,31.3,31.5,31.5,31.6,31.7,31.7,31.9,32.0,31.9,31.9,31.9,31.9,32.0,32.0,32.0,32.2,32.0,32.0,31.9,32.0,32.0,31.7,31.6,31.5,31.5,31.6,31.5,31.1,31.1,31.0,30.7,30.4,29.3,26.9,23.6,22.0,21.0,20.9,20.7,20.8,20.8,20.7,20.5,20.7,20.6,20.7,20.7,20.6,20.7,20.7,20.6,20.6,20.7,20.5,20.6,20.5,20.5,20.5,20.4,20.5,20.4,20.4,20.4,20.5,20.5,20.5,20.4,20.5,20.3,20.4,20.4,20.4,20.6,20.3,20.4,20.4,20.5,20.5,20.4,20.5,20.5,20.5,20.4,20.5,20.4,20.4,20.4,20.4,20.4,20.2,20.3,20.4,20.2,20.3,20.2,20.3,20.6,20.4,20.3,20.3,20.4,20.4,20.4,20.4,20.4,20.2,20.3,20.3,20.3,20.3,20.4,20.3,20.4,20.4,20.4,20.4,20.3,20.4,20.4,20.4,20.3,20.4,20.4,20.3,20.2,20.3,20.4,20.2,20.2,20.2,20.3,20.4,20.3,20.4,20.4,20.3,20.4,20.4,20.4,20.5,20.4,20.4,20.2,20.4,20.2,20.4,20.4,20.3,20.4,20.4,20.4,20.3,20.4,20.5,20.4,20.5,20.5,20.4,20.2,20.6,20.4,20.3,20.3,20.4,20.5,20.4,20.4,20.3,20.5,20.4,20.5,20.5,20.2,20.4,20.6
75,20.8,20.8,20.9,20.7,20.8,20.7,20.8,20.7,20.8,20.7,20.8,20.9,20.9,21.2,21.7,22.4,26.0,29.1,29.5,29.5,29.4,28.6,26.8,24.7,23.0,22.0,21.4,21.0,21.2,20.8,20.9,20.9,20.8,20.8,20.9,20.8,20.8,20.8,20.7,20.7,20.7,20.9,20.9,21.0,21.4,22.4,25.5,28.9,29.7,30.4,30.5,30.6,30.5,30.4,30.4,30.5,30.6,30.7,30.8,30.7,31.0,31.0,31.1,31.0,30.8,30.6,29.3,25.8,22.4,21.6,21.2,21.2,21.2,21.9,23.8,27.9,30.1,30.8,31.0,31.1,31.2,31.2,31.4,31.2,31.5,31.7,31.7,31.6,31.9,31.9,32.0,31.7,31.9,32.0,32.0,32.2,32.2,32.0,32.2,32.2,32.2,32.0,31.9,31.9,31.7,31.7,31.7,31.4,31.2,31.2,31.1,30.8,30.6,30.0,27.8,25.0,22.4,21.7,21.0,20.9,20.9,20.7,20.7,20.7,20.8,20.7,20.7,20.7,20.6,20.5,20.6,20.6,20.5,20.6,20.6,20.5,20.6,20.6,20.5,20.5,20.6,20.4,20.5,20.6,20.5,20.5,20.5,20.4,20.5,20.5,20.5,20.4,20.4,20.4,20.4,20.4,20.5,20.5,20.6,20.5,20.5,20.5,20.4,20.5,20.4,20.4,20.5,20.4,20.4,20.3,20.3,20.4,20.4,20.3,20.4,20.5,20.6,20.4,20.4,20.4,20.3,20.5,20.4,20.5,20.4,20.4,20.2,20.3,20.2,20.4,20.5,20.3,20.4,20.4,20.5,20.3,20.4,20.4,20.4,20.5,20.4,20.4,20.5,20.4,20.4,20.3,20.3,20.4,20.4,20.3,20.4,20.3,20.4,20.4,20.4,20.5,20.3,20.5,20.4,20.5,20.5,20.4,20.4,20.5,20.3,20.3,20.5,20.4,20.4,20.5,20.4,20.5,20.5,20.3,20.4,20.4,20.4,20.4,20.4,20.5,20.4,20.6,20.4,20.4,20.3,20.5,20.4,20.3,20.5,20.4,20.4,20.5,20.3,20.5,20.4,20.4
76,20.8,21.0,20.8,20.9,20.9,20.9,20.9,20.9,20.9,20.8,20.9,21.0,21.2,21.4,22.1,24.2,28.6,29.8,30.1,30.5,30.6,30.1,30.0,29.1,27.1,24.4,22.2,21.4,21.4,21.2,20.9,20.9,20.9,20.8,20.8,20.8,20.8,20.8,20.8,20.8,20.7,20.9,20.9,21.0,21.2,22.0,24.5,28.5,29.5,30.1,30.1,30.5,30.4,30.4,30.5,30.5,30.6,30.6,30.7,30.9,31.0,31.0,31.0,31.1,31.0,30.9,30.1,27.7,23.5,22.0,21.4,21.2,21.2,21.6,22.8,26.5,29.5,30.6,30.8,31.0,31.1,31.2,31.3,31.3,31.4,31.5,31.6,31.7,31.7,31.9,31.7,31.7,31.9,32.0,32.0,32.2,32.5,32.2,32.2,32.2,32.2,32.0,32.0,31.9,31.7,31.7,31.6,31.5,31.2,31.2,31.2,30.9,30.7,30.1,28.6,25.9,23.1,22.1,21.6,21.4,21.2,20.9,20.8,20.8,20.7,20.7,20.5,20.6,20.6,20.6,20.7,20.6,20.6,20.6,20.6,20.4,20.5,20.5,20.5,20.6,20.4,20.4,20.5,20.5,20.5,20.5,20.4,20.4,20.4,20.5,20.5,20.4,20.4,20.4,20.3,20.5,20.4,20.5,20.4,20.5,20.5,20.4,20.4,20.4,20.5,20.5,20.5,20.4,20.4,20.3,20.3,20.3,20.3,20.2,20.3,20.4,20.2,20.3,20.3,20.4,20.3,20.4,20.3,20.4,20.4,20.2,20.3,20.4,20.2,20.4,20.3,20.3,20.2,20.4,20.4,20.4,20.3,20.4,20.5,20.2,20.4,20.4,20.3,20.4,20.3,20.3,20.4,20.3,20.2,20.4,20.2,20.4,20.1,20.3,20.2,20.2,20.2,20.4,20.4,20.4,20.4,20.6,20.4,20.5,20.4,20.4,20.5,20.5,20.4,20.3,20.4,20.4,20.5,20.4,20.5,20.5,20.3,20.4,20.4,20.5,20.6,20.5,20.5,20.5,20.5,20.5,20.5,20.6,20.3,20.5,20.4,20.5,20.4,20.4,20.6,20.6
77,20.6,20.9,20.9,20.9,20.8,20.9,20.8,20.9,20.9,20.9,20.9,21.0,21.2,21.5,22.4,25.7,29.6,30.3,30.5,30.8,30.7,30.7,30.6,30.5,29.8,28.5,25.3,22.7,21.8,21.4,21.0,20.9,20.9,20.9,20.8,20.9,20.9,20.8,20.8,20.7,20.8,20.8,20.9,20.9,21.2,21.8,23.5,27.9,29.3,30.0,30.1,30.5,30.3,30.3,30.5,30.5,30.5,30.5,30.7,30.8,30.8,31.1,31.1,31.1,31.1,31.0,30.6,29.2,25.4,22.7,21.5,21.5,21.2,21.8,22.4,25.5,29.1,30.4,30.8,31.0,31.1,31.2,31.3,31.2,31.5,31.4,31.5,31.7,31.7,31.7,31.9,32.0,32.0,32.2,32.0,32.2,32.3,32.2,32.2,32.2,32.3,32.2,32.2,32.0,31.7,31.7,31.5,31.5,31.3,31.3,31.2,31.0,30.7,30.6,29.3,26.9,24.5,23.1,22.8,22.2,21.9,21.5,21.2,20.9,20.7,20.7,20.7,20.7,20.6,20.7,20.8,20.5,20.6,20.6,20.6,20.5,20.6,20.4,20.5,20.5,20.5,20.4,20.4,20.5,20.5,20.6,20.6,20.4,20.4,20.2,20.5,20.4,20.5,20.4,20.4,20.4,20.5,20.5,20.5,20.5,20.4,20.3,20.4,20.5,20.3,20.4,20.4,20.4,20.5,20.2,20.2,20.3,20.4,20.4,20.3,20.4,20.4,20.5,20.3,20.4,20.4,20.5,20.3,20.4,20.4,20.4,20.4,20.2,20.4,20.4,20.3,20.4,20.4,20.4,20.5,20.4,20.4,20.3,20.5,20.5,20.4,20.4,20.4,20.4,20.4,20.3,20.3,20.4,20.3,20.2,20.1,20.2,20.2,20.2,20.3,20.4,20.4,20.4,20.3,20.5,20.3,20.4,20.6,20.4,20.4,20.5,20.4,20.5,20.4,20.4,20.5,20.5,20.4,20.6,20.4,20.4,20.4,20.5,20.5,20.4,20.5,20.5,20.6,20.5,20.5,20.5,20.5,20.4,20.5,20.5,20.5,20.4,20.4,20.4,20.5,20.4
78,20.6,20.9,20.9,20.8,20.8,20.8,20.8,20.8,20.8,21.0,20.9,21.2,21.2,21.8,23.0,27.4,30.0,30.3,30.6,30.7,31.0,30.8,30.9,30.9,30.8,30.3,29.3,26.0,22.8,21.5,21.4,21.0,20.8,20.9,20.8,20.8,20.9,20.8,20.7,20.8,20.7,20.8,20.8,20.9,21.2,21.7,23.1,26.9,29.2,29.7,30.0,30.3,30.3,30.3,30.4,30.5,30.6,30.5,30.6,30.8,30.8,31.1,31.1,31.1,31.2,31.1,30.9,30.0,27.3,23.3,21.9,21.6,21.4,21.4,22.0,24.3,28.1,30.0,30.6,30.7,31.0,31.2,31.2,31.2,31.3,31.5,31.4,31.5,31.7,31.7,31.9,32.0,32.0,32.0,32.0,32.0,32.2,32.2,32.5,32.2,32.2,32.2,32.0,31.9,31.7,31.6,31.4,31.2,31.2,31.2,31.2,31.0,30.9,30.6,29.6,28.2,26.0,25.3,25.1,24.3,23.4,22.4,21.8,21.2,20.9,20.7,20.8,20.7,20.7,20.7,20.7,20.5,20.5,20.5,20.4,20.6,20.5,20.3,20.4,20.5,20.4,20.5,20.4,20.4,20.5,20.4,20.4,20.4,20.4,20.5,20.3,20.4,20.4,20.4,20.4,20.4,20.3,20.4,20.3,20.4,20.4,20.3,20.3,20.2,20.4,20.4,20.4,20.4,20.3,20.3,20.2,20.2,20.3,20.2,20.3,20.3,20.3,20.3,20.2,20.4,20.3,20.3,20.3,20.2,20.5,20.3,20.3,20.4,20.4,20.4,20.2,20.4,20.3,20.4,20.3,20.3,20.4,20.3,20.4,20.3,20.3,20.2,20.2,20.4,20.2,20.2,20.3,20.3,20.3,20.3,20.3,20.3,20.2,20.1,20.2,20.2,20.3,20.3,20.3,20.2,20.4,20.3,20.3,20.4,20.4,20.4,20.4,20.5,20.5,20.3,20.3,20.4,20.4,20.4,20.5,20.5,20.4,20.4,20.5,20.4,20.4,20.4,20.4,20.4,20.4,20.6,20.5,20.5,20.4,20.5,20.4,20.5,20.5,20.5,20.5,20.3
79,20.8,20.8,20.8,20.9,20.7,20.7,20.8,21.0,20.8,21.0,21.0,21.0,21.2,22.0,23.6,28.1,30.1,30.6,30.8,31.0,31.2,31.2,31.2,31.1,31.1,30.8,30.3,29.4,26.3,22.8,21.6,21.2,21.0,21.0,21.0,21.0,20.8,20.8,20.7,20.7,20.8,20.9,20.9,20.9,21.0,21.5,22.4,25.9,29.1,29.8,30.0,30.3,30.5,30.1,30.5,30.4,30.5,30.5,30.6,30.7,30.9,30.9,31.1,31.1,31.2,31.1,31.0,30.6,28.7,24.7,22.4,21.6,21.2,21.2,21.9,23.3,27.3,29.8,30.4,30.7,31.0,31.1,31.2,31.2,31.3,31.5,31.5,31.7,31.6,31.9,31.9,32.2,32.0,32.0,31.9,32.2,32.2,32.2,32.2,32.2,32.0,32.2,32.2,32.0,31.7,31.5,31.6,31.4,31.3,31.2,31.0,30.9,30.7,30.6,30.0,29.4,28.6,28.1,27.9,27.3,26.0,24.4,23.0,21.9,21.2,20.9,20.8,20.7,20.7,20.6,20.5,20.6,20.5,20.5,20.5,20.4,20.5,20.5,20.5,20.6,20.5,20.4,20.4,20.3,20.5,20.3,20.3,20.4,20.4,20.5,20.4,20.4,20.4,20.4,20.5,20.4,20.3,20.4,20.4,20.5,20.4,20.4,20.5,20.4,20.4,20.3,20.3,20.4,20.4,20.4,20.3,20.2,20.2,20.3,20.4,20.2,20.2,20.3,20.2,20.3,20.4,20.4,20.4,20.3,20.4,20.4,20.4,20.4,20.2,20.4,20.3,20.4,20.2,20.3,20.4,20.5,20.5,20.4,20.3,20.4,20.3,20.3,20.2,20.4,20.2,20.4,20.4,20.3,20.2,20.3,20.4,20.2,20.3,20.4,20.3,20.3,20.2,20.2,20.2,20.2,20.2,20.4,20.2,20.4,20.3,20.4,20.4,20.4,20.4,20.3,20.4,20.4,20.3,20.3,20.4,20.4,20.4,20.4,20.4,20.4,20.4,20.5,20.2,20.3,20.4,20.4,20.5,20.5,20.6,20.5,20.4,20.5,20.4,20.5,20.7,20.9
80,21.2,20.7,20.8,20.9,20.8,20.7,20.8,20.9,20.9,21.0,21.2,21.2,21.4,22.1,24.3,29.0,30.3,30.6,31.0,31.2,31.3,31.2,31.2,31.2,31.2,31.0,30.8,30.3,28.9,24.7,22.1,21.5,21.0,20.9,21.0,21.0,21.0,20.8,20.8,20.9,20.7,20.7,20.8,20.9,21.0,21.2,22.0,25.1,28.6,29.7,29.8,30.1,30.3,30.4,30.4,30.6,30.6,30.6,30.6,30.7,30.7,30.8,31.0,31.2,31.1,31.2,31.1,30.6,29.5,26.0,22.7,21.7,21.2,21.2,21.6,22.8,26.3,29.5,30.4,30.7,30.8,31.1,31.2,31.3,31.3,31.5,31.4,31.5,31.7,31.9,32.0,32.2,32.0,32.2,32.0,32.2,32.0,32.0,32.0,32.0,32.0,32.0,32.0,31.9,31.7,31.7,31.5,31.4,31.3,31.3,31.1,30.9,30.7,30.6,30.4,30.0,29.8,29.8,29.5,29.1,28.4,26.5,24.6,23.1,21.9,21.4,21.0,20.8,20.7,20.7,20.7,20.7,20.5,20.5,20.4,20.4,20.5,20.5,20.3,20.6,20.5,20.4,20.4,20.5,20.4,20.2,20.4,20.4,20.4,20.4,20.4,20.5,20.4,20.5,20.4,20.3,20.4,20.2,20.4,20.5,20.3,20.4,20.4,20.4,20.4,20.4,20.4,20.4,20.4,20.4,20.4,20.4,20.2,20.3,20.4,20.2,20.3,20.2,20.3,20.2,20.4,20.5,20.3,20.5,20.3,20.4,20.5,20.3,20.4,20.4,20.4,20.3,20.4,20.4,20.4,20.4,20.4,20.4,20.4,20.2,20.2,20.4,20.3,20.3,20.4,20.3,20.3,20.2,20.3,20.2,20.3,20.2,20.3,20.3,20.5,20.4,20.2,20.2,20.3,20.4,20.3,20.3,20.3,20.4,20.3,20.3,20.4,20.4,20.2,20.5,20.4,20.4,20.4,20.5,20.3,20.4,20.4,20.4,20.5,20.4,20.4,20.2,20.4,20.5,20.4,20.4,20.4,20.5,20.5,20.5,20.3,20.5,20.4,20.4,20.5,20.3
81,20.8,20.8,20.8,20.8,20.8,20.9,20.8,20.9,20.8,20.9,21.2,21.2,21.5,22.1,24.9,29.2,30.1,30.8,31.0,31.3,31.4,31.4,31.2,31.3,31.2,31.0,31.0,30.6,30.1,27.9,23.6,21.8,21.2,21.0,20.9,20.9,20.8,20.9,20.7,20.7,20.7,20.8,20.8,20.9,21.0,21.4,21.8,24.4,28.2,29.6,29.8,30.4,30.6,30.6,30.4,30.5,30.6,30.5,30.6,30.6,30.7,30.8,30.8,31.0,31.2,31.1,31.1,30.9,29.8,27.4,23.4,21.9,21.4,21.2,21.5,22.4,25.3,29.0,30.4,30.6,30.8,31.0,31.2,31.3,31.3,31.4,31.5,31.7,31.7,31.9,31.9,32.2,32.2,32.2,32.2,32.0,32.0,32.0,32.0,32.0,31.9,32.0,31.9,31.9,31.7,31.5,31.6,31.4,31.2,31.2,31.0,30.9,30.9,30.7,30.5,30.4,30.3,30.4,30.0,29.8,29.3,28.5,26.8,24.7,22.9,21.9,21.2,20.9,20.9,20.7,20.7,20.5,20.6,20.6,20.6,20.7,20.4,20.5,20.5,20.5,20.5,20.5,20.4,20.4,20.5,20.5,20.4,20.4,20.5,20.4,20.5,20.4,20.4,20.5,20.3,20.3,20.4,20.2,20.3,20.4,20.3,20.2,20.2,20.3,20.3,20.4,20.3,20.4,20.4,20.2,20.3,20.3,20.2,20.2,20.2,20.3,20.2,20.2,20.2,20.2,20.4,20.4,20.3,20.4,20.4,20.3,20.4,20.3,20.3,20.3,20.3,20.4,20.3,20.3,20.4,20.4,20.4,20.3,20.4,20.3,20.4,20.4,20.4,20.4,20.4,20.2,20.3,20.3,20.1,20.4,20.2,20.2,20.2,20.4,20.2,20.3,20.3,20.4,20.2,20.3,20.2,20.4,20.2,20.2,20.2,20.4,20.2,20.4,20.4,20.3,20.4,20.4,20.2,20.4,20.4,20.4,20.4,20.5,20.2,20.4,20.4,20.5,20.4,20.4,20.4,20.2,20.4,20.5,20.4,20.5,20.3,20.5,20.4,20.4,20.4,20.2
82,20.9,20.8,20.9,20.8,20.8,20.8,20.8,20.9,20.8,21.0,21.2,21.2,21.5,22.7,25.7,29.2,30.6,31.2,31.2,31.3,31.4,31.2,31.2,31.4,31.2,31.2,31.1,30.9,30.7,29.4,25.9,22.4,21.4,21.2,21.0,20.8,20.9,20.8,20.7,20.7,20.8,20.8,20.9,20.8,20.8,21.0,21.7,23.8,27.8,29.6,30.0,30.3,30.6,30.6,30.6,30.5,30.7,30.6,30.6,30.6,30.6,30.6,30.8,31.1,31.2,31.3,31.3,31.1,30.3,28.4,24.1,21.9,21.2,21.4,21.4,22.2,24.4,28.5,30.0,30.7,31.0,31.1,31.3,31.2,31.4,31.5,31.5,31.7,31.7,31.7,32.0,32.2,32.2,32.2,32.2,32.2,32.2,32.0,31.9,31.9,31.9,31.7,31.9,31.7,31.7,31.7,31.4,31.4,31.4,31.1,31.1,30.9,31.0,30.6,30.5,30.4,30.3,30.4,30.0,30.0,29.5,29.2,28.2,26.8,24.6,22.8,21.5,21.2,20.8,20.9,20.7,20.6,20.6,20.6,20.6,20.6,20.5,20.4,20.4,20.5,20.4,20.6,20.5,20.4,20.4,20.4,20.4,20.4,20.4,20.5,20.5,20.4,20.4,20.4,20.4,20.4,20.2,20.3,20.4,20.2,20.2,20.4,20.3,20.3,20.2,20.2,20.4,20.3,20.2,20.3,20.4,20.2,20.3,20.3,20.2,20.2,20.4,20.3,20.3,20.2,20.3,20.2,20.3,20.4,20.4,20.4,20.4,20.3,20.4,20.2,20.3,20.2,20.4,20.2,20.3,20.4,20.4,20.4,20.4,20.4,20.4,20.3,20.3,20.2,20.3,20.3,20.2,20.2,20.1,20.4,20.2,20.3,20.2,20.2,20.3,20.3,20.3,20.3,20.3,20.3,20.4,20.3,20.4,20.2,20.2,20.4,20.2,20.2,20.4,20.3,20.5,20.3,20.4,20.2,20.4,20.2,20.4,20.4,20.3,20.3,20.3,20.4,20.3,20.4,20.4,20.3,20.5,20.2,20.5,20.5,20.4,20.4,20.4,20.5,20.4,20.5
83,20.8,20.9,20.8,20.9,20.8,20.8,20.8,20.9,20.9,21.0,21.2,21.2,21.7,22.4,26.3,29.5,30.9,31.1,31.4,31.4,31.5,31.2,31.4,31.3,31.4,31.1,31.1,31.0,31.0,30.5,28.1,24.0,21.8,21.2,21.2,20.8,20.8,20.9,20.8,20.7,20.7,20.9,20.8,20.8,21.0,21.2,21.5,23.3,27.4,29.1,30.0,30.3,30.6,30.6,30.6,30.6,30.6,30.6,30.6,30.6,30.7,30.8,31.0,31.1,31.3,31.3,31.5,31.2,30.6,29.2,25.1,22.4,21.4,21.4,21.4,21.9,23.5,28.0,29.8,30.6,31.0,31.1,31.2,31.4,31.3,31.5,31.5,31.7,31.7,31.9,32.0,32.2,32.3,32.5,32.2,32.2,32.2,32.0,31.9,31.9,31.9,32.0,32.0,31.7,31.6,31.7,31.7,31.7,31.5,31.2,31.1,31.1,30.8,30.6,30.6,30.5,30.4,30.4,30.1,29.8,29.8,29.5,29.0,28.0,26.3,24.3,22.1,21.4,20.9,20.8,20.8,20.4,20.6,20.7,20.5,20.5,20.6,20.5,20.6,20.5,20.5,20.5,20.4,20.5,20.4,20.4,20.4,20.3,20.4,20.5,20.3,20.6,20.5,20.5,20.4,20.5,20.4,20.2,20.4,20.4,20.3,20.3,20.3,20.3,20.2,20.2,20.4,20.3,20.2,20.3,20.4,20.2,20.2,20.2,20.3,20.2,20.2,20.2,20.4,20.2,20.2,20.2,20.3,20.4,20.4,20.3,20.3,20.2,20.3,20.4,20.2,20.4,20.2,20.3,20.3,20.4,20.2,20.4,20.4,20.2,20.4,20.2,20.3,20.4,20.3,20.2,20.2,20.3,20.2,20.4,20.1,20.3,20.2,20.2,20.3,20.2,20.2,20.2,20.3,20.2,20.2,20.2,20.3,20.3,20.3,20.3,20.3,20.4,20.4,20.2,20.4,20.2,20.4,20.5,20.4,20.4,20.4,20.3,20.4,20.4,20.4,20.4,20.4,20.4,20.4,20.6,20.4,20.5,20.5,20.3,20.5,20.4,20.4,20.5,20.5,20.3
84,20.8,20.9,20.8,20.8,20.7,20.8,20.7,20.8,20.8,20.7,20.9,21.4,21.7,22.8,26.8,29.6,31.0,31.2,31.3,31.3,31.3,31.3,31.4,31.2,31.3,31.3,31.2,31.1,31.1,30.9,29.7,25.9,22.1,21.4,21.0,20.9,20.9,20.9,20.9,20.8,20.8,20.9,20.9,20.8,20.9,21.2,21.5,23.0,26.9,29.3,30.3,30.3,30.3,30.6,30.6,30.6,30.7,30.7,30.7,30.7,30.8,30.8,30.8,31.1,31.2,31.3,31.6,31.4,30.7,29.6,25.8,22.4,21.4,21.2,21.5,21.8,23.0,26.4,29.8,30.7,31.0,31.1,31.4,31.2,31.4,31.3,31.5,31.7,31.7,31.9,32.0,32.2,32.5,32.5,32.5,32.5,32.2,32.2,32.0,31.7,31.7,31.9,31.9,31.7,31.7,31.7,31.7,31.7,31.5,31.5,31.2,31.0,31.0,30.7,30.5,30.5,30.6,30.4,30.3,30.0,29.7,29.6,29.3,28.7,27.9,25.8,23.3,22.0,21.2,20.8,20.8,20.6,20.5,20.6,20.6,20.5,20.5,20.5,20.5,20.5,20.5,20.4,20.4,20.5,20.4,20.5,20.4,20.4,20.4,20.5,20.5,20.4,20.4,20.4,20.4,20.4,20.4,20.4,20.4,20.4,20.4,20.4,20.3,20.3,20.2,20.2,20.2,20.3,20.2,20.2,20.1,20.2,20.3,20.2,20.3,20.3,20.2,20.4,20.2,20.2,20.3,20.2,20.2,20.2,20.3,20.3,20.3,20.4,20.2,20.1,20.2,20.3,20.2,20.3,20.2,20.3,20.2,20.2,20.1,20.4,20.3,20.2,20.3,20.1,20.2,20.2,20.2,20.2,20.3,20.4,20.3,20.3,20.2,20.5,20.4,20.3,20.2,20.1,20.2,20.2,20.2,20.3,20.4,20.3,20.4,20.3,20.3,20.2,20.3,20.2,20.3,20.3,20.1,20.2,20.3,20.4,20.4,20.2,20.3,20.4,20.5,20.4,20.5,20.4,20.4,20.4,20.4,20.3,20.5,20.4,20.3,20.4,20.4,20.1,20.5,20.4
85,20.8,20.8,20.8,20.9,20.8,20.9,20.7,20.8,20.8,20.7,21.0,21.4,21.6,22.9,27.2,29.6,31.0,31.3,31.2,31.7,31.4,31.2,31.1,31.2,31.2,31.1,31.2,31.2,31.2,31.0,30.6,28.1,23.4,21.6,21.2,20.8,20.8,20.9,20.7,20.7,20.7,20.8,20.8,20.8,20.9,21.2,21.5,22.8,26.4,29.1,30.0,30.3,30.5,30.5,30.8,30.8,31.0,30.8,30.9,31.0,30.9,31.0,31.0,31.2,31.5,31.7,31.6,31.5,30.9,30.0,26.9,22.8,21.7,21.5,21.4,21.6,22.4,25.8,29.4,30.8,31.1,31.5,31.6,31.6,31.5,31.6,31.7,31.6,31.7,32.0,32.2,32.5,32.7,32.6,32.7,32.6,32.2,32.0,31.7,31.7,31.6,31.7,31.7,31.7,31.7,31.7,31.7,31.6,31.6,31.7,31.2,31.1,30.8,30.8,30.6,30.6,30.5,30.5,30.4,30.1,30.0,30.0,29.5,29.1,28.5,27.1,24.8,22.6,21.5,20.9,20.8,20.7,20.7,20.5,20.5,20.4,20.5,20.4,20.5,20.5,20.5,20.4,20.5,20.4,20.4,20.4,20.5,20.5,20.5,20.3,20.4,20.4,20.6,20.4,20.5,20.4,20.4,20.4,20.5,20.4,20.2,20.3,20.3,20.3,20.3,20.3,20.3,20.3,20.3,20.4,20.4,20.4,20.2,20.3,20.3,20.3,20.1,20.2,20.2,20.2,20.2,20.1,20.2,20.4,20.4,20.2,20.4,20.4,20.4,20.3,20.5,20.3,20.2,20.2,20.4,20.3,20.3,20.3,20.2,20.3,20.3,20.3,20.3,20.3,20.5,20.2,20.4,20.1,20.2,20.3,20.2,20.2,20.2,20.3,20.2,20.3,20.3,20.2,20.2,20.2,20.3,20.2,20.4,20.2,20.2,20.2,20.2,20.2,20.3,20.4,20.4,20.4,20.4,20.1,20.3,20.4,20.4,20.4,20.4,20.4,20.3,20.4,20.4,20.3,20.4,20.3,20.2,20.4,20.4,20.4,20.3,20.1,20.2,20.4,20.3,20.2
86,20.8,20.9,20.8,20.9,20.7,20.8,20.7,20.8,20.7,20.8,20.9,21.2,21.9,23.4,27.7,30.6,31.1,31.5,31.5,31.5,31.5,31.2,31.3,31.2,31.4,31.4,31.5,31.5,31.3,31.2,31.1,29.3,25.4,22.1,21.4,21.2,20.9,20.9,20.8,20.7,20.8,20.9,20.9,20.8,20.8,21.0,21.4,22.4,26.0,28.9,30.0,30.6,30.6,30.7,31.0,31.3,31.3,31.4,31.6,31.4,31.4,31.3,31.2,31.4,31.5,31.6,31.7,31.5,31.2,30.0,27.3,23.2,21.6,21.4,21.5,21.4,22.0,24.5,28.9,30.6,31.4,31.5,31.5,31.7,31.7,31.6,31.7,31.7,31.9,32.0,32.0,32.5,32.8,32.8,32.8,32.6,32.2,32.0,31.7,31.7,31.5,31.5,31.7,31.6,31.7,31.7,31.7,31.6,31.5,31.5,31.2,31.1,31.0,30.7,30.6,30.6,30.6,30.4,30.4,30.5,30.3,29.8,29.7,29.4,28.9,27.9,26.1,23.5,21.7,21.0,21.0,20.7,20.6,20.7,20.7,20.5,20.4,20.4,20.5,20.4,20.5,20.5,20.4,20.5,20.5,20.5,20.4,20.4,20.4,20.5,20.4,20.5,20.5,20.5,20.5,20.5,20.5,20.5,20.3,20.4,20.4,20.3,20.4,20.3,20.4,20.4,20.3,20.4,20.2,20.4,20.4,20.3,20.4,20.3,20.4,20.4,20.2,20.2,20.3,20.2,20.1,20.3,20.3,20.2,20.3,20.3,20.3,20.2,20.2,20.4,20.4,20.3,20.3,20.2,20.2,20.2,20.2,20.2,20.2,20.3,20.3,20.4,20.2,20.1,20.2,20.3,20.2,20.3,20.2,20.2,20.2,20.3,20.1,20.2,20.2,20.2,20.3,20.2,20.2,20.2,20.4,20.2,20.3,20.2,20.3,20.4,20.2,20.4,20.3,20.4,20.4,20.3,20.4,20.2,20.2,20.2,20.4,20.3,20.3,20.5,20.3,20.2,20.4,20.5,20.2,20.6,20.4,20.3,20.5,20.3,20.3,20.2,20.3,20.3,20.4,20.3
87,20.7,20.8,20.8,20.8,20.9,20.9,20.7,20.7,20.7,20.9,21.2,21.4,21.9,23.8,28.6,30.6,31.2,31.5,31.5,31.5,31.6,31.5,31.3,31.3,31.6,31.5,31.4,31.5,31.4,31.4,31.1,30.1,27.4,22.9,21.6,21.2,21.0,20.9,20.8,20.8,20.7,20.8,20.8,20.7,20.8,21.2,21.5,22.2,25.7,29.0,30.0,30.6,30.8,31.0,31.5,31.7,31.9,31.9,32.0,31.9,31.7,31.5,31.6,31.7,31.7,31.7,32.2,31.7,31.2,30.5,28.0,23.5,21.9,21.5,21.5,21.5,22.0,24.0,28.1,30.8,31.5,31.7,31.9,31.7,31.7,31.7,31.9,31.9,31.9,32.2,32.2,32.7,32.8,32.8,32.9,32.8,32.8,32.2,31.9,31.7,31.4,31.4,31.4,31.2,31.5,31.5,31.5,31.5,31.5,31.4,31.2,31.0,30.7,30.6,30.6,30.6,30.6,30.6,30.6,30.3,30.5,30.0,30.0,29.7,29.2,28.5,27.2,24.7,22.4,21.5,21.0,20.8,20.7,20.5,20.6,20.7,20.5,20.5,20.5,20.4,20.4,20.5,20.5,20.6,20.5,20.4,20.4,20.6,20.5,20.5,20.4,20.5,20.4,20.5,20.4,20.5,20.3,20.3,20.4,20.3,20.4,20.5,20.3,20.4,20.4,20.4,20.3,20.3,20.3,20.2,20.4,20.3,20.3,20.5,20.4,20.2,20.2,20.2,20.3,20.2,20.2,20.2,20.2,20.2,20.2,20.2,20.2,20.4,20.2,20.3,20.3,20.2,20.2,20.3,20.2,20.2,20.2,20.3,20.2,20.3,20.2,20.3,20.3,20.2,20.3,20.3,20.2,20.3,20.3,20.2,20.2,20.2,20.2,20.3,20.2,20.3,20.2,20.2,20.2,20.1,20.3,20.2,20.3,20.2,20.4,20.3,20.4,20.4,20.3,20.3,20.3,20.4,20.2,20.3,20.4,20.3,20.4,20.4,20.5,20.4,20.4,20.4,20.5,20.3,20.4,20.2,20.3,20.4,20.5,20.3,20.2,20.4,20.5,20.4,20.3,20.5
88,20.7,20.8,20.9,20.8,20.8,20.9,20.7,20.9,20.9,20.8,21.0,21.5,22.1,25.0,29.4,30.8,31.3,31.5,31.4,31.2,31.5,31.3,31.5,31.4,31.5,31.5,31.2,31.5,31.6,31.5,31.2,30.5,28.7,24.1,21.6,21.5,21.0,20.9,20.9,20.9,20.8,20.8,20.7,20.8,20.8,21.0,21.2,22.2,25.1,28.7,30.3,30.6,30.9,31.2,31.5,31.7,32.0,31.9,31.9,31.9,31.7,31.6,31.7,31.7,31.9,32.2,32.2,32.0,31.5,30.6,28.5,24.0,21.9,21.5,21.2,21.4,21.7,23.3,27.9,30.8,31.3,31.6,31.7,31.9,31.7,32.0,31.9,32.0,32.0,32.2,32.5,32.8,33.0,33.1,33.0,32.9,32.6,32.2,32.0,31.7,31.4,31.4,31.3,31.4,31.2,31.3,31.2,31.2,31.2,31.2,31.1,30.9,30.8,30.6,30.6,30.6,30.6,30.6,30.5,30.5,30.5,30.3,30.0,29.8,29.4,29.0,28.0,25.8,23.3,21.7,21.2,20.8,20.7,20.7,20.6,20.5,20.6,20.5,20.5,20.5,20.6,20.5,20.4,20.5,20.5,20.4,20.4,20.5,20.5,20.5,20.3,20.5,20.4,20.5,20.5,20.3,20.4,20.5,20.2,20.3,20.4,20.3,20.3,20.4,20.3,20.4,20.3,20.2,20.3,20.4,20.4,20.2,20.4,20.3,20.3,20.2,20.2,20.3,20.2,20.2,20.2,20.3,20.2,20.3,20.2,20.2,20.4,20.2,20.3,20.4,20.4,20.3,20.4,20.3,20.2,20.2,20.2,20.2,20.2,20.2,20.3,20.3,20.2,20.3,20.1,20.2,20.2,20.2,20.1,20.2,20.2,20.2,20.2,20.2,20.1,20.1,20.2,20.2,20.2,20.2,20.2,20.2,20.4,20.4,20.4,20.5,20.3,20.3,20.3,20.3,20.4,20.3,20.2,20.3,20.4,20.4,20.4,20.5,20.4,20.4,20.4,20.3,20.4,20.4,20.3,20.4,20.4,20.3,20.4,20.4,20.3,20.4,20.5,20.4,20.4,20.3
89,20.7,20.8,20.8,20.9,20.8,20.8,20.9,20.9,20.8,20.9,21.0,21.5,22.9,25.9,29.8,31.1,31.4,31.4,31.5,31.5,31.5,31.4,31.5,31.5,31.6,31.3,31.5,31.3,31.6,31.2,31.2,30.8,29.6,25.3,22.1,21.5,21.4,21.0,20.8,20.8,20.8,20.8,20.8,20.8,20.8,21.0,21.2,21.9,24.1,28.6,30.6,30.7,31.2,31.3,31.6,31.7,31.9,31.9,31.7,31.9,31.5,31.5,31.5,31.9,32.0,32.2,32.2,32.0,31.5,30.8,28.9,24.5,22.0,21.5,21.4,21.4,21.7,23.3,28.0,31.0,31.5,31.7,32.0,31.9,31.9,32.2,32.0,32.0,32.2,32.2,32.6,32.8,33.2,33.3,33.3,33.0,32.7,32.3,32.0,31.7,31.6,31.5,31.3,31.3,31.2,31.2,31.3,31.3,31.1,31.2,31.0,31.1,30.7,30.8,30.6,30.7,30.7,30.6,30.6,30.5,30.4,30.1,30.1,30.0,29.8,29.3,28.6,26.9,24.4,22.4,21.4,21.2,20.7,20.7,20.7,20.6,20.5,20.6,20.4,20.4,20.4,20.5,20.6,20.5,20.5,20.4,20.5,20.5,20.5,20.5,20.5,20.4,20.5,20.5,20.6,20.4,20.4,20.4,20.5,20.4,20.5,20.4,20.3,20.3,20.3,20.4,20.3,20.2,20.2,20.2,20.4,20.2,20.3,20.3,20.4,20.4,20.4,20.4,20.4,20.3,20.2,20.4,20.3,20.4,20.3,20.4,20.2,20.4,20.4,20.2,20.4,20.2,20.3,20.3,20.3,20.2,20.2,20.3,20.4,20.4,20.4,20.4,20.3,20.2,20.2,20.2,20.2,20.2,20.3,20.3,20.3,20.3,20.2,20.2,20.2,20.1,20.2,20.2,20.2,20.3,20.1,20.4,20.5,20.5,20.4,20.3,20.4,20.4,20.3,20.6,20.3,20.2,20.4,20.3,20.4,20.4,20.4,20.3,20.3,20.5,20.5,20.5,20.4,20.4,20.5,20.4,20.4,20.3,20.4,20.2,20.3,20.4,20.5,20.4,20.5,20.4
90,20.9,20.8,20.9,20.8,20.9,20.9,20.8,20.8,20.9,21.0,21.4,21.6,23.0,27.1,30.4,31.1,31.4,31.5,31.6,31.5,31.5,31.5,31.5,31.2,31.5,31.4,31.3,31.4,31.5,31.2,31.1,30.8,29.8,26.8,22.4,21.5,21.2,20.8,20.8,20.9,20.8,20.8,20.8,20.8,20.9,21.0,21.2,21.7,23.8,28.0,30.1,30.6,31.1,31.4,31.7,31.7,31.7,31.7,31.7,31.7,31.7,31.6,31.7,31.9,32.0,32.2,32.5,32.0,31.6,30.7,29.2,24.7,22.1,21.5,21.4,21.5,21.8,23.3,27.8,31.0,31.6,31.9,31.9,32.0,32.2,32.2,32.2,32.2,32.2,32.2,32.6,32.8,33.1,33.5,33.3,33.0,32.7,32.2,32.2,31.9,31.7,31.5,31.5,31.4,31.3,31.2,31.4,31.3,31.2,31.2,31.1,30.8,30.7,30.7,30.6,30.6,30.6,30.7,30.6,30.5,30.5,30.1,30.1,30.1,30.0,29.7,29.3,28.1,25.8,23.8,22.0,21.0,20.9,20.7,20.6,20.6,20.5,20.5,20.5,20.5,20.5,20.5,20.6,20.5,20.5,20.5,20.4,20.5,20.5,20.6,20.4,20.5,20.5,20.4,20.3,20.4,20.4,20.4,20.5,20.4,20.4,20.4,20.3,20.4,20.4,20.4,20.4,20.5,20.4,20.3,20.2,20.4,20.2,20.4,20.3,20.4,20.4,20.4,20.4,20.3,20.4,20.3,20.4,20.3,20.3,20.3,20.4,20.2,20.4,20.4,20.4,20.4,20.4,20.4,20.3,20.4,20.3,20.4,20.3,20.3,20.3,20.3,20.4,20.2,20.2,20.3,20.3,20.2,20.3,20.2,20.2,20.3,20.2,20.3,20.3,20.1,20.1,20.2,20.2,20.3,20.1,20.2,20.4,20.4,20.4,20.2,20.4,20.4,20.4,20.3,20.3,20.2,20.1,20.2,20.2,20.2,20.4,20.3,20.4,20.4,20.5,20.4,20.5,20.3,20.4,20.3,20.5,20.1,20.3,20.4,20.3,20.4,20.5,20.2,20.5,20.4
91,20.7,20.7,20.8,20.7,20.8,20.6,20.6,20.8,20.9,20.9,21.2,21.9,23.3,27.7,30.6,31.1,31.4,31.4,31.4,31.4,31.3,31.3,31.5,31.2,31.3,31.2,31.2,31.1,31.3,31.4,31.2,30.8,30.0,27.7,23.0,21.5,21.2,21.2,20.9,20.7,20.6,20.7,20.7,20.8,20.7,20.9,21.0,21.6,23.4,27.9,30.1,30.8,31.1,31.5,31.7,31.7,31.9,31.9,31.7,31.7,31.9,31.9,31.7,32.0,32.2,32.2,32.2,31.7,31.4,30.7,29.5,25.3,22.1,21.6,21.4,21.4,21.8,23.5,28.1,31.0,31.7,31.9,32.0,31.9,32.2,32.2,32.2,32.3,32.2,32.2,32.7,32.9,33.2,33.2,33.0,33.0,32.7,32.5,32.0,31.9,31.7,31.5,31.4,31.2,31.3,31.3,31.3,31.2,31.2,31.2,31.0,31.0,30.6,30.6,30.6,30.6,30.6,30.6,30.6,30.5,30.6,30.4,30.3,30.3,30.1,29.8,29.8,28.8,27.6,25.0,22.8,21.6,20.9,20.7,20.7,20.5,20.5,20.6,20.6,20.5,20.4,20.5,20.5,20.4,20.5,20.4,20.4,20.3,20.4,20.4,20.5,20.5,20.5,20.4,20.4,20.3,20.2,20.5,20.4,20.3,20.5,20.4,20.4,20.3,20.4,20.3,20.3,20.3,20.2,20.3,20.2,20.3,20.3,20.4,20.4,20.4,20.3,20.1,20.2,20.2,20.4,20.4,20.3,20.2,20.3,20.4,20.2,20.4,20.3,20.4,20.4,20.4,20.3,20.2,20.4,20.4,20.2,20.2,20.2,20.3,20.2,20.4,20.3,20.3,20.4,20.2,20.1,20.3,20.2,20.1,20.2,20.2,20.1,20.1,20.2,20.0,20.2,20.2,20.2,20.2,20.1,20.2,20.3,20.4,20.4,20.4,20.4,20.3,20.3,20.4,20.4,20.4,20.2,20.3,20.4,20.3,20.3,20.2,20.3,20.4,20.4,20.4,20.3,20.4,20.2,20.5,20.4,20.2,20.2,20.2,20.2,20.3,20.3,20.3,20.4,20.2
92,20.4,20.7,20.8,20.8,20.7,20.9,20.7,20.9,20.9,20.9,21.2,22.0,24.1,28.5,30.6,31.1,31.2,31.3,31.4,31.2,31.3,31.3,31.3,31.3,31.2,31.3,31.3,31.2,31.4,31.2,31.2,30.8,30.3,28.6,24.0,21.6,21.2,20.8,20.8,20.7,20.7,20.7,20.7,20.7,20.8,20.8,20.9,21.6,22.9,27.4,29.8,30.7,31.2,31.4,31.6,31.9,31.9,31.9,32.0,31.9,32.0,31.9,31.7,32.0,32.0,32.2,31.9,31.7,31.3,30.8,29.5,25.8,22.4,21.6,21.4,21.4,21.9,23.8,28.1,30.7,31.7,31.7,31.9,31.9,32.0,32.2,32.2,32.2,32.3,32.2,32.2,32.6,32.9,32.9,33.0,32.9,32.5,32.2,32.2,32.0,31.5,31.5,31.3,31.3,31.4,31.3,31.3,31.2,31.2,31.2,30.9,30.9,30.6,30.7,30.5,30.5,30.6,30.6,30.6,30.5,30.5,30.4,30.4,30.1,30.1,30.3,30.1,29.6,28.7,26.8,24.3,22.1,21.0,20.9,20.7,20.7,20.7,20.5,20.6,20.5,20.4,20.5,20.4,20.4,20.4,20.5,20.5,20.5,20.5,20.4,20.5,20.4,20.2,20.5,20.5,20.3,20.4,20.3,20.4,20.4,20.4,20.3,20.3,20.4,20.4,20.3,20.2,20.4,20.3,20.3,20.2,20.3,20.3,20.4,20.4,20.2,20.3,20.3,20.3,20.4,20.4,20.3,20.4,20.2,20.4,20.3,20.2,20.4,20.4,20.4,20.5,20.4,20.3,20.2,20.4,20.4,20.2,20.4,20.2,20.2,20.1,20.4,20.3,20.2,20.3,20.2,20.3,20.2,20.3,20.2,20.2,20.2,20.0,20.2,20.2,20.3,20.2,20.4,20.1,20.3,20.1,20.3,20.3,20.2,20.2,20.2,20.3,20.4,20.2,20.4,20.5,20.2,20.3,20.3,20.3,20.4,20.3,20.4,20.3,20.4,20.4,20.2,20.4,20.4,20.4,20.2,20.4,20.3,20.3,20.3,20.4,20.2,20.1,20.3,20.2,20.5
93,20.8,20.8,20.9,20.9,20.7,20.9,20.7,20.8,20.9,21.0,21.4,22.2,24.5,29.1,30.6,30.9,31.0,31.2,31.2,31.3,31.1,31.2,31.4,31.3,31.2,31.2,31.2,31.2,31.4,31.4,31.2,31.0,30.6,29.2,25.0,21.8,21.2,21.0,20.8,20.7,20.7,20.8,20.7,20.7,20.8,20.9,20.9,21.5,22.6,26.8,29.6,30.7,31.1,31.5,31.7,31.7,32.2,32.0,32.2,32.0,32.0,31.7,31.9,31.7,31.9,31.7,31.7,31.5,31.2,31.1,29.8,26.4,22.6,21.5,21.5,21.5,22.1,24.3,28.7,31.0,31.3,31.5,31.7,31.9,31.7,32.0,31.9,32.0,32.2,32.2,32.2,32.5,32.7,32.8,32.8,32.8,32.8,32.5,32.3,31.9,31.5,31.5,31.4,31.4,31.5,31.3,31.5,31.4,31.2,31.1,31.0,30.9,30.7,30.6,30.6,30.6,30.6,30.6,30.6,30.6,30.6,30.6,30.5,30.4,30.3,30.4,30.3,30.0,29.3,28.0,25.9,23.3,21.8,21.0,20.8,20.7,20.7,20.7,20.5,20.5,20.6,20.5,20.5,20.3,20.5,20.5,20.5,20.4,20.4,20.4,20.3,20.5,20.4,20.4,20.4,20.5,20.4,20.5,20.4,20.4,20.3,20.5,20.4,20.4,20.3,20.4,20.4,20.2,20.3,20.4,20.3,20.3,20.4,20.4,20.4,20.3,20.2,20.3,20.4,20.3,20.3,20.4,20.4,20.3,20.4,20.4,20.4,20.4,20.5,20.5,20.5,20.4,20.3,20.2,20.2,20.3,20.1,20.3,20.2,20.2,20.2,20.4,20.2,20.2,20.4,20.2,20.4,20.2,20.3,20.2,20.3,20.2,20.3,20.3,20.4,20.2,20.2,20.3,20.3,20.3,20.3,20.2,20.2,20.3,20.4,20.4,20.5,20.3,20.4,20.3,20.3,20.5,20.3,20.2,20.4,20.4,20.3,20.4,20.5,20.3,20.4,20.4,20.5,20.3,20.4,20.4,20.4,20.4,20.3,20.2,20.2,20.3,20.4,20.3,20.4,20.2
94,20.8,20.9,20.9,20.9,20.9,20.7,20.8,20.9,21.0,21.2,21.6,22.4,25.4,29.3,30.7,30.9,31.1,31.1,31.1,31.2,31.1,31.2,31.4,31.4,31.4,31.2,31.3,31.4,31.4,31.5,31.5,31.2,30.8,29.7,26.0,22.0,21.4,21.0,20.8,20.8,20.7,20.7,20.7,20.7,20.8,20.9,21.0,21.4,22.4,26.0,29.3,30.5,30.9,31.1,31.5,31.5,31.6,31.9,31.7,31.7,31.7,31.7,31.6,31.7,31.6,31.7,31.7,31.5,31.3,31.0,30.0,26.9,22.8,21.6,21.4,21.4,22.2,24.7,29.1,30.9,31.1,31.5,31.6,31.7,31.7,31.7,31.7,31.9,32.0,32.2,32.2,32.5,32.7,32.8,32.6,32.8,32.8,32.5,32.5,32.0,31.7,31.5,31.5,31.5,31.4,31.4,31.6,31.4,31.2,31.1,31.0,31.0,30.8,30.7,30.6,30.6,30.6,30.6,30.6,30.6,30.5,30.6,30.6,30.3,30.3,30.4,30.1,30.1,29.7,29.1,27.4,24.5,22.6,21.4,21.0,20.8,20.7,20.7,20.6,20.4,20.6,20.6,20.5,20.5,20.5,20.5,20.5,20.4,20.4,20.4,20.5,20.4,20.3,20.5,20.5,20.4,20.4,20.4,20.4,20.4,20.4,20.3,20.4,20.4,20.3,20.4,20.4,20.4,20.3,20.3,20.4,20.4,20.3,20.5,20.4,20.4,20.3,20.4,20.3,20.3,20.4,20.3,20.4,20.4,20.4,20.2,20.5,20.5,20.5,20.4,20.3,20.3,20.4,20.4,20.4,20.3,20.4,20.2,20.5,20.4,20.1,20.2,20.4,20.4,20.3,20.2,20.3,20.4,20.4,20.3,20.2,20.3,20.4,20.4,20.2,20.3,20.2,20.3,20.3,20.5,20.3,20.4,20.2,20.4,20.4,20.4,20.3,20.4,20.3,20.4,20.4,20.4,20.5,20.4,20.3,20.3,20.3,20.3,20.3,20.4,20.4,20.4,20.4,20.4,20.4,20.4,20.5,20.5,20.5,20.4,20.4,20.4,20.4,20.3,20.4,20.6
95,20.7,20.9,20.9,20.8,20.7,20.9,20.8,20.9,21.0,21.2,21.7,22.8,26.0,29.7,30.7,30.8,31.0,31.1,30.9,31.0,31.1,31.2,31.2,31.4,31.2,31.4,31.2,31.4,31.3,31.4,31.4,31.3,31.1,30.3,26.9,22.8,21.4,21.0,20.9,20.8,20.7,20.8,20.8,20.8,20.8,20.9,20.9,21.2,22.4,25.4,29.2,30.4,30.8,31.0,31.0,31.2,31.4,31.5,31.5,31.5,31.5,31.5,31.2,31.5,31.5,31.4,31.5,31.4,31.1,31.1,30.0,27.1,22.9,21.7,21.4,21.6,22.4,25.0,29.4,30.8,31.1,31.6,31.5,31.6,31.5,31.6,31.7,31.7,31.9,31.9,32.2,32.2,32.5,32.6,32.7,32.8,32.6,32.2,32.2,32.0,31.7,31.6,31.5,31.5,31.5,31.5,31.5,31.3,31.2,31.2,31.0,31.0,31.0,30.7,30.6,30.6,30.6,30.7,30.6,30.7,30.6,30.5,30.5,30.5,30.4,30.5,30.5,30.1,30.0,29.5,28.4,26.1,23.5,21.8,21.2,20.7,20.8,20.7,20.6,20.6,20.6,20.5,20.4,20.4,20.5,20.5,20.5,20.4,20.3,20.4,20.4,20.4,20.4,20.3,20.4,20.4,20.5,20.4,20.4,20.4,20.4,20.3,20.3,20.4,20.4,20.4,20.4,20.3,20.4,20.4,20.3,20.4,20.4,20.4,20.5,20.4,20.2,20.3,20.2,20.3,20.4,20.3,20.2,20.2,20.4,20.4,20.5,20.4,20.4,20.5,20.3,20.3,20.3,20.2,20.3,20.3,20.2,20.2,20.3,20.5,20.5,20.4,20.2,20.1,20.5,20.4,20.2,20.2,20.3,20.3,20.2,20.2,20.3,20.4,20.4,20.3,20.2,20.3,20.3,20.2,20.3,20.4,20.4,20.4,20.4,20.4,20.4,20.4,20.4,20.3,20.3,20.4,20.5,20.4,20.4,20.2,20.3,20.3,20.3,20.3,20.3,20.3,20.3,20.4,20.4,20.5,20.5,20.5,20.4,20.6,20.4,20.5,20.4,20.4,20.4,20.4
96,20.8,21.0,20.8,20.8,20.8,20.8,20.9,20.9,20.9,21.2,21.7,22.7,26.8,29.6,30.6,30.7,31.0,31.0,31.0,31.0,31.1,31.2,31.4,31.5,31.5,31.4,31.2,31.2,31.4,31.5,31.5,31.5,31.4,30.6,27.5,23.3,21.8,21.2,21.0,20.7,20.8,20.8,20.9,20.8,20.8,20.9,21.2,21.4,22.1,24.5,28.6,30.3,30.7,31.0,31.1,31.2,31.2,31.4,31.4,31.2,31.3,31.5,31.4,31.4,31.4,31.5,31.5,31.2,31.1,30.9,30.1,27.6,23.1,21.8,21.6,21.5,22.4,25.7,29.5,30.8,31.1,31.3,31.3,31.3,31.7,31.6,31.6,31.7,31.7,31.9,32.0,32.2,32.2,32.5,32.5,32.6,32.5,32.2,32.2,32.0,31.6,31.7,31.7,31.6,31.6,31.4,31.4,31.4,31.2,31.2,31.2,31.1,31.1,30.8,30.6,30.5,30.6,30.6,30.6,30.6,30.7,30.6,30.6,30.5,30.5,30.4,30.4,30.1,30.1,29.6,28.9,27.4,24.7,22.6,21.4,20.9,20.8,20.5,20.6,20.5,20.5,20.7,20.4,20.5,20.6,20.5,20.4,20.4,20.4,20.3,20.3,20.4,20.2,20.4,20.5,20.5,20.4,20.4,20.5,20.4,20.4,20.4,20.3,20.5,20.4,20.4,20.3,20.2,20.5,20.3,20.4,20.3,20.4,20.3,20.4,20.3,20.4,20.3,20.2,20.3,20.4,20.4,20.3,20.3,20.3,20.3,20.4,20.4,20.3,20.5,20.4,20.3,20.3,20.4,20.4,20.4,20.3,20.3,20.2,20.4,20.4,20.4,20.3,20.4,20.4,20.5,20.4,20.4,20.3,20.2,20.2,20.3,20.3,20.2,20.5,20.1,20.2,20.3,20.4,20.4,20.4,20.3,20.4,20.2,20.2,20.3,20.3,20.4,20.2,20.2,20.4,20.3,20.3,20.4,20.4,20.3,20.2,20.2,20.4,20.4,20.4,20.5,20.4,20.4,20.4,20.5,20.5,20.4,20.5,20.3,20.4,20.5,20.5,20.4,20.3,20.3
97,20.8,20.7,20.8,20.8,20.8,20.8,20.9,20.9,21.0,21.2,21.7,23.1,27.0,30.0,30.4,30.7,30.9,30.8,30.8,31.0,31.1,31.1,31.4,31.3,31.4,31.3,31.3,31.2,31.1,31.4,31.5,31.6,31.5,30.6,28.5,23.4,21.6,21.4,20.8,20.7,20.7,20.8,20.8,20.9,20.8,21.0,20.9,21.2,22.0,24.1,28.5,30.1,30.6,31.1,31.0,31.2,31.1,31.4,31.3,31.3,31.3,31.2,31.3,31.4,31.5,31.5,31.5,31.4,31.2,30.8,30.3,27.8,23.3,21.8,21.5,21.7,22.4,25.9,29.5,30.8,31.1,31.3,31.5,31.5,31.5,31.6,31.5,31.7,31.7,31.7,32.0,32.2,32.2,32.5,32.6,32.7,32.5,32.2,32.2,31.7,31.9,31.7,31.7,31.7,31.6,31.4,31.5,31.2,31.3,31.2,31.2,31.1,31.0,30.8,30.6,30.6,30.6,30.7,30.6,30.6,30.6,30.5,30.6,30.5,30.5,30.5,30.5,30.1,30.1,29.6,29.3,28.1,26.1,23.5,21.9,20.9,20.8,20.6,20.7,20.5,20.5,20.5,20.4,20.4,20.5,20.6,20.3,20.5,20.4,20.3,20.4,20.4,20.4,20.4,20.5,20.4,20.4,20.4,20.3,20.3,20.4,20.3,20.3,20.3,20.4,20.3,20.3,20.2,20.4,20.4,20.4,20.2,20.4,20.4,20.3,20.4,20.2,20.2,20.2,20.2,20.3,20.2,20.3,20.2,20.3,20.3,20.3,20.3,20.3,20.4,20.4,20.2,20.4,20.4,20.2,20.4,20.2,20.2,20.3,20.4,20.5,20.3,20.3,20.2,20.4,20.4,20.2,20.4,20.2,20.3,20.4,20.2,20.3,20.3,20.4,20.2,20.2,20.3,20.3,20.2,20.4,20.4,20.1,20.2,20.4,20.4,20.2,20.2,20.4,20.2,20.4,20.4,20.6,20.3,20.3,20.3,20.4,20.3,20.3,20.3,20.4,20.3,20.4,20.4,20.5,20.5,20.4,20.3,20.4,20.4,20.4,20.5,20.3,20.4,20.4,20.3
98,20.9,20.8,20.8,20.8,20.7,20.8,20.8,21.0,21.0,21.2,21.8,23.1,27.5,30.0,30.5,30.7,30.7,30.7,30.6,30.8,31.0,31.2,31.2,31.4,31.4,31.2,31.1,31.2,31.2,31.3,31.5,31.7,31.5,31.1,29.0,23.9,21.9,21.2,20.9,20.8,20.8,20.8,20.8,20.8,20.7,20.8,20.9,21.0,21.7,23.4,28.0,29.8,30.6,30.8,31.1,31.0,31.2,31.3,31.2,31.2,31.4,31.3,31.3,31.2,31.5,31.4,31.3,31.3,30.9,31.0,30.1,27.9,23.8,21.9,21.4,21.8,22.6,26.3,29.7,30.8,31.2,31.2,31.4,31.4,31.3,31.5,31.4,31.6,31.7,31.7,31.9,32.0,32.2,32.5,32.6,32.8,32.5,32.2,32.0,31.9,31.5,31.9,31.7,31.7,31.5,31.7,31.4,31.3,31.4,31.3,31.3,31.2,31.1,30.9,30.8,30.7,30.6,30.6,30.6,30.6,30.7,30.5,30.5,30.5,30.5,30.6,30.4,30.3,30.1,30.0,29.6,28.6,27.0,24.5,22.4,21.2,20.7,20.6,20.5,20.5,20.5,20.5,20.5,20.4,20.4,20.4,20.3,20.4,20.4,20.4,20.4,20.4,20.4,20.4,20.3,20.4,20.5,20.3,20.5,20.3,20.4,20.3,20.4,20.3,20.4,20.3,20.2,20.3,20.4,20.3,20.3,20.4,20.4,20.2,20.3,20.2,20.2,20.2,20.3,20.2,20.4,20.2,20.2,20.2,20.2,20.3,20.3,20.2,20.3,20.3,20.3,20.3,20.3,20.2,20.2,20.3,20.3,20.2,20.2,20.2,20.3,20.4,20.3,20.3,20.2,20.2,20.3,20.2,20.2,20.2,20.2,20.1,20.2,20.2,20.3,20.3,20.3,20.4,20.2,20.2,20.3,20.1,20.1,20.2,20.4,20.3,20.2,20.4,20.4,20.3,20.3,20.4,20.3,20.3,20.3,20.2,20.3,20.3,20.2,20.4,20.3,20.4,20.4,20.4,20.4,20.4,20.5,20.4,20.4,20.3,20.3,20.3,20.4,20.4,20.2,20.3
99,20.7,20.9,20.8,20.9,20.8,21.0,20.8,20.8,21.0,21.4,22.0,23.8,28.2,30.1,30.6,30.6,30.8,30.7,30.5,30.8,30.8,31.0,31.2,31.2,31.2,31.2,31.1,31.2,31.1,31.4,31.5,31.7,31.7,31.1,29.6,24.6,21.9,21.5,20.9,20.8,20.9,20.8,20.9,20.8,20.9,21.0,21.0,21.4,21.7,23.3,27.7,29.8,30.5,30.8,31.2,31.0,31.0,31.2,31.3,31.3,31.5,31.4,31.1,31.4,31.3,31.1,31.3,31.2,31.1,31.0,30.3,28.4,24.0,22.0,21.5,21.8,22.7,26.8,29.8,30.8,31.1,31.2,31.2,31.4,31.5,31.6,31.5,31.6,31.7,31.7,31.9,32.0,32.2,32.5,32.2,32.6,32.6,32.2,32.0,31.7,31.5,31.6,31.9,31.9,31.9,31.7,31.7,31.7,31.5,31.5,31.4,31.4,31.2,31.1,31.1,31.0,30.7,30.7,30.6,30.6,30.7,30.6,30.6,30.5,30.5,30.5,30.4,30.5,30.3,30.0,29.8,29.2,27.8,25.7,23.2,21.5,21.0,20.7,20.7,20.6,20.6,20.7,20.4,20.4,20.5,20.6,20.5,20.5,20.4,20.4,20.5,20.4,20.4,20.4,20.3,20.3,20.4,20.3,20.2,20.4,20.5,20.4,20.4,20.4,20.3,20.3,20.5,20.4,20.4,20.4,20.3,20.4,20.4,20.3,20.4,20.3,20.4,20.3,20.4,20.4,20.2,20.3,20.2,20.2,20.3,20.2,20.4,20.3,20.2,20.4,20.3,20.3,20.4,20.4,20.4,20.2,20.2,20.3,20.2,20.3,20.5,20.4,20.5,20.4,20.3,20.4,20.3,20.4,20.2,20.2,20.1,20.3,20.3,20.2,20.2,20.2,20.2,20.3,20.2,20.2,20.2,20.4,20.2,20.2,20.4,20.4,20.4,20.4,20.2,20.3,20.3,20.4,20.4,20.4,20.4,20.2,20.1,20.3,20.4,20.5,20.5,20.7,20.6,20.6,20.4,20.5,20.5,20.5,20.5,20.4,20.5,20.3,20.4,20.3,20.3,20.1
100,20.8,20.7,20.8,20.8,20.9,20.9,20.8,20.8,21.2,21.2,22.1,24.1,28.4,30.0,30.5,30.5,30.7,30.6,30.7,30.8,30.8,30.7,31.0,31.0,31.0,31.1,31.0,31.0,31.1,31.4,31.6,31.7,31.7,31.1,29.3,24.7,21.7,21.2,21.0,20.9,20.8,20.8,20.7,20.8,20.8,20.9,20.9,21.2,21.6,22.9,27.3,29.8,30.6,30.8,30.9,31.0,31.0,31.0,31.2,31.3,31.2,31.2,31.2,31.1,31.2,31.2,31.2,31.2,31.0,31.0,30.4,28.6,24.2,22.0,21.5,21.8,22.7,26.5,29.8,30.7,31.0,31.0,31.2,31.2,31.3,31.5,31.5,31.6,31.7,31.7,31.9,32.0,32.2,32.2,32.2,32.7,32.3,32.2,32.2,31.5,31.0,31.5,32.0,31.7,31.9,32.0,31.9,31.6,31.5,31.6,31.5,31.5,31.4,31.4,31.2,31.1,30.9,31.0,30.7,30.8,30.6,30.6,30.7,30.5,30.6,30.4,30.3,30.4,30.4,30.1,29.8,29.4,28.4,26.4,24.0,21.8,20.8,20.6,20.7,20.6,20.7,20.5,20.5,20.4,20.4,20.4,20.4,20.4,20.5,20.3,20.3,20.4,20.3,20.3,20.3,20.4,20.3,20.3,20.4,20.3,20.3,20.4,20.4,20.4,20.4,20.3,20.3,20.4,20.2,20.2,20.3,20.3,20.2,20.4,20.2,20.4,20.3,20.4,20.4,20.3,20.4,20.3,20.2,20.2,20.4,20.4,20.4,20.2,20.1,20.3,20.2,20.2,20.2,20.2,20.4,20.2,20.4,20.2,20.3,20.3,20.3,20.2,20.2,20.3,20.2,20.3,20.4,20.2,20.3,20.2,20.3,20.2,20.2,20.3,20.2,20.2,20.2,20.2,20.2,20.2,20.2,20.3,20.2,20.3,20.2,20.3,20.4,20.3,20.5,20.3,20.2,20.3,20.5,20.4,20.3,20.1,20.3,20.4,20.4,20.3,20.4,20.5,20.6,20.5,20.2,20.4,20.4,20.4,20.4,20.2,20.4,20.4,20.2,20.4,20.4,20.2
101,21.0,20.9,20.7,20.8,20.8,20.8,20.9,21.2,21.2,21.4,22.2,25.0,29.1,30.3,30.6,30.6,30.7,30.6,30.6,30.7,30.8,30.8,30.9,30.8,30.8,30.9,31.0,31.1,31.2,31.3,31.6,31.5,31.5,31.2,29.6,24.6,21.8,21.2,21.2,21.0,20.8,20.8,20.8,20.8,20.8,20.8,20.9,21.2,21.5,22.8,27.4,29.6,30.6,30.8,30.8,30.9,31.0,31.1,31.1,31.2,31.2,31.1,31.2,31.2,31.1,31.2,31.3,31.2,31.0,31.0,30.6,28.9,24.5,22.2,21.5,21.8,22.8,26.8,29.8,30.7,30.9,31.1,31.2,31.2,31.5,31.3,31.4,31.5,31.7,31.7,31.9,32.2,32.2,32.2,32.2,32.6,32.2,32.0,31.9,31.5,30.6,31.5,32.0,32.2,32.0,32.0,32.0,31.9,31.7,31.6,31.7,31.5,31.5,31.5,31.5,31.4,31.3,31.2,31.0,30.8,30.7,30.7,30.6,30.6,30.6,30.6,30.4,30.5,30.3,30.0,30.0,29.4,28.6,27.4,24.9,22.4,21.2,20.7,20.7,20.5,20.6,20.5,20.5,20.5,20.4,20.5,20.5,20.4,20.4,20.4,20.4,20.4,20.4,20.3,20.4,20.4,20.3,20.5,20.4,20.4,20.3,20.5,20.4,20.4,20.3,20.2,20.3,20.2,20.2,20.4,20.3,20.4,20.2,20.4,20.2,20.4,20.3,20.4,20.3,20.4,20.3,20.3,20.3,20.3,20.3,20.4,20.4,20.3,20.2,20.3,20.2,20.2,20.3,20.3,20.2,20.3,20.3,20.2,20.4,20.3,20.2,20.3,20.2,20.4,20.2,20.2,20.2,20.2,20.3,20.3,20.2,20.2,20.2,20.2,20.2,20.2,20.1,20.2,20.2,20.2,20.4,20.3,20.4,20.3,20.4,20.3,20.5,20.4,20.4,20.3,20.4,20.5,20.4,20.3,20.3,20.3,20.4,20.6,20.5,20.5,20.5,20.5,20.5,20.6,20.4,20.5,20.4,20.4,20.5,20.3,20.4,20.4,20.4,20.5,20.3,20.4
102,20.8,20.9,20.8,20.8,20.8,20.8,20.7,20.9,21.2,21.5,22.4,25.6,29.1,30.1,30.5,30.5,30.6,30.5,30.6,30.6,30.7,30.6,30.8,30.9,31.0,30.9,31.0,31.0,31.2,31.5,31.5,31.5,31.7,31.2,29.5,25.0,22.0,21.5,20.9,20.9,20.8,20.8,20.7,20.8,20.8,20.8,20.9,21.2,21.4,22.8,26.8,29.4,30.5,30.6,30.9,30.9,31.0,31.0,30.9,31.2,31.0,31.2,31.1,31.1,31.1,31.3,31.2,31.0,31.2,31.1,30.7,29.1,24.7,22.2,21.7,21.8,22.9,26.8,30.0,30.7,30.9,31.0,31.2,31.3,31.3,31.2,31.4,31.5,31.5,31.7,31.9,32.2,32.0,32.2,32.2,32.5,32.2,32.0,32.0,31.4,30.4,31.5,32.2,32.2,32.2,32.2,32.2,32.0,32.0,31.7,31.7,31.7,31.7,31.6,31.6,31.5,31.4,31.2,31.0,31.1,31.0,31.0,30.7,30.7,30.6,30.6,30.5,30.4,30.4,30.1,30.0,29.4,28.6,27.7,25.7,22.7,21.2,20.7,20.6,20.6,20.5,20.5,20.5,20.4,20.5,20.5,20.5,20.4,20.5,20.4,20.5,20.4,20.4,20.4,20.4,20.5,20.5,20.3,20.3,20.4,20.4,20.3,20.3,20.3,20.3,20.2,20.2,20.3,20.1,20.2,20.3,20.2,20.2,20.2,20.3,20.3,20.4,20.3,20.2,20.4,20.3,20.2,20.2,20.2,20.2,20.2,20.4,20.3,20.2,20.2,20.3,20.3,20.3,20.3,20.3,20.3,20.3,20.2,20.3,20.4,20.2,20.2,20.1,20.2,20.2,20.3,20.3,20.4,20.3,20.4,20.3,20.2,20.2,20.3,20.1,20.3,20.3,20.3,20.4,20.3,20.2,20.3,20.4,20.3,20.3,20.3,20.3,20.4,20.4,20.4,20.4,20.3,20.4,20.2,20.4,20.3,20.4,20.4,20.3,20.4,20.4,20.4,20.4,20.4,20.3,20.4,20.5,20.4,20.5,20.4,20.5,20.4,20.4,20.4,20.4,20.1
103,20.8,20.7,20.8,20.8,20.8,20.8,20.9,21.0,21.0,21.7,22.4,26.1,29.2,30.1,30.4,30.6,30.7,30.7,30.6,30.7,30.7,30.7,31.1,30.9,31.0,30.8,30.8,31.1,31.5,31.5,31.5,31.6,31.5,31.1,29.7,25.3,21.9,21.5,21.2,20.9,20.8,20.8,20.8,20.8,20.8,20.9,21.0,21.2,21.4,22.2,26.3,29.5,30.3,30.6,30.8,30.6,30.9,30.9,31.0,31.0,31.0,31.0,31.0,31.1,31.1,31.2,31.4,31.2,31.2,31.2,30.8,29.4,25.5,22.4,21.8,21.8,22.7,27.0,30.1,30.9,31.0,31.1,31.2,31.2,31.3,31.4,31.4,31.5,31.7,31.7,31.9,32.0,32.2,32.3,32.5,32.5,32.2,32.0,31.9,31.4,31.0,31.9,32.2,32.2,32.3,32.3,32.2,32.2,32.0,32.0,32.0,32.0,31.9,31.7,31.7,31.7,31.7,31.5,31.4,31.1,31.1,30.9,31.0,30.7,30.6,30.6,30.5,30.4,30.3,30.1,29.8,29.5,28.9,27.9,26.1,23.1,21.6,20.9,20.7,20.6,20.5,20.6,20.6,20.4,20.5,20.6,20.4,20.5,20.4,20.5,20.4,20.5,20.5,20.3,20.5,20.4,20.4,20.4,20.5,20.2,20.3,20.5,20.3,20.4,20.3,20.4,20.4,20.3,20.2,20.1,20.2,20.4,20.3,20.3,20.3,20.4,20.2,20.2,20.4,20.3,20.3,20.2,20.5,20.4,20.2,20.2,20.3,20.3,20.3,20.2,20.2,20.3,20.3,20.2,20.3,20.3,20.1,20.4,20.3,20.4,20.1,20.3,20.3,20.4,20.3,20.2,20.2,20.3,20.4,20.3,20.2,20.3,20.2,20.2,20.4,20.4,20.1,20.2,20.2,20.3,20.4,20.3,20.3,20.3,20.4,20.3,20.3,20.4,20.4,20.4,20.4,20.2,20.4,20.4,20.5,20.4,20.4,20.5,20.5,20.4,20.4,20.5,20.4,20.3,20.4,20.4,20.5,20.5,20.4,20.4,20.3,20.5,20.4,20.3,20.4,20.2
104,21.4,20.8,20.7,20.8,20.8,21.0,20.8,21.0,21.0,21.5,22.8,25.8,29.0,30.1,30.3,30.4,30.6,30.6,30.7,30.7,30.6,30.7,30.9,31.1,31.1,30.9,31.0,31.1,31.5,31.6,31.5,31.7,31.5,31.2,29.8,25.1,22.1,21.5,21.0,20.8,20.9,20.8,20.8,20.8,20.8,21.0,20.9,20.9,21.4,22.2,25.8,29.3,30.3,30.6,30.8,30.8,30.8,30.7,30.8,30.8,30.9,30.9,30.8,31.0,31.2,31.2,31.2,31.3,31.3,31.4,31.1,29.7,25.6,22.4,21.6,21.9,22.8,27.0,30.1,30.9,31.0,31.2,31.2,31.2,31.3,31.5,31.4,31.5,31.6,31.7,31.7,32.2,32.2,32.2,32.6,32.7,32.3,32.0,31.7,31.2,31.3,32.0,32.2,32.2,32.2,32.2,32.2,32.2,32.2,32.2,32.2,31.9,32.0,31.9,31.9,31.9,31.7,31.7,31.5,31.3,31.2,31.0,31.0,30.9,30.7,30.6,30.6,30.3,30.1,30.1,30.0,29.4,29.0,28.4,26.5,23.8,21.8,20.9,20.7,20.6,20.6,20.7,20.5,20.6,20.4,20.5,20.5,20.3,20.5,20.5,20.5,20.4,20.3,20.4,20.4,20.4,20.4,20.3,20.3,20.4,20.3,20.4,20.2,20.4,20.4,20.2,20.4,20.4,20.2,20.2,20.4,20.3,20.2,20.3,20.2,20.2,20.3,20.2,20.4,20.2,20.3,20.3,20.2,20.2,20.3,20.4,20.4,20.4,20.2,20.2,20.2,20.4,20.2,20.2,20.2,20.3,20.3,20.4,20.4,20.2,20.3,20.2,20.2,20.3,20.4,20.3,20.4,20.4,20.4,20.2,20.3,20.2,20.2,20.2,20.3,20.3,20.4,20.4,20.3,20.2,20.3,20.3,20.3,20.3,20.3,20.3,20.3,20.4,20.4,20.3,20.4,20.3,20.4,20.5,20.4,20.4,20.5,20.4,20.5,20.2,20.3,20.4,20.4,20.4,20.2,20.4,20.4,20.5,20.3,20.2,20.3,20.4,20.3,20.3,20.5,20.5
105,20.9,20.9,20.9,20.8,20.9,20.8,21.0,20.9,21.2,21.7,22.6,25.7,28.8,30.0,30.0,30.4,30.7,30.7,30.6,30.6,30.7,30.7,30.8,31.1,31.2,31.2,31.1,31.3,31.5,31.5,31.5,31.7,31.5,31.0,29.4,24.6,22.0,21.4,20.9,20.8,20.7,20.9,20.8,20.8,20.9,20.9,20.9,20.9,21.4,22.1,24.8,28.6,30.3,30.6,30.8,30.8,30.7,30.8,30.9,30.9,30.9,30.8,30.9,30.9,31.0,31.2,31.2,31.3,31.3,31.5,31.2,29.8,26.0,22.4,21.8,21.6,22.8,26.5,30.0,30.9,31.0,31.3,31.3,31.5,31.5,31.5,31.5,31.6,31.6,31.9,31.9,32.2,32.2,32.2,32.5,32.5,32.2,31.9,31.7,31.6,31.7,31.7,32.0,32.2,32.2,32.5,32.2,32.2,32.2,32.2,32.0,32.2,32.2,32.2,32.2,32.2,32.0,31.7,31.5,31.5,31.4,31.2,31.0,31.0,30.7,30.7,30.5,30.3,30.1,29.8,29.8,29.5,28.9,28.4,26.8,24.1,22.2,21.2,20.8,20.8,20.6,20.6,20.5,20.5,20.4,20.5,20.4,20.5,20.5,20.5,20.5,20.4,20.3,20.3,20.3,20.4,20.5,20.3,20.3,20.3,20.3,20.3,20.3,20.4,20.4,20.3,20.4,20.3,20.3,20.2,20.3,20.2,20.1,20.3,20.2,20.2,20.2,20.3,20.3,20.2,20.3,20.4,20.2,20.2,20.1,20.4,20.2,20.3,20.2,20.2,20.3,20.2,20.2,20.2,20.2,20.4,20.4,20.3,20.3,20.2,20.2,20.4,20.3,20.3,20.4,20.2,20.2,20.2,20.3,20.4,20.2,20.3,20.3,20.3,20.4,20.4,20.2,20.3,20.2,20.2,20.2,20.2,20.2,20.2,20.2,20.2,20.1,20.3,20.4,20.4,20.3,20.5,20.4,20.4,20.4,20.2,20.4,20.4,20.4,20.4,20.3,20.3,20.4,20.2,20.1,20.2,20.5,20.5,20.4,20.2,20.5,20.4,20.4,20.3,20.2,20.4
106,20.9,20.8,20.9,20.8,20.7,20.9,20.9,20.9,21.0,21.6,22.4,25.6,28.9,29.5,30.0,30.3,30.4,30.7,30.6,30.6,30.6,30.7,31.0,31.1,31.1,31.1,31.2,31.2,31.5,31.5,31.5,31.5,31.5,30.9,29.5,24.1,21.9,21.4,20.9,20.8,20.8,20.8,20.8,20.8,20.8,20.9,20.9,21.0,21.2,22.0,24.5,28.7,30.0,30.6,30.7,30.7,30.7,30.8,30.6,30.9,31.0,30.7,30.7,31.0,31.0,31.2,31.2,31.3,31.2,31.2,31.1,30.0,26.5,23.0,21.9,21.8,22.6,26.4,30.0,31.0,31.2,31.3,31.5,31.4,31.6,31.5,31.6,31.7,31.7,31.7,32.0,32.2,32.3,32.5,32.5,32.7,32.2,31.9,31.7,31.5,31.7,31.9,31.9,31.9,32.0,32.0,32.2,32.2,32.2,32.3,32.5,32.2,32.2,32.2,32.2,32.2,32.2,31.9,31.7,31.5,31.5,31.2,31.1,31.0,30.7,30.7,30.6,30.5,30.1,30.0,29.8,29.4,29.1,28.4,27.3,24.8,22.6,21.4,20.8,20.7,20.5,20.6,20.5,20.5,20.3,20.6,20.6,20.5,20.5,20.5,20.4,20.4,20.3,20.3,20.4,20.3,20.4,20.3,20.4,20.4,20.2,20.2,20.3,20.4,20.3,20.2,20.3,20.4,20.4,20.2,20.2,20.3,20.2,20.2,20.3,20.4,20.2,20.2,20.3,20.4,20.3,20.2,20.3,20.2,20.2,20.1,20.2,20.3,20.2,20.3,20.3,20.3,20.2,20.2,20.2,20.4,20.2,20.4,20.2,20.2,20.2,20.2,20.2,20.2,20.3,20.2,20.3,20.2,20.2,20.2,20.2,20.2,20.2,20.1,20.3,20.2,20.1,20.1,20.2,20.3,20.2,20.2,20.1,20.3,20.2,20.2,20.2,20.3,20.2,20.3,20.4,20.3,20.2,20.3,20.4,20.3,20.3,20.3,20.4,20.3,20.2,20.5,20.4,20.4,20.2,20.4,20.2,20.3,20.4,20.3,20.2,20.5,20.2,20.2,20.4,20.2
107,20.7,20.7,20.8,20.8,20.8,20.8,20.9,21.0,21.2,21.2,22.6,25.4,28.9,30.0,30.1,30.4,30.4,30.6,30.6,30.5,30.6,30.6,30.8,31.1,31.2,31.1,31.2,31.1,31.4,31.2,31.4,31.5,31.2,30.9,28.7,23.9,21.8,21.2,21.0,20.8,20.8,20.7,20.8,20.7,20.8,20.9,20.9,20.9,21.4,21.7,23.6,28.2,30.0,30.4,30.5,30.6,30.8,30.8,30.8,30.7,30.8,30.7,30.9,31.0,31.1,31.2,31.0,31.2,31.4,31.5,31.2,30.4,26.9,23.0,21.7,21.8,22.7,25.8,29.8,31.1,31.2,31.5,31.6,31.6,31.7,31.7,31.5,31.7,31.7,31.7,32.0,32.2,32.2,32.5,32.5,32.3,32.2,31.9,31.7,31.5,31.7,31.7,31.9,31.7,31.9,32.0,32.0,32.2,32.0,32.2,32.2,32.2,32.2,32.2,32.0,32.2,31.9,31.9,31.9,31.6,31.4,31.3,31.2,30.9,30.7,30.7,30.7,30.4,30.0,29.8,29.7,29.3,29.0,28.2,27.5,25.9,23.3,21.8,20.9,20.8,20.5,20.5,20.6,20.6,20.6,20.5,20.4,20.5,20.5,20.5,20.4,20.4,20.4,20.3,20.4,20.4,20.3,20.3,20.3,20.3,20.4,20.4,20.3,20.2,20.4,20.3,20.3,20.4,20.3,20.3,20.2,20.2,20.2,20.3,20.3,20.2,20.3,20.3,20.2,20.2,20.3,20.3,20.2,20.2,20.1,20.2,20.2,20.2,20.2,20.3,20.2,20.4,20.2,20.2,20.4,20.3,20.2,20.3,20.2,20.3,20.2,20.1,20.3,20.1,20.2,20.3,20.1,20.2,20.1,20.3,20.3,20.2,20.1,20.3,20.3,20.1,20.1,19.8,20.2,20.2,20.2,20.1,20.1,20.2,20.4,20.3,20.2,20.1,20.1,20.1,20.3,20.3,20.3,20.2,20.3,20.3,20.2,20.4,20.3,20.4,20.2,20.4,20.1,20.2,20.3,20.2,20.3,20.3,20.3,20.3,20.2,20.4,20.3,20.3,20.4,20.2
108,20.4,20.8,20.8,20.8,20.8,20.8,20.7,20.8,21.0,21.4,22.1,25.4,28.8,29.8,30.1,30.1,30.5,30.5,30.4,30.5,30.7,30.6,30.9,30.8,31.0,31.0,31.1,31.1,31.2,31.3,31.3,31.3,31.3,30.5,28.6,23.8,21.7,21.2,20.9,20.8,20.7,20.7,20.9,20.7,20.7,20.8,20.8,20.9,21.2,21.5,23.3,28.1,29.8,30.5,30.6,30.7,30.8,30.8,30.9,30.7,30.8,30.9,30.8,30.9,31.1,31.1,31.2,31.2,31.3,31.3,31.3,30.6,27.4,23.1,21.9,21.9,22.4,25.5,29.8,31.0,31.3,31.4,31.7,31.7,31.7,31.7,31.7,31.7,31.7,32.0,32.0,32.2,32.2,32.2,32.5,32.2,32.2,31.9,31.7,31.6,31.9,31.7,31.7,31.7,31.7,31.7,31.9,31.7,31.7,32.0,32.0,31.9,31.9,32.0,31.9,32.0,32.0,31.9,31.9,31.7,31.5,31.2,31.2,30.8,30.6,30.7,30.6,30.4,30.1,29.8,29.6,29.3,28.7,28.5,27.9,26.5,24.4,22.1,21.2,20.9,20.8,20.7,20.5,20.5,20.4,20.7,20.5,20.4,20.5,20.5,20.5,20.2,20.3,20.4,20.4,20.4,20.3,20.4,20.4,20.2,20.3,20.3,20.2,20.3,20.2,20.4,20.2,20.3,20.2,20.3,20.3,20.4,20.3,20.2,20.2,20.3,20.1,20.2,20.2,20.3,20.2,20.3,20.2,20.3,20.2,20.1,20.2,20.2,20.3,20.2,20.4,20.2,20.4,20.2,20.3,20.2,20.2,20.2,20.3,20.2,20.2,20.2,20.2,20.2,20.2,20.1,20.2,20.2,20.3,20.2,20.2,20.1,20.3,20.2,20.2,20.1,20.1,20.2,20.3,20.2,20.0,20.1,20.0,20.1,20.1,20.2,20.2,20.1,20.2,20.3,20.4,20.3,20.2,20.2,20.4,20.4,20.5,20.3,20.3,20.1,20.2,20.4,20.3,20.2,20.3,20.3,20.2,20.2,20.2,20.2,20.3,20.3,20.3,20.3,20.4,20.4
109,20.6,20.8,20.7,20.8,20.8,20.7,20.7,20.8,21.2,21.5,22.2,25.4,28.7,29.7,30.1,30.4,30.5,30.5,30.5,30.7,30.6,30.6,30.8,30.9,31.0,31.0,31.1,31.2,31.2,31.2,31.2,31.2,31.1,30.6,28.4,23.3,21.6,21.2,21.0,20.8,20.7,20.7,20.8,20.8,20.8,20.8,20.9,21.0,21.2,21.4,22.8,27.4,29.8,30.4,30.6,30.8,30.9,31.0,30.9,30.9,31.0,31.0,31.0,31.0,31.0,31.2,31.3,31.5,31.5,31.7,31.4,30.8,28.0,23.3,21.9,21.9,22.4,25.0,29.6,31.1,31.3,31.5,31.7,31.7,31.9,31.9,31.7,31.9,31.7,32.0,32.2,32.3,32.2,32.2,32.5,32.5,32.3,32.0,31.9,31.7,31.7,31.7,31.7,31.6,31.7,31.7,31.7,31.7,31.7,31.7,31.9,31.7,31.7,31.9,31.7,31.7,32.0,31.9,31.7,31.7,31.6,31.4,31.3,31.1,30.8,30.7,30.6,30.4,30.1,29.8,29.4,29.1,28.9,28.5,28.1,27.2,25.7,22.9,21.5,20.9,20.8,20.7,20.6,20.5,20.5,20.5,20.5,20.4,20.5,20.5,20.4,20.4,20.5,20.4,20.4,20.4,20.3,20.3,20.5,20.5,20.3,20.2,20.2,20.2,20.2,20.2,20.3,20.4,20.4,20.4,20.3,20.4,20.3,20.2,20.3,20.2,20.3,20.4,20.3,20.2,20.4,20.4,20.2,20.4,20.4,20.1,20.5,20.2,20.3,20.1,20.2,20.4,20.2,20.2,20.3,20.3,20.2,20.1,20.2,20.3,20.2,20.2,20.2,20.2,20.3,20.2,20.2,20.2,20.3,20.2,20.2,20.3,20.2,20.2,20.2,20.2,20.2,20.1,20.3,20.2,20.2,20.0,20.2,20.1,20.2,20.2,20.2,20.3,20.3,20.3,20.2,20.4,20.3,20.4,20.4,20.3,20.4,20.4,20.5,20.4,20.4,20.5,20.3,20.2,20.2,20.2,20.2,20.2,20.2,20.2,20.3,20.4,20.4,20.2,20.4,20.4
110,20.7,20.7,20.7,20.7,20.7,20.7,20.7,21.0,21.0,21.4,22.4,25.7,28.9,29.8,30.0,30.4,30.6,30.6,30.7,30.7,30.7,30.6,30.9,31.0,30.9,31.0,31.0,31.1,31.4,31.3,31.3,31.2,31.2,30.5,27.7,23.0,21.5,21.0,20.8,20.8,20.7,20.9,20.8,20.8,20.8,20.9,20.8,20.9,21.0,21.4,22.7,27.1,29.8,30.3,30.7,30.8,30.9,31.0,31.0,31.1,31.1,31.2,31.2,31.2,31.2,31.5,31.5,31.6,31.7,32.0,31.9,31.0,28.6,23.5,22.0,21.8,22.1,24.7,29.5,31.3,31.7,31.9,31.7,32.0,31.9,31.7,31.9,32.0,32.0,32.2,32.2,32.3,32.2,32.5,32.3,32.5,32.5,32.2,31.9,31.7,31.6,31.7,31.5,31.7,31.7,31.6,31.7,31.7,31.7,31.6,31.5,31.7,31.7,31.7,31.7,31.7,31.7,31.7,31.7,31.7,31.6,31.5,31.5,31.2,31.3,30.9,30.7,30.5,30.3,30.0,29.5,29.3,28.9,28.7,28.2,27.7,26.3,24.0,21.9,20.9,20.8,20.7,20.5,20.7,20.6,20.5,20.5,20.5,20.5,20.4,20.5,20.5,20.4,20.4,20.5,20.4,20.3,20.5,20.3,20.3,20.3,20.4,20.4,20.3,20.2,20.3,20.4,20.3,20.3,20.4,20.4,20.4,20.3,20.4,20.3,20.3,20.2,20.2,20.2,20.4,20.4,20.3,20.3,20.4,20.2,20.3,20.4,20.2,20.3,20.2,20.2,20.3,20.3,20.3,20.2,20.2,20.1,20.2,20.3,20.2,20.2,20.2,20.3,20.2,20.2,20.2,20.2,20.1,20.2,20.2,20.1,20.2,20.2,20.3,20.2,20.2,20.1,20.1,20.3,20.2,20.1,20.1,20.2,20.1,20.2,20.2,20.2,20.2,20.3,20.2,20.4,20.2,20.2,20.3,20.4,20.4,20.4,20.3,20.4,20.4,20.3,20.3,20.3,20.1,20.2,20.2,20.3,20.2,20.2,20.2,20.2,20.3,20.4,20.2,20.2,20.2
111,20.7,20.7,20.7,20.6,20.7,20.8,20.7,20.9,21.2,21.4,22.2,25.7,28.7,29.8,30.4,30.4,30.6,30.8,30.7,30.7,31.0,30.8,30.9,31.0,30.9,31.2,31.1,31.3,31.3,31.5,31.5,31.2,31.1,30.3,27.1,22.9,21.2,21.2,20.8,20.8,20.7,20.8,20.9,20.7,20.7,20.8,21.0,20.9,21.0,21.4,22.4,26.4,29.4,30.1,30.7,31.0,31.0,31.2,31.3,31.5,31.5,31.4,31.3,31.5,31.4,31.7,31.7,31.9,32.2,32.2,32.0,31.5,29.3,24.1,22.0,21.8,22.1,24.6,29.3,31.2,31.7,31.9,31.9,32.2,32.0,32.2,32.0,32.0,32.0,32.2,32.2,32.3,32.5,32.5,32.7,32.8,32.5,32.2,31.9,31.7,31.7,31.5,31.7,31.4,31.5,31.6,31.7,31.7,31.6,31.5,31.6,31.7,31.5,31.7,31.7,31.9,31.7,31.7,31.5,31.4,31.5,31.5,31.5,31.3,31.2,31.1,31.0,30.6,30.3,30.0,29.8,29.4,29.0,28.9,28.5,27.9,27.1,25.1,22.4,21.4,20.9,20.7,20.6,20.6,20.6,20.5,20.5,20.4,20.4,20.5,20.5,20.4,20.6,20.5,20.4,20.4,20.4,20.4,20.4,20.4,20.4,20.4,20.4,20.4,20.3,20.2,20.2,20.2,20.3,20.3,20.3,20.4,20.3,20.3,20.2,20.2,20.3,20.4,20.2,20.3,20.4,20.2,20.4,20.3,20.4,20.4,20.4,20.3,20.1,20.2,20.4,20.4,20.2,20.3,20.2,20.2,20.3,20.2,20.2,20.1,20.2,20.2,20.2,20.3,20.2,20.2,20.1,20.2,20.2,20.1,20.1,20.2,20.2,20.1,20.1,20.1,20.1,20.3,20.1,20.2,20.2,20.2,20.1,20.0,20.1,20.2,20.3,20.2,20.3,20.3,20.2,20.4,20.2,20.2,20.3,20.4,20.4,20.4,20.4,20.3,20.4,20.2,20.3,20.3,20.4,20.3,20.3,20.3,20.2,20.2,20.2,20.2,20.2,20.2,20.2,20.1
112,20.6,20.7,20.7,20.8,20.8,20.8,20.7,20.8,20.9,21.4,22.4,25.9,29.2,29.8,30.4,30.6,30.6,30.8,30.8,30.9,30.8,30.9,31.2,31.2,31.5,31.5,31.6,31.5,31.7,31.7,31.5,31.3,31.2,30.0,26.4,22.4,21.4,20.9,20.7,20.7,20.7,20.7,20.9,20.8,20.8,20.8,20.8,21.0,21.2,21.4,22.2,26.1,29.6,30.5,30.8,31.0,31.3,31.5,31.6,31.7,31.7,31.7,31.7,31.9,31.9,32.0,32.2,32.5,32.7,32.7,32.6,32.0,29.6,24.7,22.1,22.0,22.1,24.4,29.7,31.7,32.2,32.2,32.2,32.5,32.2,32.3,32.2,32.2,32.2,32.2,32.3,32.3,32.6,32.8,32.8,32.8,32.7,32.2,31.7,31.7,31.6,31.6,31.5,31.3,31.5,31.5,31.6,31.5,31.6,31.7,31.7,31.6,31.7,31.7,31.7,31.7,31.9,31.6,31.5,31.3,31.3,31.2,31.4,31.2,31.2,31.2,31.0,30.6,30.6,30.3,30.0,29.6,29.4,29.2,28.7,28.2,27.6,26.1,23.3,21.7,20.9,20.7,20.6,20.6,20.6,20.5,20.4,20.5,20.5,20.6,20.6,20.4,20.5,20.4,20.5,20.4,20.4,20.4,20.4,20.4,20.5,20.4,20.4,20.4,20.2,20.3,20.4,20.4,20.4,20.3,20.4,20.2,20.3,20.3,20.3,20.3,20.2,20.3,20.3,20.3,20.4,20.3,20.4,20.3,20.2,20.4,20.3,20.4,20.4,20.2,20.3,20.3,20.4,20.5,20.4,20.2,20.3,20.3,20.4,20.4,20.3,20.3,20.3,20.3,20.3,20.3,20.3,20.4,20.4,20.3,20.2,20.3,20.2,20.2,20.3,20.2,20.3,20.3,20.3,20.4,20.2,20.4,20.2,20.2,20.1,20.2,20.4,20.3,20.2,20.5,20.4,20.4,20.4,20.3,20.4,20.3,20.4,20.4,20.5,20.3,20.4,20.4,20.4,20.5,20.3,20.4,20.4,20.5,20.3,20.3,20.2,20.4,20.2,20.3,20.2,20.3
113,20.8,20.8,20.7,20.8,20.8,20.9,20.9,20.7,21.0,21.5,22.7,25.9,29.0,29.8,30.5,30.7,30.8,31.1,31.2,31.2,31.2,31.2,31.2,31.6,31.7,31.9,31.7,31.7,32.0,31.7,31.7,31.5,31.2,30.0,25.5,22.0,21.2,20.9,20.7,20.8,20.7,20.8,20.8,20.7,20.8,20.8,20.8,20.9,21.0,21.2,22.1,26.1,29.5,30.6,31.0,31.5,31.6,31.7,31.9,31.9,32.0,32.0,32.2,32.2,32.2,32.7,32.8,33.0,32.8,33.2,33.0,32.2,30.1,25.3,22.1,22.0,22.4,24.6,30.0,32.2,32.2,32.5,32.7,32.7,32.6,32.5,32.2,32.2,32.2,32.5,32.5,32.7,32.8,33.0,33.0,33.0,32.8,32.5,32.0,31.9,31.6,31.5,31.5,31.3,31.5,31.5,31.6,31.6,31.5,31.6,31.6,31.6,31.7,31.7,31.6,31.7,31.7,31.7,31.5,31.3,31.2,31.2,31.2,31.1,31.0,31.0,30.8,30.6,30.5,30.0,30.0,29.6,29.4,29.1,28.9,28.5,28.0,27.0,24.4,22.1,21.2,20.8,20.6,20.7,20.6,20.6,20.5,20.6,20.5,20.5,20.4,20.4,20.4,20.4,20.5,20.3,20.4,20.4,20.4,20.5,20.5,20.4,20.4,20.5,20.3,20.4,20.5,20.4,20.4,20.5,20.2,20.4,20.3,20.4,20.2,20.4,20.4,20.2,20.3,20.4,20.3,20.3,20.1,20.4,20.2,20.4,20.4,20.4,20.4,20.4,20.4,20.5,20.4,20.4,20.4,20.4,20.2,20.3,20.4,20.4,20.4,20.3,20.4,20.2,20.3,20.3,20.3,20.2,20.4,20.2,20.4,20.3,20.1,20.2,20.2,20.4,20.3,20.3,20.3,20.2,20.2,20.2,20.2,20.2,20.4,20.4,20.3,20.4,20.3,20.3,20.4,20.2,20.4,20.3,20.4,20.2,20.4,20.4,20.4,20.4,20.5,20.4,20.4,20.4,20.4,20.5,20.5,20.4,20.4,20.3,20.4,20.3,20.2,20.3,20.3,20.4
114,20.9,20.9,20.8,20.8,20.8,20.8,20.8,21.2,21.0,21.4,22.4,26.0,28.9,29.8,30.5,30.8,31.2,31.0,31.1,31.3,31.5,31.6,31.7,31.7,31.6,31.5,31.7,31.7,32.2,32.0,31.9,31.7,31.5,29.8,24.7,22.0,21.2,20.9,20.8,20.7,20.7,20.7,20.8,20.7,20.8,20.9,20.9,20.8,21.0,21.4,22.1,25.8,29.5,30.7,31.1,31.7,31.6,32.0,32.2,32.3,32.2,32.5,32.6,32.7,32.7,32.8,32.8,33.0,33.2,33.5,33.0,32.6,30.7,25.5,22.7,22.0,22.2,24.8,30.6,32.2,32.3,32.5,32.5,32.8,32.8,32.8,32.8,32.6,32.7,32.7,32.8,32.9,33.0,33.1,33.0,33.0,33.0,32.2,32.2,31.7,31.7,31.5,31.5,31.4,31.5,31.5,31.5,31.5,31.7,31.7,31.6,31.5,31.7,31.7,31.7,31.9,31.7,31.7,31.5,31.2,31.2,31.0,31.1,30.8,30.9,30.7,30.6,30.5,30.3,30.0,29.8,29.4,29.3,29.2,28.9,28.7,28.2,27.6,25.6,22.8,21.2,20.9,20.7,20.7,20.5,20.5,20.5,20.5,20.6,20.5,20.4,20.4,20.5,20.4,20.4,20.5,20.4,20.4,20.4,20.4,20.5,20.4,20.3,20.4,20.4,20.5,20.4,20.4,20.4,20.3,20.5,20.4,20.4,20.4,20.5,20.3,20.4,20.3,20.4,20.3,20.4,20.4,20.4,20.2,20.2,20.5,20.3,20.4,20.3,20.4,20.3,20.2,20.4,20.2,20.2,20.3,20.3,20.4,20.4,20.3,20.2,20.3,20.2,20.4,20.1,20.4,20.4,20.2,20.3,20.3,20.3,20.2,20.1,20.3,20.2,20.4,20.2,20.2,20.2,20.3,20.2,20.2,20.2,20.2,20.2,20.3,20.3,20.2,20.3,20.3,20.3,20.4,20.2,20.4,20.4,20.5,20.3,20.4,20.4,20.3,20.4,20.4,20.5,20.4,20.3,20.4,20.4,20.3,20.4,20.5,20.4,20.3,20.2,20.2,20.2,20.6
115,20.7,20.8,20.9,20.8,20.8,20.9,20.9,20.9,21.2,21.5,22.8,26.4,29.1,29.8,30.3,30.7,30.9,31.2,31.1,31.5,31.5,31.5,31.6,31.7,31.7,31.7,31.6,31.5,31.9,31.6,31.9,31.9,31.4,29.2,24.4,21.8,21.2,20.9,20.8,20.7,20.8,20.8,21.0,20.9,20.9,21.0,20.8,21.0,21.0,21.2,22.1,25.8,29.7,30.7,31.5,31.7,32.2,32.2,32.5,32.6,32.5,32.6,32.6,32.6,32.8,32.8,32.8,32.9,33.0,33.2,33.2,32.8,31.0,26.8,22.8,22.0,22.4,25.8,30.9,32.2,32.5,32.8,32.7,32.8,32.8,32.8,32.8,32.8,32.8,32.8,32.9,33.0,33.1,33.3,33.4,33.4,33.0,32.6,32.2,31.7,31.7,31.5,31.4,31.5,31.5,31.5,31.6,31.5,31.5,31.5,31.5,31.5,31.6,31.7,31.6,31.7,31.7,31.5,31.5,31.1,31.1,31.0,31.0,30.7,30.7,30.6,30.4,30.3,30.0,29.7,29.6,29.4,29.3,29.2,28.9,28.9,28.5,27.9,26.4,23.5,21.7,20.9,20.7,20.6,20.5,20.5,20.4,20.4,20.4,20.7,20.6,20.5,20.4,20.5,20.5,20.3,20.3,20.4,20.4,20.4,20.4,20.5,20.5,20.5,20.4,20.4,20.4,20.4,20.4,20.3,20.4,20.2,20.4,20.4,20.3,20.4,20.2,20.3,20.4,20.4,20.4,20.4,20.3,20.4,20.4,20.2,20.3,20.3,20.4,20.2,20.4,20.2,20.3,20.3,20.2,20.4,20.3,20.4,20.4,20.2,20.2,20.2,20.3,20.2,20.2,20.3,20.3,20.4,20.3,20.4,20.2,20.3,20.2,20.2,20.4,20.2,20.2,20.2,20.2,20.2,20.3,20.2,20.4,20.3,20.4,20.3,20.2,20.2,20.3,20.4,20.4,20.3,20.3,20.2,20.4,20.3,20.2,20.2,20.3,20.3,20.5,20.4,20.3,20.4,20.4,20.4,20.4,20.3,20.3,20.4,20.3,20.2,20.2,20.2,20.4,20.4
116,21.0,20.9,20.8,20.9,20.8,20.9,20.8,21.2,21.2,21.6,22.8,26.5,29.1,29.8,30.3,30.6,30.7,30.7,30.9,31.0,31.1,31.1,31.2,31.3,31.5,31.4,31.7,31.7,31.7,31.7,31.6,31.6,31.0,29.2,24.2,21.8,21.2,20.9,20.8,20.7,20.8,20.8,20.8,20.7,20.7,20.9,20.8,20.9,21.0,21.2,22.2,25.7,29.7,31.3,31.5,32.0,32.2,32.5,32.2,32.5,32.3,32.7,32.5,32.5,32.5,32.7,32.8,32.8,33.0,33.1,33.3,32.9,31.5,27.2,22.8,22.6,22.8,26.3,31.2,32.5,32.6,32.8,32.8,32.8,32.9,32.8,32.8,32.8,32.9,32.9,33.0,33.0,33.2,33.4,33.5,33.5,33.1,32.7,32.2,31.9,31.6,31.5,31.6,31.6,31.5,31.7,31.6,31.5,31.5,31.5,31.5,31.5,31.6,31.7,31.7,31.7,31.7,31.6,31.3,31.1,31.1,31.0,31.0,30.8,30.6,30.6,30.4,30.1,30.0,29.8,29.6,29.4,29.2,29.2,29.1,28.9,28.7,28.2,27.1,24.7,22.1,21.2,20.7,20.7,20.5,20.4,20.5,20.4,20.5,20.4,20.5,20.5,20.6,20.4,20.5,20.5,20.5,20.4,20.4,20.4,20.4,20.4,20.4,20.4,20.3,20.4,20.3,20.3,20.4,20.4,20.2,20.2,20.3,20.4,20.4,20.4,20.4,20.4,20.4,20.4,20.5,20.4,20.2,20.3,20.3,20.3,20.3,20.2,20.2,20.4,20.3,20.3,20.2,20.1,20.2,20.4,20.4,20.4,20.4,20.2,20.3,20.1,20.3,20.2,20.3,20.3,20.3,20.2,20.2,20.2,20.1,20.3,20.2,20.2,20.4,20.3,20.2,20.2,20.2,20.3,20.4,20.2,20.2,20.2,20.3,20.5,20.3,20.3,20.4,20.4,20.4,20.4,20.4,20.2,20.4,20.4,20.4,20.4,20.2,20.4,20.3,20.3,20.4,20.5,20.3,20.4,20.4,20.4,20.2,20.2,20.4,20.3,20.3,20.3,20.4,20.5
117,20.7,20.9,20.9,20.8,21.0,21.0,20.9,20.9,21.2,21.7,23.0,26.6,29.1,30.0,30.3,30.5,30.6,30.8,30.9,31.1,30.9,31.0,31.1,31.1,31.4,31.2,31.5,31.5,31.5,31.6,31.4,31.4,30.9,29.1,24.4,21.8,21.2,21.0,20.8,20.8,20.8,20.9,20.9,20.8,20.8,20.9,20.9,21.2,21.2,21.5,22.2,25.7,29.8,31.2,31.7,31.9,32.2,32.2,32.2,32.2,32.2,32.2,32.2,32.2,32.5,32.5,32.6,32.8,32.9,33.1,33.2,33.1,31.9,28.8,24.1,23.0,23.5,27.7,32.0,32.8,32.8,32.8,32.8,32.9,33.0,33.0,32.8,33.0,32.8,32.9,33.1,33.1,33.3,33.7,33.7,33.7,33.2,32.8,32.2,32.0,31.9,31.7,31.7,31.5,31.6,31.5,31.5,31.5,31.5,31.6,31.5,31.7,31.7,31.7,31.7,31.7,31.7,31.4,31.2,31.1,31.2,31.1,31.1,30.8,30.8,30.6,30.4,30.1,30.0,29.8,29.8,29.4,29.3,29.2,29.0,29.1,28.8,28.4,27.7,25.7,22.8,21.2,20.8,20.6,20.6,20.5,20.4,20.2,20.4,20.5,20.4,20.4,20.4,20.5,20.3,20.5,20.5,20.5,20.4,20.6,20.4,20.5,20.3,20.5,20.4,20.4,20.4,20.4,20.4,20.3,20.4,20.4,20.3,20.3,20.2,20.3,20.4,20.4,20.3,20.3,20.2,20.5,20.4,20.4,20.4,20.3,20.2,20.3,20.2,20.4,20.3,20.3,20.2,20.2,20.3,20.2,20.2,20.2,20.4,20.2,20.4,20.3,20.4,20.2,20.2,20.3,20.4,20.4,20.3,20.4,20.3,20.4,20.2,20.4,20.2,20.4,20.2,20.2,20.2,20.3,20.4,20.3,20.3,20.4,20.3,20.5,20.3,20.4,20.4,20.4,20.3,20.4,20.2,20.3,20.4,20.3,20.4,20.5,20.4,20.4,20.3,20.5,20.4,20.3,20.2,20.4,20.5,20.3,20.2,20.4,20.3,20.2,20.4,20.3,20.4,20.2
118,20.7,20.9,20.9,20.9,20.8,20.8,20.8,20.9,21.2,21.6,22.7,26.3,29.0,29.8,30.0,30.3,30.6,30.6,30.8,30.9,31.0,31.0,31.1,31.2,31.2,31.2,31.2,31.3,31.2,31.3,31.4,31.2,30.9,28.6,23.3,21.8,21.0,20.9,20.8,20.7,20.9,20.8,20.8,20.8,20.8,20.9,20.8,21.0,21.2,21.6,22.2,26.5,29.8,31.1,31.6,31.7,32.0,32.0,31.7,32.0,32.0,32.0,32.0,32.0,32.2,32.2,32.2,32.5,32.5,32.8,32.8,32.7,32.0,29.8,25.3,24.7,26.4,30.3,32.3,32.6,32.8,32.8,33.0,33.0,33.0,33.1,33.0,33.0,32.8,32.8,33.0,33.2,33.2,33.4,33.7,33.5,33.3,32.8,32.5,32.0,31.7,31.7,31.7,31.5,31.5,31.5,31.5,31.7,31.5,31.5,31.6,31.5,31.7,31.7,31.7,31.7,31.7,31.5,31.3,31.1,31.2,31.2,31.1,30.9,30.7,30.6,30.4,30.1,30.0,29.8,29.8,29.5,29.3,29.2,29.2,29.0,28.9,28.5,27.9,26.4,23.3,21.4,20.7,20.6,20.4,20.5,20.4,20.4,20.4,20.4,20.4,20.4,20.3,20.3,20.4,20.4,20.4,20.4,20.4,20.4,20.4,20.3,20.3,20.3,20.4,20.2,20.3,20.4,20.2,20.3,20.3,20.3,20.2,20.4,20.3,20.4,20.4,20.2,20.2,20.3,20.2,20.2,20.4,20.4,20.4,20.3,20.3,20.4,20.3,20.2,20.4,20.3,20.1,20.2,20.2,20.4,20.1,20.2,20.2,20.1,20.2,20.3,20.3,20.3,20.4,20.2,20.4,20.3,20.2,20.3,20.2,20.3,20.4,20.2,20.2,20.2,20.2,20.2,20.1,20.2,20.2,20.3,20.2,20.4,20.2,20.4,20.3,20.3,20.2,20.3,20.2,20.4,20.3,20.2,20.4,20.4,20.4,20.6,20.4,20.4,20.5,20.5,20.4,20.4,20.3,20.4,20.3,20.4,20.3,20.4,20.2,20.3,20.4,20.4,20.4,20.5
119,20.8,20.9,20.9,20.8,20.8,20.8,20.8,20.9,21.2,21.5,22.7,26.1,29.0,29.8,30.0,30.4,30.6,30.6,30.7,30.8,31.1,31.0,31.0,31.1,31.1,30.8,31.1,31.0,31.2,31.2,31.1,31.1,30.6,28.2,23.4,21.8,21.2,20.9,20.8,20.8,20.7,20.7,20.7,20.9,20.9,20.9,21.2,21.0,21.2,21.5,22.7,27.2,30.1,31.1,31.6,31.7,31.9,31.9,31.7,31.9,31.9,32.0,32.0,31.9,32.2,32.2,32.2,32.2,32.2,32.2,32.2,32.2,31.9,31.1,29.5,29.7,30.6,31.6,32.2,32.5,32.8,32.5,32.8,32.8,32.9,32.8,32.8,32.9,32.8,32.9,32.8,33.2,33.1,33.4,33.5,33.5,33.3,32.9,32.7,32.2,31.9,31.9,31.6,31.5,31.4,31.7,31.5,31.6,31.5,31.7,31.6,31.7,31.7,31.7,31.7,31.6,31.6,31.5,31.2,31.0,31.3,31.2,31.2,31.0,30.7,30.6,30.4,30.1,30.0,29.8,29.7,29.4,29.3,29.3,29.2,29.1,28.9,28.6,28.0,26.9,23.9,21.5,20.8,20.6,20.5,20.4,20.4,20.4,20.4,20.3,20.4,20.4,20.4,20.4,20.3,20.4,20.3,20.5,20.5,20.3,20.2,20.4,20.3,20.2,20.3,20.3,20.3,20.3,20.4,20.2,20.3,20.3,20.2,20.2,20.3,20.3,20.1,20.2,20.2,20.3,20.2,20.2,20.2,20.3,20.3,20.2,20.2,20.2,20.1,20.2,20.2,20.1,20.2,20.1,20.3,20.2,20.2,20.2,20.1,20.1,20.2,20.3,20.4,20.3,20.3,20.2,20.3,20.2,20.2,20.1,20.2,20.2,20.2,20.2,20.2,20.2,20.1,20.1,20.2,20.1,20.2,20.2,20.4,20.2,20.2,20.2,20.2,20.4,20.2,20.2,20.3,20.4,20.3,20.3,20.2,20.2,20.1,20.3,20.3,20.4,20.4,20.2,20.4,20.4,20.2,20.5,20.3,20.2,20.1,20.3,20.1,20.3,20.3,20.2,20.1,20.0
120,20.8,20.9,20.7,20.8,20.8,20.9,20.8,20.9,21.2,21.6,22.4,26.2,29.0,29.8,30.3,30.4,30.6,30.7,30.8,30.9,30.9,31.0,31.1,31.1,31.0,30.9,31.0,31.1,31.1,31.2,31.2,31.0,30.6,28.1,23.6,21.7,21.2,21.0,20.8,20.7,20.8,20.7,20.9,20.8,20.9,20.9,20.8,20.8,21.4,21.7,23.1,28.1,30.1,31.1,31.4,31.7,31.7,31.7,31.9,31.7,32.0,32.0,32.0,32.0,32.0,32.2,32.0,32.0,31.9,32.0,32.0,32.0,32.0,32.0,31.7,31.7,32.0,32.2,32.5,32.2,32.5,32.6,32.5,32.8,32.8,32.7,32.7,32.6,32.6,32.7,32.8,33.0,33.1,33.2,33.4,33.7,33.3,33.0,32.8,32.5,32.2,31.9,31.9,31.7,31.6,31.7,31.6,31.5,31.6,31.7,31.7,31.7,31.7,31.7,31.7,31.5,31.5,31.5,31.2,31.2,31.7,31.6,31.4,31.1,30.8,30.7,30.5,30.0,30.0,29.8,29.7,29.6,29.4,29.4,29.2,29.1,28.9,28.7,28.1,27.1,24.3,21.7,20.8,20.5,20.6,20.4,20.4,20.5,20.4,20.4,20.5,20.4,20.4,20.3,20.4,20.3,20.3,20.2,20.3,20.2,20.4,20.4,20.4,20.3,20.2,20.2,20.2,20.3,20.3,20.4,20.2,20.2,20.2,20.2,20.4,20.4,20.3,20.3,20.4,20.3,20.3,20.2,20.2,20.2,20.5,20.3,20.3,20.3,20.3,20.2,20.2,20.2,20.2,20.3,20.2,20.2,20.2,20.2,20.2,20.2,20.2,20.2,20.2,20.2,20.4,20.2,20.3,20.2,20.1,20.1,20.3,20.2,20.2,20.2,20.3,20.1,20.1,20.2,20.2,20.1,20.3,20.3,20.2,20.3,20.2,20.2,20.2,20.4,20.3,20.3,20.3,20.4,20.1,20.5,20.3,20.2,20.3,20.2,20.5,20.3,20.5,20.7,20.3,20.3,20.3,20.4,20.2,20.2,20.3,20.2,20.1,20.2,20.2,20.2,20.3,20.4
121,20.9,20.9,20.9,20.9,20.8,20.9,20.9,20.9,21.4,21.6,22.8,25.8,28.9,29.8,30.4,30.6,30.7,30.7,30.7,30.8,30.9,31.0,31.0,31.0,30.9,31.0,31.1,31.2,31.2,31.2,31.2,31.2,30.5,27.7,22.9,21.6,21.2,21.0,20.9,20.8,20.9,20.9,20.9,20.8,20.8,20.9,20.9,21.0,21.2,22.0,24.0,29.0,30.6,31.2,31.4,31.7,31.7,31.7,31.7,31.9,31.9,31.9,31.9,32.0,32.0,32.0,32.0,31.9,31.7,32.0,31.9,32.2,32.2,32.0,32.2,32.2,32.2,32.2,32.2,32.5,32.5,32.5,32.6,32.5,32.2,32.5,32.5,32.5,32.7,32.7,32.8,32.8,32.8,33.0,33.3,33.4,33.5,33.0,32.8,32.5,32.2,32.2,32.0,31.9,31.7,31.7,31.7,31.7,31.7,31.7,31.7,31.7,31.7,31.7,31.7,31.7,31.5,31.5,31.2,31.3,32.0,31.9,31.7,31.3,31.1,30.6,30.5,30.3,30.3,30.0,29.8,29.5,29.5,29.5,29.3,29.1,29.0,28.6,28.1,27.0,24.3,21.7,20.8,20.5,20.5,20.5,20.4,20.5,20.4,20.4,20.5,20.4,20.3,20.4,20.3,20.4,20.2,20.3,20.2,20.4,20.3,20.2,20.4,20.2,20.3,20.4,20.4,20.2,20.2,20.3,20.3,20.3,20.1,20.2,20.4,20.2,20.2,20.3,20.4,20.5,20.4,20.2,20.2,20.3,20.4,20.3,20.2,20.2,20.3,20.2,20.2,20.1,20.2,20.2,20.3,20.2,20.3,20.3,20.3,20.2,20.2,20.4,20.3,20.2,20.2,20.2,20.4,20.3,20.3,20.2,20.2,20.1,20.2,20.2,20.2,20.2,20.2,20.4,20.4,20.2,20.2,20.3,20.3,20.2,20.4,20.3,20.4,20.3,20.3,20.3,20.4,20.4,20.2,20.4,20.4,20.2,20.2,20.2,20.4,20.4,20.5,20.5,20.4,20.5,20.2,20.4,20.2,20.2,20.2,20.2,20.2,20.3,20.3,20.4,20.3,20.5
122,20.8,21.0,20.8,20.8,20.7,20.9,20.9,21.0,21.0,21.5,22.7,26.3,29.1,30.0,30.5,30.5,30.7,30.7,30.9,30.7,31.0,30.9,31.0,30.9,31.0,31.2,31.2,31.0,31.3,31.3,31.2,31.0,30.4,27.1,22.8,21.5,21.0,20.9,20.7,20.9,20.8,20.9,20.9,20.8,20.9,20.9,20.8,21.0,21.4,22.1,24.9,29.6,30.7,31.2,31.5,31.5,31.7,31.7,31.9,31.7,31.9,31.7,31.9,32.0,32.0,31.9,32.0,31.9,31.7,31.9,32.0,32.0,32.0,32.2,32.2,32.2,32.5,32.2,32.3,32.3,32.5,32.3,32.3,32.7,32.2,32.5,32.5,32.3,32.6,32.6,32.8,32.7,32.8,32.8,32.8,33.1,33.0,32.8,32.8,32.8,32.5,32.7,32.2,32.2,32.0,32.0,31.9,31.7,31.7,31.7,31.7,31.9,31.7,31.7,31.5,31.7,31.5,31.2,31.2,31.5,32.2,32.0,31.7,31.7,31.1,31.0,30.7,30.3,30.1,29.8,29.8,29.6,29.4,29.4,29.3,29.3,28.9,28.6,28.1,26.8,24.0,21.5,20.8,20.6,20.7,20.5,20.4,20.4,20.4,20.5,20.5,20.3,20.3,20.4,20.2,20.4,20.4,20.4,20.3,20.5,20.3,20.3,20.5,20.3,20.4,20.3,20.2,20.3,20.2,20.2,20.2,20.3,20.3,20.3,20.3,20.3,20.4,20.4,20.3,20.3,20.4,20.3,20.2,20.2,20.3,20.3,20.3,20.2,20.3,20.3,20.3,20.4,20.2,20.2,20.2,20.3,20.2,20.3,20.2,20.2,20.3,20.3,20.2,20.4,20.2,20.3,20.2,20.3,20.4,20.3,20.1,20.2,20.4,20.3,20.1,20.2,20.1,20.2,20.2,20.3,20.2,20.2,20.3,20.2,20.3,20.4,20.3,20.4,20.4,20.3,20.3,20.2,20.3,20.3,20.4,20.3,20.4,20.4,20.5,20.5,20.4,20.4,20.4,20.4,20.3,20.2,20.2,20.4,20.3,20.4,20.3,20.3,20.2,20.3,20.3,20.4
123,21.0,20.9,20.8,20.8,20.9,20.9,20.9,21.0,21.0,21.5,22.9,26.3,29.0,29.8,30.5,30.6,30.7,30.8,30.7,30.8,30.6,30.9,30.9,30.9,31.1,31.1,31.2,31.1,31.2,31.3,31.2,31.1,30.0,26.8,22.4,21.5,21.0,20.9,20.9,20.9,20.9,20.9,20.9,20.8,20.8,20.9,21.0,21.2,21.5,22.2,26.3,29.7,30.8,31.2,31.5,31.7,31.7,31.7,31.7,31.7,31.9,31.9,31.7,31.9,31.9,31.9,31.9,31.7,31.7,31.9,32.0,31.9,32.0,32.2,32.2,32.2,32.2,32.2,32.2,32.3,32.5,32.5,32.2,32.5,32.2,32.5,32.3,32.5,32.5,32.5,32.5,32.5,32.6,32.7,32.7,32.9,32.8,32.8,32.9,32.8,32.8,32.8,32.5,32.5,32.6,32.2,32.2,32.0,31.9,31.9,31.9,31.9,31.7,31.7,31.6,31.7,31.5,31.3,31.5,31.5,31.9,32.0,32.0,31.7,31.5,31.1,30.8,30.6,30.3,30.0,29.8,29.7,29.5,29.4,29.3,29.1,28.9,28.6,28.0,26.8,23.5,21.4,20.6,20.6,20.4,20.4,20.4,20.5,20.4,20.5,20.4,20.2,20.2,20.2,20.3,20.3,20.4,20.2,20.2,20.3,20.3,20.3,20.3,20.3,20.3,20.3,20.2,20.2,20.3,20.1,20.2,20.3,20.2,20.1,20.4,20.2,20.3,20.2,20.2,20.3,20.3,20.2,20.2,20.2,20.2,20.3,20.4,20.2,20.2,20.2,20.4,20.2,20.2,20.2,20.3,20.1,20.2,20.3,20.3,20.2,20.2,20.3,20.2,20.3,20.2,20.3,20.2,20.4,20.2,20.3,20.2,20.2,20.2,20.3,20.2,20.3,20.2,20.1,20.2,20.2,20.2,20.3,20.3,20.1,20.3,20.2,20.3,20.4,20.4,20.2,20.2,20.3,20.2,20.2,20.4,20.4,20.3,20.3,20.4,20.3,20.3,20.4,20.4,20.3,20.3,20.2,20.2,20.4,20.3,20.4,20.2,20.2,20.3,20.1,20.2,20.2
124,20.5,20.8,20.8,20.8,20.8,20.9,20.8,21.0,21.2,21.6,23.0,26.3,29.2,30.3,30.7,30.7,30.8,30.8,30.8,30.9,30.9,30.8,31.0,31.1,31.0,31.2,31.2,31.3,31.4,31.2,31.2,31.1,30.0,26.3,22.1,21.4,21.0,20.9,20.8,20.9,20.8,20.8,20.8,20.8,20.9,20.8,21.0,21.4,21.5,22.7,27.2,30.1,31.2,31.3,31.7,31.7,31.7,31.7,31.9,31.7,31.7,31.9,31.7,31.7,31.7,31.7,31.9,31.7,31.7,31.9,31.9,31.9,32.2,32.2,32.5,32.3,32.3,32.2,32.2,32.5,32.5,32.3,32.2,32.5,32.2,32.5,32.5,32.5,32.5,32.2,32.5,32.6,32.7,32.7,32.7,32.8,32.8,32.8,32.9,32.8,32.8,32.8,32.8,32.7,32.6,32.3,32.5,32.2,32.2,32.0,32.0,31.9,31.9,31.7,31.7,31.6,31.6,31.5,31.3,31.6,31.7,31.9,31.9,31.7,31.7,31.3,31.2,30.7,30.6,30.3,30.0,29.8,29.6,29.6,29.4,29.2,28.7,28.5,28.0,26.0,22.8,21.4,20.7,20.7,20.5,20.4,20.5,20.5,20.4,20.3,20.4,20.4,20.2,20.3,20.3,20.3,20.4,20.3,20.2,20.4,20.3,20.4,20.3,20.4,20.3,20.2,20.2,20.3,20.2,20.1,20.3,20.2,20.3,20.3,20.2,20.2,20.2,20.3,20.2,20.2,20.4,20.3,20.3,20.1,20.2,20.3,20.2,20.2,20.3,20.1,20.4,20.1,20.2,20.2,20.3,20.3,20.3,20.4,20.2,20.3,20.2,20.3,20.2,20.3,20.3,20.1,20.3,20.3,20.3,20.3,20.2,20.1,20.2,20.3,20.3,20.2,20.2,20.2,20.2,20.2,20.3,20.2,20.2,20.2,20.4,20.3,20.3,20.2,20.3,20.4,20.4,20.3,20.4,20.3,20.4,20.4,20.3,20.5,20.4,20.5,20.3,20.4,20.4,20.4,20.3,20.3,20.4,20.3,20.4,20.4,20.3,20.3,20.3,20.3,20.2,20.4
125,20.7,20.8,20.8,20.8,20.8,20.9,20.9,20.9,21.2,21.6,22.4,26.3,29.2,30.0,30.6,30.7,30.9,30.8,30.7,31.0,31.1,31.0,31.0,31.1,31.2,31.1,31.2,31.4,31.5,31.6,31.6,31.2,30.0,26.4,22.4,21.4,20.9,21.0,20.7,20.8,20.9,20.9,20.8,20.8,20.9,21.0,21.0,21.2,21.8,23.1,27.9,30.6,31.2,31.5,31.7,31.9,31.7,31.9,32.0,31.9,31.9,31.7,31.7,31.7,31.9,31.7,31.7,31.7,31.6,31.7,31.9,32.2,32.2,32.2,32.2,32.5,32.5,32.2,32.2,32.2,32.2,32.5,32.2,32.3,32.2,32.3,32.2,32.3,32.5,32.5,32.3,32.5,32.6,32.6,32.8,32.7,32.8,32.9,32.9,33.0,32.9,32.9,32.8,32.8,32.6,32.5,32.2,32.2,32.2,32.2,32.2,32.2,32.0,31.9,31.9,31.7,31.7,31.4,31.3,31.5,31.6,31.7,31.7,31.7,31.7,31.5,31.2,30.9,30.7,30.6,30.4,30.0,30.0,29.6,29.4,29.2,29.0,28.4,27.7,25.5,22.4,21.0,20.7,20.5,20.6,20.4,20.4,20.4,20.4,20.4,20.4,20.2,20.3,20.3,20.4,20.4,20.4,20.4,20.4,20.4,20.4,20.3,20.2,20.3,20.4,20.4,20.3,20.2,20.2,20.3,20.2,20.2,20.3,20.2,20.3,20.2,20.2,20.2,20.3,20.2,20.2,20.2,20.2,20.4,20.3,20.3,20.3,20.2,20.2,20.3,20.1,20.2,20.2,20.3,20.2,20.2,20.3,20.2,20.3,20.2,20.3,20.3,20.3,20.2,20.2,20.3,20.2,20.2,20.2,20.2,20.2,20.3,20.2,20.2,20.3,20.2,20.2,20.1,20.3,20.3,20.3,20.3,20.3,20.2,20.2,20.4,20.2,20.3,20.2,20.2,20.4,20.4,20.4,20.3,20.3,20.4,20.4,20.6,20.4,20.5,20.2,20.4,20.4,20.4,20.3,20.4,20.5,20.4,20.4,20.2,20.3,20.4,20.4,20.2,20.4,20.5
126,20.7,20.9,20.9,20.7,20.9,21.0,20.9,20.9,21.2,21.6,22.8,27.1,29.7,30.3,30.8,30.7,30.7,30.8,30.9,31.1,31.2,31.1,31.2,31.2,31.0,31.2,31.1,31.6,31.6,31.9,31.7,31.2,30.0,25.7,22.4,21.4,21.0,21.0,20.8,20.9,20.9,20.9,20.9,20.9,20.9,21.2,21.0,21.4,21.9,23.9,28.6,30.8,31.5,31.7,31.9,31.9,31.9,31.9,32.0,32.0,31.9,31.9,31.7,31.9,31.9,31.7,31.7,31.9,31.7,31.9,32.0,32.0,32.2,32.2,32.7,32.6,32.5,32.3,32.2,32.0,32.3,32.2,32.3,32.2,32.2,32.5,32.2,32.5,32.2,32.3,32.5,32.5,32.5,32.5,32.5,32.6,32.8,32.8,33.0,32.9,33.0,32.8,32.8,32.8,32.6,32.5,32.5,32.2,32.2,32.5,32.2,32.2,32.0,32.2,32.0,31.7,31.4,31.4,31.5,31.4,31.5,31.5,31.5,31.5,31.4,31.5,31.3,31.1,30.9,30.7,30.6,30.3,30.0,29.8,29.5,29.3,29.0,28.5,27.3,24.5,21.8,21.0,20.5,20.6,20.6,20.4,20.4,20.4,20.5,20.3,20.4,20.3,20.3,20.3,20.2,20.3,20.4,20.3,20.3,20.4,20.3,20.2,20.3,20.3,20.3,20.3,20.2,20.3,20.2,20.4,20.2,20.3,20.3,20.2,20.3,20.2,20.4,20.2,20.2,20.2,20.3,20.3,20.2,20.3,20.2,20.2,20.2,20.2,20.3,20.2,20.2,20.2,20.2,20.3,20.2,20.2,20.2,20.2,20.2,20.3,20.3,20.3,20.2,20.2,20.2,20.2,20.1,20.1,20.1,20.3,20.3,20.2,20.1,20.2,20.2,20.3,20.2,20.2,20.3,20.2,20.3,20.2,20.2,20.3,20.3,20.1,20.2,20.0,20.1,20.3,20.3,20.3,20.2,20.3,20.3,20.3,20.4,20.5,20.4,20.3,20.2,20.4,20.5,20.1,20.4,20.4,20.5,20.4,20.4,20.4,20.4,20.2,20.2,20.3,20.2,20.6
127,21.0,20.8,20.9,20.8,21.0,20.9,20.8,21.0,21.2,22.0,23.1,27.4,30.0,30.6,30.7,30.9,30.9,30.8,30.9,31.2,31.4,31.3,31.3,31.2,31.2,31.2,31.4,31.5,31.9,31.7,31.7,31.3,30.4,25.9,22.4,21.4,21.2,21.2,20.8,20.9,20.8,20.8,20.9,20.9,20.9,21.0,21.0,21.2,22.1,24.2,29.3,31.2,31.7,32.0,32.0,32.0,31.9,32.0,32.0,32.2,32.0,31.9,31.9,31.9,31.9,31.7,31.7,31.6,31.7,31.9,31.9,32.0,32.2,32.2,32.3,32.3,32.5,32.2,32.2,32.5,32.2,32.3,32.5,32.5,32.2,32.5,32.5,32.5,32.5,32.3,32.5,32.5,32.5,32.5,32.5,32.6,32.7,32.8,33.0,33.0,32.9,33.0,33.0,32.8,32.8,32.5,32.5,32.2,32.2,32.5,32.5,32.3,32.2,32.2,32.0,31.9,31.5,31.5,31.5,31.3,31.3,31.0,31.3,31.3,31.3,31.3,31.2,31.2,31.1,31.0,30.7,30.6,30.4,30.3,29.8,29.4,29.0,28.4,26.9,23.6,21.6,20.9,20.7,20.6,20.5,20.3,20.5,20.4,20.4,20.2,20.3,20.3,20.2,20.4,20.3,20.3,20.4,20.5,20.4,20.4,20.3,20.2,20.2,20.3,20.2,20.3,20.2,20.2,20.4,20.3,20.3,20.3,20.3,20.2,20.3,20.2,20.3,20.2,20.4,20.2,20.2,20.1,20.2,20.2,20.2,20.3,20.4,20.2,20.2,20.3,20.2,20.1,20.2,20.1,20.2,20.1,20.2,20.2,20.2,20.2,20.4,20.2,20.2,20.2,20.1,20.1,20.4,20.3,20.2,20.3,20.2,20.2,20.2,20.3,20.3,20.2,20.2,20.2,20.2,20.1,20.3,20.2,20.3,20.3,20.4,20.3,20.2,20.3,20.2,20.2,20.2,20.4,20.3,20.3,20.3,20.3,20.3,20.3,20.4,20.4,20.3,20.4,20.4,20.3,20.2,20.4,20.4,20.4,20.4,20.5,20.4,20.3,20.4,20.3,20.2,20.5
128,20.6,20.8,20.8,20.8,20.8,20.8,20.8,21.0,21.4,21.5,23.3,27.3,29.8,30.6,30.6,31.1,30.9,30.8,31.0,31.0,31.2,31.1,31.1,31.3,31.2,31.2,31.4,31.5,31.6,31.7,31.9,31.5,30.1,25.9,22.4,21.6,21.2,20.9,20.9,20.7,20.9,20.9,20.9,20.9,20.9,21.0,20.9,21.5,22.4,25.7,30.0,31.5,31.9,32.2,31.9,31.9,32.2,32.0,32.0,32.2,32.0,32.0,31.9,31.7,31.9,31.9,31.7,31.7,31.7,31.9,31.9,32.0,32.2,32.2,32.2,32.2,32.5,32.5,32.2,32.2,32.2,32.3,32.5,32.5,32.3,32.5,32.5,32.5,32.2,32.5,32.3,32.5,32.2,32.3,32.5,32.7,32.6,32.5,32.8,32.8,32.9,32.8,33.0,32.8,32.8,32.8,32.5,32.6,32.2,32.5,32.5,32.5,32.5,32.2,32.0,31.9,31.7,31.5,31.3,31.3,31.2,31.0,31.0,31.0,31.1,31.0,31.1,31.0,30.9,30.8,30.7,30.7,30.6,30.5,30.1,29.5,29.1,28.1,26.3,22.8,21.2,20.7,20.6,20.6,20.5,20.4,20.4,20.4,20.2,20.4,20.4,20.2,20.4,20.4,20.4,20.3,20.4,20.3,20.4,20.3,20.3,20.4,20.3,20.2,20.2,20.2,20.3,20.2,20.4,20.2,20.3,20.3,20.2,20.2,20.3,20.4,20.2,20.2,20.2,20.3,20.2,20.3,20.2,20.2,20.2,20.2,20.2,20.2,20.2,20.1,20.2,20.1,20.2,20.1,20.2,20.2,20.2,20.2,20.3,20.2,20.1,20.3,20.3,20.1,20.1,20.2,20.2,20.1,20.2,20.1,20.2,20.3,20.4,20.1,20.3,20.3,20.3,20.2,20.3,20.2,20.2,20.4,20.2,20.2,20.4,20.1,20.2,20.2,20.4,20.1,20.4,20.1,20.4,20.4,20.1,20.3,20.4,20.3,20.3,20.4,20.3,20.4,20.3,20.4,20.2,20.5,20.5,20.3,20.3,20.3,20.4,20.4,20.3,20.4,20.3,20.4
129,20.8,20.7,20.9,20.9,20.8,20.8,20.8,21.0,21.4,21.7,23.2,27.7,29.6,30.6,30.7,31.0,30.8,30.9,30.9,30.9,31.1,31.1,31.1,31.0,31.0,31.0,31.2,31.4,31.4,31.6,31.9,31.3,30.1,26.0,22.1,21.4,21.2,21.0,20.8,20.8,20.8,20.9,20.9,20.9,20.9,21.0,21.2,21.7,22.4,26.5,30.7,31.9,32.2,32.2,32.2,32.0,32.0,32.0,32.2,32.2,32.2,32.0,32.0,31.9,31.9,31.9,31.9,31.9,31.9,31.9,32.0,32.2,32.2,32.2,32.2,32.2,32.2,32.2,32.2,32.2,32.3,32.2,32.5,32.5,32.5,32.5,32.3,32.5,32.5,32.5,32.3,32.5,32.5,32.5,32.5,32.5,32.5,32.5,32.6,32.7,32.7,32.8,33.0,32.9,32.9,32.8,32.8,32.6,32.7,32.7,32.8,32.8,32.8,32.6,32.2,32.2,31.9,31.6,31.5,31.2,31.1,31.0,31.1,30.9,30.9,30.8,30.7,30.7,30.7,30.6,30.6,30.4,30.4,30.4,30.0,29.6,28.9,28.0,25.8,22.4,21.2,20.7,20.7,20.6,20.5,20.5,20.4,20.4,20.3,20.3,20.4,20.3,20.4,20.3,20.2,20.4,20.4,20.5,20.4,20.4,20.4,20.2,20.4,20.2,20.4,20.2,20.3,20.3,20.4,20.3,20.4,20.3,20.3,20.2,20.2,20.3,20.3,20.2,20.3,20.2,20.2,20.3,20.2,20.2,20.2,20.2,20.3,20.3,20.2,20.2,20.1,20.3,20.2,20.1,20.3,20.2,20.2,20.2,20.3,20.3,20.2,20.2,20.2,20.2,20.1,20.2,20.2,20.1,20.1,20.3,20.3,20.2,20.2,20.4,20.3,20.4,20.2,20.3,20.2,20.3,20.2,20.3,20.3,20.2,20.3,20.2,20.3,20.2,20.1,20.3,20.3,20.3,20.3,20.2,20.3,20.2,20.2,20.3,20.4,20.2,20.2,20.5,20.3,20.3,20.4,20.4,20.4,20.4,20.4,20.3,20.4,20.5,20.2,20.1,20.3,20.3
130,20.9,20.8,20.9,20.8,20.8,20.7,20.8,20.9,21.2,21.7,23.5,27.9,30.0,30.6,30.6,31.0,31.0,30.8,30.8,30.9,30.9,30.8,31.1,31.0,31.0,31.0,31.1,31.2,31.2,31.3,31.4,31.1,30.0,26.0,22.1,21.2,21.0,20.9,20.8,20.8,20.7,20.9,20.9,21.0,20.9,21.2,21.4,21.8,23.3,28.4,31.1,32.0,32.2,32.2,32.2,32.0,32.2,32.2,32.2,32.2,32.2,32.2,32.0,31.9,31.9,31.9,31.9,31.9,31.9,32.2,32.2,32.2,32.2,32.2,32.2,32.2,32.2,32.2,32.3,32.2,32.2,32.5,32.5,32.6,32.5,32.6,32.5,32.5,32.5,32.3,32.2,32.6,32.2,32.5,32.2,32.2,32.3,32.5,32.5,32.7,32.7,32.8,32.8,32.8,32.8,32.8,32.8,32.7,32.7,32.8,33.0,32.9,32.9,32.8,32.5,32.0,31.7,31.6,31.4,31.1,31.0,30.9,30.9,30.7,30.8,30.7,30.8,30.6,30.6,30.5,30.5,30.1,30.0,30.1,29.8,29.5,28.9,27.6,24.8,21.7,21.0,20.6,20.5,20.5,20.4,20.4,20.4,20.4,20.3,20.4,20.4,20.4,20.2,20.5,20.3,20.4,20.3,20.4,20.3,20.3,20.3,20.3,20.3,20.3,20.3,20.3,20.2,20.2,20.4,20.3,20.3,20.4,20.4,20.3,20.4,20.3,20.3,20.3,20.3,20.3,20.3,20.3,20.3,20.3,20.2,20.2,20.3,20.2,20.2,20.1,20.1,20.1,20.3,20.1,20.1,20.2,20.3,20.3,20.2,20.3,20.1,20.1,20.1,20.1,20.2,20.2,20.1,20.2,20.2,20.2,20.2,20.2,20.2,20.3,20.2,20.2,20.2,20.2,20.1,20.1,20.1,20.2,20.2,20.4,20.3,20.3,20.2,20.2,20.2,20.2,20.3,20.4,20.3,20.2,20.3,20.2,20.3,20.4,20.4,20.4,20.3,20.2,20.4,20.3,20.3,20.4,20.3,20.2,20.1,20.2,20.3,20.4,20.3,20.1,20.5,20.2
131,20.7,20.9,21.0,20.9,20.7,20.8,20.9,21.0,21.4,22.0,24.2,28.5,30.1,30.5,30.9,30.8,30.9,31.0,30.8,31.0,31.2,31.0,31.2,31.1,31.1,30.9,31.0,31.2,31.3,31.3,31.3,31.0,30.0,26.5,22.1,21.5,21.0,21.0,20.8,20.7,20.8,20.8,20.9,21.0,20.9,21.4,21.5,21.9,24.7,29.8,31.5,32.2,32.2,32.2,32.2,32.2,32.2,32.2,32.2,32.2,32.2,32.2,32.2,32.2,32.0,32.2,32.2,32.0,32.0,32.2,32.5,32.2,32.2,32.2,32.2,32.2,32.2,32.2,32.5,32.5,32.3,32.2,32.5,32.6,32.5,32.3,32.5,32.5,32.3,32.6,32.6,32.6,32.2,32.5,32.3,32.6,32.6,32.5,32.6,32.8,32.6,32.6,32.7,32.5,32.7,32.7,32.7,32.8,32.7,32.9,32.9,33.0,33.0,32.8,32.5,32.2,32.0,31.7,31.3,31.1,31.1,31.0,30.8,30.8,30.7,30.7,30.7,30.6,30.6,30.4,30.3,30.3,30.0,30.0,29.6,29.5,29.1,27.5,24.2,21.7,20.9,20.7,20.5,20.5,20.5,20.4,20.4,20.3,20.4,20.4,20.5,20.3,20.4,20.4,20.4,20.3,20.4,20.3,20.4,20.2,20.4,20.3,20.3,20.4,20.3,20.5,20.2,20.4,20.5,20.3,20.4,20.4,20.3,20.4,20.4,20.4,20.2,20.4,20.4,20.4,20.3,20.2,20.3,20.4,20.2,20.4,20.2,20.2,20.3,20.2,20.3,20.1,20.3,20.3,20.4,20.2,20.3,20.3,20.4,20.4,20.3,20.3,20.3,20.3,20.2,20.4,20.2,20.4,20.3,20.3,20.1,20.3,20.2,20.2,20.2,20.4,20.2,20.4,20.2,20.4,20.2,20.2,20.2,20.2,20.4,20.4,20.3,20.3,20.3,20.3,20.3,20.4,20.3,20.2,20.2,20.2,20.4,20.4,20.3,20.4,20.4,20.4,20.4,20.3,20.4,20.4,20.4,20.4,20.4,20.3,20.2,20.4,20.5,20.3,20.2,20.3
132,20.7,20.9,20.9,20.8,20.7,20.7,20.8,21.0,21.4,22.0,24.5,28.9,30.0,30.6,30.8,30.7,31.2,30.8,30.8,31.0,31.1,31.1,31.3,31.1,31.1,31.0,31.2,31.0,31.2,31.2,31.2,30.9,30.0,26.1,22.4,21.5,21.2,21.0,20.7,20.8,20.8,20.8,20.9,20.8,20.8,21.2,21.4,22.2,26.9,31.0,31.7,32.2,32.2,32.2,32.2,32.2,32.2,32.2,32.0,32.2,32.2,32.2,32.2,32.0,32.2,32.0,32.2,32.2,32.2,32.2,32.2,32.5,32.2,32.2,32.2,32.5,32.3,32.2,32.2,32.2,32.2,32.3,32.2,32.3,32.5,32.5,32.2,32.5,32.3,32.2,32.5,32.5,32.3,32.5,32.5,32.5,32.2,32.5,32.5,32.5,32.8,32.7,32.5,32.3,32.2,32.2,32.5,32.3,32.2,32.5,32.8,33.0,32.9,32.9,32.6,32.5,31.9,31.7,31.4,31.1,31.0,30.8,30.8,30.8,30.6,30.7,30.6,30.6,30.4,30.5,30.3,30.3,30.0,29.8,29.7,29.3,28.7,26.9,23.3,21.2,20.7,20.6,20.6,20.5,20.5,20.4,20.4,20.4,20.4,20.2,20.3,20.4,20.3,20.3,20.4,20.4,20.4,20.3,20.4,20.4,20.3,20.3,20.2,20.4,20.2,20.2,20.2,20.4,20.2,20.3,20.3,20.2,20.3,20.3,20.2,20.3,20.3,20.3,20.3,20.2,20.2,20.3,20.2,20.3,20.2,20.1,20.1,20.2,20.3,20.2,20.2,20.2,20.2,20.2,20.2,20.3,20.4,20.3,20.3,20.2,20.4,20.1,20.3,20.1,20.3,20.2,20.1,20.2,20.2,20.1,20.3,20.1,20.2,20.2,20.2,20.2,20.3,20.2,20.2,20.1,20.1,20.1,20.1,20.3,20.3,20.2,20.4,20.1,20.2,20.2,20.3,20.2,20.3,20.2,20.2,20.1,20.3,20.2,20.4,20.4,20.4,20.4,20.4,20.4,20.3,20.4,20.4,20.4,20.3,20.2,20.2,20.2,20.3,20.2,20.3,19.8
133,20.7,20.9,20.8,20.8,20.7,20.7,20.8,21.0,21.4,22.0,24.7,29.1,30.3,30.6,30.9,30.8,31.0,31.2,31.1,31.1,31.1,31.2,31.4,31.4,31.3,31.0,31.1,31.1,31.3,31.2,31.2,31.0,30.1,26.5,22.4,21.5,21.2,21.0,20.8,20.9,20.8,20.7,20.9,20.9,20.9,21.2,21.7,23.5,29.3,31.3,31.9,32.2,32.3,32.2,32.2,32.2,32.2,32.2,32.2,32.2,32.2,32.2,32.3,32.2,32.2,32.2,32.0,32.2,32.2,32.5,32.3,32.5,32.2,32.6,32.2,32.2,32.2,32.2,32.2,32.2,32.2,32.2,32.2,32.2,32.2,32.3,32.2,32.2,32.5,32.5,32.5,32.5,32.6,32.3,32.5,32.6,32.6,32.5,32.5,32.6,32.6,32.3,32.6,32.5,32.2,32.2,32.2,32.5,32.3,32.6,32.8,32.8,32.9,32.9,32.7,32.5,32.0,31.7,31.2,31.1,31.0,30.8,30.7,30.7,30.6,30.6,30.6,30.4,30.6,30.3,30.1,30.1,30.0,30.0,29.8,29.5,28.4,26.1,22.8,21.2,20.7,20.6,20.5,20.4,20.4,20.4,20.4,20.2,20.2,20.2,20.3,20.4,20.3,20.4,20.2,20.3,20.4,20.4,20.4,20.2,20.2,20.4,20.3,20.2,20.4,20.3,20.1,20.1,20.2,20.2,20.2,20.2,20.4,20.4,20.4,20.2,20.3,20.2,20.3,20.2,20.3,20.2,20.4,20.3,20.3,20.1,20.2,20.3,20.2,20.1,20.2,20.3,20.2,20.3,20.2,20.2,20.3,20.2,20.3,20.3,20.2,20.1,20.2,20.3,20.3,20.3,20.3,20.2,20.3,20.2,20.3,20.3,20.3,20.2,20.4,20.2,20.2,20.1,20.2,20.2,20.1,20.2,20.2,20.2,20.3,20.2,20.2,20.1,20.2,20.1,20.2,20.2,20.3,20.2,20.4,20.2,20.1,20.4,20.3,20.4,20.4,20.4,20.3,20.4,20.4,20.4,20.4,20.5,20.2,20.2,20.2,20.5,20.2,20.2,20.2,20.4
134,20.9,20.8,20.8,20.8,20.7,20.8,20.9,21.0,21.6,22.1,25.8,28.8,30.4,30.6,31.0,31.1,31.2,31.2,31.2,31.2,31.4,31.3,31.2,31.4,31.2,31.2,31.2,31.0,31.3,31.1,31.2,30.9,30.0,26.3,22.4,21.5,21.0,20.8,20.8,20.8,20.8,20.9,20.9,20.9,20.9,21.4,21.9,24.9,30.3,31.7,32.2,32.6,32.5,32.5,32.2,32.3,32.2,32.2,32.2,32.2,32.2,32.2,32.2,32.2,32.5,32.2,32.8,32.7,32.2,32.5,32.5,32.8,32.5,32.5,32.6,32.5,32.2,32.2,32.2,32.2,32.2,32.2,32.2,32.5,32.2,32.3,32.5,32.2,32.3,32.5,32.5,32.5,32.5,32.5,32.5,32.5,32.5,32.5,32.6,32.5,32.5,32.5,32.3,32.5,32.2,32.2,32.2,32.2,32.2,32.3,32.6,32.8,32.9,33.1,32.8,32.6,32.2,31.9,31.5,31.2,31.1,30.9,30.6,30.7,30.6,30.6,30.6,30.4,30.4,30.3,30.1,30.0,30.0,30.0,29.8,29.3,28.0,25.1,22.0,21.2,20.7,20.5,20.4,20.3,20.4,20.3,20.2,20.3,20.3,20.2,20.3,20.4,20.2,20.3,20.2,20.3,20.3,20.3,20.2,20.3,20.3,20.4,20.3,20.4,20.3,20.1,20.2,20.3,20.2,20.3,20.2,20.1,20.2,20.3,20.2,20.3,20.2,20.2,20.4,20.3,20.3,20.2,20.2,20.4,20.3,20.2,20.2,20.3,20.2,20.2,20.2,20.3,20.2,20.3,20.2,20.4,20.2,20.1,20.4,20.4,20.3,20.2,20.3,20.3,20.3,20.4,20.3,20.3,20.1,20.2,20.2,20.3,20.1,20.2,20.3,20.2,20.3,20.2,20.3,20.2,20.2,20.3,20.2,20.2,20.2,20.3,20.2,20.2,20.2,20.2,20.3,20.2,20.2,20.3,20.3,20.2,20.2,20.5,20.3,20.3,20.3,20.2,20.5,20.3,20.3,20.3,20.3,20.2,20.2,20.2,20.3,20.4,20.2,20.3,20.4,20.1
135,20.8,20.9,20.8,20.8,20.7,20.8,20.8,21.4,21.4,22.4,25.9,29.4,30.6,30.7,31.1,31.1,31.4,31.2,31.4,31.5,31.2,31.2,31.3,31.4,31.2,31.2,31.2,31.2,31.2,31.2,31.2,31.2,30.4,27.1,22.6,21.2,21.2,21.2,20.8,20.8,20.8,20.8,20.9,20.9,21.0,21.6,22.4,26.6,31.2,32.0,32.6,32.8,32.8,32.8,32.7,32.5,32.2,32.2,32.2,32.2,32.2,32.2,32.2,32.6,32.5,32.3,32.7,32.5,32.6,32.5,32.8,32.5,32.5,32.6,32.5,32.5,32.2,32.3,32.3,32.2,32.2,32.2,32.5,32.2,32.2,32.5,32.5,32.3,32.2,32.6,32.6,32.5,32.6,32.6,32.6,32.7,32.5,32.2,32.6,32.6,32.5,32.2,32.5,32.2,32.2,32.2,32.2,32.2,32.5,32.5,32.5,32.5,32.9,33.0,32.8,32.6,32.5,32.0,31.5,31.2,31.1,30.8,30.9,30.7,30.7,30.6,30.6,30.5,30.4,30.1,30.3,30.0,30.0,30.0,29.7,29.2,27.6,24.4,21.8,20.8,20.6,20.6,20.4,20.4,20.5,20.4,20.3,20.3,20.2,20.2,20.3,20.3,20.4,20.3,20.3,20.3,20.4,20.2,20.4,20.2,20.3,20.4,20.3,20.3,20.2,20.2,20.3,20.3,20.3,20.2,20.2,20.2,20.2,20.3,20.2,20.4,20.3,20.2,20.3,20.3,20.2,20.2,20.4,20.3,20.4,20.2,20.1,20.2,20.2,20.3,20.2,20.3,20.2,20.2,20.2,20.2,20.2,20.2,20.4,20.4,20.3,20.3,20.2,20.3,20.2,20.3,20.4,20.2,20.2,20.2,20.1,20.1,20.2,20.3,20.3,20.4,20.2,20.3,20.4,20.3,20.2,20.1,20.2,20.2,20.2,20.2,20.1,20.2,20.3,20.2,20.3,20.2,20.3,20.4,20.3,20.3,20.2,20.4,20.4,20.4,20.5,20.3,20.4,20.3,20.3,20.3,20.3,20.3,20.2,20.4,20.3,20.4,20.3,20.3,20.4,20.4
136,21.0,20.9,20.7,20.8,20.8,20.8,20.9,21.0,21.5,22.9,26.5,29.5,30.5,31.0,31.0,31.2,31.5,31.5,31.4,31.5,31.5,31.4,31.5,31.3,31.3,31.2,31.2,31.2,31.4,31.3,31.2,31.1,30.6,27.1,22.7,21.5,21.2,21.2,20.9,20.8,20.8,20.8,20.9,20.9,21.2,21.7,22.8,28.0,31.5,32.3,32.9,33.1,33.2,33.2,33.0,32.8,32.6,32.2,32.2,32.2,32.2,32.2,32.3,32.6,32.5,32.5,32.5,32.6,32.5,32.5,32.6,32.5,32.8,32.8,32.5,32.5,32.6,32.5,32.3,32.5,32.3,32.5,32.5,32.5,32.5,32.5,32.6,32.6,32.7,32.6,32.7,32.5,32.8,32.7,32.6,32.6,32.5,32.5,32.5,32.5,32.5,32.5,32.2,32.2,32.2,32.2,32.3,32.2,32.2,32.2,32.6,32.5,32.8,33.2,33.0,32.8,32.7,32.2,31.7,31.5,31.2,31.1,31.0,30.9,30.6,30.6,30.6,30.3,30.4,30.0,30.1,30.0,30.0,30.0,29.6,28.8,27.2,23.5,21.4,20.8,20.6,20.5,20.5,20.4,20.4,20.4,20.4,20.4,20.5,20.4,20.3,20.4,20.4,20.3,20.4,20.3,20.2,20.4,20.2,20.4,20.3,20.3,20.3,20.3,20.2,20.1,20.1,20.4,20.3,20.2,20.1,20.4,20.2,20.2,20.4,20.3,20.3,20.2,20.2,20.3,20.2,20.2,20.4,20.4,20.3,20.2,20.3,20.2,20.2,20.2,20.4,20.2,20.3,20.3,20.4,20.3,20.3,20.4,20.3,20.3,20.2,20.3,20.3,20.3,20.4,20.4,20.3,20.4,20.2,20.3,20.2,20.3,20.2,20.2,20.1,20.2,20.3,20.2,20.4,20.3,20.2,20.2,20.3,20.2,20.3,20.2,20.2,20.3,20.3,20.3,20.4,20.2,20.5,20.3,20.4,20.3,20.4,20.3,20.4,20.5,20.3,20.4,20.4,20.2,20.3,20.4,20.3,20.2,20.5,20.4,20.2,20.3,20.2,20.3,20.5,20.5
137,20.9,20.9,20.9,20.8,20.8,20.8,20.9,21.2,21.5,22.9,27.4,30.0,30.7,31.0,31.2,31.3,31.4,31.7,31.5,31.5,31.7,31.4,31.5,31.2,31.2,31.2,31.2,31.2,31.4,31.5,31.4,31.3,30.6,27.5,23.0,21.4,21.2,21.0,20.8,20.8,20.8,20.8,20.8,21.0,21.2,21.9,24.0,29.4,31.7,32.5,33.0,33.1,33.5,33.2,33.2,32.8,32.7,32.2,32.2,32.2,32.2,32.2,32.5,32.8,32.6,32.6,32.6,32.5,32.5,32.6,32.7,32.7,32.6,32.5,32.5,32.8,32.6,32.5,32.2,32.5,32.5,32.2,32.3,32.3,32.5,32.5,32.5,32.6,32.6,32.8,32.6,32.8,32.7,32.8,32.7,32.6,32.7,32.5,32.5,32.5,32.3,32.2,32.2,32.2,32.3,32.2,32.2,32.5,32.5,32.5,32.5,32.5,32.8,32.8,33.0,33.0,32.8,32.6,32.0,31.5,31.4,31.2,31.1,30.9,30.8,30.7,30.6,30.3,30.3,30.0,30.0,30.1,29.8,30.0,29.4,28.6,26.4,23.1,21.0,20.7,20.6,20.5,20.5,20.4,20.5,20.3,20.3,20.3,20.4,20.4,20.3,20.2,20.3,20.3,20.2,20.2,20.3,20.3,20.4,20.4,20.4,20.3,20.2,20.2,20.3,20.1,20.1,20.2,20.3,20.1,20.2,20.2,20.3,20.2,20.3,20.2,20.3,20.3,20.3,20.1,20.2,20.2,20.3,20.2,20.3,20.4,20.3,20.4,20.4,20.1,20.3,20.2,20.3,20.2,20.2,20.3,20.3,20.4,20.3,20.4,20.3,20.2,20.3,20.2,20.3,20.3,20.3,20.2,20.2,20.3,20.2,20.2,20.4,20.4,20.2,20.3,20.2,20.4,20.2,20.3,20.1,20.2,20.3,20.1,20.2,20.2,20.2,20.2,20.2,20.1,20.3,20.4,20.4,20.4,20.4,20.2,20.3,20.3,20.4,20.4,20.4,20.2,20.3,20.4,20.2,20.3,20.4,20.3,20.3,20.3,20.2,20.4,20.3,20.2,20.3,20.3
138,20.9,21.0,20.7,20.9,20.8,20.8,20.9,21.4,22.0,23.6,28.0,30.3,31.0,31.1,31.4,31.4,31.6,31.7,31.7,31.7,31.9,31.5,31.3,31.2,31.1,31.4,31.3,31.3,31.4,31.2,31.3,31.4,30.5,27.5,22.8,21.5,21.2,21.2,20.9,20.8,20.7,20.8,20.9,21.0,20.9,22.0,24.4,29.8,31.7,32.2,32.8,33.2,33.7,33.4,33.7,33.2,32.9,32.5,32.2,32.2,32.2,32.2,32.2,32.5,32.2,32.5,32.5,32.7,32.7,32.6,32.7,32.6,32.6,32.8,32.8,32.6,32.6,32.5,32.5,32.5,32.5,32.6,32.5,32.5,32.6,32.7,32.8,32.6,32.7,32.8,32.8,32.8,32.7,32.8,32.8,32.8,32.6,32.7,32.5,32.2,32.3,32.2,32.2,32.2,32.3,32.2,32.3,32.2,32.2,32.2,32.2,32.5,32.7,32.8,32.9,33.0,32.9,32.8,32.2,31.7,31.6,31.2,31.2,31.0,30.7,30.6,30.5,30.3,30.3,30.0,30.1,29.8,29.8,29.6,29.3,28.2,25.7,22.4,21.0,20.7,20.6,20.5,20.3,20.4,20.5,20.3,20.3,20.4,20.4,20.2,20.2,20.3,20.4,20.3,20.2,20.2,20.3,20.4,20.3,20.1,20.3,20.1,20.2,20.2,20.4,20.3,20.1,20.2,20.3,20.2,20.2,20.3,20.2,20.2,20.2,20.2,20.2,20.2,20.3,20.4,20.2,20.3,20.3,20.3,20.3,20.3,20.4,20.4,20.4,20.3,20.2,20.2,20.4,20.3,20.2,20.2,20.2,20.3,20.3,20.3,20.3,20.2,20.4,20.3,20.4,20.2,20.1,20.2,20.1,20.2,20.2,20.2,20.2,20.2,20.2,20.1,20.2,20.1,20.1,20.2,20.2,20.2,20.2,20.2,20.3,20.1,20.3,20.3,20.0,20.0,20.2,20.3,20.2,20.4,20.4,20.2,20.4,20.4,20.4,20.4,20.4,20.3,20.5,20.2,20.2,20.5,20.4,20.3,20.4,20.4,20.2,20.3,20.1,20.2,20.3,20.2
139,21.0,20.9,20.9,20.9,21.2,21.2,21.0,21.5,22.1,24.3,28.4,30.5,31.1,31.3,31.7,31.7,31.7,31.9,31.9,31.7,31.7,31.4,31.5,31.3,31.5,31.2,31.3,31.4,31.6,31.5,31.7,31.5,31.0,28.1,23.4,21.8,21.5,21.2,21.0,21.0,20.9,21.0,21.0,21.0,21.4,22.1,25.0,30.1,31.7,32.5,32.8,33.1,33.2,33.5,33.5,33.4,33.1,32.9,32.5,32.2,32.2,32.3,32.2,32.3,32.2,32.5,32.6,32.6,32.6,32.8,32.8,32.8,32.8,32.8,32.8,32.6,32.7,32.7,32.5,32.6,32.5,32.5,32.5,32.7,32.8,32.6,32.7,32.8,32.8,32.8,32.8,32.8,32.8,32.8,32.8,32.5,32.6,32.6,32.5,32.5,32.3,32.2,32.5,32.3,32.5,32.5,32.5,32.5,32.5,32.5,32.5,32.2,32.6,32.8,33.0,33.0,33.0,32.9,32.5,32.0,31.6,31.5,31.2,31.0,31.0,30.7,30.5,30.4,30.5,30.1,30.1,30.0,29.6,29.5,28.9,27.8,24.7,21.7,20.9,20.6,20.6,20.5,20.4,20.4,20.5,20.4,20.4,20.3,20.3,20.4,20.4,20.2,20.2,20.2,20.4,20.4,20.4,20.2,20.3,20.2,20.2,20.2,20.2,20.1,20.3,20.4,20.2,20.1,20.3,20.3,20.1,20.2,20.3,20.1,20.4,20.2,20.1,20.2,20.4,20.3,20.4,20.4,20.3,20.2,20.4,20.2,20.3,20.4,20.2,20.3,20.2,20.2,20.2,20.3,20.2,20.4,20.3,20.1,20.4,20.3,20.3,20.2,20.3,20.3,20.5,20.4,20.2,20.3,20.2,20.2,20.2,20.3,20.3,20.3,20.4,20.2,20.2,20.1,20.3,20.3,20.2,20.4,20.2,20.2,20.2,20.2,20.3,20.3,20.3,20.4,20.4,20.3,20.5,20.5,20.5,20.4,20.5,20.4,20.3,20.3,20.4,20.2,20.4,20.5,20.3,20.4,20.4,20.5,20.4,20.3,20.3,20.6,20.2,20.3,20.2,20.2
140,20.5,20.8,20.9,20.9,20.8,21.0,21.0,21.5,22.4,24.7,29.1,30.6,31.5,31.5,31.7,31.7,31.9,31.9,31.9,31.9,31.7,31.7,31.5,31.6,31.5,31.5,31.5,31.5,31.5,31.7,31.7,31.9,31.5,28.9,23.9,21.9,21.5,21.4,21.2,21.0,20.9,20.9,21.2,21.5,21.6,22.1,25.5,30.5,32.2,32.5,32.8,33.2,33.1,33.4,33.2,33.5,33.3,33.0,32.7,32.6,32.5,32.3,32.2,32.2,32.2,32.5,32.5,32.5,32.5,32.7,32.6,32.8,32.6,32.8,32.8,32.7,32.6,32.7,32.5,32.5,32.6,32.3,32.7,32.7,32.7,32.7,32.8,32.9,32.8,32.9,32.9,33.0,32.8,32.7,32.8,32.7,32.6,32.2,32.6,32.3,32.2,32.2,32.2,32.5,32.5,32.5,32.6,32.5,32.5,32.2,32.2,32.2,32.5,32.6,32.8,33.0,32.9,32.8,32.5,32.2,31.9,31.4,31.4,31.1,30.8,30.7,30.6,30.5,30.4,30.1,30.1,30.0,29.5,29.3,28.8,27.1,23.9,21.4,20.8,20.7,20.5,20.5,20.5,20.4,20.4,20.4,20.4,20.2,20.2,20.5,20.4,20.3,20.3,20.3,20.5,20.3,20.4,20.3,20.2,20.2,20.2,20.1,20.2,20.3,20.2,20.2,20.3,20.2,20.2,20.2,20.2,20.2,20.1,20.3,20.2,20.1,20.2,20.2,20.4,20.2,20.4,20.3,20.3,20.2,20.2,20.3,20.3,20.3,20.3,20.3,20.2,20.2,20.2,20.2,20.3,20.3,20.2,20.2,20.4,20.2,20.3,20.3,20.2,20.2,20.3,20.3,20.2,20.2,20.1,20.3,20.5,20.3,20.3,20.3,20.1,20.3,20.1,20.4,20.2,20.3,20.2,20.3,20.2,20.2,20.2,20.4,20.4,20.3,20.3,20.2,20.3,20.4,20.4,20.2,20.4,20.2,20.5,20.4,20.5,20.4,20.4,20.4,20.4,20.5,20.3,20.4,20.4,20.4,20.4,20.4,20.3,20.3,20.3,20.2,20.2,20.1
141,21.0,21.0,20.9,20.8,20.9,21.2,21.2,21.5,22.4,26.0,29.7,30.7,31.5,31.6,31.7,31.7,31.9,32.0,32.0,32.0,31.9,31.6,31.9,31.7,31.7,31.7,31.7,31.7,31.9,31.9,32.0,31.9,31.5,29.7,25.5,22.4,21.8,21.6,21.2,21.0,21.0,21.0,21.0,21.2,21.6,22.4,25.6,30.6,32.3,32.8,32.8,33.0,33.0,33.1,33.2,33.5,33.5,33.5,33.0,32.8,32.6,32.5,32.5,32.2,32.6,32.5,32.6,32.7,32.6,32.8,32.8,32.8,32.8,32.8,32.9,32.8,32.8,32.8,32.7,32.7,32.7,32.6,32.5,32.5,32.8,32.8,32.8,32.9,32.8,32.8,32.9,32.8,32.8,32.7,32.7,32.5,32.6,32.5,32.5,32.2,32.2,32.3,32.2,32.3,32.3,32.5,32.5,32.2,32.2,32.2,32.2,32.2,32.3,32.5,32.7,32.8,33.0,32.9,32.8,32.5,32.2,31.7,31.4,31.0,31.0,30.8,30.6,30.6,30.6,30.3,30.1,30.0,29.6,29.3,28.6,26.5,23.0,21.2,20.7,20.6,20.5,20.4,20.4,20.3,20.4,20.4,20.3,20.3,20.4,20.5,20.2,20.3,20.2,20.3,20.3,20.3,20.3,20.2,20.2,20.2,20.2,20.2,20.2,20.2,20.2,20.4,20.2,20.2,20.2,20.2,20.2,20.2,20.3,20.1,20.2,20.3,20.0,20.2,20.3,20.2,20.2,20.3,20.2,20.2,20.3,20.2,20.2,20.3,20.2,20.2,20.3,20.2,20.1,20.2,20.2,20.0,20.1,20.2,20.3,20.2,20.2,20.2,20.2,20.3,20.4,20.2,20.3,20.5,20.2,20.3,20.2,20.3,20.4,20.2,20.3,20.3,20.2,20.2,20.3,20.2,20.3,20.2,20.3,20.4,20.3,20.3,20.2,20.2,20.5,20.4,20.6,20.3,20.3,20.3,20.4,20.3,20.5,20.5,20.6,20.5,20.5,20.5,20.3,20.5,20.4,20.4,20.4,20.5,20.4,20.4,20.4,20.4,20.3,20.3,20.3,20.3
142,20.7,20.9,21.0,20.8,20.9,21.0,21.2,21.8,23.0,26.9,30.1,31.2,31.5,31.6,31.6,31.7,31.9,32.0,32.0,31.9,31.9,32.0,31.7,31.9,31.9,32.0,32.2,31.7,32.0,32.0,31.9,31.9,31.7,30.7,27.3,23.2,22.1,21.6,21.2,21.2,21.0,21.2,21.4,21.5,21.7,22.6,25.6,31.0,32.7,33.0,33.0,33.1,33.0,33.1,33.2,33.3,33.4,33.3,33.2,33.0,32.8,32.6,32.6,32.5,32.5,32.5,32.6,32.5,32.6,32.8,32.8,32.8,32.8,32.8,32.8,33.0,32.8,32.8,32.8,32.8,32.7,32.6,32.8,32.8,32.8,32.9,32.9,32.8,33.0,32.8,32.9,33.0,32.7,32.8,32.7,32.7,32.7,32.2,32.5,32.5,32.2,32.2,32.2,32.2,32.3,32.5,32.2,32.2,32.2,32.2,32.2,32.2,32.2,32.2,32.6,32.7,32.8,32.8,32.8,32.5,32.2,31.9,31.6,31.2,31.0,30.9,30.6,30.6,30.6,30.3,30.3,30.0,29.5,29.3,28.1,25.8,22.4,20.9,20.7,20.5,20.5,20.4,20.4,20.5,20.5,20.3,20.3,20.2,20.2,20.3,20.3,20.3,20.3,20.2,20.2,20.3,20.5,20.3,20.2,20.2,20.1,20.2,20.2,20.3,20.2,20.3,20.3,20.2,20.3,20.2,20.2,20.1,20.3,20.2,20.2,20.3,20.2,20.3,20.2,20.2,20.3,20.2,20.3,20.3,20.1,20.3,20.3,20.2,20.2,20.2,20.1,20.1,20.2,20.2,20.2,20.3,20.2,20.3,20.2,20.3,20.3,20.3,20.2,20.2,20.2,20.2,20.2,20.2,20.2,20.2,20.3,20.2,20.2,20.3,20.2,20.2,20.3,20.2,20.3,20.2,20.2,20.2,20.2,20.2,20.4,20.3,20.4,20.5,20.4,20.3,20.3,20.3,20.4,20.4,20.3,20.3,20.4,20.5,20.5,20.4,20.5,20.5,20.5,20.4,20.4,20.4,20.4,20.5,20.5,20.5,20.3,20.4,20.3,20.5,20.5,20.8
143,20.8,21.0,20.9,20.9,21.0,21.0,21.5,21.7,23.1,27.6,30.6,31.2,31.4,31.6,31.6,31.7,31.9,31.9,32.0,32.2,32.0,31.9,31.9,31.9,31.9,31.9,32.2,31.9,32.2,31.9,31.9,31.9,31.9,31.4,29.5,24.8,22.4,21.8,21.5,21.5,21.2,21.4,21.5,21.6,21.8,22.8,25.7,31.5,32.8,33.3,33.2,33.2,33.0,33.0,33.1,33.2,33.3,33.5,33.4,33.3,32.8,32.9,32.8,32.8,32.8,32.7,32.8,32.7,32.8,32.9,32.8,32.8,32.7,32.8,32.8,33.0,32.8,32.8,32.8,32.8,32.8,32.8,32.8,32.8,32.8,32.9,32.9,33.0,32.8,33.0,33.0,33.0,32.8,32.8,32.6,32.8,32.5,32.5,32.7,32.6,32.2,32.2,32.3,32.5,32.2,32.3,32.5,32.2,32.2,32.0,32.0,32.2,32.2,32.0,32.2,32.6,32.8,32.9,32.7,32.7,32.2,32.2,31.5,31.4,31.2,31.0,30.8,30.7,30.5,30.3,30.3,30.0,29.6,29.1,27.9,25.0,21.8,21.0,20.5,20.7,20.5,20.4,20.4,20.3,20.4,20.4,20.4,20.3,20.1,20.2,20.2,20.4,20.4,20.4,20.3,20.3,20.3,20.4,20.3,20.2,20.2,20.2,20.2,20.2,20.2,20.3,20.4,20.3,20.3,20.1,20.2,20.3,20.2,20.2,20.2,20.2,20.1,20.2,20.2,20.1,20.1,20.3,20.3,20.4,20.4,20.2,20.2,20.3,20.2,20.1,20.2,20.1,20.2,20.3,20.2,20.2,20.2,20.2,20.2,20.2,20.2,20.2,20.3,20.2,20.3,20.4,20.4,20.2,20.3,20.4,20.3,20.3,20.2,20.1,20.1,20.2,20.3,20.2,20.4,20.3,20.2,20.3,20.2,20.4,20.3,20.3,20.4,20.3,20.5,20.5,20.4,20.4,20.2,20.4,20.4,20.5,20.5,20.4,20.4,20.4,20.5,20.6,20.5,20.5,20.5,20.4,20.5,20.5,20.4,20.4,20.4,20.4,20.4,20.4,20.5,20.1
144,20.7,21.2,20.9,21.0,20.9,21.0,21.2,21.8,24.4,28.4,30.6,31.1,31.4,31.4,31.6,31.7,31.7,31.9,31.9,32.0,32.2,32.0,32.2,32.2,32.2,32.0,32.0,32.2,32.2,32.2,32.2,32.2,32.0,31.9,31.1,27.1,23.3,22.0,21.7,21.7,21.5,21.5,21.8,21.7,22.2,23.3,27.3,31.5,32.8,33.2,33.3,33.4,33.1,32.9,33.0,33.3,33.2,33.5,33.2,33.4,33.2,33.2,33.0,33.0,32.8,32.9,32.8,32.8,32.8,32.8,32.8,32.8,32.8,32.7,33.0,33.0,33.0,32.9,32.8,32.8,32.8,32.8,32.8,32.8,32.9,33.0,33.0,33.0,33.1,32.9,33.0,32.9,32.9,32.8,32.7,32.5,32.6,32.3,32.5,32.5,32.2,32.5,32.2,32.2,32.3,32.2,32.2,32.0,32.2,32.0,31.9,31.9,31.9,32.0,32.2,32.2,32.2,32.8,32.5,32.5,32.5,32.0,31.7,31.4,31.2,31.1,31.0,30.8,30.6,30.5,30.4,30.0,29.5,28.9,27.3,24.0,21.4,20.7,20.7,20.6,20.5,20.5,20.4,20.3,20.5,20.3,20.3,20.3,20.4,20.2,20.3,20.4,20.3,20.4,20.3,20.3,20.3,20.3,20.4,20.2,20.2,20.1,20.2,20.3,20.2,20.2,20.2,20.3,20.2,20.3,20.2,20.1,20.3,20.2,20.1,20.2,20.2,20.2,20.1,20.1,20.1,20.2,20.1,20.2,20.3,20.2,20.2,20.2,20.1,20.1,20.2,20.1,20.2,20.1,20.1,20.2,20.3,20.2,20.2,20.3,20.1,20.2,20.2,20.3,20.1,20.4,20.2,20.2,20.3,20.2,20.2,20.2,20.3,20.2,20.2,20.3,20.3,20.2,20.4,20.2,20.3,20.3,20.3,20.4,20.2,20.4,20.2,20.2,20.3,20.4,20.4,20.3,20.3,20.3,20.5,20.4,20.4,20.4,20.4,20.3,20.4,20.5,20.4,20.3,20.4,20.4,20.5,20.4,20.4,20.4,20.3,20.4,20.3,20.4,20.5,20.5
145,20.9,21.0,20.8,21.0,20.9,21.2,21.2,22.4,25.1,29.1,30.6,31.2,31.6,31.6,31.7,31.7,31.9,31.9,32.0,32.2,32.2,32.2,32.2,32.2,32.2,32.0,32.0,32.2,32.3,32.5,32.5,32.5,32.5,32.3,31.9,29.4,24.8,22.4,22.1,21.9,21.9,22.0,22.2,22.4,23.1,25.7,30.1,32.0,32.8,33.2,33.3,33.4,33.2,33.2,33.1,33.1,33.0,33.3,33.0,33.4,33.4,33.2,33.0,33.2,33.0,33.0,33.0,33.0,33.0,32.9,32.9,32.8,32.8,32.8,32.9,32.8,33.0,33.0,33.0,32.8,32.8,32.8,32.8,32.8,32.8,33.0,33.0,33.0,33.0,33.0,32.9,32.8,32.8,32.7,32.7,32.6,32.5,32.8,32.5,32.6,32.7,32.7,32.5,32.3,32.2,32.5,32.2,32.2,32.0,31.9,31.9,31.9,32.0,31.9,32.0,32.2,32.2,32.5,32.5,32.2,32.2,32.0,31.9,31.6,31.5,31.2,31.0,30.9,30.7,30.6,30.4,30.3,29.5,28.9,27.1,23.3,21.0,20.5,20.5,20.5,20.4,20.2,20.3,20.4,20.5,20.3,20.3,20.3,20.3,20.4,20.3,20.3,20.4,20.3,20.2,20.3,20.2,20.2,20.3,20.2,20.2,20.2,20.3,20.1,20.2,20.3,20.2,20.3,20.2,20.2,20.3,20.2,20.3,20.3,20.2,20.1,20.2,20.1,20.2,20.2,20.1,20.2,20.2,20.3,20.2,20.2,20.3,20.2,20.1,20.2,20.2,20.2,20.2,20.2,20.3,20.2,20.2,20.1,20.1,20.2,20.2,20.2,20.2,20.3,20.2,20.2,20.2,20.3,20.2,20.2,20.1,20.3,20.2,20.2,20.1,20.2,20.3,20.4,20.3,20.2,20.2,20.2,20.3,20.2,20.2,20.2,20.3,20.3,20.4,20.5,20.2,20.1,20.2,20.4,20.3,20.3,20.4,20.3,20.3,20.4,20.4,20.3,20.4,20.4,20.2,20.5,20.4,20.4,20.3,20.4,20.4,20.5,20.3,20.5,20.3,20.5
146,20.8,21.2,20.9,21.0,20.9,21.0,21.2,22.4,25.8,29.4,30.7,31.2,31.3,31.5,31.7,31.7,31.9,32.0,32.0,32.2,32.2,32.3,32.2,32.2,32.2,32.2,32.2,32.3,32.8,32.7,32.8,32.8,32.8,32.8,32.5,31.2,27.2,23.8,22.4,23.0,23.2,24.1,24.4,24.7,27.2,30.0,32.0,32.5,32.8,32.9,33.5,33.3,33.4,33.1,33.0,32.9,33.1,33.3,33.2,33.1,33.5,33.4,33.2,33.4,33.5,33.2,33.2,33.1,33.0,33.0,33.0,32.8,32.8,32.8,32.8,32.8,32.9,33.0,33.0,33.2,32.9,33.0,32.9,32.9,32.8,33.0,33.0,33.0,33.0,33.1,32.8,32.8,32.8,32.7,32.5,32.6,32.6,32.5,32.8,32.9,32.6,32.6,32.5,32.5,32.5,32.5,32.2,32.2,32.0,32.2,31.9,31.9,31.9,31.9,31.9,31.9,32.2,32.2,32.2,32.2,32.2,31.9,31.7,31.5,31.3,31.1,31.2,31.0,30.9,30.6,30.6,30.1,29.4,28.7,26.3,22.6,20.9,20.6,20.7,20.5,20.5,20.2,20.3,20.5,20.3,20.2,20.4,20.2,20.2,20.2,20.3,20.2,20.3,20.1,20.2,20.3,20.2,20.3,20.1,20.2,20.2,20.1,20.2,20.2,20.2,20.2,20.2,20.3,20.1,20.2,20.2,20.2,20.2,20.2,20.2,20.2,20.2,20.3,20.2,20.1,20.3,20.3,20.1,20.2,20.1,20.1,20.4,20.3,20.2,20.1,20.3,20.3,20.2,20.2,20.0,20.2,20.1,20.1,20.2,20.1,20.2,20.1,20.2,20.2,20.3,20.2,20.2,20.2,20.2,20.2,20.2,20.2,20.3,20.1,20.2,20.3,20.1,20.3,20.2,20.2,20.2,20.3,20.2,20.2,20.2,20.2,20.2,20.2,20.2,20.2,20.3,20.2,20.2,20.2,20.3,20.3,20.5,20.4,20.2,20.2,20.3,20.2,20.4,20.4,20.5,20.4,20.3,20.4,20.3,20.4,20.4,20.4,20.4,20.3,20.4,20.5
147,20.9,21.0,21.2,21.0,21.0,21.2,21.6,22.7,26.5,29.5,30.6,31.2,31.4,31.5,31.7,31.7,31.9,31.9,32.0,32.2,32.5,32.5,32.5,32.6,32.5,32.6,32.6,32.6,32.8,33.0,33.0,33.1,33.2,33.4,33.2,32.5,29.8,26.1,25.4,27.1,28.6,29.2,29.4,30.3,31.1,32.2,32.6,32.6,32.9,33.0,32.9,33.3,33.2,33.3,33.2,33.0,33.2,33.2,33.2,33.1,33.2,33.3,33.5,33.4,33.4,33.5,33.5,33.4,33.0,33.1,33.0,32.8,32.8,32.9,32.8,32.8,32.8,33.0,33.2,33.2,33.1,33.1,33.0,33.0,33.1,33.0,33.0,33.0,33.0,33.0,32.8,32.8,32.8,32.7,32.6,32.7,32.7,32.7,32.8,32.8,32.8,32.6,32.5,32.5,32.5,32.5,32.2,32.2,32.0,32.0,31.9,31.7,31.7,31.7,31.7,31.9,31.7,32.0,32.2,32.2,32.2,31.9,31.7,31.6,31.5,31.5,31.1,31.0,31.0,30.7,30.6,30.0,29.5,28.6,25.7,22.0,20.9,20.5,20.5,20.5,20.4,20.4,20.3,20.3,20.2,20.4,20.2,20.4,20.3,20.3,20.2,20.3,20.2,20.2,20.3,20.2,20.2,20.2,20.3,20.1,20.3,20.2,20.2,20.2,20.2,20.2,20.1,20.1,20.1,20.1,20.1,20.2,20.2,20.3,20.3,20.2,20.2,20.2,20.1,20.1,20.2,20.1,20.1,20.1,20.2,20.2,20.1,20.2,20.1,20.1,20.2,20.1,20.2,20.1,20.2,20.2,20.0,19.8,20.1,20.2,20.2,20.2,20.3,20.2,20.2,20.1,20.3,20.3,20.1,20.1,20.3,20.1,20.2,20.3,20.2,20.1,20.2,20.2,20.2,20.2,20.4,20.3,20.3,20.3,20.3,20.3,20.2,20.2,20.3,20.3,20.4,20.2,20.3,20.3,20.3,20.3,20.3,20.5,20.4,20.3,20.2,20.4,20.3,20.4,20.5,20.3,20.4,20.4,20.4,20.4,20.4,20.5,20.3,20.2,20.4,20.5
148,20.9,21.2,21.0,20.9,20.9,21.4,21.5,23.3,27.3,29.7,30.7,31.2,31.5,31.7,31.7,32.0,32.2,32.0,32.2,32.2,32.7,32.7,32.7,32.8,32.8,32.8,32.8,32.8,33.0,33.2,33.2,33.5,33.5,33.8,33.4,32.5,31.3,30.3,30.0,31.1,31.2,31.2,31.6,31.9,32.0,32.2,32.6,32.8,32.9,33.0,32.9,33.1,33.2,33.5,33.2,33.1,33.0,33.1,33.2,33.2,33.2,33.3,33.2,33.2,33.6,33.5,33.5,33.4,33.2,33.4,33.1,33.1,33.0,33.0,32.9,32.8,32.8,33.0,33.2,33.4,33.3,33.2,33.2,33.2,33.2,33.1,33.1,33.1,32.9,32.9,33.0,32.8,32.8,32.7,32.8,32.7,32.6,32.8,32.8,32.8,32.8,32.6,32.5,32.5,32.5,32.5,32.2,32.0,32.0,31.9,31.9,31.7,31.9,31.7,31.9,31.7,31.9,31.7,32.0,32.0,32.0,31.9,31.7,31.5,31.3,31.2,31.2,31.2,31.0,30.7,30.6,30.0,29.5,28.4,25.5,21.9,20.9,20.6,20.5,20.5,20.5,20.3,20.4,20.3,20.4,20.4,20.2,20.2,20.2,20.3,20.3,20.3,20.3,20.2,20.2,20.2,20.1,20.1,20.3,20.2,20.1,20.3,20.0,20.2,20.3,20.2,20.2,20.1,20.1,20.2,20.3,20.2,20.1,20.2,20.2,20.2,20.2,20.2,20.2,20.1,20.3,20.1,20.1,20.1,20.0,20.2,20.1,20.2,20.2,20.1,20.2,20.2,20.2,20.1,20.3,20.1,20.1,20.1,20.1,20.2,20.1,20.3,20.2,20.2,20.2,20.2,20.1,20.2,20.0,20.1,20.2,20.3,20.2,20.4,20.3,20.1,20.0,20.1,20.1,20.1,20.3,20.4,20.3,20.3,20.3,20.3,20.3,20.2,20.3,20.2,20.4,20.4,20.3,20.3,20.4,20.4,20.4,20.5,20.3,20.2,20.3,20.4,20.4,20.5,20.4,20.4,20.3,20.3,20.5,20.5,20.5,20.4,20.4,20.3,20.5,20.2
149,20.8,20.9,20.9,20.7,20.9,21.2,21.7,23.9,28.1,29.8,30.6,31.1,31.5,31.6,31.7,31.9,32.0,32.0,32.2,32.5,32.8,32.8,32.8,32.8,32.7,32.9,32.8,33.0,33.4,33.4,33.5,33.4,33.2,33.0,32.6,32.2,31.9,31.7,31.7,31.7,31.7,31.9,32.0,32.0,32.2,32.2,32.5,32.8,32.8,33.0,33.2,33.0,33.0,33.1,33.2,33.2,33.1,33.0,33.0,33.1,33.2,33.1,33.0,33.2,33.5,33.7,33.7,33.5,33.2,33.2,33.1,33.0,33.0,32.9,33.0,32.9,33.0,33.0,33.0,33.2,33.2,33.5,33.3,33.3,33.3,33.3,33.1,33.2,33.0,32.8,32.8,32.8,32.8,32.8,32.8,32.8,32.8,32.9,32.8,33.1,33.0,32.8,32.6,32.3,32.3,32.5,32.2,32.0,31.9,31.9,31.9,31.9,31.9,32.0,31.7,31.7,31.7,31.6,31.7,31.7,31.9,31.7,31.5,31.5,31.4,31.5,31.2,31.1,31.0,30.9,30.6,30.0,29.3,28.0,24.4,21.6,20.8,20.6,20.6,20.5,20.4,20.5,20.3,20.4,20.4,20.3,20.3,20.3,20.2,20.3,20.2,20.4,20.2,20.4,20.2,20.2,20.4,20.3,20.4,20.1,20.2,20.2,20.2,20.2,20.2,20.1,20.2,20.2,20.1,20.2,20.1,20.1,20.3,20.1,20.2,20.1,20.2,20.2,20.2,20.1,20.2,20.2,20.0,20.1,20.2,20.2,20.2,20.3,20.4,20.1,20.2,20.2,20.1,20.2,20.1,20.2,20.1,20.1,20.2,20.2,20.1,20.2,20.2,20.3,20.1,20.1,20.1,20.1,20.2,20.2,20.3,20.2,20.1,20.2,20.1,20.2,20.1,20.1,20.3,20.2,20.2,20.3,20.3,20.2,20.3,20.2,20.2,20.2,20.2,20.3,20.3,20.4,20.3,20.3,20.3,20.2,20.4,20.5,20.4,20.2,20.4,20.4,20.4,20.3,20.2,20.3,20.3,20.4,20.5,20.4,20.3,20.4,20.4,20.3,20.4,20.7
150,20.9,21.0,20.9,20.9,21.2,21.2,21.8,24.3,28.7,30.3,30.9,31.1,31.5,31.7,31.7,31.7,31.9,32.2,32.5,32.7,32.7,32.8,32.9,33.0,33.0,32.8,32.9,33.3,33.4,33.4,33.2,33.0,32.8,32.5,32.5,32.2,31.9,32.0,31.9,32.0,32.0,32.2,32.3,32.5,32.2,32.3,32.7,32.7,32.7,32.8,32.9,32.9,33.0,33.1,33.0,33.2,33.2,33.1,33.1,33.2,33.1,33.2,33.2,33.1,33.3,33.3,33.5,33.5,33.3,33.3,33.2,33.2,32.9,33.0,33.0,33.0,33.0,32.9,33.0,33.3,33.4,33.5,33.5,33.5,33.7,33.5,33.4,33.2,33.1,33.0,33.0,32.8,32.5,32.5,32.8,32.9,32.8,33.0,33.1,33.2,33.0,32.8,32.3,32.5,32.2,32.2,32.0,31.9,32.0,32.0,31.9,32.0,31.9,31.7,31.7,31.7,31.7,31.7,31.6,31.7,31.7,31.5,31.5,31.5,31.5,31.5,31.4,31.3,31.2,30.8,30.6,30.3,29.2,27.8,23.9,21.5,20.9,20.7,20.6,20.7,20.5,20.3,20.5,20.4,20.4,20.3,20.4,20.3,20.3,20.4,20.4,20.4,20.4,20.3,20.2,20.2,20.4,20.2,20.2,20.3,20.2,20.1,20.2,20.2,20.1,20.1,20.2,20.1,20.2,20.1,20.2,20.1,20.3,20.1,20.1,20.2,20.1,20.1,20.2,20.2,20.2,20.1,20.1,20.2,20.1,20.3,20.2,20.4,20.2,20.4,20.2,20.2,20.1,20.1,20.1,20.3,20.2,20.4,20.2,20.2,20.2,20.2,20.2,20.1,20.2,20.1,20.1,20.1,20.1,20.2,20.1,20.1,20.2,20.2,20.2,20.2,20.2,20.2,20.2,20.2,20.2,20.3,20.1,20.2,20.3,20.1,20.1,20.1,20.4,20.2,20.3,20.2,20.3,20.4,20.3,20.3,20.4,20.4,20.4,20.4,20.4,20.2,20.3,20.4,20.3,20.4,20.5,20.4,20.5,20.5,20.4,20.3,20.4,20.3,20.1,20.0
151,21.0,21.2,21.0,21.2,21.0,21.4,21.9,24.9,28.9,30.0,31.0,31.4,31.4,31.7,31.7,31.9,32.0,32.2,32.8,32.9,32.8,32.8,33.0,33.0,32.8,32.9,33.0,32.8,33.2,32.9,32.8,32.7,32.2,32.5,32.2,32.0,32.0,32.0,32.0,31.9,32.2,32.2,32.2,32.5,32.2,32.6,32.6,32.7,32.8,32.9,32.9,33.0,32.8,32.8,33.0,33.2,33.2,33.2,33.1,33.2,33.2,33.0,33.1,33.2,33.2,33.6,33.7,33.6,33.5,33.5,33.3,33.2,33.2,33.2,33.2,32.9,33.1,33.2,33.1,33.2,33.3,33.3,33.7,33.7,33.7,33.8,33.5,33.4,33.2,33.0,33.0,32.8,32.8,32.7,32.8,32.8,33.0,33.0,33.1,33.2,32.8,32.8,32.6,32.5,32.2,32.2,32.0,32.0,32.0,32.2,31.9,31.9,31.9,31.7,31.7,31.7,31.7,31.6,31.6,31.5,31.5,31.5,31.4,31.3,31.3,31.5,31.4,31.1,31.1,31.0,30.7,30.0,29.2,27.3,23.6,21.4,20.8,20.7,20.5,20.7,20.4,20.5,20.4,20.4,20.4,20.4,20.3,20.3,20.3,20.4,20.5,20.4,20.3,20.4,20.4,20.4,20.2,20.4,20.3,20.2,20.3,20.2,20.3,20.2,20.2,20.2,20.2,20.3,20.2,20.4,20.1,20.2,20.1,20.1,20.2,20.2,20.2,20.2,20.2,20.0,20.2,20.2,20.2,20.2,20.2,20.2,20.3,20.2,20.3,20.3,20.3,20.2,20.2,20.1,20.1,20.1,20.2,20.3,20.1,20.2,20.3,20.3,20.2,20.1,20.2,20.1,20.2,20.2,20.2,20.2,20.3,20.1,20.1,20.3,20.1,20.1,20.2,20.3,20.3,20.2,20.2,20.1,20.2,20.2,20.1,20.2,20.3,20.4,20.2,20.3,20.3,20.4,20.4,20.4,20.3,20.3,20.3,20.3,20.5,20.4,20.4,20.4,20.3,20.3,20.4,20.4,20.4,20.4,20.4,20.4,20.3,20.5,20.4,20.2,20.4,20.4
152,21.2,21.2,21.0,21.0,21.2,21.4,22.4,26.0,29.1,30.3,31.0,31.2,31.5,31.6,31.9,32.0,32.2,32.2,32.8,32.8,33.0,33.0,32.8,32.8,32.8,32.8,32.6,32.7,32.8,32.6,32.5,32.5,32.2,32.2,32.0,32.0,31.9,32.0,32.2,32.0,32.2,32.2,32.5,32.5,32.5,32.6,32.5,32.7,32.8,32.8,32.8,32.8,33.0,33.0,33.0,33.2,33.3,33.3,33.2,33.2,33.3,33.2,33.2,33.4,33.4,33.6,33.5,33.4,33.6,33.5,33.5,33.4,33.3,33.2,33.5,33.1,33.1,33.1,33.1,33.2,33.5,33.4,33.8,33.9,33.9,33.9,33.7,33.5,33.5,33.0,33.0,32.9,32.8,32.8,32.8,32.9,33.0,33.0,33.2,33.1,33.0,32.8,32.5,32.2,32.2,32.0,32.2,32.2,31.9,31.9,32.0,32.0,32.0,31.9,31.7,31.7,31.7,31.7,31.7,31.5,31.5,31.3,31.2,31.2,31.2,31.3,31.2,31.3,31.1,30.9,30.6,29.8,28.9,27.0,23.0,21.2,20.8,20.5,20.5,20.6,20.4,20.5,20.5,20.5,20.4,20.4,20.4,20.4,20.4,20.5,20.5,20.5,20.4,20.4,20.4,20.2,20.3,20.2,20.2,20.3,20.2,20.3,20.2,20.1,20.1,20.2,20.3,20.2,20.2,20.3,20.2,20.3,20.2,20.1,20.2,20.2,20.2,20.2,20.1,20.2,20.3,20.4,20.3,20.3,20.2,20.2,20.1,20.2,20.2,20.2,20.3,20.3,20.2,20.2,20.1,20.3,20.2,20.2,20.3,20.2,20.1,20.2,20.3,20.1,20.3,20.3,20.2,20.2,20.4,20.3,20.2,20.2,20.2,20.1,20.3,20.1,20.1,20.2,20.2,20.3,20.2,20.2,20.2,20.2,20.3,20.2,20.2,20.3,20.3,20.4,20.4,20.2,20.4,20.4,20.2,20.4,20.4,20.3,20.3,20.5,20.2,20.4,20.3,20.3,20.4,20.5,20.4,20.3,20.3,20.4,20.4,20.4,20.4,20.4,20.3,20.6
153,21.0,21.2,21.2,21.2,21.2,21.7,22.7,26.6,29.4,30.3,30.8,31.0,31.5,31.5,31.7,31.9,32.2,32.3,32.8,32.8,32.8,32.8,32.8,32.8,32.8,32.5,32.2,32.3,32.7,32.5,32.2,32.0,32.0,32.0,31.9,32.2,31.9,32.0,32.2,32.5,32.2,32.2,32.2,32.5,32.5,32.2,32.5,32.6,32.8,32.8,32.8,32.8,32.8,33.0,33.1,33.1,33.1,33.4,33.2,33.5,33.2,33.4,33.0,33.0,33.4,33.6,33.7,33.7,33.7,33.7,33.7,33.5,33.6,33.5,33.3,33.1,33.0,33.0,33.3,33.2,33.1,33.6,33.8,33.7,33.9,33.9,33.8,33.7,33.2,33.1,33.0,32.9,33.0,33.0,32.9,33.0,33.0,33.1,33.1,33.0,32.8,32.8,32.2,32.2,32.0,32.2,32.2,32.0,32.0,32.0,32.0,31.9,32.0,32.2,32.0,31.9,31.7,31.7,31.7,31.6,31.5,31.2,31.2,31.1,30.9,31.0,31.2,31.1,31.2,31.0,30.6,30.0,28.9,26.5,22.4,21.2,20.7,20.7,20.4,20.5,20.5,20.5,20.5,20.5,20.5,20.4,20.4,20.4,20.5,20.4,20.4,20.5,20.4,20.4,20.2,20.2,20.4,20.2,20.4,20.4,20.2,20.2,20.2,20.5,20.2,20.3,20.3,20.3,20.4,20.3,20.4,20.2,20.2,20.3,20.3,20.3,20.1,20.3,20.2,20.2,20.3,20.2,20.2,20.3,20.2,20.2,20.3,20.2,20.2,20.3,20.2,20.2,20.2,20.4,20.3,20.3,20.2,20.3,20.2,20.2,20.4,20.4,20.2,20.1,20.2,20.3,20.2,20.3,20.3,20.3,20.2,20.2,20.2,20.3,20.3,20.4,20.2,20.2,20.3,20.2,20.2,20.3,20.3,20.2,20.2,20.2,20.1,20.3,20.3,20.4,20.4,20.4,20.4,20.3,20.4,20.4,20.4,20.3,20.5,20.4,20.5,20.5,20.3,20.3,20.4,20.4,20.5,20.5,20.4,20.4,20.5,20.4,20.4,20.4,20.5,20.6
154,21.2,21.2,21.0,21.2,21.2,21.7,23.0,26.8,29.4,30.3,30.6,31.1,31.3,31.5,31.7,31.9,32.2,32.6,32.8,32.8,33.0,32.8,32.5,32.5,32.3,32.5,32.5,32.2,32.5,32.3,32.2,32.0,32.2,32.0,32.0,32.0,32.0,32.0,32.2,32.2,32.2,32.2,32.5,32.2,32.3,32.2,32.2,32.6,32.5,32.6,32.8,32.8,32.8,32.9,32.9,33.0,33.3,33.2,33.2,33.4,33.3,33.2,33.2,33.3,33.3,33.5,33.5,33.6,33.7,33.8,33.8,33.8,33.5,33.5,33.4,33.2,33.0,33.1,33.1,33.2,33.4,33.4,33.5,33.7,33.8,33.7,33.7,33.7,33.3,33.2,33.0,33.0,33.0,33.0,32.8,33.0,33.0,33.0,33.0,33.0,32.8,32.7,32.5,32.2,32.0,32.0,32.2,32.0,31.9,32.0,32.0,32.0,32.2,31.9,31.9,31.7,31.7,31.7,31.7,31.5,31.5,31.2,31.2,30.9,30.9,30.9,31.0,30.9,31.0,30.7,30.6,29.8,28.7,26.0,22.1,20.9,20.8,20.5,20.6,20.5,20.5,20.6,20.4,20.4,20.4,20.5,20.5,20.4,20.4,20.4,20.4,20.4,20.3,20.3,20.4,20.3,20.3,20.2,20.3,20.4,20.2,20.3,20.2,20.2,20.2,20.3,20.3,20.2,20.3,20.1,20.2,20.2,20.3,20.3,20.4,20.2,20.2,20.3,20.1,20.2,20.3,20.2,20.3,20.3,20.3,20.4,20.2,20.3,20.2,20.2,20.1,20.3,20.1,20.2,20.1,20.2,20.2,20.2,20.4,20.3,20.5,20.4,20.3,20.2,20.2,20.3,20.2,20.3,20.2,20.2,20.1,20.3,20.2,20.2,20.2,20.2,20.3,20.2,20.2,20.4,20.3,20.3,20.2,20.2,20.2,20.2,20.4,20.3,20.3,20.4,20.5,20.4,20.2,20.4,20.2,20.3,20.4,20.3,20.3,20.4,20.5,20.4,20.4,20.4,20.4,20.4,20.3,20.4,20.4,20.4,20.3,20.5,20.4,20.3,20.3,20.7
155,21.0,21.2,21.0,21.0,21.2,21.6,22.9,26.9,29.2,30.5,30.7,31.0,31.1,31.5,31.7,32.0,32.2,32.5,32.7,32.8,32.8,32.7,32.5,32.2,32.3,32.2,32.2,32.5,32.5,32.2,32.2,32.2,32.2,32.2,32.0,32.0,32.0,32.0,32.2,32.2,32.2,32.2,32.2,32.2,32.2,32.2,32.3,32.5,32.6,32.6,32.8,32.8,32.8,33.0,33.1,33.2,33.2,33.4,33.3,33.4,33.4,33.3,33.2,33.3,33.3,33.4,33.4,33.5,33.7,33.9,33.9,33.8,33.4,33.6,33.3,33.4,33.2,33.2,33.2,33.3,33.4,33.4,33.5,33.6,33.7,33.7,33.8,33.8,33.5,33.2,33.1,33.2,33.2,33.1,33.0,33.0,33.0,32.9,33.1,32.9,32.8,32.6,32.3,32.0,32.0,32.0,32.0,32.2,31.9,32.2,32.0,31.9,32.0,32.0,31.9,31.7,31.7,31.9,31.7,31.6,31.5,31.3,31.2,31.0,30.8,30.8,30.7,30.8,30.8,30.6,30.3,29.6,28.4,25.4,21.7,20.9,20.7,20.5,20.4,20.5,20.4,20.5,20.4,20.5,20.5,20.5,20.4,20.5,20.3,20.5,20.4,20.4,20.3,20.2,20.3,20.5,20.2,20.3,20.4,20.2,20.3,20.2,20.4,20.3,20.2,20.3,20.2,20.2,20.2,20.3,20.2,20.2,20.1,20.2,20.2,20.3,20.3,20.3,20.1,20.3,20.4,20.1,20.2,20.3,20.4,20.3,20.4,20.2,20.1,20.3,20.1,20.3,20.4,20.4,20.2,20.3,20.2,20.2,20.2,20.4,20.2,20.2,20.3,20.2,20.2,20.2,20.2,20.2,20.3,20.2,20.2,20.2,20.1,20.3,20.3,20.3,20.2,20.2,20.2,20.2,20.3,20.2,20.2,20.1,20.2,20.2,20.4,20.3,20.3,20.5,20.3,20.5,20.3,20.2,20.4,20.3,20.3,20.2,20.4,20.4,20.4,20.5,20.3,20.5,20.3,20.4,20.4,20.3,20.4,20.4,20.4,20.5,20.4,20.5,20.4,20.5
156,21.2,21.0,21.0,21.0,21.2,21.8,22.6,26.1,29.1,30.0,30.8,30.9,31.2,31.5,31.7,31.9,32.0,32.2,32.5,32.5,32.7,32.5,32.2,32.2,32.2,32.2,32.2,32.2,32.3,32.5,32.5,32.2,32.2,32.2,32.2,32.0,32.2,32.0,32.2,32.0,32.0,32.3,32.2,32.3,32.2,32.5,32.2,32.3,32.5,32.5,32.5,32.8,32.9,32.8,33.2,33.1,33.3,33.5,33.4,33.5,33.5,33.5,33.2,33.2,33.4,33.2,33.5,33.7,33.6,34.0,34.2,33.9,33.9,33.5,33.5,33.4,33.4,33.4,33.3,33.2,33.3,33.2,33.7,33.6,33.6,33.6,33.5,33.7,33.4,33.4,33.4,33.3,33.3,33.2,33.1,33.1,33.0,32.8,33.2,32.9,32.7,32.5,32.2,32.2,32.0,32.2,32.2,31.9,32.2,32.0,32.0,32.0,32.0,32.0,31.9,31.9,31.9,31.7,31.7,31.7,31.6,31.2,31.2,31.0,31.0,30.8,30.8,30.7,30.7,30.6,30.3,29.5,28.1,24.7,21.5,20.9,20.5,20.4,20.5,20.7,20.4,20.5,20.5,20.3,20.5,20.4,20.3,20.2,20.4,20.4,20.4,20.3,20.4,20.4,20.3,20.3,20.4,20.4,20.4,20.3,20.2,20.2,20.2,20.3,20.3,20.3,20.3,20.4,20.2,20.4,20.3,20.2,20.3,20.1,20.2,20.2,20.2,20.2,20.2,20.4,20.2,20.1,20.2,20.4,20.3,20.2,20.3,20.3,20.2,20.2,20.2,20.2,20.3,20.3,20.3,20.1,20.2,20.2,20.2,20.3,20.3,20.3,20.4,20.3,20.3,20.1,20.2,20.4,20.2,20.2,20.2,20.2,20.1,20.2,20.2,20.2,20.2,20.3,20.2,20.2,20.3,20.2,20.2,20.1,20.3,20.2,20.4,20.3,20.3,20.4,20.2,20.3,20.3,20.2,20.4,20.2,20.3,20.3,20.4,20.4,20.4,20.4,20.4,20.4,20.4,20.4,20.4,20.5,20.4,20.4,20.4,20.4,20.4,20.2,20.4,20.3
157,21.0,21.0,21.2,21.0,21.2,21.7,22.4,26.1,29.0,30.1,30.7,30.9,31.2,31.4,31.7,31.7,31.9,32.2,32.2,32.5,32.5,32.2,32.5,32.3,32.2,32.3,32.2,32.2,32.5,32.2,32.2,32.5,32.5,32.5,32.0,32.2,32.2,32.0,32.0,32.0,32.2,32.2,32.2,32.2,32.2,32.3,32.2,32.2,32.5,32.6,32.7,32.8,32.8,33.0,33.1,33.2,33.3,33.4,33.3,33.5,33.5,33.5,33.2,33.3,33.2,33.2,33.4,33.6,33.7,33.9,33.9,33.9,34.2,33.9,33.8,33.5,33.3,33.4,33.2,33.4,33.5,33.5,33.6,33.7,33.5,33.7,33.5,33.5,33.2,33.4,33.5,33.6,33.4,33.5,33.2,33.0,33.0,33.0,32.9,32.8,32.5,32.2,32.2,32.2,32.2,32.2,32.0,31.9,32.0,32.0,32.0,32.0,31.9,32.2,31.9,31.7,32.0,32.0,31.9,31.7,31.7,31.5,31.4,31.2,31.0,31.0,31.0,30.9,30.6,30.3,30.0,29.2,27.7,23.9,21.4,20.8,20.5,20.5,20.4,20.4,20.4,20.3,20.4,20.4,20.4,20.3,20.4,20.2,20.4,20.3,20.4,20.4,20.3,20.3,20.4,20.3,20.4,20.3,20.3,20.3,20.3,20.3,20.3,20.2,20.3,20.3,20.2,20.4,20.4,20.4,20.2,20.4,20.3,20.2,20.1,20.1,20.2,20.3,20.1,20.1,20.3,20.3,20.3,20.2,20.2,20.3,20.2,20.3,20.3,20.3,20.3,20.2,20.1,20.2,20.2,20.1,20.2,20.3,20.1,20.3,20.3,20.2,20.2,20.3,20.2,20.2,20.2,20.3,20.1,20.1,20.3,20.2,20.1,20.1,20.1,20.1,20.1,20.3,20.2,20.4,20.2,20.2,20.3,20.3,20.3,20.3,20.4,20.3,20.4,20.2,20.5,20.3,20.4,20.4,20.1,20.2,20.4,20.3,20.2,20.3,20.4,20.4,20.5,20.4,20.4,20.4,20.5,20.5,20.3,20.4,20.2,20.3,20.4,20.5,20.4,20.5
158,21.0,21.2,21.2,21.4,21.2,21.5,22.4,25.6,28.5,30.3,30.7,31.0,31.2,31.6,31.7,31.7,32.0,32.2,32.5,32.5,32.7,32.5,32.2,32.2,32.2,32.3,32.2,32.2,32.3,32.5,32.5,32.8,32.5,32.5,32.2,32.0,32.2,32.2,32.0,32.0,32.0,32.2,32.3,32.2,32.5,32.7,32.2,32.5,32.6,32.8,32.8,32.8,33.0,33.1,33.2,33.3,33.7,33.4,33.5,33.4,33.5,33.5,33.3,33.4,33.2,33.4,33.5,33.5,33.7,34.0,33.9,34.0,33.9,34.0,33.8,33.7,33.4,33.4,33.5,33.4,33.5,33.4,33.6,33.7,33.7,33.5,33.5,33.4,33.2,33.5,33.5,33.6,33.7,33.6,33.5,33.2,33.1,32.9,32.9,32.7,32.2,32.2,32.2,32.2,32.2,32.2,32.5,32.2,32.2,32.2,32.2,32.2,32.0,32.0,31.9,32.0,32.0,32.2,32.0,32.0,31.9,31.7,31.6,31.3,31.2,31.1,31.2,31.1,30.8,30.5,30.0,29.1,27.1,23.3,20.9,20.8,20.5,20.4,20.6,20.5,20.5,20.4,20.3,20.4,20.4,20.4,20.2,20.3,20.4,20.3,20.3,20.4,20.3,20.4,20.4,20.2,20.3,20.3,20.4,20.4,20.5,20.4,20.3,20.4,20.3,20.3,20.4,20.5,20.4,20.2,20.3,20.4,20.2,20.3,20.3,20.1,20.2,20.3,20.2,20.4,20.2,20.3,20.3,20.3,20.2,20.3,20.3,20.4,20.4,20.3,20.2,20.3,20.2,20.4,20.3,20.2,20.2,20.1,20.3,20.2,20.2,20.3,20.4,20.2,20.4,20.3,20.2,20.2,20.2,20.2,20.2,20.2,20.2,20.1,20.2,20.2,20.2,20.2,20.2,20.2,20.4,20.3,20.4,20.2,20.4,20.3,20.4,20.4,20.4,20.4,20.4,20.2,20.2,20.5,20.5,20.2,20.4,20.5,20.4,20.3,20.4,20.4,20.5,20.3,20.4,20.4,20.5,20.4,20.4,20.5,20.5,20.7,20.5,20.5,20.5,20.4
159,20.9,21.0,21.0,21.0,21.2,21.7,22.0,24.9,28.6,30.3,30.6,31.0,31.2,31.5,31.7,31.9,31.7,32.0,32.2,32.5,32.5,32.2,32.2,32.2,32.2,32.2,32.2,32.2,32.2,32.5,32.7,32.6,32.6,32.6,32.2,32.2,32.0,32.2,32.2,32.0,31.9,32.0,32.2,32.2,32.2,32.2,32.5,32.7,32.7,32.7,32.8,32.8,32.9,33.0,33.2,33.3,33.4,33.5,33.4,33.5,33.5,33.7,33.4,33.3,33.2,33.2,33.6,33.5,33.7,33.7,33.9,33.9,33.9,33.9,33.8,33.5,33.5,33.5,33.5,33.5,33.7,33.4,33.7,33.5,33.7,33.7,33.4,33.3,33.3,33.3,33.4,33.7,33.9,33.9,33.7,33.5,33.0,32.9,32.8,32.7,32.3,32.2,32.2,32.2,32.2,32.2,32.2,32.0,32.0,32.2,31.9,32.2,31.9,32.2,31.9,31.9,32.0,32.2,32.2,32.0,32.0,31.9,31.5,31.3,31.2,31.1,31.0,31.2,30.8,30.4,29.7,28.7,26.4,22.4,21.0,20.6,20.5,20.4,20.3,20.5,20.3,20.2,20.3,20.4,20.2,20.4,20.5,20.4,20.2,20.2,20.3,20.3,20.2,20.5,20.4,20.3,20.2,20.2,20.3,20.4,20.4,20.4,20.3,20.2,20.4,20.4,20.3,20.3,20.3,20.2,20.2,20.2,20.3,20.2,20.2,20.2,20.2,20.2,20.3,20.4,20.2,20.2,20.2,20.2,20.2,20.2,20.4,20.2,20.2,20.2,20.1,20.3,20.2,20.1,20.2,20.2,20.3,20.3,20.4,20.3,20.3,20.4,20.2,20.2,20.2,20.3,20.4,20.2,20.1,20.1,20.1,20.0,20.3,20.2,20.2,20.2,20.1,20.2,20.3,20.2,20.4,20.4,20.3,20.2,20.3,20.4,20.4,20.2,20.3,20.5,20.5,20.4,20.3,20.3,20.4,20.2,20.3,20.4,20.4,20.4,20.4,20.4,20.3,20.2,20.2,20.2,20.3,20.3,20.4,20.4,20.4,20.4,20.4,20.5,20.5,20.4
160,20.9,21.0,21.0,21.0,21.2,21.2,21.9,24.2,27.8,30.0,30.6,31.0,31.1,31.5,31.7,31.7,31.9,32.0,32.2,32.5,32.5,32.2,32.2,32.2,32.2,32.2,32.2,32.2,32.6,32.5,32.8,32.6,32.8,32.5,32.2,32.2,32.2,32.2,32.2,32.0,32.0,32.2,32.2,32.2,32.2,32.5,32.5,32.5,32.6,32.6,32.6,32.8,33.0,33.2,33.2,33.5,33.4,33.2,33.2,33.5,33.4,33.5,33.5,33.3,33.3,33.2,33.5,33.5,33.5,33.8,33.7,33.9,33.9,33.9,33.8,33.7,33.6,33.5,33.4,33.5,33.7,33.6,33.5,33.8,33.7,33.5,33.2,33.2,33.2,33.4,33.5,33.7,33.9,33.9,33.7,33.6,33.0,33.0,32.8,32.6,32.5,32.5,32.5,32.3,32.2,32.2,32.2,32.2,32.2,32.0,32.0,31.9,32.0,31.9,31.9,31.9,32.2,32.2,32.2,32.2,32.2,31.7,31.7,31.2,31.2,31.2,31.1,31.0,30.7,30.3,29.7,28.5,25.3,21.8,20.8,20.5,20.5,20.4,20.2,20.4,20.4,20.2,20.4,20.3,20.4,20.4,20.3,20.3,20.3,20.1,20.2,20.2,20.4,20.3,20.3,20.2,20.3,20.2,20.4,20.2,20.3,20.4,20.3,20.3,20.3,20.2,20.2,20.2,20.2,20.3,20.2,20.3,20.1,20.1,20.2,20.1,20.2,20.3,20.1,20.4,20.3,20.1,20.2,20.2,20.2,20.2,20.2,20.2,20.2,20.2,20.1,20.2,20.2,20.0,20.2,20.2,20.2,20.2,20.2,20.4,20.3,20.3,20.3,20.2,20.2,20.3,20.3,20.2,20.2,20.1,20.1,20.1,20.2,20.2,20.3,20.3,20.2,20.2,20.2,20.2,20.2,20.3,20.4,20.3,20.3,20.4,20.4,20.4,20.3,20.4,20.4,20.3,20.3,20.3,20.3,20.2,20.4,20.3,20.3,20.3,20.4,20.3,20.5,20.4,20.4,20.4,20.4,20.4,20.4,20.4,20.4,20.5,20.5,20.4,20.5,20.4
161,20.9,20.8,21.0,20.9,21.2,21.2,21.9,23.3,27.2,29.6,30.5,30.9,31.2,31.5,31.5,31.7,32.0,32.2,32.0,32.2,32.2,32.2,32.2,32.2,32.2,32.0,32.2,32.2,32.5,32.5,32.6,32.5,32.7,32.3,32.5,32.2,32.2,32.2,32.2,32.2,32.0,32.2,32.2,32.2,32.2,32.2,32.3,32.5,32.5,32.8,32.9,32.8,32.9,33.2,33.2,33.2,33.3,33.5,33.2,33.5,33.2,33.5,33.5,33.4,33.4,33.4,33.6,33.5,33.7,33.9,33.7,33.9,33.9,33.9,33.7,33.8,33.8,33.6,33.8,33.7,33.6,33.7,33.5,33.9,33.7,33.7,33.2,33.2,33.2,33.4,33.3,33.7,33.8,33.9,33.9,33.8,33.3,33.1,33.0,32.9,32.7,32.5,32.5,32.2,32.2,32.2,32.2,32.0,32.2,32.0,32.2,32.0,32.2,32.0,32.2,31.9,32.2,32.2,32.2,32.0,32.2,31.7,31.6,31.2,31.2,31.2,31.1,31.0,30.8,30.1,29.4,27.8,24.4,21.5,21.0,20.6,20.5,20.3,20.4,20.4,20.4,20.4,20.3,20.4,20.3,20.3,20.2,20.4,20.3,20.3,20.1,20.2,20.3,20.2,20.2,20.2,20.3,20.2,20.1,20.2,20.3,20.3,20.2,20.1,20.2,20.2,20.2,20.1,20.2,20.2,20.3,20.2,20.2,20.2,20.1,20.2,20.2,20.2,20.3,20.3,20.1,20.2,20.1,20.2,20.1,20.2,20.2,20.1,20.2,20.2,20.2,20.2,20.3,20.2,20.2,20.1,20.1,20.3,20.2,20.3,20.3,20.3,20.2,20.3,20.2,20.2,20.2,20.2,20.3,20.2,20.1,20.2,20.3,20.3,20.2,20.3,20.3,20.2,20.3,20.2,20.2,20.1,20.2,20.1,20.3,20.4,20.4,20.3,20.2,20.2,20.4,20.3,20.2,20.3,20.3,20.2,20.4,20.3,20.4,20.4,20.3,20.3,20.4,20.5,20.5,20.3,20.3,20.4,20.5,20.4,20.6,20.5,20.5,20.6,20.5,20.6
162,20.9,21.0,20.9,20.9,21.2,21.2,21.4,22.4,25.8,28.9,30.5,31.0,31.2,31.3,31.6,31.7,31.7,31.9,32.0,32.2,32.0,32.2,32.0,31.9,32.0,32.0,32.2,32.2,32.5,32.7,32.8,32.3,32.5,32.3,32.5,32.2,32.2,32.2,32.2,32.2,32.2,32.2,32.2,32.2,32.3,32.2,32.5,32.2,32.5,32.6,32.8,32.8,33.0,33.0,33.0,33.2,33.2,33.3,33.5,33.7,33.4,33.5,33.4,33.4,33.5,33.5,33.5,33.5,33.7,33.7,33.9,33.9,33.7,33.8,33.6,33.8,33.7,33.7,33.7,33.7,33.8,33.8,33.7,33.9,33.5,33.5,33.2,33.2,33.3,33.5,33.5,33.5,33.7,33.9,33.8,33.7,33.4,33.1,33.0,32.8,32.8,32.6,32.6,32.6,32.2,32.2,32.2,32.0,32.2,32.0,31.9,32.0,31.9,32.2,32.0,31.9,32.0,32.2,32.2,32.2,31.9,31.7,31.5,31.2,31.0,31.0,31.1,30.9,30.5,30.0,29.3,27.4,23.1,21.5,20.7,20.5,20.4,20.4,20.3,20.4,20.3,20.4,20.4,20.3,20.2,20.2,20.4,20.2,20.4,20.1,20.2,20.2,20.3,20.3,20.2,20.2,20.1,20.2,20.2,20.1,20.2,20.1,20.1,20.1,20.1,20.2,20.2,19.8,20.1,20.2,20.2,20.1,20.1,20.2,20.1,20.2,20.2,20.2,20.1,20.1,20.1,20.3,20.1,20.2,20.2,20.1,20.2,20.2,20.1,20.0,20.0,20.1,20.1,20.1,20.2,20.2,20.1,20.1,20.2,20.2,20.2,20.2,20.2,20.0,19.8,20.1,20.1,20.1,20.2,20.2,20.0,20.2,20.1,20.1,20.2,20.2,20.2,20.3,20.3,20.1,20.1,20.1,20.2,20.2,20.2,20.4,20.4,20.2,20.3,20.2,20.3,20.4,20.4,20.2,20.2,20.4,20.4,20.4,20.3,20.1,20.3,20.3,20.5,20.3,20.3,20.4,20.5,20.3,20.2,20.2,20.3,20.3,20.4,20.5,20.4,20.1
163,20.8,20.8,21.0,20.9,21.0,21.4,21.4,22.2,24.9,28.4,30.1,30.8,31.2,31.2,31.6,31.7,31.7,31.9,32.0,32.2,32.2,32.0,32.0,32.0,32.0,32.0,32.2,32.2,32.8,32.8,32.7,32.5,32.5,32.5,32.5,32.2,32.3,32.5,32.5,32.2,32.2,32.2,32.2,32.3,32.2,32.7,32.2,32.6,32.5,32.7,32.8,32.8,32.8,32.9,33.0,33.2,33.2,33.4,33.3,33.3,33.4,33.5,33.5,33.7,33.5,33.5,33.7,33.8,33.7,33.9,33.9,33.7,33.5,33.7,33.7,33.8,33.8,33.9,33.9,33.9,33.9,33.9,33.9,33.7,33.7,33.7,33.4,33.4,33.2,33.3,33.6,33.7,33.8,33.9,33.7,33.5,33.2,33.2,33.2,32.9,32.8,32.8,32.8,32.7,32.5,32.2,32.2,32.2,32.0,32.2,32.2,32.0,32.0,32.0,32.0,31.9,32.2,32.0,32.0,31.9,31.7,31.6,31.4,31.2,31.1,31.0,30.9,31.0,30.4,29.7,29.0,26.5,22.2,21.0,20.6,20.6,20.3,20.3,20.3,20.3,20.2,20.3,20.4,20.3,20.4,20.2,20.2,20.4,20.2,20.2,20.2,20.3,20.2,20.2,20.1,20.2,20.2,20.2,20.2,20.2,20.2,20.1,20.1,20.1,20.2,20.1,20.1,20.1,20.1,20.2,20.2,20.1,20.2,20.0,20.1,20.1,20.1,20.2,20.2,20.1,20.2,20.2,20.1,20.2,20.2,20.1,20.2,20.1,20.2,20.0,19.8,20.0,20.0,20.0,20.1,20.1,19.8,20.0,20.1,20.1,20.1,20.1,20.2,20.2,20.2,20.1,20.1,20.1,20.2,20.1,20.1,20.2,20.1,20.1,20.1,20.1,20.1,20.0,20.1,20.1,20.2,20.1,20.1,20.2,20.2,20.4,20.3,20.2,20.2,20.2,20.3,20.4,20.3,20.3,20.2,20.2,20.3,20.3,20.3,20.3,20.4,20.4,20.3,20.2,20.2,20.4,20.3,20.5,20.5,20.4,20.4,20.5,20.4,20.4,20.5,20.5
164,20.6,20.9,20.9,20.8,20.9,21.2,21.2,21.8,23.8,27.5,29.6,30.8,31.0,31.3,31.5,31.9,32.0,31.9,31.9,32.0,31.7,31.9,32.0,32.0,32.2,32.2,32.5,32.6,32.7,32.5,32.5,32.5,32.5,32.8,32.6,32.5,32.5,32.5,32.5,32.2,32.3,32.2,32.5,32.5,32.5,32.6,32.8,32.8,32.8,32.6,32.5,32.8,32.9,32.9,32.9,33.1,33.3,33.2,33.5,33.3,33.5,33.5,33.7,33.6,33.5,33.9,33.7,33.7,33.9,34.0,33.9,33.8,33.7,33.7,33.7,33.7,33.7,33.8,33.9,33.9,33.9,33.9,33.9,33.9,33.8,33.7,33.5,33.5,33.4,33.5,33.5,33.5,33.6,33.8,33.6,33.3,33.2,33.2,33.0,33.1,33.0,32.9,32.8,32.8,32.8,32.5,32.5,32.2,32.2,32.2,32.0,32.0,32.0,32.2,32.0,31.9,32.0,32.0,32.0,31.7,31.7,31.5,31.3,31.1,31.0,31.1,30.8,30.5,30.3,29.6,28.4,25.4,21.8,20.9,20.6,20.5,20.4,20.4,20.3,20.2,20.2,20.2,20.3,20.3,20.2,20.2,20.2,20.2,20.2,20.3,20.2,20.4,20.2,20.2,20.2,20.2,20.1,20.1,20.2,20.3,20.2,20.1,20.2,20.1,20.3,20.0,20.1,20.2,20.2,20.0,20.3,20.1,20.0,20.2,20.1,20.2,20.2,20.1,20.2,20.2,20.2,20.2,20.1,20.2,20.1,20.2,20.1,20.2,20.2,20.0,20.1,20.1,20.2,20.0,20.2,20.2,20.2,20.1,20.1,20.1,20.3,20.2,20.3,20.1,20.1,20.0,20.1,20.1,20.3,20.2,20.1,20.2,20.2,20.1,20.1,20.2,20.2,20.0,20.0,20.1,20.1,20.1,20.2,20.2,20.3,20.2,20.2,20.2,20.2,20.2,20.3,20.3,20.3,20.3,20.3,20.2,20.4,20.4,20.2,20.3,20.3,20.1,20.4,20.2,20.3,20.4,20.3,20.5,20.5,20.4,20.4,20.5,20.4,20.5,20.4,20.6
165,20.8,20.9,20.9,20.8,21.0,21.0,21.2,21.7,23.0,26.0,29.4,30.6,30.9,31.1,31.7,31.6,31.7,31.7,31.9,31.9,32.0,31.9,32.0,32.2,32.2,32.2,32.5,32.5,32.6,32.5,32.5,32.3,32.6,32.5,32.5,32.3,32.2,32.2,32.2,32.2,32.2,32.2,32.5,32.3,32.5,32.5,32.8,32.8,32.8,32.9,32.8,32.8,32.9,32.7,32.8,33.0,33.2,33.3,33.3,33.3,33.4,33.2,33.6,33.7,33.7,33.7,33.8,33.9,33.9,33.9,34.0,33.8,33.7,33.7,33.7,33.5,33.7,33.7,33.7,33.9,33.9,33.9,34.0,33.9,33.9,33.5,33.5,33.5,33.4,33.4,33.5,33.5,33.5,33.5,33.6,33.4,33.2,33.1,33.2,33.2,33.1,33.2,33.3,33.0,32.8,32.8,32.2,32.5,32.2,32.2,32.0,32.0,32.0,32.0,32.0,31.9,31.9,31.9,31.7,31.7,31.5,31.4,31.1,31.0,30.9,30.8,30.6,30.4,29.8,29.2,27.9,24.1,21.2,20.7,20.5,20.5,20.4,20.3,20.2,20.2,20.2,20.3,20.2,20.3,20.2,20.2,20.2,20.1,20.3,20.2,20.2,20.1,20.2,20.3,20.2,20.2,20.2,20.1,20.2,20.1,20.2,20.0,20.0,20.2,20.3,20.2,20.2,20.2,20.1,20.2,20.0,20.1,20.2,20.2,20.1,20.1,20.0,20.2,20.1,20.0,20.1,20.1,20.2,20.2,20.1,20.1,20.2,20.1,19.8,20.2,20.0,20.1,20.0,20.1,20.1,20.1,20.1,20.2,20.1,20.2,20.1,20.0,20.1,20.2,20.3,20.1,20.1,20.1,20.0,20.1,20.1,20.1,20.1,20.2,20.2,20.2,20.1,20.2,20.2,20.2,20.2,20.2,20.3,20.2,20.4,20.3,20.2,20.2,20.1,20.4,20.2,20.5,20.3,20.3,20.3,20.4,20.3,20.3,20.4,20.2,20.4,20.2,20.2,20.2,20.3,20.4,20.4,20.5,20.4,20.4,20.5,20.5,20.4,20.4,20.4,20.5
166,21.0,20.9,20.8,20.9,20.9,20.9,21.0,21.5,22.4,24.7,28.7,30.1,30.9,31.4,31.7,31.7,31.9,31.7,31.7,31.9,32.0,32.0,32.2,32.3,32.2,32.2,32.2,32.2,32.6,32.3,32.5,32.3,32.5,32.5,32.2,32.3,32.2,32.2,32.2,32.2,32.2,32.2,32.2,32.6,32.6,32.7,32.7,32.8,32.8,32.8,32.8,32.9,32.8,32.8,33.0,33.0,33.1,33.2,33.2,33.2,33.5,33.5,33.7,33.7,33.9,33.9,33.9,33.9,33.9,33.9,33.9,33.7,33.8,33.7,33.6,33.7,33.7,33.7,33.9,33.9,33.9,34.2,34.0,34.2,33.9,33.9,33.5,33.5,33.5,33.5,33.7,33.8,33.6,33.5,33.3,33.2,33.1,33.0,33.1,33.1,33.2,33.2,33.3,33.0,33.0,32.8,32.7,32.6,32.3,32.2,32.2,32.2,32.2,32.0,31.9,31.9,31.9,32.0,31.9,31.7,31.7,31.4,31.2,30.9,30.8,30.9,30.6,30.0,29.7,28.9,26.8,22.7,21.0,20.7,20.4,20.5,20.4,20.3,20.1,20.3,20.3,20.2,20.4,20.2,20.3,20.2,20.3,20.2,20.2,20.3,20.2,20.3,20.2,20.3,20.2,20.3,20.2,20.3,20.2,20.3,20.1,20.2,20.1,20.2,20.1,20.1,20.2,20.2,20.2,20.2,20.1,20.2,20.1,20.1,20.1,20.1,20.1,20.2,20.1,20.0,20.2,20.1,20.2,20.3,20.2,20.2,20.2,20.2,20.2,20.1,20.0,20.2,20.1,20.1,20.0,20.2,20.1,20.1,20.2,20.1,20.1,20.1,20.2,20.1,20.2,20.3,20.1,20.2,20.2,20.2,20.1,20.2,20.3,20.1,20.2,20.2,20.0,20.2,20.2,20.2,20.2,20.2,20.3,20.2,20.3,20.2,20.4,20.4,20.2,20.3,20.4,20.2,20.2,20.4,20.4,20.3,20.3,20.4,20.2,20.4,20.4,20.3,20.3,20.2,20.3,20.5,20.6,20.5,20.4,20.4,20.4,20.4,20.5,20.5,20.5,20.3
167,20.7,20.8,20.9,20.9,20.8,20.9,21.2,21.4,22.1,23.9,27.7,29.8,30.9,31.2,31.6,31.9,31.7,32.0,31.9,31.7,32.0,32.2,32.2,32.5,32.2,32.5,32.2,32.2,32.2,32.2,32.2,32.6,32.5,32.5,32.2,32.2,32.2,32.2,32.2,32.2,32.2,32.2,32.2,32.5,32.5,32.7,32.7,32.8,32.8,32.8,32.8,32.8,33.0,32.8,32.8,33.0,33.0,33.2,33.2,33.3,33.3,33.5,33.7,33.8,33.7,33.8,33.9,33.9,33.9,33.9,33.9,33.9,33.7,33.6,33.7,33.6,33.5,33.8,33.9,34.0,34.0,34.2,34.2,33.9,33.9,33.7,33.4,33.5,33.5,33.5,33.3,33.7,33.5,33.3,33.4,33.0,33.0,32.8,33.0,33.0,33.0,33.1,33.0,33.3,33.2,32.8,32.8,32.8,32.5,32.2,32.2,32.2,32.0,32.0,31.9,31.7,31.9,31.7,31.7,31.7,31.6,31.5,31.2,30.9,30.7,30.7,30.4,30.0,29.4,28.1,25.6,22.0,20.7,20.6,20.6,20.5,20.3,20.1,20.2,20.3,20.2,20.2,20.3,20.2,20.3,20.3,20.3,20.2,20.2,20.2,20.2,20.2,20.2,20.3,20.1,20.2,20.1,20.2,20.2,20.1,20.1,20.0,20.1,20.0,20.2,20.1,20.1,20.2,20.2,20.2,20.1,20.1,20.1,20.0,20.1,20.1,20.1,20.1,20.2,20.1,20.1,20.1,20.1,20.2,20.4,20.2,20.3,20.1,19.8,20.0,20.2,20.2,20.0,20.1,20.1,20.1,20.1,20.1,20.1,20.2,20.2,20.2,20.1,20.1,20.1,20.2,20.3,20.1,20.2,20.0,20.0,20.0,20.0,20.2,20.1,20.2,20.2,20.2,20.2,20.1,20.2,20.2,20.2,20.1,20.1,20.2,20.2,20.4,20.2,20.4,20.4,20.2,20.2,20.2,20.2,20.2,20.2,20.2,20.1,20.3,20.3,20.3,20.2,20.2,20.2,20.3,20.4,20.3,20.3,20.4,20.3,20.4,20.3,20.5,20.5,20.5
168,20.7,20.9,20.8,20.9,20.8,21.0,20.9,21.2,21.7,23.0,26.8,29.4,30.7,31.1,31.5,31.7,32.0,32.0,31.9,31.9,31.9,32.0,32.5,32.5,32.5,32.3,32.3,32.2,32.2,32.2,32.2,32.2,32.2,32.2,32.2,32.2,32.2,32.2,32.2,32.2,32.2,32.2,32.2,32.3,32.5,32.5,32.8,32.8,32.8,32.8,32.9,32.8,32.8,33.0,32.8,32.8,33.1,33.1,33.2,33.2,33.2,33.5,33.5,33.7,33.7,33.8,33.9,33.7,33.7,33.9,33.8,33.8,33.7,33.7,33.5,33.6,33.8,33.7,33.9,33.8,34.0,34.0,34.2,34.0,33.9,33.9,33.7,33.5,33.5,33.4,33.5,33.5,33.4,33.2,33.2,33.1,33.0,33.0,32.8,32.8,32.8,33.0,33.0,33.0,33.2,33.0,33.0,32.9,32.8,32.8,32.2,32.2,32.0,31.9,32.0,31.9,31.9,31.7,31.6,31.5,31.5,31.2,31.0,30.8,30.6,30.3,30.1,29.7,29.1,27.4,23.9,21.4,20.7,20.6,20.4,20.5,20.3,20.3,20.3,20.3,20.3,20.3,20.2,20.4,20.4,20.3,20.3,20.1,20.2,20.2,20.2,20.2,20.2,20.2,20.2,20.2,20.2,20.2,20.1,20.1,20.0,20.1,20.1,20.0,20.0,20.0,20.2,20.1,20.2,20.1,20.1,20.0,20.1,20.1,20.1,20.0,19.8,20.1,20.1,20.2,20.1,20.1,20.1,20.2,20.1,20.2,20.2,20.1,20.1,19.8,20.1,20.1,20.1,20.3,20.1,20.3,20.1,20.0,20.1,20.1,20.2,20.1,20.2,20.2,20.1,20.1,20.2,20.0,20.2,20.0,20.3,20.1,20.2,20.3,20.2,20.1,20.2,20.1,20.1,20.1,20.2,20.0,20.2,20.3,20.1,20.3,20.3,20.3,20.4,20.2,20.4,20.3,20.3,20.2,20.2,20.0,20.1,20.2,20.3,20.3,20.3,20.1,20.1,20.2,20.2,20.3,20.4,20.4,20.3,20.3,20.3,20.4,20.5,20.3,20.5,20.5
169,20.9,20.8,20.9,20.9,20.9,20.9,20.9,21.0,21.5,22.7,25.6,28.8,30.6,31.2,31.5,31.7,31.9,31.7,32.0,31.7,31.9,32.0,32.2,32.5,32.5,32.5,32.2,32.5,32.2,32.2,32.2,32.2,32.2,32.2,32.3,32.0,32.2,32.2,32.2,32.2,32.0,32.2,32.2,32.2,32.3,32.6,32.5,32.7,32.6,32.8,32.8,32.9,33.1,33.0,32.8,32.9,33.1,33.2,33.2,33.3,33.7,33.4,33.5,33.8,33.7,33.5,33.5,33.8,33.5,33.8,33.8,33.8,33.7,33.6,33.5,33.7,33.7,33.8,34.0,34.2,34.0,34.0,34.2,34.2,34.2,33.9,33.5,33.5,33.5,33.5,33.7,33.7,33.5,33.3,33.3,33.0,32.9,32.8,32.8,32.8,32.9,32.8,32.9,33.0,32.9,33.0,33.0,33.2,33.0,32.8,32.5,32.5,32.2,32.0,31.7,31.7,31.6,31.7,31.5,31.3,31.5,31.2,30.8,30.8,30.5,30.3,30.0,29.6,28.5,26.3,22.4,21.2,20.9,20.7,20.5,20.5,20.5,20.2,20.2,20.4,20.3,20.2,20.4,20.4,20.4,20.2,20.3,20.1,20.2,20.1,20.2,20.1,20.2,20.2,20.1,20.2,20.2,20.2,20.2,20.2,20.1,20.0,20.2,20.2,20.2,20.1,20.0,20.1,20.2,20.2,20.1,20.0,20.0,20.1,20.2,20.0,20.1,20.2,20.1,20.0,20.1,20.0,20.1,20.1,20.0,20.1,20.3,20.0,20.1,20.1,20.2,20.3,20.1,20.0,20.1,20.2,20.3,20.2,20.1,20.1,20.1,20.1,20.4,20.1,20.2,19.8,20.2,20.1,20.1,19.8,20.0,20.1,20.1,20.2,20.2,20.2,20.1,20.2,20.1,20.2,20.1,20.2,20.2,20.1,20.3,20.2,20.1,20.2,20.2,20.1,20.4,20.3,20.2,20.2,20.2,20.2,20.3,20.2,20.3,20.3,20.2,20.4,20.3,20.3,20.3,20.4,20.3,20.4,20.4,20.3,20.4,20.4,20.4,20.4,20.6,20.4
170,20.9,21.0,20.7,20.8,20.8,21.0,20.8,21.0,21.6,21.7,24.4,28.1,30.3,31.0,31.6,31.6,31.6,31.5,31.6,31.7,31.9,32.0,32.2,32.2,32.2,32.2,32.2,32.2,32.0,32.2,32.2,32.2,32.2,32.2,32.2,32.2,32.0,32.2,32.2,32.0,32.0,32.2,32.0,32.2,32.2,32.5,32.5,32.8,32.8,32.8,32.9,32.9,32.9,33.0,32.9,33.0,32.9,33.2,33.2,33.3,33.5,33.5,33.7,33.7,33.9,33.8,33.7,33.7,33.7,33.9,33.8,33.7,33.7,33.7,33.7,33.8,33.9,33.9,33.8,33.9,34.2,34.2,34.3,34.3,34.0,33.8,33.8,33.5,33.7,33.5,33.6,33.5,33.5,33.4,33.1,33.0,32.9,32.8,32.8,32.8,32.8,32.8,32.6,32.8,32.9,33.0,33.2,33.0,32.9,33.0,32.8,32.6,32.2,32.0,31.9,31.7,31.6,31.6,31.5,31.2,31.2,31.0,30.9,30.6,30.4,30.1,29.7,29.2,28.0,24.4,21.4,20.7,20.7,20.4,20.4,20.4,20.4,20.3,20.2,20.3,20.2,20.4,20.3,20.3,20.2,20.3,20.2,20.2,20.3,20.2,20.2,20.2,20.1,20.2,20.2,20.2,20.2,20.2,20.2,20.0,20.2,20.1,20.2,20.1,20.1,20.2,20.2,20.0,20.2,20.0,20.2,20.1,20.1,20.1,20.2,20.1,20.0,20.1,20.1,20.0,20.1,20.0,20.2,20.2,20.0,20.2,20.1,20.0,20.1,20.2,20.2,20.2,20.2,20.2,20.1,20.1,20.1,20.1,20.2,20.1,20.1,20.1,20.1,20.0,20.0,20.2,20.1,19.8,20.2,20.1,20.0,20.0,20.1,20.1,20.2,20.0,20.2,20.1,20.2,20.1,20.1,20.2,20.2,20.3,20.3,20.3,20.2,20.2,20.4,20.2,20.2,20.2,20.2,20.3,20.2,20.1,20.3,20.4,20.2,20.3,20.4,20.4,20.2,20.3,20.3,20.4,20.3,20.3,20.2,20.3,20.2,20.4,20.4,20.4,20.4,20.4
171,21.2,20.9,21.0,20.8,20.9,21.0,21.0,21.2,21.4,21.8,23.6,27.6,30.5,31.0,31.5,31.5,31.5,31.5,31.7,31.7,31.9,31.9,32.2,32.0,32.2,32.2,32.2,32.2,32.2,32.2,32.2,32.0,32.2,32.2,32.2,31.9,32.0,32.2,32.0,32.0,32.0,31.9,32.0,32.2,32.3,32.5,32.8,32.8,32.8,32.8,32.9,32.8,32.9,33.0,33.0,33.1,33.1,33.2,33.2,33.5,33.5,33.5,33.5,33.7,33.9,33.8,33.7,33.7,33.7,33.9,33.9,33.8,33.8,33.7,33.9,33.7,33.8,33.7,33.9,34.2,34.2,34.2,34.5,34.2,34.2,33.9,33.8,33.7,33.7,33.5,33.7,33.7,33.5,33.2,33.0,33.0,32.8,32.8,32.8,32.8,32.8,32.7,32.8,32.7,32.8,32.8,32.9,33.0,33.2,33.3,33.1,32.8,32.2,32.2,31.9,31.7,31.7,31.5,31.3,31.0,31.2,30.9,30.7,30.5,30.3,30.0,29.5,28.7,26.8,22.9,21.4,20.7,20.7,20.4,20.4,20.4,20.4,20.2,20.3,20.3,20.2,20.3,20.3,20.4,20.2,20.3,20.1,20.3,20.2,20.2,20.3,20.2,20.2,20.2,20.1,20.2,20.3,20.3,20.1,20.2,20.1,20.2,20.2,20.2,20.2,20.1,20.1,20.1,20.2,20.2,20.2,20.2,20.2,20.1,20.1,20.1,20.1,20.1,20.1,20.1,20.1,20.1,20.1,20.1,20.1,20.2,20.2,20.0,20.0,20.0,20.1,20.4,20.1,20.2,20.0,20.0,20.0,20.0,20.1,20.1,20.1,20.1,20.1,19.8,20.1,20.1,20.2,20.1,20.0,20.2,20.1,20.1,20.2,20.2,20.2,20.2,20.1,20.3,20.2,20.1,20.2,20.2,20.2,20.2,20.2,20.4,20.4,20.3,20.3,20.2,20.2,20.4,20.4,20.4,20.2,20.2,20.3,20.2,20.3,20.3,20.4,20.4,20.4,20.3,20.2,20.5,20.4,20.5,20.4,20.2,20.4,20.4,20.4,20.4,20.4,20.4
172,21.2,21.0,21.0,20.9,20.9,21.0,21.0,21.2,21.4,21.7,23.0,27.2,29.6,30.7,31.2,31.2,31.6,31.7,31.7,31.7,31.9,31.9,32.0,32.2,32.2,32.2,32.2,32.2,32.2,32.2,32.0,32.2,32.2,32.0,31.9,32.0,32.0,32.0,32.2,31.9,32.0,32.2,32.2,32.2,32.2,32.2,32.5,32.7,32.6,32.8,32.8,32.8,33.0,32.9,32.8,33.2,33.2,33.2,33.3,33.4,33.5,33.7,33.5,33.7,33.7,33.9,33.7,33.7,33.7,33.7,33.7,33.7,33.8,33.7,33.9,33.8,33.9,33.9,34.0,34.0,34.3,34.5,34.3,34.3,34.2,33.9,33.8,33.7,33.5,33.6,33.5,33.5,33.3,33.1,33.0,33.0,32.8,32.8,32.8,32.6,32.5,32.7,32.3,32.6,32.8,32.8,32.8,32.9,32.9,33.0,32.8,32.8,32.7,32.7,32.2,31.9,31.7,31.5,31.1,31.0,30.9,30.9,30.7,30.6,30.1,29.6,28.9,27.9,25.0,21.5,20.9,20.7,20.5,20.5,20.5,20.5,20.5,20.2,20.4,20.3,20.3,20.4,20.4,20.3,20.3,20.4,20.2,20.3,20.2,20.2,20.3,20.3,20.3,20.2,20.1,20.2,20.3,20.2,20.2,20.2,20.3,20.1,20.1,20.3,20.3,20.1,20.0,19.8,20.2,20.1,20.2,20.1,20.0,20.2,20.0,20.1,20.1,20.1,20.1,20.0,20.2,20.1,20.2,20.2,20.1,20.3,20.1,20.2,20.2,20.1,20.1,20.1,20.2,20.1,20.1,20.1,20.0,20.1,20.0,20.3,20.1,20.1,20.2,19.8,20.1,20.0,20.1,20.1,20.2,20.2,20.2,20.2,20.1,20.1,20.3,20.2,20.2,20.2,20.2,20.3,20.2,20.2,20.1,20.3,20.2,20.2,20.2,20.2,20.2,20.2,20.4,20.2,20.2,20.1,20.3,20.1,20.2,20.3,20.2,20.2,20.2,20.4,20.5,20.5,20.2,20.4,20.4,20.4,20.3,20.4,20.4,20.4,20.1,20.4,20.5,20.5
173,20.9,20.8,21.2,21.2,21.0,21.2,20.9,21.2,21.2,21.5,22.7,26.1,29.4,30.6,31.1,31.4,31.5,31.7,31.9,32.0,31.9,32.0,31.9,32.0,32.2,32.2,32.2,32.2,32.2,32.2,32.0,32.2,32.0,32.0,32.0,32.0,32.2,32.2,32.2,32.2,32.0,32.2,32.2,32.5,32.2,32.3,32.5,32.6,32.8,32.8,32.8,32.8,32.8,33.0,32.8,33.0,33.0,33.0,33.2,33.4,33.5,33.5,33.5,33.9,33.8,33.7,33.7,33.9,33.7,33.8,33.8,33.8,33.7,33.9,33.9,33.9,34.0,34.0,34.2,34.2,34.2,34.2,34.3,34.2,34.0,34.0,33.9,33.9,33.7,33.5,33.7,33.5,33.2,33.0,33.0,32.9,32.8,32.8,32.7,32.6,32.6,32.5,32.5,32.5,32.5,32.8,32.8,32.8,32.9,32.9,32.8,32.8,32.7,32.6,32.2,32.0,31.9,31.5,31.2,30.9,31.0,30.9,30.6,30.4,29.8,29.4,28.4,26.4,22.9,21.2,20.9,20.7,20.5,20.5,20.5,20.4,20.5,20.4,20.4,20.3,20.4,20.4,20.4,20.3,20.3,20.4,20.4,20.2,20.3,20.3,20.3,20.2,20.2,20.3,20.4,20.2,20.3,20.2,20.2,20.4,20.3,20.1,20.3,20.2,20.1,20.1,20.1,20.1,20.1,20.1,20.2,20.1,20.2,20.2,20.1,20.1,20.0,20.2,20.1,20.2,20.2,20.2,20.1,20.1,20.3,20.2,20.2,20.2,20.2,20.2,20.2,20.3,20.2,20.1,20.2,20.1,20.0,20.1,20.1,20.1,20.2,20.3,20.2,20.2,20.2,20.3,20.2,20.1,20.2,20.3,20.2,20.3,20.2,20.2,20.3,20.3,20.3,20.2,20.4,20.3,20.4,20.3,20.3,20.1,20.2,20.2,20.3,20.4,20.2,20.2,20.4,20.3,20.3,20.3,20.5,20.2,20.4,20.4,20.3,20.5,20.5,20.4,20.4,20.4,20.4,20.5,20.5,20.5,20.5,20.4,20.6,20.5,20.5,20.4,20.4,20.1
174,20.8,21.0,21.0,21.0,21.0,21.2,21.2,21.0,21.2,21.6,22.4,25.3,28.7,30.0,30.8,31.2,31.5,31.6,31.7,31.7,32.0,32.0,32.2,32.2,32.2,32.2,32.0,32.2,32.2,31.9,32.0,31.9,32.0,32.0,32.0,32.0,32.2,32.2,32.2,32.2,32.2,32.2,32.2,32.2,32.3,32.5,32.5,32.7,32.7,32.8,32.8,32.9,32.8,32.8,32.9,33.0,33.1,33.2,33.2,33.2,33.3,33.3,33.5,33.6,33.5,33.8,33.8,33.8,33.9,33.9,33.9,33.7,33.8,33.8,33.9,34.2,33.9,34.2,34.0,34.2,34.2,34.2,34.0,34.0,34.0,34.0,33.9,33.7,33.6,33.7,33.6,33.4,33.2,33.2,33.0,32.9,32.8,32.7,32.8,32.5,32.6,32.6,32.5,32.5,32.5,32.6,32.7,32.5,32.7,32.5,32.2,32.6,32.5,32.5,32.3,32.2,31.9,31.5,31.3,31.1,31.0,30.6,30.6,30.3,29.6,29.2,27.7,24.5,21.8,20.9,20.7,20.5,20.5,20.5,20.5,20.4,20.4,20.3,20.2,20.5,20.5,20.4,20.3,20.5,20.4,20.5,20.4,20.4,20.2,20.3,20.4,20.3,20.4,20.2,20.2,20.3,20.3,20.1,20.2,20.1,20.2,20.2,20.2,20.2,20.2,20.1,20.1,20.2,20.2,20.1,20.2,20.3,20.2,20.1,20.1,20.1,20.2,20.3,20.3,20.1,20.1,20.3,20.2,20.1,20.1,20.2,20.3,20.3,20.2,20.2,20.4,20.2,20.3,20.2,20.2,20.2,20.1,20.2,20.2,20.2,20.2,20.1,20.4,20.3,20.2,20.2,20.2,20.2,20.4,20.2,20.2,20.4,20.4,20.2,20.2,20.2,20.3,20.2,20.3,20.4,20.2,20.4,20.3,20.2,20.2,20.2,20.3,20.5,20.2,20.1,20.2,20.3,20.3,20.3,20.4,20.3,20.5,20.4,20.5,20.5,20.5,20.6,20.3,20.4,20.4,20.5,20.6,20.4,20.5,20.4,20.4,20.5,20.5,20.5,20.5,20.2
175,20.9,20.9,21.2,21.2,21.2,21.0,21.0,21.2,21.4,21.4,22.1,24.0,28.2,30.0,30.8,31.0,31.4,31.5,31.7,31.9,32.0,32.0,32.2,32.2,32.2,32.0,31.9,32.2,32.0,32.0,32.0,32.0,32.0,32.0,32.0,31.9,32.0,32.0,32.2,32.2,32.2,32.0,32.2,32.2,32.2,32.2,32.5,32.5,32.5,32.8,32.7,32.6,32.8,32.8,32.8,33.0,32.9,33.2,33.2,33.3,33.2,33.5,33.5,33.6,33.8,33.9,33.7,33.9,33.7,33.7,33.9,33.9,33.9,33.9,33.9,33.9,33.9,34.2,34.2,34.0,34.0,33.9,34.2,33.9,34.0,33.9,33.8,33.7,33.5,33.4,33.4,33.4,33.2,33.2,32.8,33.0,32.8,32.7,32.7,32.8,32.6,32.5,32.7,32.5,32.3,32.3,32.5,32.2,32.5,32.2,32.2,32.2,32.2,32.3,32.2,32.2,32.0,31.7,31.5,31.1,31.1,30.6,30.5,30.1,29.5,28.5,25.9,22.7,21.0,20.8,20.7,20.6,20.5,20.5,20.5,20.4,20.4,20.4,20.4,20.4,20.4,20.4,20.5,20.3,20.4,20.3,20.3,20.3,20.3,20.2,20.3,20.3,20.2,20.2,20.3,20.2,20.4,20.2,20.1,20.1,20.3,20.3,20.4,20.3,20.2,20.3,20.2,20.2,20.1,20.2,20.2,20.2,20.2,20.2,20.2,20.2,20.2,20.1,20.1,20.3,20.2,20.0,20.1,20.2,20.3,20.2,20.2,20.1,20.2,20.2,20.2,20.3,20.2,20.2,20.2,20.1,20.2,20.1,20.2,20.2,20.1,20.3,20.2,20.3,20.3,20.2,20.3,20.2,20.0,20.2,20.3,20.2,20.3,20.4,20.2,20.3,20.1,20.2,20.2,20.2,20.4,20.3,20.3,20.2,20.3,20.2,20.2,20.2,20.2,20.3,20.4,20.4,20.4,20.5,20.5,20.3,20.5,20.4,20.3,20.5,20.5,20.5,20.4,20.4,20.4,20.4,20.5,20.5,20.5,20.5,20.4,20.5,20.2,20.2,20.2,20.5
176,20.8,21.0,21.0,21.2,21.0,21.0,21.0,20.9,21.5,21.4,21.7,23.1,26.8,29.2,30.4,30.9,31.2,31.5,31.5,31.9,31.9,32.0,32.0,32.2,32.5,32.2,31.9,31.7,32.0,31.9,32.0,32.0,31.9,32.2,31.9,31.9,32.0,32.0,32.0,32.0,32.2,32.2,32.2,32.2,32.2,32.2,32.2,32.2,32.8,32.7,32.7,32.8,32.7,32.7,32.9,32.8,33.0,33.3,33.3,33.3,33.2,33.2,33.2,33.5,33.7,33.7,33.7,33.5,33.7,33.7,33.9,33.8,33.9,33.9,33.9,34.0,33.9,34.0,34.2,34.2,34.2,34.0,33.9,34.2,33.9,33.9,33.7,33.5,33.5,33.5,33.5,33.2,33.2,33.2,32.8,33.0,32.8,32.6,32.7,32.5,32.5,32.5,32.2,32.5,32.2,32.2,32.2,32.2,32.0,32.2,32.2,32.0,31.9,32.0,31.9,31.9,32.2,31.7,31.5,31.1,30.8,30.6,30.3,29.8,29.0,27.6,24.4,21.4,20.9,20.7,20.5,20.5,20.4,20.4,20.4,20.3,20.2,20.4,20.4,20.3,20.5,20.3,20.3,20.4,20.4,20.2,20.3,20.3,20.4,20.3,20.3,20.2,20.2,20.2,20.2,20.2,20.3,20.3,20.1,20.1,20.1,20.2,20.2,20.2,20.1,20.2,20.1,20.0,20.2,20.0,20.2,20.1,20.2,20.1,20.1,20.2,20.1,20.1,20.0,20.1,20.1,20.0,20.1,20.1,20.2,20.1,20.2,20.2,20.2,20.2,20.2,20.2,20.1,20.0,20.2,20.2,20.1,20.1,20.2,20.2,20.1,20.1,20.3,20.2,20.3,20.2,20.3,20.1,20.2,20.2,20.2,20.4,20.2,20.3,20.1,20.1,20.3,20.1,20.4,20.1,20.1,20.4,20.3,20.2,20.2,20.2,20.3,20.2,20.1,20.2,20.2,20.4,20.2,20.3,20.3,20.2,20.3,20.6,20.4,20.4,20.5,20.6,20.3,20.4,20.5,20.4,20.4,20.5,20.5,20.5,20.5,20.5,20.5,20.4,20.3,20.4
177,21.2,21.0,21.0,21.0,21.2,21.2,21.2,21.2,21.2,21.2,21.7,22.4,25.6,28.7,30.4,30.7,31.0,31.4,31.5,31.9,31.9,31.9,32.2,32.2,32.2,32.0,31.9,31.9,32.0,31.9,32.0,32.2,32.2,32.0,31.9,31.9,32.0,32.0,31.9,32.0,32.2,32.0,32.0,32.2,32.2,32.2,32.2,32.5,32.6,32.6,32.7,32.7,32.7,32.6,32.8,32.8,33.1,33.1,33.3,33.4,33.4,33.3,33.3,33.5,33.7,33.6,33.5,33.7,33.5,33.7,33.8,33.9,33.9,33.9,34.2,34.0,34.0,33.9,34.2,34.2,33.9,34.2,33.9,33.8,33.9,33.9,33.7,33.4,33.4,33.4,33.2,33.1,33.0,33.0,33.0,32.8,32.8,32.7,32.8,32.8,32.5,32.5,32.5,32.2,32.2,32.3,32.2,32.5,32.0,32.2,32.2,31.9,31.7,31.7,31.9,31.7,31.7,31.7,31.4,31.2,30.9,30.5,30.3,29.4,28.2,25.9,22.0,20.9,20.7,20.5,20.6,20.5,20.3,20.3,20.4,20.4,20.3,20.3,20.2,20.4,20.4,20.2,20.2,20.3,20.3,20.3,20.3,20.3,20.2,20.3,20.3,20.2,20.1,20.1,20.1,20.2,20.2,20.1,20.2,20.2,20.1,20.3,20.2,20.2,20.1,20.1,20.1,20.1,20.2,20.1,20.0,20.1,20.1,20.0,20.2,20.2,20.1,20.1,20.1,20.1,20.1,20.0,20.1,20.2,20.2,20.2,20.2,20.1,20.3,20.3,20.2,20.2,20.2,20.1,20.2,20.1,20.1,20.1,20.2,20.3,20.2,20.2,20.2,20.2,20.2,20.3,20.1,20.3,20.1,20.3,20.2,20.2,20.1,20.2,20.2,20.2,20.1,20.2,20.2,20.2,20.3,20.2,20.3,20.3,20.3,20.3,20.5,20.4,20.3,20.4,20.3,20.3,20.3,20.3,20.5,20.4,20.4,20.4,20.4,20.4,20.4,20.5,20.3,20.4,20.4,20.4,20.4,20.4,20.5,20.4,20.5,20.5,20.4,20.4,20.7,20.5
178,20.6,21.0,21.0,21.2,20.9,20.9,20.9,21.0,21.0,21.2,21.4,22.0,24.4,28.1,29.6,30.6,31.2,31.4,31.3,31.6,31.9,31.9,32.0,32.2,32.2,32.0,32.0,31.9,32.0,31.9,31.9,32.0,32.0,32.0,32.2,32.0,31.9,31.9,32.0,31.9,32.0,32.0,32.0,32.2,32.0,32.0,32.2,32.5,32.7,32.2,32.5,32.8,32.6,32.6,32.8,32.8,33.1,33.0,33.2,33.2,33.2,33.3,33.4,33.4,33.4,33.5,33.7,33.7,33.5,33.6,33.7,33.7,33.7,33.9,33.9,33.9,34.0,34.2,33.9,34.0,34.0,33.9,33.9,33.9,33.8,33.8,33.5,33.4,33.2,33.4,33.2,33.2,33.3,33.1,33.1,32.8,32.8,32.8,32.8,32.6,32.6,32.5,32.5,32.5,32.2,32.2,32.2,32.2,32.2,32.2,31.9,31.7,31.9,31.7,31.7,31.7,31.7,31.7,31.3,31.1,30.9,30.4,29.8,29.3,27.6,23.6,21.0,20.5,20.7,20.5,20.4,20.4,20.3,20.4,20.5,20.4,20.4,20.3,20.2,20.2,20.3,20.2,20.3,20.2,20.2,20.4,20.3,20.2,20.3,20.1,20.2,20.1,20.1,20.2,20.2,20.2,20.1,20.2,20.2,20.2,20.2,20.1,20.2,20.0,20.1,20.2,20.1,20.1,20.1,20.1,20.2,20.2,20.1,20.2,20.1,20.2,20.2,20.1,20.1,20.2,20.2,20.2,20.3,20.3,20.1,20.3,20.4,20.2,20.2,20.2,20.4,20.3,20.1,20.1,20.1,20.1,20.2,20.2,20.3,20.2,20.1,20.1,20.1,20.1,20.4,20.2,20.3,20.2,20.2,20.2,20.3,20.2,20.1,20.1,20.2,20.2,20.1,20.1,20.1,20.2,20.2,20.1,20.2,20.3,20.3,20.4,20.1,20.3,20.4,20.4,20.4,20.4,20.4,20.4,20.4,20.2,20.2,20.3,20.4,20.3,20.4,20.4,20.5,20.4,20.3,20.5,20.5,20.4,20.3,20.5,20.4,20.4,20.4,20.5,20.6,20.4
179,20.7,20.9,20.9,21.0,21.0,21.2,21.0,21.0,21.0,21.2,21.2,21.6,23.5,27.0,29.4,30.6,31.0,31.2,31.3,31.5,31.7,31.6,31.9,32.0,32.0,32.0,32.0,32.0,32.0,32.0,32.0,31.9,32.0,31.9,32.0,31.9,31.9,32.0,32.0,31.9,31.7,31.9,31.9,32.0,32.0,32.2,32.0,32.2,32.2,32.5,32.3,32.5,32.5,32.6,32.8,32.9,32.8,33.0,33.2,33.2,33.2,33.3,33.3,33.5,33.4,33.5,33.4,33.5,33.5,33.8,33.7,33.9,33.7,33.8,33.9,34.0,33.9,33.9,33.9,33.9,33.8,33.9,33.9,33.8,33.7,33.5,33.5,33.2,33.2,33.2,33.1,33.2,33.2,33.0,32.9,32.9,32.8,32.7,32.7,32.6,32.5,32.7,32.5,32.5,32.2,32.3,32.2,32.0,32.0,32.0,31.9,31.9,31.9,31.7,31.7,31.7,31.7,31.6,31.2,31.0,30.7,30.1,29.6,28.5,25.7,21.8,21.0,20.6,20.6,20.5,20.5,20.4,20.4,20.4,20.3,20.4,20.3,20.2,20.2,20.2,20.2,20.3,20.2,20.2,20.4,20.4,20.3,20.3,20.2,20.3,20.3,20.1,20.2,20.1,20.2,20.0,20.1,20.0,20.2,20.2,20.1,20.2,20.2,20.1,20.0,20.1,20.1,20.1,20.2,20.1,20.1,20.1,20.2,20.1,20.2,20.2,20.0,20.1,20.2,20.1,20.2,20.2,20.1,20.4,20.2,20.2,20.2,20.2,20.2,20.1,20.1,20.1,20.0,20.1,20.1,20.1,20.1,20.1,20.2,20.2,20.1,20.1,20.2,20.1,20.2,20.1,20.1,20.2,20.1,20.2,20.1,20.2,20.2,20.4,20.0,20.2,20.1,20.2,20.3,20.3,20.2,20.2,20.2,20.2,20.5,20.2,20.4,20.4,20.2,20.2,20.3,20.3,20.3,20.2,20.3,20.3,20.4,20.4,20.4,20.5,20.4,20.4,20.5,20.4,20.5,20.4,20.3,20.5,20.4,20.4,20.4,20.4,20.4,20.5,20.3,20.5
180,21.0,21.0,20.9,20.8,21.0,20.9,21.0,21.0,21.0,21.0,21.0,21.5,22.7,26.2,29.1,30.5,30.9,31.1,31.4,31.5,31.7,31.7,31.9,31.9,32.0,31.7,31.9,31.9,32.0,31.9,32.0,31.7,31.9,31.9,31.9,32.0,31.7,32.0,31.9,31.7,32.0,31.7,32.0,32.0,31.9,32.0,32.0,32.5,32.3,32.5,32.5,32.5,32.2,32.5,32.7,32.6,32.8,32.8,33.1,33.2,33.3,33.2,33.2,33.3,33.7,33.5,33.7,33.5,33.5,33.7,33.7,33.7,33.8,33.9,33.9,33.9,33.9,33.9,33.5,33.7,33.7,33.7,33.7,33.7,33.3,33.3,33.3,33.1,33.2,33.2,33.1,33.0,33.0,32.8,33.0,32.9,32.8,32.8,32.8,32.8,32.7,32.5,32.5,32.2,32.5,32.2,32.2,32.2,32.2,31.9,31.9,31.7,31.9,31.7,31.6,31.6,31.5,31.5,31.0,30.8,30.6,29.8,29.3,27.4,23.4,21.4,20.7,20.7,20.7,20.6,20.6,20.5,20.4,20.4,20.4,20.2,20.4,20.3,20.3,20.2,20.2,20.2,20.2,20.2,20.1,20.4,20.2,20.2,20.2,20.4,20.2,20.2,20.1,20.1,20.1,20.2,20.1,20.2,20.1,20.1,20.2,20.2,20.2,20.2,20.2,20.2,20.2,20.2,20.2,20.1,20.2,20.1,20.1,20.0,20.1,20.2,20.1,20.1,20.0,20.2,20.1,20.1,20.2,20.1,20.3,20.2,20.2,20.1,20.2,20.1,20.2,20.1,20.3,20.2,20.1,20.2,20.2,20.1,20.3,20.0,20.1,20.1,20.2,20.1,20.2,20.2,20.2,20.2,20.2,20.1,20.1,20.1,20.2,20.0,20.4,20.1,20.0,20.1,20.1,20.2,20.2,20.3,20.1,20.3,20.2,20.4,20.2,20.3,20.3,20.4,20.4,20.4,20.2,20.4,20.2,20.3,20.3,20.4,20.5,20.4,20.4,20.4,20.5,20.4,20.5,20.4,20.4,20.3,20.4,20.4,20.5,20.6,20.4,20.4,20.5,20.5
181,20.9,20.9,20.9,20.9,21.0,21.0,21.0,21.2,21.0,21.0,21.2,21.5,22.4,24.7,28.5,30.0,30.8,31.1,31.3,31.6,31.7,31.5,31.7,31.7,31.7,32.0,31.9,32.0,31.9,32.0,31.9,31.9,31.9,32.0,31.9,31.9,31.9,31.7,31.9,32.0,31.9,31.9,31.9,32.0,32.0,32.2,32.2,32.5,32.5,32.2,32.5,32.5,32.2,32.5,32.5,32.8,32.8,33.0,33.1,33.2,33.2,33.2,33.2,33.4,33.3,33.5,33.7,33.5,33.5,33.7,33.7,33.8,33.6,33.8,33.9,33.9,33.9,33.7,33.7,33.5,33.9,33.5,33.6,33.6,33.5,33.2,33.2,33.3,33.1,33.2,33.0,33.0,32.8,32.8,32.7,32.8,32.9,32.8,32.9,32.8,32.7,32.5,32.5,32.3,32.2,32.2,32.2,32.2,31.9,32.0,31.9,31.7,31.7,31.7,31.5,31.4,31.5,31.3,31.0,30.7,30.5,29.7,28.5,25.4,21.9,21.2,20.7,20.6,20.6,20.5,20.6,20.4,20.4,20.3,20.5,20.4,20.4,20.4,20.4,20.2,20.1,20.3,20.2,20.2,20.3,20.2,20.2,20.4,20.3,20.3,20.1,20.2,20.1,20.3,20.1,20.1,20.1,20.1,20.1,20.2,20.2,20.0,20.1,20.1,20.1,20.1,20.1,20.2,20.2,20.1,20.2,20.2,20.2,20.1,20.0,20.1,20.1,20.3,20.1,20.2,20.2,20.1,20.0,20.1,20.0,20.2,20.1,20.3,20.1,20.1,20.0,20.2,20.2,20.1,20.2,20.1,20.1,20.2,20.1,20.2,20.1,20.2,20.3,20.2,20.2,20.4,20.1,20.2,20.2,20.1,20.1,20.2,20.3,20.2,20.4,20.2,20.0,20.2,20.1,20.2,20.2,20.3,20.4,20.3,20.3,20.3,20.2,20.4,20.3,20.4,20.3,20.4,20.2,20.4,20.3,20.4,20.5,20.5,20.5,20.4,20.5,20.6,20.6,20.4,20.4,20.5,20.4,20.3,20.3,20.2,20.5,20.5,20.5,20.5,20.6,20.5
182,20.7,20.7,20.9,20.9,20.9,20.9,21.0,20.9,21.0,21.0,21.2,21.4,21.8,23.5,27.7,29.6,30.6,31.0,31.2,31.4,31.4,31.5,31.7,31.7,31.9,31.9,32.0,31.9,32.0,31.9,31.9,32.0,31.7,31.7,31.9,31.7,31.7,31.7,31.9,32.0,31.9,32.0,32.0,32.0,31.9,31.9,32.2,32.2,32.3,32.2,32.2,32.2,32.2,32.2,32.5,32.7,32.8,32.9,32.9,33.0,33.3,33.3,33.2,33.5,33.2,33.4,33.3,33.2,33.5,33.7,33.4,33.7,33.7,33.8,33.9,33.9,33.8,33.5,33.5,33.7,33.5,33.3,33.5,33.2,33.2,33.3,33.3,33.2,33.1,33.0,33.1,33.0,32.8,32.8,32.6,32.8,32.8,32.8,32.8,32.6,32.6,32.5,32.5,32.5,32.3,32.2,32.2,32.0,32.2,32.0,31.7,31.7,31.6,31.7,31.5,31.4,31.5,31.2,30.9,30.6,30.1,28.9,27.2,23.3,21.0,20.8,20.6,20.6,20.5,20.5,20.5,20.4,20.4,20.4,20.4,20.4,20.4,20.2,20.3,20.1,20.1,20.2,20.2,20.1,20.3,20.2,20.3,20.2,20.2,20.2,20.1,20.2,20.2,20.1,20.2,20.0,20.2,20.2,20.2,20.1,20.1,20.1,20.1,20.1,20.1,20.1,20.2,20.1,20.0,20.2,20.2,20.2,20.1,20.1,20.1,20.2,20.3,20.2,20.1,20.1,20.2,20.1,20.1,20.2,20.2,20.2,20.3,20.1,20.1,20.1,20.1,20.1,20.1,20.2,20.2,20.1,20.2,20.2,20.2,20.2,20.2,20.1,20.0,20.3,20.1,20.2,20.2,20.2,20.2,20.1,20.3,20.1,20.1,20.2,20.2,20.1,20.2,20.1,20.1,20.2,20.1,20.2,20.3,20.1,20.3,20.2,20.2,20.2,20.2,20.3,20.4,20.3,20.3,20.3,20.4,20.4,20.4,20.5,20.5,20.4,20.2,20.5,20.5,20.5,20.4,20.3,20.3,20.6,20.5,20.5,20.2,20.4,20.4,20.5,20.6,20.2
183,20.8,20.9,20.7,20.8,20.8,20.9,20.9,20.9,21.2,21.0,21.0,21.2,21.8,22.9,26.5,29.4,30.4,30.8,31.2,31.4,31.6,31.5,31.7,31.7,31.9,31.7,31.7,32.0,32.0,31.9,32.0,32.0,31.9,31.9,31.9,31.7,31.9,31.9,31.7,31.9,31.9,31.9,32.0,31.9,32.0,32.2,32.2,32.2,32.2,32.2,32.2,32.2,32.2,32.2,32.6,32.6,32.8,32.8,33.0,33.1,33.1,33.2,33.5,33.3,33.3,33.3,33.5,33.4,33.4,33.5,33.6,33.6,33.5,33.7,33.7,33.9,33.5,33.5,33.5,33.5,33.5,33.3,33.3,33.2,33.1,33.1,33.1,33.0,33.0,32.9,32.8,32.8,32.8,32.6,32.9,32.8,32.8,32.7,32.8,32.8,32.6,32.6,32.3,32.2,32.3,32.2,32.2,32.0,31.9,31.9,31.9,31.7,31.6,31.7,31.4,31.2,31.4,31.2,30.8,30.6,29.8,28.2,25.3,21.7,20.9,20.7,20.6,20.6,20.8,20.5,20.6,20.4,20.3,20.4,20.5,20.4,20.2,20.3,20.4,20.1,20.2,20.2,20.3,20.2,20.2,20.3,20.2,20.1,20.1,20.2,20.2,20.1,20.2,20.2,20.3,20.2,20.2,20.1,20.2,20.1,20.2,20.1,20.0,20.1,20.2,20.2,20.2,20.2,20.1,20.1,20.2,20.2,20.1,20.1,20.2,20.2,20.1,20.2,20.2,20.1,20.1,20.1,20.1,20.0,20.1,20.1,20.2,20.2,20.2,20.4,20.2,20.1,20.0,20.0,20.1,20.1,20.1,20.2,20.2,20.2,20.3,20.2,20.1,20.3,20.4,20.1,20.3,20.3,20.3,20.2,20.2,20.2,20.2,20.2,20.1,20.2,20.2,20.2,20.2,20.3,20.2,20.3,20.2,20.3,20.2,20.1,20.2,20.3,20.1,20.1,20.3,20.5,20.4,20.3,20.3,20.4,20.4,20.5,20.7,20.5,20.5,20.5,20.5,20.5,20.5,20.5,20.4,20.5,20.5,20.5,20.5,20.6,20.5,20.5,20.5,20.7
184,21.2,21.0,20.7,20.8,20.9,20.8,20.9,20.9,21.0,20.9,21.2,21.0,21.6,22.4,25.3,28.5,30.1,30.8,30.9,31.3,31.6,31.5,31.6,31.7,31.7,31.9,31.9,32.0,31.9,32.0,31.7,32.0,31.9,31.9,31.7,31.7,31.7,32.0,31.9,31.7,31.7,31.9,31.9,31.9,31.9,32.2,32.2,32.2,32.2,32.2,32.2,32.0,32.2,32.5,32.6,32.7,32.8,32.9,33.0,33.2,33.1,33.1,33.3,33.3,33.4,33.2,33.4,33.2,33.3,33.5,33.5,33.5,33.8,33.7,33.8,33.7,33.5,33.5,33.4,33.2,33.1,33.2,33.2,33.0,33.0,33.0,33.1,33.0,32.8,33.0,32.9,32.8,32.8,32.8,32.6,32.7,32.7,32.5,32.7,32.7,32.3,32.5,32.5,32.5,32.2,32.2,32.0,31.9,31.9,31.9,31.7,31.7,31.4,31.5,31.5,31.2,31.2,31.2,30.7,30.3,29.5,27.1,22.7,21.0,20.7,20.7,20.6,20.4,20.6,20.2,20.5,20.4,20.2,20.3,20.3,20.3,20.2,20.3,20.2,20.2,20.2,20.2,20.2,20.3,20.2,20.2,20.1,20.2,20.1,20.1,20.1,20.1,20.2,20.3,20.2,20.2,20.2,20.1,20.3,20.3,20.1,20.2,20.2,20.1,20.1,20.1,20.1,20.1,20.1,20.1,19.8,20.1,20.0,20.1,20.2,20.1,20.1,20.3,20.2,20.1,20.2,20.1,20.1,20.3,20.2,20.2,20.1,20.2,20.0,20.1,20.1,20.2,20.1,20.0,20.1,20.2,20.2,20.1,20.1,20.2,20.2,20.2,20.1,20.1,20.2,20.1,20.1,20.0,20.2,20.1,20.1,20.1,20.0,20.4,20.1,20.1,20.3,20.2,20.2,20.2,20.2,20.2,20.2,20.1,20.2,20.2,20.2,20.3,20.1,20.3,20.3,20.4,20.3,20.2,20.4,20.4,20.4,20.5,20.4,20.5,20.2,20.7,20.5,20.5,20.5,20.4,20.4,20.5,20.4,20.5,20.4,20.5,20.7,20.5,20.7,20.5
185,20.9,20.8,20.9,20.9,20.8,20.8,20.9,20.9,21.0,21.0,21.0,21.2,21.4,21.8,23.9,27.9,29.8,30.8,31.1,31.3,31.7,31.5,31.5,31.7,31.5,31.6,31.7,31.7,31.7,31.7,31.9,31.7,31.9,31.9,31.7,31.7,31.7,31.7,31.9,31.7,31.7,31.9,31.9,32.0,31.9,32.0,32.0,32.2,32.0,32.2,32.2,32.2,32.2,32.2,32.5,32.8,32.9,32.9,33.0,33.2,33.0,33.2,33.2,33.2,33.3,33.2,33.2,33.4,33.3,33.5,33.6,33.7,33.7,33.7,33.7,33.4,33.4,33.3,33.3,33.2,33.1,33.2,33.2,33.0,33.0,33.1,33.0,32.9,32.7,33.0,32.9,32.8,32.7,32.8,32.7,32.7,32.5,32.3,32.6,32.6,32.6,32.3,32.5,32.5,32.2,32.2,32.0,32.0,31.9,31.7,31.5,31.7,31.5,31.3,31.5,31.2,31.2,30.9,30.6,30.0,28.7,25.3,21.8,20.6,20.8,20.7,20.5,20.4,20.5,20.4,20.4,20.5,20.2,20.2,20.2,20.1,20.2,20.3,20.2,20.2,20.2,20.3,20.3,20.2,20.2,20.1,20.2,20.2,20.2,20.2,20.1,20.2,20.3,20.2,20.3,20.1,20.1,20.2,20.1,20.1,20.2,20.1,20.0,20.1,20.0,20.2,20.1,20.1,20.1,20.2,20.0,20.1,20.1,20.0,20.0,20.0,20.0,20.2,20.1,20.2,20.1,20.1,20.1,20.2,20.2,20.1,20.1,20.2,20.1,20.1,20.0,20.0,20.1,20.1,20.1,20.2,20.3,20.0,20.2,20.1,20.2,20.2,20.1,20.2,20.1,20.1,20.1,20.2,20.0,20.3,20.1,20.1,20.1,20.2,20.1,20.2,20.1,20.1,20.2,20.2,20.3,20.3,20.2,20.3,20.1,20.1,20.4,20.2,20.2,20.4,20.3,20.4,20.4,20.4,20.4,20.3,20.4,20.4,20.4,20.4,20.4,20.5,20.5,20.4,20.4,20.4,20.5,20.5,20.6,20.5,20.5,20.5,20.3,20.5,20.6,20.4
186,20.8,20.9,20.8,20.9,20.7,20.8,20.7,20.9,21.0,21.0,21.0,21.0,21.4,21.7,23.1,27.0,29.4,30.6,31.0,31.2,31.7,31.6,31.6,31.7,31.7,31.6,31.7,31.6,31.7,31.7,31.7,31.7,31.7,31.9,31.7,31.9,31.7,31.7,31.7,31.7,31.7,31.9,31.7,31.9,32.0,32.2,32.2,32.2,32.2,32.2,32.2,32.2,32.2,32.5,32.5,32.8,32.8,33.0,33.0,33.2,33.0,33.2,33.1,33.1,33.1,33.2,33.2,33.3,33.4,33.5,33.6,33.8,33.6,33.8,33.4,33.5,33.5,33.3,33.2,33.2,33.0,33.0,33.1,33.0,33.0,33.0,33.0,33.0,32.9,32.9,33.0,32.9,32.8,32.7,32.2,32.5,32.2,32.2,32.2,32.2,32.5,32.2,32.2,32.2,32.2,32.2,32.0,31.7,31.7,31.7,31.7,31.4,31.5,31.4,31.2,31.2,31.1,30.8,30.4,29.5,27.4,22.8,21.4,20.5,20.5,20.6,20.5,20.4,20.7,20.3,20.4,20.2,20.3,20.3,20.3,20.1,20.1,20.2,20.2,20.3,20.2,20.3,20.2,20.4,20.1,20.2,20.1,20.1,20.2,20.1,20.2,20.1,20.1,20.2,20.2,20.2,20.2,20.2,20.1,20.2,20.1,20.2,20.0,19.8,20.0,20.0,20.1,20.0,19.8,20.0,20.0,20.2,19.8,20.1,20.1,20.1,20.1,20.2,20.2,20.2,20.1,20.1,20.2,20.1,20.2,20.2,20.1,20.0,20.1,20.1,20.1,20.1,20.2,20.0,20.1,20.0,20.2,20.2,20.1,20.2,20.2,20.2,20.2,20.1,20.2,20.1,20.2,20.2,20.1,20.1,20.1,20.1,20.2,20.2,20.1,20.1,20.1,20.1,20.2,20.1,20.3,20.3,20.2,20.3,20.4,20.2,20.2,20.2,20.4,20.2,20.4,20.2,20.3,20.2,20.5,20.4,20.4,20.4,20.4,20.4,20.4,20.3,20.5,20.5,20.5,20.5,20.5,20.5,20.5,20.4,20.4,20.4,20.5,20.4,20.5,20.8
187,20.7,20.9,20.8,20.9,20.9,20.9,20.8,20.8,20.9,20.9,21.0,21.2,21.0,21.5,22.4,25.7,29.0,30.6,30.7,31.0,31.2,31.7,31.5,31.6,31.7,31.7,31.7,31.7,31.5,31.7,31.7,31.7,31.7,31.7,31.9,31.7,31.7,31.7,31.7,31.7,31.7,31.5,31.7,32.0,32.0,32.0,32.2,32.0,32.2,32.2,32.2,32.2,32.3,32.5,32.7,32.8,33.0,33.0,33.0,33.2,33.3,33.2,33.2,33.2,33.3,33.2,33.2,33.2,33.4,33.5,33.5,33.5,33.5,33.5,33.4,33.5,33.4,33.3,33.3,33.2,33.0,32.9,33.0,33.1,33.0,33.0,33.0,32.8,32.9,33.2,32.8,32.9,32.8,32.8,32.6,32.5,32.5,32.3,32.2,32.2,32.2,32.2,32.2,32.0,32.2,32.0,32.2,31.7,31.7,31.7,31.5,31.4,31.5,31.4,31.2,31.1,30.7,30.5,30.0,28.9,25.4,21.9,21.2,20.5,20.7,20.6,20.4,20.4,20.6,20.5,20.3,20.4,20.3,20.4,20.2,20.2,20.3,20.2,20.2,20.2,20.3,20.3,20.2,20.1,20.2,20.1,20.1,20.1,20.2,20.2,20.3,20.1,20.2,20.1,20.2,20.1,20.2,20.1,20.1,20.0,20.2,20.2,20.2,20.1,20.0,20.1,20.1,20.1,20.1,20.1,19.8,20.1,20.0,20.0,20.1,19.8,20.2,20.1,20.2,20.2,20.1,20.2,20.1,20.2,20.0,20.1,20.3,20.1,20.0,20.1,20.1,20.2,20.1,20.2,20.3,20.1,20.1,20.2,20.0,20.2,20.1,20.2,20.1,20.2,20.2,20.2,20.1,20.3,20.1,20.2,20.2,20.2,20.1,20.0,20.2,20.2,20.1,20.3,20.3,20.3,20.4,20.3,20.4,20.1,20.2,20.4,20.2,20.2,20.2,20.2,20.4,20.4,20.2,20.2,20.3,20.2,20.2,20.4,20.5,20.5,20.5,20.4,20.5,20.4,20.4,20.5,20.4,20.5,20.5,20.6,20.5,20.7,20.5,20.4,20.5,20.2
188,21.0,20.9,20.9,20.9,20.9,20.9,20.8,20.9,20.9,20.8,20.8,21.0,21.4,21.4,22.1,24.3,28.5,30.0,30.6,31.1,31.3,31.3,31.5,31.5,31.9,31.7,31.7,31.7,31.7,31.7,31.7,31.7,31.7,31.7,31.7,31.7,31.7,31.7,31.5,31.7,31.5,31.7,31.7,31.7,32.0,32.0,32.0,32.0,32.2,32.2,32.2,32.2,32.2,32.5,32.8,32.8,32.8,33.0,33.2,33.1,33.4,33.2,33.2,33.1,33.0,33.2,33.2,33.2,33.2,33.3,33.8,33.7,33.6,33.5,33.6,33.5,33.3,33.2,33.0,33.0,33.0,32.8,33.0,32.9,32.8,33.0,33.0,33.1,33.0,33.1,33.0,33.0,32.8,32.7,32.2,32.5,32.2,32.2,32.2,32.2,32.2,32.2,32.2,32.0,32.0,32.0,31.9,31.7,31.7,31.6,31.5,31.3,31.4,31.2,31.2,30.8,30.7,30.5,29.4,27.6,23.5,21.0,20.8,20.5,20.5,20.6,20.5,20.5,20.5,20.4,20.4,20.3,20.3,20.4,20.3,20.3,20.3,20.2,20.2,20.2,20.3,20.2,20.2,20.2,20.2,20.1,20.2,20.2,20.2,20.2,20.2,20.2,20.3,20.3,20.2,20.2,20.1,20.1,20.1,20.1,20.1,20.1,20.1,20.0,20.2,20.2,20.1,20.1,20.1,20.1,20.1,20.1,20.2,20.1,20.1,20.2,20.1,20.0,20.2,20.1,20.1,20.2,20.1,20.1,20.2,20.2,20.1,20.1,20.2,20.0,20.1,20.1,20.2,20.2,20.2,20.0,20.1,20.2,20.1,20.2,20.3,20.2,20.2,20.1,20.2,20.2,20.1,20.2,20.1,20.3,20.2,20.2,20.2,20.3,20.2,20.1,20.1,20.2,20.2,20.3,20.2,20.2,20.2,20.2,20.4,20.2,20.3,20.2,20.2,20.3,20.4,20.3,20.3,20.3,20.4,20.4,20.5,20.6,20.5,20.5,20.5,20.4,20.5,20.4,20.5,20.6,20.4,20.5,20.6,20.5,20.5,20.6,20.5,20.5,20.6,20.7
189,21.2,21.0,20.9,20.9,21.0,20.9,20.7,20.8,21.0,20.8,20.9,21.0,21.2,21.4,21.6,23.3,27.5,29.4,30.5,31.0,31.3,31.3,31.5,31.7,31.7,31.9,31.7,31.7,31.7,31.6,31.6,31.5,31.7,31.7,31.5,31.7,31.7,31.7,31.5,31.5,31.7,31.6,31.9,31.7,31.7,32.0,31.9,32.0,32.0,32.0,32.2,32.2,32.2,32.5,32.7,32.8,32.8,32.8,32.9,33.2,33.4,33.0,33.0,33.1,33.2,33.1,33.2,33.2,33.4,33.5,33.5,33.5,33.6,33.6,33.6,33.5,33.3,33.4,33.0,33.0,33.0,33.1,32.9,33.1,33.0,33.1,33.0,33.2,33.1,33.2,33.0,32.8,32.8,32.7,32.6,32.5,32.2,32.2,32.2,32.2,32.0,31.9,31.9,32.0,32.0,31.7,31.9,31.6,31.5,31.5,31.5,31.3,31.2,31.1,31.0,30.9,30.6,30.0,28.8,26.1,22.0,21.0,20.7,20.5,20.7,20.5,20.5,20.5,20.5,20.5,20.5,20.4,20.2,20.4,20.4,20.4,20.3,20.3,20.2,20.1,20.2,20.2,20.3,20.2,20.1,20.1,20.1,20.1,20.1,20.2,20.1,20.2,20.2,20.2,20.1,20.1,20.2,20.2,20.2,20.1,20.2,20.2,20.0,20.2,20.1,20.0,20.1,20.1,20.1,20.1,20.1,20.1,20.2,20.1,20.1,20.0,20.0,20.0,20.1,20.1,20.2,20.1,20.2,20.1,20.0,20.0,20.1,20.2,19.8,20.0,20.1,20.1,20.1,20.1,19.8,20.2,20.1,20.2,20.1,20.1,20.2,20.1,20.2,20.2,20.2,20.0,20.0,20.0,20.2,20.2,20.2,20.1,20.2,20.1,20.2,20.3,20.1,20.1,20.2,20.2,20.3,20.2,20.2,20.1,20.1,20.2,20.3,20.4,20.2,20.4,20.3,20.3,20.2,20.1,20.2,20.3,20.4,20.5,20.6,20.4,20.4,20.4,20.3,20.5,20.5,20.5,20.6,20.5,20.5,20.4,20.6,20.6,20.6,20.7,20.6,20.6
190,21.0,21.2,21.0,21.0,20.9,20.8,20.8,21.0,21.0,20.9,20.9,21.0,21.2,21.4,21.7,22.7,25.9,29.3,30.5,30.7,31.3,31.5,31.5,31.7,31.7,31.7,31.9,31.7,31.7,31.7,31.6,31.6,31.4,31.7,31.7,31.7,31.7,31.5,31.6,31.7,31.7,31.7,31.7,31.7,31.7,31.9,31.7,32.0,32.0,32.2,32.2,32.2,32.2,32.6,32.6,32.7,32.8,32.8,33.1,33.1,33.1,33.0,33.1,33.1,33.0,33.2,33.2,33.2,33.5,33.5,33.5,33.5,33.7,33.5,33.5,33.5,33.2,33.2,32.8,33.1,33.0,33.0,32.9,33.0,33.0,32.9,33.1,33.0,33.0,33.0,33.0,32.8,32.8,32.5,32.5,32.5,32.5,32.2,32.2,32.2,32.2,31.9,32.0,31.9,31.9,31.7,31.7,31.6,31.6,31.6,31.3,31.2,31.2,31.2,30.9,30.4,30.1,29.5,27.9,24.1,21.4,20.8,20.7,20.5,20.4,20.5,20.4,20.6,20.5,20.4,20.5,20.4,20.3,20.4,20.4,20.3,20.4,20.4,20.4,20.2,20.4,20.4,20.4,20.3,20.3,20.2,20.2,20.3,20.2,20.2,20.3,20.4,20.2,20.2,20.2,20.3,20.2,20.1,20.3,20.2,20.2,20.1,20.0,20.0,20.2,20.2,20.1,20.1,20.1,19.8,20.1,20.1,20.1,20.2,20.2,20.1,20.1,20.1,20.2,20.1,20.2,20.2,20.2,20.1,20.1,20.1,20.2,20.2,20.1,20.2,20.2,20.2,20.3,20.3,20.2,20.2,20.2,20.1,20.2,20.4,20.2,20.3,20.2,20.2,20.1,20.1,20.1,20.1,20.1,20.1,20.0,20.1,20.3,20.1,20.2,20.4,20.3,20.1,20.1,20.3,20.4,20.3,20.2,20.2,20.3,20.2,20.4,20.2,20.3,20.2,20.4,20.3,20.5,20.5,20.4,20.3,20.5,20.7,20.6,20.6,20.6,20.4,20.4,20.4,20.5,20.5,20.5,20.7,20.7,20.4,20.6,20.6,20.5,20.6,20.6,20.5
191,20.8,20.9,20.9,20.8,21.0,20.8,20.8,21.0,20.9,20.7,20.9,20.9,21.0,21.2,21.4,21.9,24.5,28.4,30.1,30.7,31.3,31.2,31.4,31.5,31.3,31.7,31.7,31.5,31.5,31.3,31.5,31.3,31.5,31.6,31.7,31.5,31.6,31.7,31.7,31.5,31.7,31.7,31.6,31.7,31.7,31.7,31.7,31.9,32.0,32.2,32.2,32.2,32.2,32.2,32.5,32.6,32.6,33.2,32.9,33.0,33.2,32.9,33.0,33.1,33.0,32.6,33.0,33.1,33.3,33.3,33.5,33.6,33.3,33.5,33.5,33.3,33.2,33.2,33.3,33.0,33.1,33.2,33.0,33.0,32.9,32.9,33.1,32.8,33.0,32.8,32.9,32.6,32.6,32.5,32.5,32.5,32.2,32.2,32.2,32.0,31.9,31.9,31.9,31.7,31.7,31.7,31.7,31.5,31.5,31.6,31.3,31.1,31.0,30.8,30.7,30.3,29.8,29.0,26.8,22.4,20.9,20.7,20.1,20.7,20.5,20.5,20.3,20.4,20.3,20.3,20.3,20.5,20.2,20.5,20.1,20.5,20.4,19.8,20.3,20.1,20.1,20.1,20.2,20.2,20.2,20.2,20.0,20.5,20.1,20.4,20.2,20.2,20.2,19.8,20.0,20.4,20.1,20.2,20.2,20.1,20.2,20.1,20.2,19.8,20.2,20.1,20.0,20.0,19.8,20.4,20.2,20.1,20.0,20.0,20.3,20.0,19.8,20.1,20.0,20.1,19.8,20.1,20.2,20.1,19.8,20.0,19.8,19.7,19.8,20.0,20.4,19.8,20.1,20.2,20.3,20.2,20.1,20.4,20.2,20.4,20.5,20.0,20.2,20.1,20.2,20.0,20.1,20.3,19.8,20.2,20.2,19.8,20.2,19.6,20.1,20.2,20.3,19.8,20.3,20.1,20.3,20.2,20.1,20.1,20.4,20.5,20.1,20.4,20.4,20.1,20.2,20.1,20.4,20.3,20.5,20.2,20.4,20.2,20.7,20.4,20.7,20.3,20.3,20.4,20.4,20.4,20.7,19.8,20.5,20.6,20.6,20.7,20.7,20.7,20.5,20.7
