รเ X/Y,0,1,2,3,4,5,6,7,8,9,10,11,12,13,14,15,16,17,18,19,20,21,22,23,24,25,26,27,28,29,30,31,32,33,34,35,36,37,38,39,40,41,42,43,44,45,46,47,48,49,50,51,52,53,54,55,56,57,58,59,60,61,62,63,64,65,66,67,68,69,70,71,72,73,74,75,76,77,78,79,80,81,82,83,84,85,86,87,88,89,90,91,92,93,94,95,96,97,98,99,100,101,102,103,104,105,106,107,108,109,110,111,112,113,114,115,116,117,118,119,120,121,122,123,124,125,126,127,128,129,130,131,132,133,134,135,136,137,138,139,140,141,142,143,144,145,146,147,148,149,150,151,152,153,154,155,156,157,158,159,160,161,162,163,164,165,166,167,168,169,170,171,172,173,174,175,176,177,178,179,180,181,182,183,184,185,186,187,188,189,190,191,192,193,194,195,196,197,198,199,200,201,202,203,204,205,206,207,208,209,210,211,212,213,214,215,216,217,218,219,220,221,222,223,224,225,226,227,228,229,230,231,232,233,234,235,236,237,238,239,240,241,242,243,244,245,246,247,248,249,250,251,252,253,254,255
0,21.4,21.6,21.7,21.2,21.5,21.7,21.4,21.2,21.2,21.4,21.4,21.4,21.2,21.2,21.2,21.2,21.6,21.8,21.2,21.2,21.4,21.4,21.2,21.2,21.2,21.2,21.4,21.5,21.7,21.2,21.5,21.2,21.5,21.6,21.4,21.2,21.2,21.4,21.4,21.0,21.4,21.4,21.7,21.8,21.4,21.4,21.5,21.4,21.4,21.2,21.4,21.2,21.7,21.4,21.2,21.4,21.4,21.2,21.4,21.4,21.2,21.6,21.2,21.6,21.5,21.4,21.0,21.2,21.0,21.4,21.2,21.4,21.6,21.2,21.5,21.2,21.2,21.4,21.7,21.5,21.2,21.4,21.2,21.4,21.4,21.4,21.4,21.4,21.4,21.2,21.2,21.2,21.4,21.4,21.4,21.4,21.2,21.0,21.2,21.2,21.4,21.4,21.2,21.5,21.4,21.2,21.4,21.4,21.5,21.7,21.4,21.2,21.2,21.4,21.2,21.4,21.5,21.2,21.8,21.0,21.2,21.4,20.9,21.2,21.4,21.2,21.5,21.5,21.6,21.2,21.6,21.4,21.2,21.6,21.4,21.7,21.8,21.4,21.4,21.5,21.5,21.5,21.0,21.7,21.4,22.0,21.4,21.4,21.4,21.0,21.0,21.2,21.2,21.0,21.4,21.2,21.7,21.4,21.4,21.5,21.2,21.2,21.5,21.9,22.1,21.9,21.6,22.0,22.0,22.1,21.8,21.7,22.0,21.9,21.8,21.7,21.5,21.7,21.5,21.5,21.2,21.4,21.2,21.4,21.2,21.5,21.0,20.9,21.2,21.0,21.4,21.0,21.0,21.2,21.0,21.2,21.0,20.9,21.2,21.5,21.0,21.0,21.0,21.5,21.2,21.2,21.4,21.0,21.2,21.2,21.2,21.4,21.2,21.0,21.2,21.5,21.2,21.4,21.0,21.2,21.4,21.2,21.0,21.2,21.5,21.2,21.2,21.2,21.2,21.2,21.2,20.9,21.5,21.0,21.0,21.2,21.0,21.2,21.2,21.2,21.2,20.8,21.5,21.0,21.0,20.9,21.2,20.9,20.8,20.9,20.9,21.0,21.0,21.2,21.2,21.2
1,21.5,21.5,21.4,21.4,21.4,21.4,21.2,21.5,21.4,21.5,21.4,21.5,21.4,21.4,21.2,21.5,21.5,21.5,21.4,21.4,21.5,21.4,21.4,21.2,21.4,21.4,21.4,21.4,21.4,21.5,21.4,21.2,21.5,21.2,21.4,21.2,21.2,21.5,21.5,21.4,21.4,21.4,21.5,21.4,21.5,21.5,21.4,21.2,21.4,21.2,21.2,21.2,21.4,21.4,21.4,21.5,21.5,21.4,21.5,21.5,21.5,21.2,21.2,21.2,21.2,21.2,21.4,21.4,21.4,21.4,21.2,21.2,21.5,21.4,21.5,21.2,21.2,21.6,21.2,21.2,21.4,21.5,21.4,21.4,21.4,21.4,21.4,21.2,21.4,21.2,21.2,21.4,21.2,21.4,21.4,21.4,21.2,21.2,21.4,21.4,21.4,21.2,21.2,21.2,21.4,21.2,21.2,21.4,21.2,21.2,21.4,21.4,21.4,21.2,21.2,21.2,21.4,21.4,21.4,21.2,21.4,21.2,21.0,21.2,21.4,21.2,21.4,21.4,21.4,21.4,21.4,21.2,21.4,21.4,21.4,21.5,21.4,21.4,21.2,21.4,21.2,21.2,21.4,21.5,21.2,21.4,21.4,21.2,21.2,21.2,21.2,21.4,21.2,21.0,21.4,21.4,21.4,21.4,21.2,21.4,21.5,21.5,21.5,21.6,21.7,21.8,21.8,21.7,21.8,21.7,21.6,21.6,21.5,21.7,21.5,21.6,21.4,21.4,21.4,21.4,21.4,21.0,21.2,21.2,21.4,21.2,21.2,21.2,21.2,21.2,21.2,21.2,21.2,21.5,21.0,21.0,21.2,21.4,21.2,21.2,21.2,21.2,21.2,21.2,21.2,21.2,21.2,21.2,21.2,21.2,21.2,21.5,21.2,21.0,21.0,21.2,21.4,21.2,21.2,21.0,21.2,21.2,21.0,21.2,21.4,21.2,21.2,21.2,21.2,21.2,21.2,21.0,21.0,21.0,21.0,21.2,21.2,21.2,21.2,21.0,21.2,21.2,21.0,21.0,21.0,21.0,20.8,21.0,20.9,20.9,21.2,21.0,21.0,21.0,21.0,21.0
2,21.4,21.4,21.4,21.2,21.2,21.4,21.2,21.2,21.2,21.5,21.4,21.5,21.4,21.2,21.4,21.2,21.4,21.2,21.2,21.4,21.4,21.4,21.2,21.2,21.2,21.4,21.2,21.2,21.4,21.2,21.4,21.4,21.4,21.5,21.4,21.4,21.4,21.2,21.2,21.4,21.2,21.2,21.4,21.4,21.2,21.2,21.4,21.2,21.4,21.4,21.2,21.2,21.2,21.4,21.2,21.4,21.5,21.4,21.4,21.2,21.2,21.2,21.2,21.2,21.4,21.4,21.4,21.4,21.2,21.2,21.2,21.2,21.2,21.2,21.5,21.4,21.4,21.5,21.2,21.4,21.2,21.2,21.4,21.2,21.2,21.4,21.4,21.2,21.2,21.4,21.2,21.2,21.2,21.0,21.2,21.2,21.2,21.2,21.4,21.2,21.2,21.2,21.2,21.4,21.2,21.5,21.4,21.2,21.4,21.2,21.2,21.2,21.2,21.2,21.4,21.2,21.4,21.4,21.2,21.4,21.2,21.2,21.2,21.2,21.2,21.2,21.2,21.4,21.4,21.4,21.4,21.4,21.2,21.2,21.2,21.4,21.4,21.2,21.2,21.2,21.2,21.2,21.2,21.2,21.2,21.2,21.2,21.2,21.2,21.2,21.2,21.4,21.2,21.2,21.2,21.2,21.2,21.2,21.2,21.2,21.4,21.2,21.4,21.4,21.5,21.4,21.6,21.5,21.5,21.4,21.4,21.4,21.2,21.2,21.4,21.2,21.4,21.2,21.2,21.2,21.2,21.2,21.2,21.2,21.2,21.2,21.2,21.0,21.0,21.2,21.2,21.2,21.0,21.0,21.0,21.0,21.2,21.0,21.2,21.2,21.2,21.2,21.2,21.2,21.2,21.2,21.2,21.2,21.4,20.9,21.2,21.0,21.0,21.0,21.0,21.0,21.0,21.0,21.0,21.0,21.2,21.2,21.0,21.2,21.2,21.2,21.0,21.0,21.0,21.2,21.2,21.2,21.0,21.2,21.0,21.2,21.2,21.2,21.2,21.0,21.0,20.9,21.2,21.2,21.0,21.2,21.2,21.2,21.0,21.0,21.0,20.9,21.2,21.0,20.9,20.7
3,21.2,21.2,21.2,21.2,21.4,21.2,21.2,21.4,21.4,21.4,21.4,21.4,21.2,21.2,21.2,21.2,21.2,21.2,21.0,21.2,21.2,21.2,21.5,21.2,21.2,21.4,21.5,21.4,21.4,21.2,21.4,21.4,21.5,21.4,21.5,21.4,21.6,21.4,21.5,21.4,21.4,21.2,21.2,21.4,21.2,21.2,21.2,21.2,21.0,21.2,21.2,21.4,21.4,21.2,21.2,21.2,21.6,21.4,21.4,21.4,21.2,21.2,21.2,21.2,21.2,21.4,21.4,21.4,21.2,21.2,21.2,21.2,21.2,21.2,21.4,21.2,21.2,21.2,21.2,21.2,21.2,21.5,21.2,21.2,21.4,21.2,21.2,21.2,21.2,21.5,21.4,21.2,21.2,21.0,21.0,21.2,21.2,21.2,21.2,21.2,21.2,21.0,21.2,21.2,21.4,21.4,21.4,21.2,21.2,21.2,21.2,21.2,21.2,21.2,21.2,21.2,21.4,21.4,21.2,21.2,21.2,21.2,21.4,21.2,21.2,21.2,21.2,21.2,21.4,21.0,21.2,21.2,21.2,21.2,21.2,21.2,21.2,21.2,21.2,21.2,21.2,21.2,21.2,21.2,21.2,21.2,21.2,21.2,21.2,21.2,21.2,21.0,21.2,21.2,21.4,21.2,21.2,21.2,21.2,21.2,21.2,21.2,21.2,21.2,21.4,21.2,21.2,21.4,21.4,21.5,21.4,21.2,21.2,21.2,21.2,21.2,21.2,21.2,21.4,21.2,21.2,21.2,21.2,21.4,21.2,21.0,21.2,21.2,21.2,21.2,21.2,21.0,21.2,21.2,21.2,21.0,21.2,21.2,21.2,21.0,21.2,21.2,21.2,21.0,21.0,21.2,21.2,21.2,21.2,21.2,21.0,21.0,21.0,21.0,21.0,21.0,21.2,21.2,21.2,21.2,21.2,21.2,21.0,21.0,21.2,21.2,21.0,21.2,21.2,21.0,21.0,21.0,21.2,21.2,21.2,21.2,21.0,21.2,21.0,21.2,20.8,21.0,21.2,21.0,21.2,21.0,21.2,21.0,21.0,20.8,21.0,21.2,21.0,21.0,21.0,21.0
4,21.2,21.5,21.5,21.4,21.4,21.4,21.2,21.4,21.2,21.2,21.4,21.5,21.4,21.2,21.2,21.4,21.2,21.2,21.2,21.2,21.4,21.2,21.4,21.4,21.4,21.2,21.2,21.4,21.4,21.4,21.2,21.2,21.2,21.4,21.4,21.2,21.4,21.2,21.2,21.5,21.2,21.4,21.2,21.2,21.0,21.2,21.4,21.2,21.2,21.0,21.2,21.2,21.2,21.2,21.2,21.4,21.2,21.2,21.2,21.2,21.4,21.4,21.2,21.2,21.2,21.2,21.2,21.2,21.4,21.2,21.2,21.4,21.2,21.2,21.2,21.2,21.2,21.2,21.2,21.2,21.4,21.4,21.2,21.4,21.4,21.2,21.2,21.4,21.5,21.2,21.4,21.2,21.4,21.2,21.2,21.2,21.2,21.2,21.2,21.0,21.2,21.4,21.2,21.2,21.2,21.2,21.2,21.0,21.2,21.2,21.2,21.2,21.2,21.2,21.2,21.2,21.4,21.2,21.2,21.2,21.2,21.2,21.4,21.2,21.2,21.2,21.2,21.2,21.2,21.2,21.2,21.2,21.2,21.2,21.2,21.2,21.2,21.2,21.2,21.2,21.2,21.2,21.2,21.2,21.2,21.2,21.2,21.4,21.2,21.2,21.0,21.2,21.2,21.2,21.2,21.2,21.2,21.2,21.2,21.2,21.2,21.2,21.2,21.2,21.2,21.2,21.2,21.2,21.2,21.2,21.2,21.2,21.2,21.2,21.0,21.2,21.4,21.2,21.4,21.2,21.2,21.4,21.2,21.2,21.2,21.2,21.0,21.2,21.0,21.0,21.2,21.0,21.2,21.2,21.0,21.2,21.2,21.0,21.0,21.2,21.2,21.0,21.4,21.4,21.2,21.4,21.4,21.2,21.2,21.0,21.0,21.0,21.2,21.0,21.0,21.0,21.0,21.2,21.2,21.0,20.9,21.0,21.0,20.9,21.2,21.0,21.0,21.0,20.9,21.2,21.0,21.2,21.0,21.2,21.2,20.9,21.0,20.8,21.2,21.0,21.0,21.0,21.2,21.2,21.2,21.0,21.4,21.0,21.0,21.0,21.0,21.0,21.0,21.0,21.0,21.0
5,21.6,21.2,21.4,21.6,21.2,21.4,21.4,21.2,21.4,21.2,21.2,21.2,21.2,21.2,21.4,21.4,21.4,21.4,21.2,21.4,21.2,21.5,21.4,21.4,21.4,21.2,21.2,21.2,21.2,21.4,21.2,21.2,21.4,21.2,21.4,21.4,21.2,21.4,21.2,21.4,21.4,21.2,21.4,21.2,21.5,21.2,21.2,21.2,21.2,21.2,21.2,21.2,21.2,21.2,21.2,21.2,21.4,21.2,21.4,21.5,21.4,21.4,21.2,21.4,21.4,21.4,21.2,21.2,21.2,21.4,21.2,21.4,21.4,21.2,21.4,21.4,21.2,21.2,21.4,21.4,21.4,21.4,21.5,21.4,21.5,21.4,21.2,21.4,21.4,21.4,21.2,21.4,21.2,21.4,21.2,21.4,21.2,21.2,21.2,21.2,21.2,21.2,21.2,21.2,21.2,21.2,21.2,21.2,21.2,21.2,21.2,21.4,21.2,21.4,21.2,21.2,21.2,21.2,21.2,21.2,21.2,21.2,21.2,21.2,21.4,21.0,21.2,21.2,21.2,21.0,21.2,21.2,21.2,21.2,21.2,21.2,21.2,21.2,21.2,21.2,21.4,21.2,21.2,21.2,21.2,21.0,21.2,21.2,21.2,21.2,21.2,21.2,21.2,21.2,21.2,21.2,21.2,21.2,21.0,21.0,21.0,21.2,21.2,21.0,21.2,21.2,21.2,21.2,21.2,21.2,21.2,21.2,21.2,21.2,21.2,21.2,21.4,21.2,21.2,21.2,21.2,21.2,21.2,21.2,21.2,21.4,21.2,21.2,21.2,21.2,21.2,21.2,21.2,21.0,20.9,21.2,21.0,21.0,21.0,21.2,21.2,21.2,21.2,21.2,21.2,21.2,21.2,21.2,21.2,21.0,21.2,21.2,21.0,21.2,21.0,21.0,21.0,21.2,21.2,21.0,21.0,21.2,21.0,21.0,21.0,21.2,21.0,20.8,21.0,21.2,21.0,21.0,21.0,21.0,21.2,21.2,21.2,21.2,21.2,21.0,21.0,21.2,21.2,21.2,21.0,21.2,21.2,21.2,21.0,21.0,20.9,21.0,21.0,21.2,21.2,21.2
6,21.2,21.4,21.4,21.4,21.4,21.5,21.5,21.2,21.2,21.2,21.2,21.4,21.2,21.4,21.4,21.2,21.4,21.2,21.2,21.4,21.4,21.4,21.2,21.4,21.4,21.4,21.2,21.2,21.4,21.4,21.4,21.2,21.2,21.4,21.4,21.4,21.2,21.2,21.2,21.2,21.4,21.4,21.2,21.4,21.2,21.2,21.2,21.4,21.2,21.2,21.2,21.2,21.4,21.2,21.2,21.2,21.2,21.5,21.2,21.4,21.4,21.4,21.2,21.2,21.2,21.4,21.2,21.2,21.4,21.4,21.4,21.2,21.2,21.4,21.4,21.4,21.4,21.2,21.4,21.4,21.2,21.4,21.4,21.4,21.5,21.2,21.2,21.2,21.4,21.2,21.4,21.4,21.4,21.4,21.2,21.2,21.0,21.2,21.2,21.4,21.2,21.2,21.2,21.2,21.2,21.4,21.2,21.2,21.4,21.2,21.2,21.2,21.2,21.2,21.2,21.2,21.2,21.2,21.2,21.4,21.2,21.2,21.4,21.2,21.2,21.4,21.2,21.4,21.2,21.2,21.2,21.2,21.2,21.2,21.2,21.2,21.2,21.2,21.2,21.2,21.0,21.2,21.2,21.0,21.2,21.2,21.2,21.2,21.0,21.2,21.2,21.2,21.2,21.0,21.2,21.2,21.2,21.2,21.2,21.2,21.2,21.2,21.0,21.2,21.2,21.0,21.2,21.2,21.2,21.0,21.0,21.2,21.2,21.2,21.2,21.2,21.2,21.2,21.2,21.4,21.2,21.2,21.2,21.4,21.2,21.4,21.2,21.2,21.2,21.0,21.2,21.0,21.0,21.2,21.0,21.0,21.2,21.2,21.0,21.2,21.2,21.0,21.2,21.2,21.4,21.2,21.4,21.4,21.4,21.2,21.2,21.0,21.2,21.0,21.0,21.0,21.2,21.0,21.2,21.0,21.0,21.2,21.0,21.0,21.2,21.0,21.2,21.0,21.2,20.9,21.2,21.2,21.0,21.2,21.2,21.2,21.0,20.9,21.0,21.0,21.2,21.0,21.2,21.0,21.2,21.2,21.2,21.2,21.2,21.2,21.0,21.2,21.2,21.2,21.2,21.5
7,21.5,21.2,21.2,21.2,21.2,21.2,21.2,21.4,21.4,21.2,21.2,21.2,21.4,21.2,21.2,21.4,21.2,21.4,21.2,21.2,21.4,21.4,21.4,21.2,21.2,21.2,21.4,21.4,21.2,21.5,21.2,21.4,21.2,21.2,21.2,21.2,21.2,21.2,21.4,21.4,21.2,21.4,21.4,21.2,21.2,21.2,21.4,21.2,21.2,21.2,21.2,21.2,21.2,21.2,21.2,21.2,21.4,21.2,21.4,21.2,21.4,21.4,21.2,21.2,21.2,21.2,21.2,21.2,21.4,21.2,21.2,21.2,21.2,21.2,21.2,21.2,21.4,21.2,21.2,21.4,21.4,21.4,21.2,21.4,21.2,21.4,21.2,21.2,21.2,21.4,21.2,21.2,21.4,21.2,21.2,21.2,21.2,21.0,21.0,21.0,21.2,21.2,21.2,21.0,21.2,21.2,21.2,21.2,21.2,21.2,21.2,21.2,21.2,21.0,21.2,21.4,21.2,21.4,21.0,21.2,21.2,21.0,21.2,21.2,21.2,21.2,21.2,21.2,21.2,21.2,21.2,21.2,21.2,21.2,21.2,21.2,21.0,21.2,21.2,21.2,21.2,21.2,21.0,21.2,21.0,21.2,21.2,21.2,21.2,21.2,21.2,21.0,21.2,21.0,21.0,21.0,21.2,21.2,21.2,21.2,21.0,21.2,21.0,21.0,21.2,21.2,21.0,21.2,21.2,21.0,20.9,21.0,21.2,21.2,21.2,21.2,21.0,21.2,21.4,21.0,21.2,21.2,21.2,21.2,21.4,21.2,21.2,21.0,21.0,21.2,21.2,21.0,21.0,21.0,21.0,21.0,21.2,21.2,21.2,21.2,21.0,21.0,21.0,21.2,21.0,21.2,21.4,21.0,21.2,21.0,21.0,21.2,21.2,21.0,21.0,21.0,21.2,21.0,21.0,21.0,21.0,21.0,21.2,21.2,21.0,21.2,21.0,20.9,20.9,21.0,21.0,21.0,21.0,21.0,21.0,21.0,21.0,21.0,21.0,21.0,21.0,21.0,21.0,20.9,21.0,21.2,21.0,21.2,21.0,21.0,21.2,21.2,21.0,21.0,21.2,21.2
8,21.2,21.2,21.2,21.4,21.2,21.2,21.2,21.2,21.2,21.2,21.2,21.2,21.2,21.2,21.2,21.2,21.4,21.5,21.2,21.5,21.4,21.4,21.4,21.2,21.2,21.4,21.2,21.4,21.4,21.5,21.2,21.2,21.4,21.4,21.4,21.2,21.5,21.4,21.4,21.4,21.2,21.4,21.2,21.4,21.2,21.2,21.2,21.4,21.4,21.2,21.2,21.4,21.4,21.4,21.4,21.2,21.2,21.4,21.2,21.4,21.5,21.2,21.4,21.4,21.2,21.4,21.4,21.2,21.4,21.4,21.2,21.4,21.4,21.2,21.4,21.4,21.2,21.2,21.4,21.2,21.4,21.2,21.4,21.2,21.2,21.0,21.2,21.2,21.5,21.2,21.2,21.2,21.2,21.2,21.2,21.0,21.2,21.2,21.2,21.4,21.2,21.4,21.4,21.2,21.2,21.4,21.2,21.2,21.2,21.2,21.2,21.2,21.2,21.2,21.2,21.2,21.2,21.4,21.4,21.2,21.2,21.2,21.2,21.0,21.2,21.2,21.0,21.0,21.0,21.2,21.2,21.0,21.2,21.2,21.0,21.2,21.2,21.2,21.2,21.2,21.2,21.2,21.0,21.2,21.0,21.2,21.0,21.0,21.2,21.0,21.2,21.2,21.2,21.2,21.0,21.2,21.2,21.2,21.2,21.2,21.2,21.2,21.2,21.2,21.2,21.0,21.0,21.0,21.0,21.0,21.2,21.2,21.2,21.2,21.2,21.0,21.0,21.2,21.4,21.2,21.2,21.2,21.2,21.2,21.2,21.2,21.2,21.2,21.0,21.0,21.2,21.2,21.2,21.0,21.0,21.0,21.0,21.2,21.4,21.2,21.2,21.2,21.0,21.0,21.2,21.0,21.0,21.0,21.0,21.2,20.9,21.2,21.0,21.2,21.0,21.2,21.2,21.0,21.0,21.2,21.2,21.2,21.0,21.0,21.0,21.0,21.0,21.0,21.0,21.0,21.0,21.2,21.0,21.0,21.0,21.0,21.2,21.0,21.2,21.0,21.2,21.0,21.0,21.0,21.0,21.2,21.4,21.2,21.0,20.9,21.2,21.0,21.2,21.2,21.0,21.0
9,21.5,21.4,21.4,21.2,21.2,21.2,21.2,21.2,21.5,21.4,21.2,21.4,21.4,21.4,21.2,21.4,21.4,21.2,21.2,21.2,21.2,21.5,21.4,21.0,21.2,21.2,21.2,21.4,21.4,21.4,21.2,21.4,21.4,21.4,21.4,21.4,21.4,21.4,21.2,21.5,21.4,21.2,21.4,21.2,21.2,21.2,21.2,21.2,21.5,21.4,21.4,21.4,21.4,21.2,21.4,21.4,21.2,21.6,21.4,21.4,21.4,21.4,21.2,21.4,21.4,21.4,21.2,21.2,21.2,21.4,21.4,21.4,21.4,21.2,21.4,21.4,21.2,21.4,21.4,21.4,21.4,21.5,21.2,21.2,21.0,21.2,21.4,21.2,21.2,21.2,21.2,21.4,21.5,21.2,21.2,21.2,21.2,21.2,21.2,21.2,21.2,21.2,21.2,21.2,21.2,21.4,21.2,21.2,21.2,21.2,21.4,21.2,21.2,21.2,21.2,21.4,21.4,21.2,21.2,21.2,21.4,21.2,21.2,21.2,21.2,21.4,21.2,21.2,21.2,21.2,21.2,21.2,21.0,21.4,21.2,21.2,21.2,21.2,21.4,21.2,21.0,21.2,21.0,21.2,21.2,21.2,21.2,21.0,21.2,21.2,21.2,21.2,21.2,21.2,21.2,21.2,21.2,21.2,21.2,21.0,21.0,21.2,21.0,21.0,21.2,21.0,20.9,20.9,21.0,21.0,21.0,21.0,21.2,21.2,21.2,21.2,21.2,21.0,21.2,21.2,21.2,21.2,21.2,21.2,21.2,21.4,21.2,21.0,21.2,21.2,21.2,21.2,21.0,21.2,21.2,21.0,21.0,21.2,21.2,21.2,21.2,21.2,21.0,21.2,21.2,21.2,21.2,21.2,21.0,21.0,21.0,21.0,21.0,21.2,20.9,21.0,21.2,21.2,21.0,21.0,21.2,21.0,21.0,21.0,21.2,21.2,21.0,21.0,21.2,21.0,21.0,21.2,21.2,21.0,21.2,21.0,21.2,21.2,21.2,21.2,21.0,21.2,21.0,21.2,21.2,21.2,21.4,21.0,21.0,21.0,21.2,21.0,21.2,21.2,21.0,21.2
10,21.0,21.2,21.2,21.2,21.2,21.0,21.2,21.2,21.2,21.4,21.2,21.2,21.2,21.2,21.2,21.2,21.2,21.2,21.2,21.2,21.2,21.4,21.2,21.2,21.2,21.2,21.4,21.2,21.5,21.2,21.2,21.4,21.2,21.2,21.2,21.0,21.2,21.2,21.4,21.4,21.2,21.4,21.2,21.2,21.2,21.4,21.2,21.4,21.2,21.2,21.4,21.4,21.4,21.4,21.2,21.2,21.2,21.4,21.2,21.2,21.2,21.4,21.4,21.2,21.4,21.4,21.4,21.4,21.4,21.5,21.4,21.4,21.2,21.4,21.4,21.2,21.4,21.4,21.4,21.4,21.2,21.4,21.2,21.2,21.2,21.2,21.2,21.4,21.2,21.2,21.2,21.2,21.0,21.2,21.0,21.2,21.2,21.2,21.2,21.2,21.2,21.2,21.4,21.2,21.2,21.2,21.2,21.2,21.4,21.2,21.2,21.2,21.2,21.4,21.2,21.2,21.2,21.2,21.2,21.2,21.4,21.2,21.2,21.0,21.2,21.2,21.0,21.2,21.2,21.0,21.2,21.2,21.2,21.0,21.2,21.2,21.2,21.2,21.4,21.2,21.2,21.2,21.4,21.2,21.0,21.2,21.0,21.0,21.2,21.2,21.2,21.2,21.2,21.0,21.2,21.2,21.0,21.2,21.0,21.0,21.0,21.0,21.0,21.0,21.0,21.0,20.9,20.8,21.0,21.0,21.0,21.2,21.2,21.2,21.2,21.0,21.0,21.0,21.2,21.2,21.2,21.2,21.2,21.2,21.2,21.4,21.2,21.0,21.2,21.0,21.2,21.0,21.2,21.0,21.2,21.2,21.0,21.2,21.2,21.2,21.2,21.2,21.2,21.0,21.2,21.0,21.2,21.0,21.0,21.2,21.0,21.0,21.0,21.2,20.9,21.0,21.0,21.2,21.2,21.2,21.0,21.2,21.0,21.0,21.4,21.2,21.2,21.0,21.0,20.9,20.9,21.0,21.0,21.0,21.2,20.9,21.0,21.0,21.0,21.0,20.9,21.0,20.9,21.0,21.2,21.2,21.2,21.0,21.0,21.2,21.0,21.0,21.0,21.0,21.0,20.9
11,21.2,21.2,21.2,21.2,21.2,21.2,21.2,21.4,21.2,21.4,21.4,21.4,21.4,21.5,21.2,21.2,21.2,21.2,21.2,21.2,21.2,21.2,21.2,21.2,21.2,21.2,21.2,21.6,21.2,21.4,21.2,21.2,21.2,21.2,21.2,21.4,21.2,21.2,21.4,21.4,21.4,21.2,21.4,21.2,21.4,21.2,21.2,21.4,21.2,21.2,21.2,21.5,21.2,21.5,21.2,21.2,21.2,21.2,21.2,21.4,21.4,21.2,21.2,21.4,21.2,21.2,21.4,21.2,21.2,21.2,21.2,21.2,21.2,21.2,21.2,21.4,21.2,21.4,21.2,21.4,21.4,21.2,21.2,21.2,21.2,21.2,21.4,21.2,21.2,21.2,21.2,21.2,21.2,21.0,21.2,21.2,21.2,21.2,21.4,21.2,21.2,21.2,21.2,21.2,21.2,21.2,21.0,21.2,21.2,21.2,21.2,21.2,21.2,21.2,21.2,21.2,21.2,21.2,21.2,21.2,21.2,21.2,21.2,21.0,21.2,21.2,21.0,21.4,21.2,21.2,21.4,21.2,21.2,21.2,21.2,21.2,21.2,21.2,21.2,21.2,21.0,21.2,21.2,21.2,21.4,21.4,21.0,21.2,21.2,21.2,21.2,21.2,21.2,21.2,21.2,21.2,21.2,21.2,21.2,21.0,21.2,21.2,21.2,21.2,21.0,21.0,21.2,21.2,21.2,21.0,21.0,21.0,21.2,21.2,21.0,21.0,21.2,21.0,21.2,21.4,21.2,21.2,21.2,21.2,21.0,21.2,21.0,21.0,21.2,21.2,21.2,21.2,21.2,21.2,21.2,21.2,21.0,21.0,21.0,21.2,21.2,21.2,21.0,21.2,21.0,20.9,21.2,21.0,21.2,21.2,20.8,21.0,20.9,21.2,20.9,21.0,21.2,21.2,21.2,21.0,21.0,21.0,21.2,21.2,21.2,21.4,21.0,21.2,21.2,21.0,20.9,20.9,21.0,21.2,21.2,21.2,21.0,21.0,20.9,20.9,20.9,21.0,21.0,20.8,21.0,21.0,21.0,20.9,21.0,21.0,20.8,21.0,21.0,21.0,21.0,21.0
12,21.0,21.2,21.4,21.4,21.2,21.2,21.2,21.4,21.2,21.2,21.2,21.2,21.2,21.2,21.2,21.2,21.2,21.2,21.2,21.2,21.2,21.2,21.2,21.2,21.5,21.4,21.2,21.5,21.2,21.4,21.2,21.2,21.2,21.2,21.2,21.4,21.2,21.2,21.2,21.2,21.4,21.2,21.2,21.2,21.4,21.4,21.2,21.2,21.2,21.2,21.2,21.2,21.4,21.2,21.2,21.2,21.2,21.2,21.2,21.2,21.4,21.2,21.0,21.2,21.2,21.4,21.2,21.4,21.4,21.4,21.4,21.2,21.2,21.4,21.2,21.2,21.4,21.2,21.2,21.2,21.2,21.0,21.2,21.2,21.0,21.2,21.2,21.0,21.2,21.2,21.2,21.2,21.0,21.2,21.2,21.2,21.2,21.2,21.0,21.2,21.0,21.2,21.2,21.2,21.0,21.2,21.2,21.2,21.2,21.4,21.2,21.2,21.2,21.2,21.2,21.2,21.2,21.2,21.2,21.2,21.2,21.2,21.2,21.2,21.0,21.2,21.2,21.2,21.2,21.4,21.2,21.2,21.2,21.0,21.2,21.2,21.4,21.4,21.2,21.2,21.2,21.2,21.2,21.2,21.2,21.4,21.4,21.0,21.2,21.2,21.2,21.0,21.2,20.9,21.0,21.0,21.0,21.0,21.2,21.2,21.2,21.2,21.0,21.0,21.0,21.0,20.9,21.0,21.0,21.0,21.0,21.2,21.0,21.2,21.0,20.9,21.0,21.0,21.2,21.0,21.2,21.2,21.2,21.2,21.0,21.0,21.2,21.2,21.2,21.2,21.0,21.2,21.2,21.0,21.0,21.0,21.0,21.0,20.9,21.2,21.0,21.2,21.2,21.2,21.0,21.0,20.9,21.0,21.2,21.0,20.9,21.2,21.2,21.0,21.2,21.2,21.0,21.0,21.2,21.0,21.0,21.0,21.0,20.9,21.2,21.2,21.0,21.0,21.2,20.9,21.0,21.0,20.9,21.0,21.0,21.0,21.0,21.0,21.0,21.2,21.0,20.9,21.2,21.0,21.2,21.0,21.0,21.0,21.0,20.9,21.0,20.9,21.0,21.0,21.0,21.2
13,21.2,21.2,21.4,21.0,21.2,21.2,21.4,21.2,21.4,21.4,21.2,21.0,21.4,21.2,21.2,21.2,21.2,21.0,21.0,21.2,21.4,21.2,21.2,21.2,21.4,21.4,21.4,21.4,21.2,21.2,21.4,21.2,21.2,21.2,21.4,21.2,21.0,21.2,21.2,21.2,21.4,21.2,21.2,21.4,21.4,21.2,21.2,21.2,21.0,21.2,21.2,21.2,21.2,21.2,21.2,21.0,21.2,21.2,21.2,21.2,21.2,21.2,21.4,21.2,21.2,21.0,21.2,21.4,21.2,21.2,21.4,21.4,21.2,21.4,21.4,21.4,21.4,21.5,21.2,21.4,21.2,21.2,21.2,21.2,21.2,21.2,21.2,21.0,21.0,21.0,21.0,21.2,21.0,21.2,21.0,21.2,21.2,21.2,21.0,21.0,21.0,21.4,21.2,21.2,21.2,21.2,21.2,21.2,21.2,21.2,21.2,21.4,21.2,21.2,21.0,21.2,21.2,21.2,21.2,21.2,21.0,21.2,21.2,21.2,21.0,21.2,21.0,21.2,21.0,21.2,21.2,21.0,21.2,21.2,21.2,21.2,21.2,21.4,21.2,21.2,21.0,21.0,21.2,21.2,21.2,21.2,21.2,21.0,21.0,21.2,21.4,21.2,21.2,21.0,21.0,21.2,21.2,21.2,21.0,21.2,21.0,21.0,21.2,21.0,21.0,21.2,21.2,21.2,21.0,21.0,21.0,21.0,21.0,21.0,21.0,20.9,21.2,21.2,21.2,21.2,21.2,21.2,21.2,21.2,21.2,21.0,21.2,21.0,21.2,21.0,21.2,21.2,21.2,21.2,20.9,21.0,20.8,21.2,21.0,21.2,21.0,21.0,21.0,21.0,21.0,20.9,21.0,21.0,21.0,21.0,21.0,21.0,20.9,21.0,20.9,20.9,21.2,21.2,21.2,21.0,21.0,21.0,21.0,21.0,21.0,20.9,21.0,21.0,21.2,21.0,21.2,21.0,21.0,21.0,21.2,21.0,21.2,21.2,21.2,21.0,20.9,21.2,21.0,21.2,20.9,21.0,21.0,20.9,21.0,21.0,21.0,20.9,21.0,20.7,21.0,21.2
14,21.6,21.4,21.4,21.2,21.2,21.2,21.2,21.2,21.2,21.2,21.2,21.2,21.2,21.0,21.2,21.2,21.4,21.2,21.4,21.5,21.2,21.2,21.4,21.2,21.5,21.5,21.4,21.2,21.2,21.2,21.2,21.2,21.2,21.2,21.2,21.2,21.2,21.4,21.2,21.2,21.2,21.2,21.2,21.2,21.2,21.2,21.2,21.2,21.0,21.4,21.4,21.2,21.4,21.2,21.2,21.4,21.2,21.2,21.2,21.2,21.2,21.2,21.2,21.2,21.2,21.4,21.2,21.2,21.4,21.2,21.2,21.4,21.4,21.4,21.5,21.2,21.2,21.4,21.2,21.5,21.2,21.2,21.2,21.2,21.2,21.2,21.0,21.2,21.2,21.2,21.2,21.2,21.2,21.0,21.2,21.2,21.2,21.2,21.2,21.2,21.2,21.2,21.4,21.2,21.2,21.4,21.2,21.2,21.2,21.2,21.2,21.2,21.2,21.2,21.2,21.2,21.2,21.2,21.2,21.0,21.2,21.0,21.2,21.0,21.2,21.2,21.0,21.0,21.2,21.2,21.2,21.2,21.0,21.0,21.2,21.2,21.2,21.2,21.2,21.2,21.2,21.0,21.2,21.4,21.0,21.2,21.2,21.0,21.2,21.2,21.0,21.0,21.2,21.2,21.0,21.0,21.0,21.0,21.2,21.2,21.2,21.2,21.0,21.0,21.0,21.0,21.2,21.0,21.0,21.0,20.9,21.0,21.0,20.9,20.9,21.0,21.0,21.0,21.0,21.2,21.0,21.2,21.0,21.2,21.2,21.2,21.2,21.2,21.0,21.2,20.9,21.0,21.0,21.0,21.0,20.8,21.2,20.9,21.0,21.0,21.2,21.0,21.0,21.2,20.9,21.0,21.0,21.0,20.8,21.2,21.2,21.2,20.9,21.0,21.2,21.2,21.0,21.0,21.0,21.0,21.0,21.2,21.0,21.0,21.0,21.0,20.9,21.0,21.2,21.2,21.4,21.0,21.2,21.0,21.0,21.0,21.0,21.2,21.0,21.0,20.9,20.9,21.2,21.2,21.2,21.0,21.2,21.0,21.0,21.0,20.9,21.2,20.9,20.8,20.9,20.8
15,21.2,21.2,21.2,21.2,21.2,21.4,21.2,21.5,21.4,21.2,21.2,21.2,21.2,21.4,21.4,21.4,21.4,21.4,21.5,21.2,21.2,21.2,21.4,21.2,21.4,21.4,21.5,21.2,21.2,21.4,21.2,21.2,21.2,21.2,21.4,21.2,21.2,21.2,21.2,21.2,21.4,21.2,21.4,21.4,21.2,21.2,21.2,21.2,21.4,21.2,21.2,21.2,21.2,21.2,21.2,21.2,21.2,21.4,21.2,21.2,21.2,21.4,21.2,21.4,21.2,21.2,21.2,21.4,21.4,21.2,21.2,21.5,21.4,21.4,21.2,21.4,21.2,21.5,21.4,21.2,21.2,21.0,21.2,21.2,21.2,21.2,21.2,21.2,21.2,21.2,21.2,21.2,21.2,21.2,21.2,21.2,21.4,21.2,21.2,21.2,21.2,21.2,21.2,21.2,21.2,21.2,21.4,21.2,21.2,21.2,21.2,21.2,21.2,21.2,21.2,21.2,21.2,21.0,21.0,21.2,21.2,21.2,21.2,21.2,21.2,21.2,21.2,21.2,21.4,21.2,21.2,21.4,21.2,21.2,21.2,21.4,21.2,21.2,21.4,21.2,21.0,21.2,21.2,21.2,21.2,21.2,21.2,21.0,21.0,21.0,21.2,21.0,21.2,21.2,21.0,21.0,21.2,21.0,21.0,21.0,21.0,21.0,21.2,21.0,20.9,21.0,21.2,21.2,21.2,21.2,21.0,21.0,21.0,20.9,21.0,21.0,21.2,21.2,21.2,21.2,21.2,21.2,21.0,21.2,21.2,21.2,21.0,21.0,21.0,21.0,21.0,21.0,21.2,21.2,21.0,21.2,21.2,21.0,21.0,21.0,21.0,21.2,21.2,21.0,21.2,21.0,21.0,21.2,21.2,21.2,21.0,21.2,21.2,21.0,21.0,21.2,21.2,21.2,21.0,21.0,20.9,21.0,21.0,21.2,21.0,21.0,21.2,21.2,21.2,21.2,21.0,21.2,21.0,20.9,21.0,20.9,21.0,21.2,21.2,21.0,21.0,21.2,21.0,21.0,21.2,21.2,21.2,21.0,21.0,21.0,21.0,21.2,21.0,20.9,21.0,21.0
16,21.5,21.4,21.2,21.5,21.2,21.2,21.4,21.2,21.2,21.0,21.2,21.2,21.4,21.4,21.4,21.2,21.4,21.4,21.4,21.4,21.2,21.2,21.4,21.2,21.2,21.4,21.4,21.4,21.4,21.4,21.4,21.4,21.2,21.2,21.2,21.2,21.2,21.2,21.2,21.2,21.2,21.2,21.2,21.4,21.4,21.4,21.2,21.4,21.4,21.2,21.4,21.4,21.2,21.2,21.2,21.2,21.2,21.0,21.2,21.2,21.4,21.4,21.4,21.2,21.2,21.4,21.2,21.2,21.2,21.2,21.4,21.2,21.5,21.4,21.4,21.4,21.4,21.4,21.4,21.2,21.2,21.2,21.2,21.2,21.2,21.2,21.2,21.0,21.2,21.2,21.2,21.2,21.2,21.2,21.2,21.2,21.2,21.2,21.2,21.2,21.2,21.2,21.4,21.2,21.2,21.2,21.2,21.4,21.2,21.2,21.2,21.2,21.2,21.2,21.0,21.2,21.2,21.2,21.0,21.2,21.0,21.0,21.2,21.2,21.2,21.0,21.2,21.2,21.2,21.2,21.2,21.2,21.2,21.0,21.2,21.2,21.2,21.4,21.2,21.2,21.0,21.2,21.2,21.2,21.2,21.2,21.0,21.0,20.9,21.0,21.0,21.0,21.2,21.2,21.0,21.2,21.2,21.0,21.0,21.2,21.0,21.0,21.0,21.0,21.0,20.9,21.0,21.2,20.9,20.9,21.0,21.2,21.0,21.0,21.2,21.0,21.2,21.0,21.2,21.2,21.0,21.2,21.0,21.0,21.0,21.2,21.2,21.0,21.0,21.0,21.0,21.0,21.0,20.8,20.9,21.0,21.0,21.2,21.0,21.0,21.2,21.0,21.2,21.2,21.0,21.2,21.0,21.0,21.2,21.2,21.0,21.0,20.9,21.0,21.0,21.2,21.0,21.2,21.0,21.0,21.2,21.0,21.0,21.2,21.2,21.2,21.2,21.2,21.0,21.0,21.2,21.0,21.2,21.2,21.2,21.2,21.2,21.2,20.9,21.2,20.9,21.0,21.0,21.0,21.2,21.2,21.0,21.2,21.0,21.0,21.0,21.2,20.8,20.9,20.8,21.0
17,20.8,21.5,21.2,21.2,21.4,21.2,21.2,21.2,21.2,21.0,21.2,21.2,21.4,21.2,21.6,21.4,21.4,21.2,21.2,21.5,21.4,21.4,21.2,21.4,21.4,21.2,21.2,21.2,21.2,21.2,21.2,21.2,21.2,21.2,21.4,21.2,21.2,21.2,21.2,21.2,21.4,21.4,21.2,21.2,21.4,21.2,21.4,21.4,21.5,21.2,21.2,21.2,21.4,21.4,21.2,21.2,21.4,21.2,21.4,21.4,21.5,21.4,21.4,21.4,21.2,21.2,21.2,21.4,21.2,21.4,21.2,21.2,21.4,21.4,21.4,21.2,21.2,21.5,21.4,21.2,21.2,21.2,21.0,21.2,21.2,21.2,21.2,21.2,21.0,21.2,21.2,21.2,21.2,21.2,21.0,21.2,21.0,21.2,21.2,21.2,21.2,21.2,21.2,21.2,21.4,21.4,21.4,21.2,21.2,21.2,21.2,21.2,21.2,21.2,21.2,21.2,21.2,21.2,21.2,21.2,21.4,21.2,21.0,21.2,21.0,21.0,21.2,21.2,21.2,21.0,21.2,21.2,21.2,21.0,21.0,21.2,21.2,21.2,21.2,21.0,21.0,21.2,21.2,21.2,21.2,21.0,21.2,21.0,21.0,21.0,21.0,21.2,21.2,21.0,21.2,21.2,21.0,21.0,21.0,21.0,21.0,21.2,21.0,21.0,21.0,21.0,20.9,21.0,21.0,21.2,21.2,21.0,21.0,21.0,21.0,21.2,21.2,21.0,21.0,21.2,21.2,21.0,21.2,21.2,21.2,21.0,21.0,21.0,21.0,20.9,21.0,21.0,21.0,21.0,21.2,21.0,21.2,21.2,21.2,21.2,21.0,21.0,21.2,21.0,21.2,21.0,21.0,21.2,21.0,21.0,21.2,21.0,21.2,20.9,21.0,21.0,21.2,21.2,21.0,20.9,21.0,21.2,21.2,21.0,21.0,21.2,21.0,21.0,21.0,21.2,21.0,21.2,21.2,21.2,20.9,21.2,21.2,21.2,21.0,21.2,21.0,21.2,21.0,21.0,21.2,21.0,21.0,21.0,21.2,20.9,20.8,20.9,20.9,20.8,20.8,20.8
18,21.2,21.4,21.5,21.4,21.2,21.2,21.2,21.2,21.2,21.2,21.2,21.2,21.4,21.5,21.2,21.5,21.4,21.5,21.4,21.4,21.2,21.4,21.4,21.4,21.4,21.2,21.4,21.4,21.2,21.4,21.4,21.2,21.0,21.4,21.2,21.4,21.5,21.4,21.2,21.2,21.4,21.2,21.4,21.4,21.2,21.4,21.4,21.4,21.4,21.4,21.2,21.4,21.2,21.4,21.2,21.2,21.2,21.2,21.4,21.4,21.2,21.5,21.4,21.4,21.2,21.4,21.2,21.4,21.4,21.2,21.2,21.2,21.2,21.4,21.4,21.4,21.2,21.2,21.2,21.4,21.2,21.4,21.2,21.2,21.2,21.2,21.2,21.2,21.0,21.2,21.2,21.2,21.2,21.2,21.2,21.4,21.2,21.2,21.4,21.2,21.2,21.2,21.4,21.2,21.2,21.4,21.4,21.4,21.2,21.4,21.2,21.2,21.2,21.2,21.2,21.2,21.2,21.2,21.4,21.2,21.2,21.2,21.2,21.2,21.0,21.2,21.0,21.2,21.0,21.0,21.2,21.2,21.2,21.0,21.0,21.2,21.2,21.2,21.2,21.0,21.2,21.2,21.2,21.0,20.9,21.0,21.0,21.0,21.2,21.2,21.2,21.2,21.2,21.2,21.2,21.2,21.2,21.0,21.0,21.0,21.0,21.0,21.0,21.0,20.9,21.0,21.2,21.0,20.9,21.0,21.0,20.9,21.0,20.9,21.0,21.0,21.2,21.2,21.2,21.2,21.2,21.2,21.2,21.2,21.2,21.0,21.2,21.0,21.0,21.2,21.0,21.0,21.0,21.0,21.2,21.0,21.2,21.0,21.2,21.0,21.0,21.0,21.2,21.2,21.2,21.0,21.0,21.0,21.2,21.0,21.2,21.0,21.0,21.0,21.0,21.0,21.0,21.0,21.0,21.0,21.0,21.0,21.2,21.2,21.0,21.0,21.0,20.9,21.0,21.0,21.0,21.2,21.4,21.2,21.0,21.0,21.2,21.2,21.0,21.2,21.2,21.2,21.0,21.0,21.2,21.0,21.2,21.2,21.2,21.0,21.0,21.2,21.0,21.0,20.9,20.8
19,21.4,21.2,21.2,21.2,21.2,21.0,21.2,21.4,21.2,21.2,21.2,21.2,21.2,21.2,21.4,21.4,21.4,21.2,21.4,21.4,21.4,21.4,21.2,21.2,21.4,21.2,21.2,21.5,21.5,21.4,21.4,21.2,21.2,21.2,21.0,21.2,21.2,21.5,21.2,21.2,21.2,21.2,21.2,21.4,21.2,21.4,21.2,21.5,21.2,21.2,21.2,21.2,21.2,21.2,21.2,21.2,21.4,21.2,21.2,21.4,21.4,21.4,21.2,21.2,21.4,21.2,21.4,21.2,21.2,21.2,21.4,21.2,21.2,21.2,21.4,21.2,21.2,21.2,21.2,21.4,21.4,21.5,21.2,21.2,21.2,21.2,21.2,21.2,21.2,21.2,21.2,21.2,21.2,21.0,21.2,21.2,21.2,21.2,21.2,21.2,21.2,21.2,21.4,21.4,21.2,21.4,21.2,21.2,21.4,21.2,21.2,21.2,21.4,21.2,21.2,21.2,21.2,21.2,21.2,21.2,21.2,21.2,21.2,21.2,21.2,21.2,21.0,21.2,21.0,21.2,21.2,21.2,21.0,21.0,21.2,21.0,21.2,21.0,21.0,21.0,21.2,21.0,21.2,21.2,21.0,21.0,21.0,21.0,21.2,21.0,21.2,21.0,21.0,21.0,21.0,21.2,21.0,21.0,21.2,21.0,21.0,21.0,21.0,20.9,21.2,20.9,20.9,21.0,21.0,21.0,21.0,20.9,21.0,21.0,21.0,21.0,21.2,21.0,21.2,21.2,21.2,21.2,21.2,21.0,21.2,21.2,21.0,21.2,21.0,21.0,21.0,21.0,21.2,21.0,21.2,21.2,21.0,21.0,21.0,21.2,21.0,21.0,21.0,21.2,21.0,21.2,21.2,21.0,21.0,21.0,21.0,21.0,21.2,21.0,20.9,21.2,21.2,21.0,21.0,21.0,21.0,21.2,21.0,21.2,21.2,21.0,20.9,20.7,20.9,20.9,21.0,21.0,21.2,21.2,21.2,21.0,21.0,21.0,21.2,20.9,21.0,21.0,21.2,21.0,21.0,21.2,21.2,21.2,21.2,21.0,21.0,21.0,21.2,20.9,21.0,21.0
20,21.5,21.2,21.5,21.2,21.2,21.2,21.2,21.4,21.2,21.2,21.2,21.4,21.2,21.5,21.4,21.2,21.4,21.4,21.4,21.2,21.4,21.2,21.2,21.2,21.2,21.2,21.2,21.2,21.5,21.4,21.2,21.2,21.2,21.2,21.2,21.2,21.2,21.0,21.2,21.2,21.2,21.2,21.2,21.2,21.2,21.2,21.2,21.2,21.2,21.2,21.2,21.2,21.2,21.2,21.2,21.2,21.2,21.2,21.4,21.4,21.5,21.2,21.2,21.5,21.4,21.2,21.2,21.2,21.4,21.4,21.2,21.4,21.2,21.4,21.2,21.2,21.4,21.2,21.4,21.4,21.4,21.4,21.5,21.2,21.2,21.2,21.0,21.0,21.2,21.2,21.2,21.2,21.2,21.4,21.4,21.2,21.2,21.2,21.4,21.2,21.2,21.2,21.2,21.2,21.2,21.2,21.2,21.2,21.4,21.2,21.2,21.2,21.2,21.2,21.2,21.2,21.2,21.2,21.0,21.2,21.2,21.2,21.2,21.2,21.2,21.0,21.2,21.2,21.2,21.2,21.0,21.2,21.2,21.0,21.2,21.0,21.0,21.0,21.0,20.9,21.2,21.2,21.2,21.0,21.0,21.0,21.0,21.2,21.0,21.2,21.0,21.0,21.2,21.0,21.2,21.2,21.0,21.2,21.0,20.9,21.0,21.0,21.0,21.0,20.9,21.0,21.0,20.9,21.0,21.0,21.0,20.9,21.0,21.0,21.0,21.2,21.2,21.2,21.2,21.0,21.0,21.2,21.2,21.0,21.2,21.0,21.0,21.2,21.2,21.0,21.0,21.2,20.9,21.0,20.9,21.0,21.0,20.9,21.0,21.0,21.0,21.0,21.0,20.9,21.0,21.0,20.9,21.0,20.8,21.0,21.0,21.2,21.0,21.0,21.0,21.0,20.9,20.9,21.0,21.2,21.0,21.2,21.2,21.2,21.2,21.0,20.9,20.9,20.9,21.0,21.2,21.0,20.9,21.0,21.0,21.0,21.2,20.9,21.2,21.0,21.0,21.2,21.0,20.8,21.2,21.2,21.2,21.2,21.0,21.0,21.2,20.9,21.0,20.8,21.0,20.7
21,21.4,21.2,21.4,21.4,21.2,21.4,21.2,21.2,21.2,21.2,21.4,21.4,21.2,21.2,21.2,21.2,21.4,21.4,21.0,21.2,21.2,21.4,21.2,21.4,21.4,21.2,21.2,21.2,21.5,21.4,21.2,21.5,21.2,21.2,21.2,21.2,21.2,21.2,21.0,21.0,21.2,21.2,21.2,21.2,21.2,21.2,21.2,21.2,21.2,21.2,21.2,21.2,21.0,21.2,21.4,21.2,21.2,21.2,21.4,21.4,21.2,21.2,21.2,21.2,21.4,21.4,21.2,21.2,21.2,21.2,21.2,21.2,21.2,21.2,21.4,21.2,21.2,21.2,21.4,21.2,21.4,21.4,21.2,21.2,21.4,21.2,21.2,21.0,21.2,21.0,21.2,21.2,21.2,21.2,21.4,21.0,21.2,21.2,21.4,21.2,21.2,21.2,21.2,21.2,21.2,21.4,21.4,21.2,21.4,21.4,21.2,21.2,21.2,21.0,21.2,21.2,21.0,21.2,21.2,21.2,21.2,21.2,20.9,21.2,21.0,21.2,21.0,21.0,21.2,21.2,21.0,21.2,21.0,21.2,21.0,21.2,21.0,20.9,20.8,21.0,21.0,21.0,21.0,21.0,21.0,21.0,21.0,21.2,21.0,21.0,21.0,21.0,21.0,21.0,21.2,21.0,21.2,21.0,21.0,21.0,21.0,21.0,21.0,21.0,21.0,20.9,20.9,20.9,21.0,21.0,21.0,21.2,21.2,21.2,21.2,21.2,21.2,21.0,21.0,20.9,21.0,21.0,21.0,21.0,20.9,21.0,21.0,21.2,20.8,20.9,21.0,21.0,20.8,21.0,21.0,21.0,20.9,20.9,21.0,20.8,21.0,20.9,21.0,21.0,21.0,20.9,20.8,20.9,20.8,21.0,21.0,21.0,21.0,21.0,21.0,21.2,21.0,21.0,21.0,21.0,20.9,20.9,21.2,21.0,20.9,20.9,20.9,21.0,20.9,21.0,21.0,21.0,21.0,21.2,21.2,21.0,21.0,21.2,21.0,21.2,21.0,21.2,21.2,21.2,21.2,20.9,21.0,20.9,20.9,20.9,20.9,20.8,20.9,20.8,21.2,21.0
22,21.2,21.2,21.4,21.4,21.4,21.5,21.2,21.4,21.4,21.2,21.2,21.2,21.4,21.5,21.2,21.2,21.5,21.2,21.0,21.2,21.2,21.4,21.4,21.2,21.4,21.2,21.2,21.0,21.2,21.4,21.4,21.2,21.4,21.2,21.2,21.2,21.2,21.2,21.2,21.2,21.2,21.2,21.2,21.0,21.2,21.4,21.4,21.4,21.2,21.2,21.2,21.2,21.2,21.2,21.2,21.2,21.4,21.2,21.2,21.2,21.2,21.2,21.2,21.2,21.2,21.2,21.2,21.2,21.4,21.2,21.2,21.2,21.2,21.2,21.2,21.4,21.2,21.2,21.2,21.2,21.2,21.2,21.2,21.4,21.2,21.2,21.2,21.2,21.2,21.0,21.2,21.0,21.2,21.2,21.2,21.2,21.2,21.2,21.2,21.2,21.2,21.2,21.2,21.2,21.2,21.2,21.2,21.2,21.2,21.2,21.2,21.2,21.2,21.2,21.2,21.2,21.0,21.2,21.2,21.4,21.2,21.2,21.0,21.2,21.2,21.2,21.2,21.2,21.2,21.2,21.2,21.0,21.2,21.2,21.2,21.2,21.0,21.0,21.0,21.0,21.0,21.2,21.0,21.2,20.9,21.0,21.0,21.0,21.2,21.0,21.0,21.0,21.2,21.2,21.0,21.0,21.0,21.2,21.0,21.2,21.0,21.2,21.0,21.0,20.9,21.2,21.0,21.0,21.0,21.0,21.2,21.2,21.2,21.2,21.0,21.2,21.0,21.0,21.0,21.0,21.0,21.0,21.2,21.0,20.9,20.9,21.0,21.0,20.9,21.0,20.8,20.8,20.8,21.0,20.9,21.0,21.0,20.9,21.0,21.0,21.0,21.0,21.0,20.9,21.0,21.0,21.0,21.0,20.9,21.0,21.2,21.0,21.0,21.0,21.0,20.9,20.9,21.0,21.0,20.9,21.0,21.0,21.0,21.0,21.0,20.9,21.0,21.2,21.2,20.9,20.9,20.9,21.0,21.0,20.8,21.0,20.9,20.9,21.2,21.2,21.0,21.2,21.0,21.0,21.0,21.0,21.0,20.9,21.0,21.0,21.0,20.8,21.0,20.8,21.0,21.2
23,21.0,21.2,21.2,21.2,21.2,21.5,21.4,21.5,21.2,21.2,21.4,21.2,21.2,21.5,21.2,21.4,21.2,21.2,21.2,21.2,21.2,21.4,21.4,21.2,21.2,21.2,21.2,21.2,21.2,21.5,21.4,21.4,21.2,21.4,21.2,21.2,21.2,21.4,21.2,21.2,21.2,21.2,21.2,21.2,21.2,21.2,21.2,21.4,21.2,21.4,21.2,21.2,21.2,21.2,21.4,21.2,21.2,21.4,21.2,21.2,21.2,21.2,21.2,21.2,21.4,21.4,21.4,21.4,21.2,21.2,21.2,21.2,21.2,21.2,21.2,21.2,21.2,21.2,21.0,21.2,21.2,21.2,21.2,21.2,21.2,21.2,21.2,21.2,21.0,21.0,21.0,21.2,21.2,21.2,21.2,21.2,21.4,21.2,21.4,21.2,21.2,21.2,21.2,21.2,21.2,21.0,21.2,21.2,21.2,21.2,21.2,21.2,21.0,21.2,21.2,21.2,21.2,21.2,21.2,21.0,21.2,21.2,21.2,21.4,21.4,21.2,21.2,21.2,21.2,21.4,21.2,21.2,21.0,21.0,21.2,21.2,21.0,21.0,21.0,21.0,21.0,21.2,21.2,21.2,21.2,21.0,20.9,21.2,21.0,21.0,21.0,21.0,21.0,21.0,21.0,21.0,21.2,21.0,21.2,21.0,21.2,21.2,21.0,21.0,20.8,21.2,21.0,21.0,21.0,21.0,21.2,21.0,21.2,21.0,21.0,21.0,21.0,21.0,21.0,21.0,21.2,21.0,20.9,21.0,21.0,21.0,21.0,21.0,21.0,20.9,21.0,20.9,21.0,21.0,21.0,20.9,21.0,20.9,21.0,21.0,21.0,21.2,21.0,21.2,21.0,21.0,21.0,21.0,21.2,21.0,21.0,21.0,21.0,21.0,21.0,20.9,21.0,21.0,21.0,21.2,21.0,21.0,20.8,21.0,20.9,21.0,21.0,21.2,21.0,21.0,21.0,21.0,21.0,21.0,21.0,21.0,21.0,21.2,21.0,21.0,21.0,21.0,21.2,21.0,21.0,21.0,21.0,21.0,20.8,20.9,21.0,21.0,20.9,21.0,21.0,20.8
24,21.2,21.2,21.2,21.2,21.2,21.4,21.4,21.4,21.2,21.2,21.4,21.2,21.2,21.2,21.2,21.2,21.2,21.2,21.2,21.2,21.2,21.2,21.2,21.2,21.2,21.2,21.2,21.4,21.4,21.2,21.4,21.4,21.4,21.2,21.2,21.2,21.2,21.2,21.2,21.2,21.2,21.4,21.2,21.4,21.0,21.2,21.2,21.4,21.2,21.2,21.4,21.2,21.2,21.2,21.2,21.2,21.2,21.2,21.0,21.2,21.0,21.2,21.2,21.2,21.2,21.2,21.2,21.2,21.2,21.0,21.2,21.2,21.0,21.2,21.2,21.2,21.2,21.2,21.2,21.0,21.2,21.2,21.4,21.2,21.2,21.2,21.0,21.2,21.2,21.2,21.0,21.2,21.2,21.2,21.2,21.2,21.0,21.0,21.2,21.4,21.2,21.2,21.2,21.2,21.2,21.2,21.2,21.2,21.2,21.2,21.2,21.2,21.2,21.0,21.2,21.0,21.2,21.2,21.2,21.2,21.2,21.2,21.2,21.2,21.2,21.2,21.2,21.2,21.2,21.2,21.2,21.2,21.2,21.2,21.2,21.2,21.2,20.9,21.0,21.0,21.2,21.0,21.0,21.0,21.0,21.0,21.0,21.0,21.0,21.2,21.0,21.0,21.2,21.2,21.0,20.9,21.0,21.0,21.0,21.2,21.0,21.0,20.9,21.0,20.9,21.0,21.0,20.9,20.9,21.0,21.0,21.2,21.0,21.0,21.2,21.0,21.0,21.0,21.0,21.0,21.0,21.0,21.0,21.0,21.0,21.0,21.0,21.2,21.0,20.9,21.0,21.0,21.0,21.0,20.9,20.9,21.0,21.0,21.0,20.9,21.0,21.0,20.9,21.0,20.9,20.9,21.0,21.0,20.9,21.0,21.0,21.2,21.2,21.0,20.9,20.9,20.9,20.9,20.8,20.8,21.0,21.0,21.2,21.2,20.9,20.9,21.0,21.0,20.9,20.9,21.0,21.0,21.0,21.0,21.0,20.9,21.0,21.0,21.0,21.2,21.0,21.0,21.2,21.2,21.0,21.2,21.2,21.0,20.9,20.9,20.8,20.9,20.9,21.0,21.0,20.8
25,20.9,21.2,21.2,21.2,21.2,21.2,21.4,21.2,21.2,21.2,21.2,21.4,21.2,21.2,21.2,21.2,21.4,21.2,21.2,21.4,21.2,21.2,21.4,21.2,21.2,21.4,21.2,21.2,21.5,21.4,21.4,21.2,21.4,21.2,21.2,21.4,21.2,21.2,21.2,21.2,21.2,21.2,21.2,21.2,21.2,21.0,21.2,21.2,21.2,21.2,21.2,21.4,21.2,21.2,21.2,21.2,21.2,21.0,20.9,21.2,21.0,21.0,21.0,21.2,21.2,21.2,21.2,21.2,21.4,21.0,21.2,21.2,21.0,21.2,21.2,21.2,21.2,21.2,21.2,21.2,21.2,21.4,21.2,21.2,21.2,21.2,21.2,21.0,21.2,21.2,21.2,21.2,21.2,21.0,21.2,21.2,21.2,21.2,21.2,21.2,21.2,21.0,21.2,21.2,21.2,21.2,21.2,21.2,21.2,21.2,21.2,21.2,21.0,21.2,21.2,21.2,21.2,21.0,21.4,21.2,21.2,21.2,21.2,21.0,21.0,21.2,21.2,21.2,21.2,21.2,21.2,21.2,21.2,21.2,21.2,21.2,21.0,21.0,21.0,21.2,21.0,20.9,21.2,21.2,21.0,21.0,21.0,21.0,21.0,21.2,21.0,21.0,21.0,21.0,21.0,21.0,21.0,21.2,21.0,21.0,21.2,21.0,20.8,21.0,21.0,20.9,21.0,21.0,21.0,20.9,21.0,21.0,21.2,20.9,21.0,21.0,21.0,21.0,21.0,21.0,21.2,21.2,20.9,21.0,21.0,21.0,21.0,21.0,21.0,21.0,21.0,21.0,21.0,21.0,21.0,21.0,21.0,21.0,20.8,21.0,21.0,21.0,21.0,21.0,20.9,20.9,20.9,20.9,20.8,21.0,21.0,21.0,21.0,21.0,20.9,21.2,20.9,21.0,20.8,20.9,20.8,21.0,20.8,21.0,21.0,21.0,21.2,21.0,21.0,21.2,20.9,21.0,20.8,20.8,20.8,20.9,21.0,21.0,21.0,21.0,21.0,21.0,20.9,21.0,20.9,21.0,21.2,20.9,20.9,20.8,21.0,20.9,21.0,20.9,20.9,20.8
26,21.4,21.2,21.2,21.2,21.2,21.2,21.2,21.2,21.2,21.4,21.2,21.2,21.2,21.2,21.4,21.4,21.4,21.4,21.2,21.2,21.4,21.2,21.2,21.4,21.2,21.2,21.2,21.2,21.2,21.4,21.4,21.4,21.2,21.4,21.2,21.2,21.0,21.2,21.2,21.0,21.2,21.2,21.2,21.2,21.2,21.2,21.2,21.2,21.2,21.2,21.4,21.4,21.4,21.2,21.2,21.2,21.2,21.2,21.2,21.2,21.0,21.2,21.0,21.0,21.2,21.2,21.0,21.2,21.2,21.2,21.0,21.2,21.2,21.0,21.2,21.2,21.2,21.2,21.2,21.2,21.2,21.2,21.4,21.2,21.2,21.2,21.2,21.0,21.2,21.2,21.2,21.2,21.2,21.2,21.2,21.2,21.2,21.2,21.0,21.0,21.2,21.2,21.2,21.0,21.0,21.2,21.2,21.2,21.2,21.2,21.2,21.2,21.2,21.0,21.2,21.2,21.2,21.2,21.2,21.2,21.2,21.2,21.2,21.2,21.2,21.0,21.2,21.2,21.2,21.2,21.2,21.2,21.2,21.2,21.2,21.0,21.0,21.0,21.0,21.2,21.2,21.0,21.0,21.0,21.0,21.2,21.0,21.0,21.0,20.9,21.2,21.0,21.0,21.2,21.0,21.2,21.0,21.0,21.2,21.0,21.0,21.0,21.0,21.0,21.0,21.0,21.0,21.0,21.0,21.2,21.0,21.0,21.0,21.0,21.0,21.0,21.0,21.2,21.2,21.0,21.2,21.2,20.9,21.2,21.2,21.0,21.2,20.9,21.0,21.0,21.0,21.0,21.0,21.0,21.0,21.0,21.0,20.9,21.0,20.9,21.0,21.0,20.9,20.9,21.0,20.9,21.0,21.0,20.9,20.9,21.2,21.0,21.0,21.0,21.0,21.0,20.9,21.0,20.8,20.8,20.9,20.9,20.8,21.0,21.0,21.0,20.9,21.0,20.9,21.2,21.2,20.9,21.0,20.9,20.9,20.9,20.8,21.0,21.2,21.2,21.0,21.0,21.0,21.0,21.0,21.0,20.8,21.0,20.9,20.9,21.0,21.0,20.9,21.2,20.8,20.9
27,21.5,21.2,21.2,21.0,21.2,21.2,21.4,21.2,21.4,21.2,21.0,21.4,21.2,21.2,21.2,21.2,21.2,21.2,21.2,21.2,21.4,21.4,21.4,21.4,21.2,21.2,21.2,21.2,21.4,21.2,21.2,21.2,21.2,21.2,21.2,21.2,21.2,21.2,21.2,21.2,21.0,21.2,21.2,21.2,21.2,21.2,21.2,21.0,21.2,21.2,21.4,21.2,21.2,21.2,21.0,21.0,21.2,21.2,21.2,21.2,21.2,21.2,21.2,21.2,21.2,21.2,21.4,21.0,21.2,21.2,21.2,21.0,21.2,21.2,21.2,21.2,21.2,21.2,21.2,21.4,21.2,21.4,21.2,21.2,21.2,21.2,21.4,21.2,21.2,21.2,21.2,21.0,21.2,21.2,21.2,21.0,21.2,21.2,21.0,21.2,21.2,21.0,21.2,21.2,21.2,21.2,21.0,21.2,21.2,21.2,21.0,21.2,21.0,21.2,21.2,21.2,21.2,21.2,21.2,21.2,21.0,21.2,21.0,21.0,21.4,21.2,21.2,21.2,21.2,21.0,21.0,21.0,21.2,21.2,21.0,21.0,21.0,20.9,21.2,21.0,21.0,21.2,21.0,21.0,20.9,21.0,21.0,21.2,21.0,21.0,21.2,21.0,21.0,21.0,21.2,21.0,21.2,21.2,21.0,21.0,21.0,21.0,21.0,21.0,21.0,21.0,21.0,21.0,21.0,21.0,21.2,21.0,21.0,21.0,21.0,20.9,21.0,21.0,21.0,21.2,21.2,20.9,21.0,21.0,21.2,21.0,21.0,20.9,21.0,21.2,21.0,21.0,21.2,21.0,20.9,21.0,21.2,21.0,20.9,21.0,20.9,21.2,20.8,21.0,20.9,21.0,21.0,20.9,20.9,20.9,21.0,20.8,21.0,21.0,21.0,21.0,20.9,20.9,21.0,21.0,20.8,21.0,21.2,21.0,21.0,21.2,21.0,20.9,21.0,21.0,20.9,21.0,21.0,20.8,21.0,21.0,21.0,20.9,21.0,21.2,20.9,21.0,21.0,21.0,21.0,20.8,20.9,21.0,20.9,21.0,21.0,21.0,20.8,20.9,20.9,21.0
28,21.0,21.5,21.4,21.2,21.2,21.2,21.2,21.2,21.2,21.2,21.2,21.4,21.2,21.2,21.0,21.2,21.2,21.2,21.2,21.2,21.0,21.2,21.2,21.2,21.4,21.2,21.0,21.4,21.0,21.2,21.2,21.2,21.4,21.2,21.2,21.4,21.4,21.2,21.0,21.4,21.0,21.2,21.2,21.2,21.2,21.2,21.2,21.2,21.2,21.2,21.4,21.4,21.4,21.2,21.2,21.2,21.2,21.2,21.2,21.5,21.2,21.2,21.2,21.2,21.2,21.2,21.2,21.0,21.2,21.0,21.0,21.2,21.0,21.2,21.2,21.2,21.2,21.2,21.2,21.4,21.4,21.2,21.4,21.4,21.2,21.2,21.2,21.2,21.2,21.2,21.2,21.0,21.2,21.2,21.0,21.0,21.2,21.2,21.2,21.2,21.2,21.2,21.2,21.2,21.2,21.2,21.4,21.2,21.2,21.2,21.0,21.0,21.2,21.2,21.2,21.0,21.0,21.0,21.0,21.0,21.2,21.0,21.2,21.2,21.2,21.2,21.2,21.0,21.2,21.0,21.0,21.0,21.2,21.0,21.0,21.0,21.0,21.0,21.0,21.0,21.0,20.9,21.0,21.0,21.0,21.2,21.2,21.0,21.2,21.2,21.0,21.0,21.0,21.0,21.2,21.2,21.0,21.0,21.0,21.2,21.2,21.2,21.2,21.2,21.0,21.0,21.0,21.0,21.0,21.0,21.0,21.2,21.0,20.9,21.0,21.0,21.0,21.0,21.2,21.2,21.0,20.9,20.9,21.0,21.0,21.0,21.0,21.0,21.2,21.0,21.0,21.0,21.0,20.9,21.0,21.0,20.9,21.0,21.0,21.0,20.9,20.9,21.0,21.0,21.0,21.2,21.2,21.0,21.0,21.0,21.0,21.0,20.9,20.9,21.0,21.0,21.0,21.0,21.2,21.0,21.0,21.0,21.0,21.0,20.9,21.0,21.0,21.0,20.9,21.0,21.0,21.0,20.9,21.0,21.2,20.9,21.2,20.9,21.0,20.9,21.2,21.0,21.2,20.9,20.8,20.8,20.9,20.8,20.9,20.9,21.0,20.9,20.9,21.0,20.8,21.0
29,21.5,21.2,21.2,21.2,21.2,21.4,21.2,21.2,21.4,21.2,21.4,21.2,21.2,21.2,21.0,21.0,21.0,21.2,21.2,21.2,21.2,21.2,21.4,21.4,21.2,21.2,21.2,21.4,21.2,21.2,21.2,21.2,21.2,21.2,21.2,21.2,21.2,21.4,21.4,21.2,21.4,21.2,21.2,21.0,21.2,21.0,21.2,21.0,21.2,21.2,21.2,21.2,21.2,21.2,21.2,21.0,21.2,21.2,21.4,21.4,21.5,21.4,21.2,21.0,21.2,21.2,21.2,21.0,21.2,21.2,21.4,21.2,21.0,21.2,21.2,21.2,21.4,21.2,21.2,21.4,21.2,21.2,21.2,21.2,21.2,21.0,21.2,21.2,21.0,21.2,21.2,21.2,21.0,21.0,21.2,21.2,21.2,21.4,21.2,21.2,21.2,21.2,21.0,21.0,21.2,21.2,21.2,21.2,21.2,21.2,21.0,21.0,21.0,21.2,21.0,21.2,21.2,21.2,21.2,21.0,21.2,21.0,21.2,21.2,21.2,21.0,21.0,21.0,21.2,21.2,21.0,21.0,21.0,21.2,20.9,21.0,21.2,21.0,21.0,21.0,21.2,21.0,21.0,21.0,21.0,21.0,21.2,21.2,21.2,21.0,21.2,21.0,21.2,21.2,21.2,21.2,21.0,21.0,21.0,21.0,21.2,21.0,21.0,21.0,21.0,21.0,21.0,21.0,21.0,21.0,21.0,21.0,21.0,21.0,21.0,20.9,21.0,21.0,21.0,21.0,21.2,21.0,21.0,21.0,21.0,21.0,21.2,21.2,21.0,21.0,20.9,20.8,21.0,20.9,20.8,21.0,21.0,21.0,21.0,20.8,21.0,21.0,21.0,21.0,21.0,21.0,21.0,21.0,21.0,21.0,20.8,20.8,21.0,21.0,21.0,21.0,21.0,21.0,21.0,21.0,21.0,21.0,21.0,20.9,21.0,21.0,21.2,20.9,21.0,21.0,21.0,21.2,21.0,20.9,21.2,21.0,21.2,21.0,21.0,20.8,21.0,21.0,21.0,21.0,21.0,20.8,20.9,21.0,20.8,21.0,20.8,20.9,20.8,20.9,20.9,21.2
30,21.2,21.5,21.2,21.2,21.2,21.2,21.2,21.4,21.2,21.2,21.2,21.2,21.4,21.2,21.2,21.2,21.2,21.2,21.2,21.2,21.2,21.4,21.4,21.4,21.4,21.2,21.2,21.2,21.2,21.2,21.2,21.4,21.2,21.2,21.4,21.2,21.4,21.2,21.2,21.2,21.2,21.2,21.0,21.2,21.0,21.2,21.0,21.2,21.2,21.2,21.2,21.0,21.2,21.2,21.2,21.2,21.2,21.2,21.4,21.4,21.2,21.2,21.2,21.4,21.2,21.2,21.2,21.2,21.2,21.2,21.2,21.2,21.0,21.0,21.2,21.2,21.2,21.2,21.2,21.2,21.2,21.2,21.4,21.2,21.0,21.2,21.0,21.0,21.2,21.0,21.2,21.0,21.0,21.0,21.2,21.2,21.2,21.2,21.0,21.2,21.2,21.2,21.2,21.0,21.2,21.2,21.2,21.2,21.2,21.0,21.0,21.0,21.0,21.2,21.2,21.2,21.2,21.2,21.2,21.0,21.2,21.2,21.2,21.2,21.0,21.2,21.2,21.2,21.2,21.0,20.9,20.9,21.0,21.0,21.0,21.0,20.9,21.2,21.2,21.2,21.0,21.0,21.0,21.0,21.0,21.2,21.0,21.2,21.0,21.0,21.0,21.0,21.0,21.2,21.2,21.0,21.0,21.0,21.0,21.0,21.0,21.0,21.0,21.0,21.0,21.0,21.0,20.9,20.9,21.0,21.0,21.0,21.2,21.0,21.0,21.0,21.0,20.9,21.2,21.2,21.0,20.9,21.2,21.0,21.2,21.2,21.0,20.9,21.0,21.2,21.0,21.0,21.0,20.9,21.0,21.0,21.0,20.9,21.2,21.0,21.0,21.0,21.0,20.8,21.2,21.0,21.0,21.0,20.9,20.9,20.9,21.0,21.0,21.0,20.9,21.0,21.0,21.2,21.0,21.0,21.0,21.0,21.0,21.0,21.0,21.2,21.0,21.0,21.2,21.2,21.0,21.0,21.2,21.0,21.0,21.0,21.0,21.2,21.2,21.0,21.0,21.0,21.0,21.2,21.0,21.0,20.9,20.8,20.8,20.9,21.0,21.0,21.0,21.0,20.8,21.0
31,21.4,21.4,21.4,21.2,21.2,21.2,21.2,21.2,21.2,21.4,21.2,21.2,21.4,21.2,21.2,21.2,21.4,21.2,21.4,21.4,21.4,21.2,21.4,21.4,21.4,21.2,21.2,21.2,21.2,21.2,21.2,21.2,21.2,21.2,21.4,21.2,21.4,21.2,21.2,21.2,21.2,21.2,21.2,21.0,21.2,21.2,21.2,21.2,21.4,21.0,21.2,21.2,21.2,21.2,21.2,21.2,21.2,21.4,21.2,21.2,21.2,21.2,21.0,21.2,21.2,21.2,21.0,21.2,21.2,21.2,21.2,21.4,21.2,21.0,21.0,21.2,21.2,21.2,21.2,21.2,21.2,21.2,21.2,21.4,21.2,21.2,21.2,21.2,21.2,21.0,21.0,21.0,21.0,21.0,21.2,21.2,21.2,21.0,21.2,21.2,21.2,21.2,21.0,21.0,21.0,21.2,21.2,21.0,21.2,21.2,21.2,21.2,21.0,21.0,21.2,21.2,21.2,21.2,21.2,21.2,21.0,21.0,21.0,21.2,21.2,21.2,21.0,21.2,21.0,21.2,21.0,21.0,21.2,21.0,21.0,21.2,21.2,21.2,21.2,21.2,21.2,21.0,21.0,21.0,21.0,21.0,21.2,21.2,21.0,21.2,21.0,21.0,21.0,21.2,21.0,21.2,21.0,21.0,21.0,21.0,21.0,20.9,21.0,21.0,21.0,21.0,21.0,21.0,21.0,21.0,20.9,21.0,21.0,21.0,21.0,21.0,21.0,21.2,21.0,21.0,21.2,21.0,21.2,21.0,21.0,21.2,21.2,21.2,21.0,21.0,21.2,21.0,21.0,21.0,21.0,21.2,21.2,21.0,21.2,21.0,21.0,21.0,21.0,21.0,21.0,21.2,21.0,21.0,20.9,20.9,20.9,20.9,21.0,20.9,21.2,21.0,21.0,21.0,21.0,21.0,21.0,21.2,21.0,21.0,21.2,21.0,21.2,21.0,21.0,20.9,21.0,21.2,21.2,21.2,21.2,21.0,21.2,21.2,21.2,21.0,21.0,21.2,21.2,21.0,21.2,20.9,21.0,21.0,21.0,20.9,20.9,21.0,20.8,21.2,20.9,20.8
32,21.2,21.2,21.4,21.2,21.4,21.2,21.2,21.2,21.2,21.2,21.4,21.4,21.4,21.2,21.4,21.2,21.2,21.2,21.2,21.4,21.2,21.4,21.2,21.2,21.2,21.0,21.2,21.2,21.2,21.2,21.2,21.2,21.2,21.2,21.2,21.4,21.2,21.4,21.2,21.4,21.2,21.2,21.4,21.4,21.2,21.2,21.2,21.2,21.2,21.2,21.2,21.2,21.2,21.2,21.4,21.4,21.4,21.4,21.4,21.2,21.2,21.2,21.2,21.2,21.2,21.2,21.2,21.0,21.2,21.0,21.2,21.2,21.0,21.0,21.2,21.0,21.2,21.2,21.2,21.2,21.2,21.2,21.2,21.0,21.2,21.0,21.0,21.2,21.2,21.2,21.0,21.0,21.0,21.0,21.0,21.2,21.0,21.0,21.2,21.2,21.2,21.0,21.2,21.0,21.0,21.2,21.4,21.2,21.0,21.0,21.2,21.2,21.0,21.0,21.2,21.2,21.2,21.0,21.0,20.9,21.0,21.0,21.0,21.0,21.0,20.9,21.2,21.0,21.2,21.2,21.0,21.0,21.0,21.0,21.0,21.0,21.2,21.0,21.0,21.2,21.0,21.0,21.0,21.0,21.0,21.2,21.0,21.0,21.0,21.0,21.0,21.2,21.0,21.2,21.0,21.0,21.0,21.2,21.0,21.0,21.0,21.0,21.2,21.2,21.2,21.0,21.0,21.0,21.0,21.0,20.9,21.0,20.9,21.0,21.0,21.0,21.0,21.0,21.2,21.2,21.0,21.0,21.2,21.0,21.0,21.2,21.2,21.0,21.0,21.0,21.2,21.2,21.0,21.0,21.0,21.0,20.9,21.0,21.0,21.0,21.2,21.2,21.2,21.2,21.0,21.0,21.2,21.0,21.0,21.0,21.0,21.0,21.2,21.0,21.0,21.0,21.0,21.0,21.0,21.0,21.0,21.0,21.0,21.0,21.0,21.2,21.0,21.2,21.0,21.0,21.0,21.2,21.2,21.0,21.2,21.2,21.2,21.0,21.2,21.2,21.2,21.0,21.2,21.0,21.0,21.2,21.0,21.0,21.2,21.0,20.9,21.0,21.2,21.0,21.0,21.2
33,21.5,21.4,21.2,21.2,21.2,21.2,21.2,21.2,21.2,21.4,21.4,21.4,21.4,21.2,21.2,21.4,21.2,21.2,21.2,21.2,21.2,21.2,21.4,21.2,21.2,21.2,21.2,21.4,21.4,21.4,21.2,21.2,21.2,21.4,21.2,21.4,21.5,21.2,21.2,21.2,21.2,21.2,21.4,21.2,21.2,21.2,21.2,21.2,21.2,21.2,21.2,21.2,21.2,21.2,21.2,21.2,21.2,21.2,21.2,21.2,21.2,21.2,21.0,21.2,21.0,21.2,21.2,21.0,21.0,21.2,21.2,21.0,21.0,21.0,21.2,21.0,21.2,21.0,21.2,21.2,21.2,21.0,21.2,21.2,21.2,21.2,20.9,21.0,21.2,21.2,21.2,21.0,21.2,21.0,21.2,21.2,21.2,21.0,21.0,21.2,21.0,21.2,21.0,21.2,21.2,21.2,21.2,21.0,21.2,21.0,21.0,21.0,21.2,21.0,21.2,21.0,21.2,21.2,21.0,20.9,21.0,21.0,21.2,21.0,21.0,21.0,21.0,21.0,21.0,21.0,21.0,21.0,21.0,21.0,21.0,21.0,21.0,21.0,21.0,21.2,21.0,21.0,21.2,21.0,20.9,21.0,21.0,21.2,21.0,21.2,21.0,21.0,21.0,21.0,21.0,21.0,21.0,21.0,21.0,21.0,21.0,21.2,21.0,21.2,21.0,21.0,21.0,21.0,21.0,21.0,21.0,21.0,21.0,21.0,21.0,21.0,21.0,21.0,21.0,21.0,21.0,21.0,21.0,21.2,21.2,21.0,21.0,21.0,21.2,21.2,21.0,21.0,21.0,21.0,21.2,21.2,21.2,21.0,21.0,21.2,21.0,21.0,21.2,21.2,21.2,21.2,21.0,21.0,21.0,20.9,21.0,21.0,21.0,21.2,20.9,21.0,21.0,20.8,20.8,21.0,21.0,20.9,21.0,21.0,21.2,21.0,21.0,21.0,20.9,21.0,21.0,21.0,21.0,21.0,21.0,21.0,20.8,21.2,21.0,21.2,20.9,21.0,21.2,21.2,20.8,20.9,21.0,20.9,21.0,21.0,21.2,21.0,21.0,21.0,21.0,21.2
34,21.5,21.5,21.2,21.2,21.2,21.2,21.2,21.4,21.4,21.2,21.2,21.2,21.2,21.2,21.2,21.2,21.5,21.4,21.2,21.4,21.2,21.2,21.2,21.2,21.2,21.2,21.2,21.5,21.4,21.4,21.4,21.2,21.2,21.4,21.2,21.4,21.2,21.2,21.2,21.2,21.2,21.2,21.2,21.2,21.2,21.2,21.2,21.2,21.2,21.2,21.2,21.2,21.2,21.2,21.2,21.0,21.2,21.4,21.2,21.2,21.0,21.0,21.0,21.2,21.0,21.2,21.0,21.0,21.2,21.2,21.2,21.2,21.0,21.0,21.0,21.0,21.0,21.0,21.2,21.2,21.2,21.0,21.0,21.2,21.2,21.0,21.0,21.2,21.0,21.2,21.0,21.0,21.2,21.2,21.2,21.2,21.0,21.2,21.2,20.9,21.2,21.0,21.0,21.2,21.2,21.2,21.2,21.0,21.0,20.9,21.0,21.0,21.2,21.0,21.0,21.0,21.0,20.9,21.0,21.2,21.0,21.2,21.2,21.0,21.0,20.9,20.9,20.9,21.0,20.8,21.0,21.0,21.2,21.0,21.0,21.0,21.0,21.0,21.0,21.0,21.0,21.0,21.0,20.8,21.0,21.0,21.0,20.9,21.0,21.0,21.0,21.0,21.2,20.8,21.0,21.0,21.0,21.0,21.0,21.2,21.0,21.0,21.0,21.2,21.0,21.0,20.9,20.9,21.0,20.9,20.7,21.0,20.9,21.0,21.0,21.2,21.2,21.0,21.0,21.0,21.2,21.0,20.9,21.0,21.2,20.9,21.0,21.0,21.0,21.0,21.0,21.0,21.0,21.0,21.0,21.0,21.0,21.0,21.0,21.2,21.0,21.0,21.2,21.2,21.0,21.0,20.9,21.0,21.0,21.0,21.0,21.0,21.0,21.0,21.0,21.0,21.0,20.9,21.0,20.8,20.8,20.9,21.0,20.8,20.9,20.9,21.0,20.8,20.9,21.0,21.0,21.0,21.0,21.0,21.0,21.2,21.2,21.0,21.2,20.9,21.2,21.0,21.0,21.0,21.0,21.0,21.2,20.9,21.2,20.9,20.9,20.8,21.0,20.9,20.9,21.2
35,21.5,21.2,21.2,21.4,21.4,21.2,21.2,21.4,21.2,21.2,21.2,21.0,21.2,21.2,21.2,21.2,21.4,21.2,21.2,21.0,21.2,21.2,21.2,21.2,21.2,21.2,21.2,21.4,21.4,21.2,21.4,21.2,21.2,21.2,21.2,21.2,21.2,21.2,21.2,21.4,21.2,21.4,21.2,21.2,21.2,21.2,21.2,21.2,21.0,21.2,21.0,21.2,21.4,21.2,21.0,21.0,21.0,21.2,21.2,21.2,21.2,21.0,21.0,21.0,21.2,21.2,21.2,21.2,21.2,21.2,21.2,21.2,21.2,21.0,21.0,21.2,21.2,21.0,21.0,21.0,21.0,21.0,21.0,21.0,21.0,21.0,21.0,21.0,21.0,21.2,21.0,21.0,21.2,21.0,21.2,21.2,21.0,21.2,21.0,21.0,21.2,21.0,21.2,21.2,21.2,21.2,21.2,21.0,21.0,21.0,21.0,21.0,21.2,21.0,21.0,21.0,21.2,21.0,21.2,20.9,21.0,21.0,20.9,20.9,21.0,20.9,20.8,20.8,20.9,20.9,20.8,21.0,20.9,20.9,20.8,21.0,21.0,21.2,21.0,21.0,21.0,20.9,21.0,20.8,20.9,20.9,20.9,21.0,20.9,21.0,21.0,20.9,21.0,21.0,20.8,21.0,21.0,21.0,21.0,21.0,21.0,21.0,20.9,21.0,20.9,21.0,20.8,21.0,21.0,20.8,20.9,21.0,20.9,21.0,21.0,20.9,21.0,21.0,21.2,21.0,21.0,20.9,21.0,20.9,20.9,21.0,21.2,21.0,21.0,21.0,21.0,21.0,21.0,21.0,20.9,20.9,21.0,21.0,21.0,21.0,21.0,21.0,21.0,21.2,20.9,21.0,21.0,21.0,21.0,21.0,20.9,21.0,20.9,20.8,21.2,21.2,21.0,20.8,20.8,20.9,21.0,20.8,21.0,20.9,20.8,21.0,20.8,20.9,21.0,21.2,21.0,21.0,20.8,20.8,21.0,21.2,21.0,21.0,21.2,21.2,21.0,21.2,21.2,21.0,21.0,20.8,21.0,21.0,21.2,21.0,21.0,20.9,21.0,21.0,21.0,21.0
36,21.4,21.4,21.2,21.5,21.5,21.5,21.4,21.2,21.4,21.2,21.2,21.2,21.2,21.2,21.2,21.2,21.2,21.4,21.2,21.2,21.2,21.2,21.2,21.2,21.2,21.2,21.2,21.4,21.2,21.4,21.4,21.2,21.2,21.2,21.2,21.4,21.2,21.2,21.2,21.4,21.2,21.2,21.4,21.2,21.2,21.2,21.2,21.2,21.2,21.0,21.2,21.2,21.2,21.2,21.2,21.2,21.2,21.2,21.2,21.2,21.2,21.0,21.0,21.0,21.2,20.9,21.0,21.2,21.2,21.4,21.2,21.2,21.2,21.2,21.0,21.2,21.2,21.2,21.2,21.0,21.0,21.0,21.0,21.2,21.2,21.0,21.2,21.0,21.2,21.2,21.2,21.0,21.0,21.2,21.2,21.0,21.0,21.0,20.9,21.2,21.2,21.2,21.2,21.2,21.2,21.2,21.2,21.2,21.0,21.0,21.0,21.0,21.0,20.9,21.0,21.2,21.2,21.0,21.0,20.9,21.0,21.2,21.0,21.0,21.0,20.9,20.9,20.8,21.0,20.8,21.0,20.9,21.0,20.9,20.9,21.0,21.0,20.9,21.0,21.0,20.9,20.9,20.8,20.9,20.9,20.9,20.9,21.0,21.0,21.0,21.2,20.9,20.8,20.8,21.0,20.8,21.0,20.9,20.9,21.0,21.0,20.8,20.9,20.9,20.9,21.0,20.8,20.9,21.0,20.9,20.8,20.9,20.8,21.0,20.9,21.0,20.9,21.0,21.2,21.0,21.0,20.9,21.2,21.0,21.0,21.0,21.0,21.0,21.0,21.0,21.0,21.0,21.0,21.2,21.2,21.0,21.0,21.0,21.0,21.2,21.0,20.9,21.2,21.2,21.2,21.2,21.2,21.2,21.0,21.0,21.0,20.9,21.0,21.0,20.9,21.2,21.0,20.9,21.0,21.0,20.9,21.0,21.0,20.9,20.8,20.9,20.9,21.0,20.8,21.0,21.0,21.2,20.8,21.0,21.2,21.2,21.0,21.2,21.0,21.0,20.9,20.9,21.0,21.0,21.0,20.9,21.2,21.0,21.0,20.8,20.9,20.9,20.8,20.8,20.9,20.7
37,21.0,21.2,21.4,21.2,21.4,21.5,21.2,21.2,21.5,21.2,21.4,21.2,21.2,21.2,21.2,21.2,21.2,21.4,21.2,21.4,21.2,21.2,21.2,21.2,21.2,21.2,21.2,21.2,21.2,21.4,21.2,21.4,21.4,21.2,21.4,21.2,21.4,21.2,21.2,21.2,21.2,21.2,21.2,21.2,21.2,21.2,21.2,21.2,21.2,21.0,21.0,21.2,21.2,21.2,21.0,20.9,21.0,21.2,21.2,21.2,21.2,21.0,21.0,21.2,21.0,21.0,21.0,21.0,21.2,21.2,21.2,21.2,21.2,21.2,21.2,21.2,21.2,21.2,21.2,21.2,21.2,21.0,21.2,21.0,21.2,21.0,21.2,21.2,21.0,21.2,21.0,21.0,21.2,21.2,21.2,21.0,21.2,21.0,21.0,21.0,21.2,21.2,21.0,21.0,21.2,21.0,21.0,21.2,21.2,21.0,21.0,21.2,21.2,21.0,21.0,21.2,21.2,21.2,21.0,21.0,21.0,21.0,21.0,21.0,21.0,20.9,21.0,20.9,20.9,20.9,21.0,20.9,20.9,20.9,21.0,21.0,20.9,20.8,21.0,20.9,20.9,20.9,21.0,20.9,20.8,21.0,21.2,21.0,21.0,20.9,20.9,21.0,21.0,20.9,21.0,21.0,21.0,20.9,20.9,21.0,20.9,21.0,20.9,20.8,20.9,20.8,21.0,21.0,21.0,20.9,20.9,21.0,21.0,21.0,20.9,21.0,21.0,21.0,21.0,21.0,20.9,21.0,21.0,21.0,20.9,21.0,21.0,20.9,21.0,21.0,21.0,20.9,21.2,21.2,21.0,21.0,21.0,21.2,21.0,21.0,21.0,20.9,21.0,21.2,21.0,21.0,21.2,21.2,21.0,21.0,21.0,20.9,21.0,21.0,20.8,20.9,20.9,21.0,21.0,21.0,21.0,20.9,21.0,21.0,21.0,20.9,20.9,20.9,21.0,21.0,21.0,21.2,20.9,21.2,21.0,21.0,21.2,21.0,20.8,21.0,20.9,21.0,21.0,21.0,20.9,21.0,20.9,20.9,21.0,20.9,21.0,20.8,20.8,20.8,20.8,20.9
38,21.2,21.4,21.2,21.2,21.2,21.2,21.2,21.4,21.4,21.4,21.2,21.2,21.2,21.2,21.4,21.4,21.2,21.5,21.2,21.2,21.2,21.2,21.2,21.2,21.2,21.2,21.2,21.2,21.5,21.4,21.4,21.5,21.4,21.4,21.4,21.2,21.2,21.2,21.2,21.2,21.2,21.4,21.2,21.2,21.2,21.2,21.2,21.2,21.2,21.2,21.2,21.0,21.0,21.0,21.2,21.2,21.2,21.2,21.0,21.0,21.0,21.0,21.0,21.2,21.2,21.0,21.2,21.2,21.2,21.2,21.2,21.0,21.2,21.2,21.2,21.2,21.2,21.2,21.2,21.0,21.2,21.4,21.0,21.2,21.2,21.2,21.0,21.0,21.0,21.2,21.2,21.2,21.2,21.0,21.0,21.2,21.2,21.2,21.2,21.2,21.2,21.0,21.2,21.0,21.2,21.0,21.2,21.0,21.2,21.2,21.2,21.2,21.2,21.0,21.0,21.2,21.0,21.2,21.0,21.0,21.2,21.0,21.0,21.0,21.0,21.0,20.9,20.9,20.9,21.0,21.2,20.9,21.0,21.0,21.0,21.0,21.0,21.0,20.9,21.0,20.9,21.0,21.0,20.9,20.9,20.8,20.9,21.0,21.0,20.9,20.9,21.0,21.0,21.0,20.9,21.0,21.0,21.0,21.0,21.0,20.9,21.0,21.0,20.9,20.8,20.9,20.9,21.0,21.0,21.0,21.0,20.8,21.0,21.0,20.8,21.0,20.9,20.9,21.0,21.0,21.0,20.9,21.0,21.0,20.9,20.9,21.0,21.0,20.9,21.0,21.0,20.8,21.2,21.2,20.9,21.2,21.2,21.0,21.0,21.0,20.9,20.9,21.0,20.9,21.2,20.9,21.0,21.0,21.0,21.0,20.9,20.9,21.0,21.0,21.0,20.8,21.0,20.9,20.9,20.9,21.0,20.9,21.0,20.9,20.9,21.2,21.0,20.9,21.2,21.0,20.9,21.0,21.0,21.2,21.2,20.8,20.9,21.0,21.0,20.9,20.9,21.0,21.0,21.0,20.8,21.0,21.0,20.9,21.0,20.9,21.0,21.0,20.9,20.8,21.0,21.0
39,21.2,21.2,21.2,21.2,21.2,21.2,21.4,21.4,21.2,21.2,21.2,21.2,21.0,21.2,21.2,21.2,21.2,21.2,21.2,21.4,21.2,21.0,21.2,21.2,21.2,21.2,21.0,21.2,21.4,21.2,21.2,21.2,21.2,21.4,21.2,21.2,21.0,21.2,21.2,21.0,21.2,21.2,21.2,21.2,21.2,21.2,21.2,21.0,21.0,21.2,21.2,21.2,21.0,21.0,21.2,21.2,21.0,21.2,21.0,21.2,21.2,21.2,21.0,21.2,21.0,21.2,21.0,21.2,21.2,21.2,21.0,21.0,21.0,21.2,21.2,21.2,21.2,21.2,21.2,21.2,21.2,21.0,21.2,21.2,21.0,21.0,21.0,21.2,21.2,21.2,21.2,21.0,21.0,21.2,21.0,21.0,21.2,21.0,21.0,21.2,21.2,21.0,21.2,21.0,21.0,21.0,21.2,21.0,21.2,21.0,21.2,21.0,21.2,21.0,21.0,21.0,21.0,21.2,21.0,21.0,21.2,21.2,21.0,21.0,21.0,20.9,20.9,21.0,21.0,20.8,21.0,20.9,21.0,20.9,21.0,21.0,20.8,21.0,20.9,21.0,21.0,21.0,21.0,21.0,21.0,21.0,21.0,21.0,21.0,20.9,21.0,20.9,21.0,20.9,20.9,20.8,20.9,21.0,21.0,21.0,20.8,20.9,21.0,21.0,20.9,20.8,20.8,20.9,20.9,20.9,20.9,20.7,20.9,20.9,20.9,20.9,20.8,20.8,20.9,20.9,21.0,20.9,21.0,20.8,21.0,20.9,20.8,20.8,20.8,21.0,20.9,20.9,21.0,21.0,20.8,21.0,21.0,21.0,21.2,21.0,21.0,20.9,20.9,21.0,20.8,21.0,21.2,21.0,21.0,20.9,20.9,20.8,20.9,21.0,21.0,21.0,21.0,20.8,21.2,20.9,21.0,20.9,20.9,20.9,21.0,21.0,21.0,20.9,20.8,21.0,20.9,20.9,21.0,21.0,21.0,20.9,20.9,21.0,21.0,20.9,20.9,20.9,21.0,20.9,21.0,21.0,21.0,20.8,20.8,20.7,20.9,20.8,21.0,20.7,20.9,20.6
40,21.2,21.2,21.2,21.2,21.2,21.4,21.2,21.4,21.2,21.2,21.0,21.2,21.2,21.2,21.4,21.2,21.2,21.4,21.2,21.2,21.2,21.2,21.2,21.2,21.0,21.2,21.2,21.2,21.2,21.2,21.4,21.2,21.4,21.2,21.2,21.2,21.0,21.2,21.2,21.0,21.2,21.2,21.0,21.0,21.2,21.0,21.0,21.2,21.2,21.2,21.0,21.0,21.0,21.0,21.0,21.0,21.2,21.2,21.0,21.2,21.2,21.2,21.2,21.0,21.0,21.0,21.0,21.0,21.0,21.0,21.0,21.0,21.2,21.0,21.0,21.0,21.0,21.0,21.2,21.2,21.0,21.2,21.2,21.2,21.0,21.0,21.0,21.0,21.0,21.2,21.0,21.2,21.2,21.2,21.0,21.0,21.0,20.9,21.0,21.0,21.2,21.0,21.0,21.0,21.0,21.2,21.0,21.0,21.0,21.2,21.0,21.0,21.2,21.2,21.0,21.0,21.2,21.0,21.0,21.0,21.2,21.0,21.0,21.2,21.0,21.0,21.0,20.9,20.8,20.9,21.0,21.0,21.0,21.0,20.9,21.0,21.0,20.9,21.0,20.9,21.0,21.0,21.0,21.0,20.9,21.0,21.0,20.9,20.8,21.0,21.0,21.0,21.0,20.8,20.9,21.0,21.0,20.9,21.0,20.9,20.9,21.0,21.0,21.0,20.8,20.8,21.0,21.0,21.0,21.0,20.8,21.0,20.9,20.9,21.0,20.9,21.0,21.0,20.9,21.0,20.9,21.0,20.9,21.0,21.0,21.0,20.9,21.0,20.8,20.9,21.0,21.0,20.8,20.9,20.9,20.9,20.9,21.0,21.0,21.0,21.0,21.0,20.9,21.0,21.0,21.0,21.0,20.9,21.0,21.0,21.0,20.9,21.0,20.8,20.9,20.9,20.8,21.0,21.0,21.0,20.8,20.9,20.9,20.8,21.0,21.0,20.9,21.0,21.0,21.0,20.9,21.0,20.9,21.0,21.0,20.9,21.0,20.9,21.0,21.0,21.0,21.0,21.0,21.0,20.8,20.9,21.0,20.8,20.9,21.0,21.0,20.8,20.8,21.0,21.0,21.0
41,21.0,21.2,21.2,21.2,21.2,21.2,21.2,21.2,21.2,21.2,21.2,21.2,21.2,21.2,21.0,21.2,21.2,21.2,21.2,21.2,21.2,21.2,21.2,21.2,21.2,21.2,21.2,21.2,21.2,21.4,21.2,21.2,21.2,21.2,21.2,21.0,21.0,21.0,21.2,21.2,21.2,21.0,21.0,21.2,21.0,21.0,21.2,21.0,21.2,21.2,20.9,21.2,21.0,21.0,21.0,21.2,21.2,21.2,21.2,21.2,21.2,21.2,21.0,21.2,21.2,21.2,21.0,21.0,21.0,21.0,21.0,21.2,21.2,21.2,21.0,21.0,21.0,21.0,21.0,21.2,21.0,21.0,21.0,21.0,20.9,21.2,21.0,21.0,21.0,21.2,21.2,21.0,21.0,21.0,21.0,21.0,21.0,20.8,20.8,20.9,21.2,21.4,21.2,21.2,21.0,21.0,21.2,21.0,21.2,21.0,21.0,21.2,21.0,21.0,21.0,21.2,21.0,21.0,21.0,21.0,20.8,20.9,20.9,21.0,21.0,21.0,21.0,21.0,20.8,20.8,20.9,20.8,21.0,21.0,21.0,21.0,21.0,20.9,21.0,21.0,21.0,21.0,21.0,21.0,21.0,21.0,20.8,21.0,21.0,20.9,21.0,21.0,21.0,20.9,21.0,20.8,21.0,21.0,20.9,20.9,21.0,21.0,21.0,21.0,20.9,20.8,20.8,21.0,20.8,21.0,20.8,20.8,20.9,20.8,20.9,20.8,21.0,21.0,21.0,21.0,21.0,21.0,21.0,21.0,21.0,20.8,20.9,20.9,21.2,21.0,21.0,21.0,20.9,20.8,20.8,20.7,20.8,21.0,21.0,21.0,21.0,20.8,21.0,21.0,21.0,21.0,20.9,21.0,21.0,20.8,20.9,21.0,21.0,21.0,20.9,20.8,20.9,20.9,20.8,20.9,20.8,20.8,20.8,20.8,21.0,20.9,20.9,21.2,21.0,21.0,21.0,21.0,21.0,21.0,21.0,20.9,20.9,21.0,21.0,21.0,20.8,21.2,20.9,21.0,20.7,21.0,20.9,20.9,21.0,20.8,20.8,20.8,20.9,21.0,21.0,20.9
42,21.2,21.4,21.2,21.2,21.5,21.2,21.2,21.2,21.2,21.2,21.2,21.2,21.2,21.2,21.2,21.0,21.2,21.2,21.0,21.2,21.2,21.2,21.2,21.2,21.0,21.2,21.2,21.2,21.2,21.2,21.0,21.2,21.2,21.2,21.2,21.2,21.0,21.0,21.2,21.2,21.0,21.0,21.2,21.2,21.2,21.2,21.0,21.2,21.2,21.2,21.0,21.0,21.0,21.0,21.0,21.2,21.2,21.2,21.0,21.2,21.2,21.4,21.2,21.2,21.2,21.0,21.0,21.0,21.0,21.0,21.2,21.2,21.0,21.0,21.0,21.0,20.9,21.2,21.2,21.0,21.0,21.0,21.2,21.0,20.9,20.9,20.9,21.0,21.2,21.0,21.0,21.0,21.0,21.0,20.9,21.0,20.8,20.9,21.0,21.0,21.0,21.2,21.2,21.0,21.0,21.2,21.2,21.0,21.0,21.2,21.0,21.2,21.2,21.0,21.0,21.0,21.0,21.0,21.0,20.8,21.0,21.0,21.0,20.9,20.9,21.0,21.0,21.0,20.9,20.8,20.9,21.0,21.0,21.0,20.9,20.9,21.0,20.9,20.9,20.8,21.0,21.0,20.9,20.9,21.0,21.0,20.8,21.0,20.9,20.9,20.9,20.9,21.0,20.8,20.9,20.9,21.0,20.9,21.0,21.0,21.0,21.0,21.0,21.0,20.9,20.9,20.9,21.0,20.8,20.8,20.8,20.8,20.9,21.0,20.9,20.9,21.0,21.0,20.9,21.2,21.0,21.0,21.0,21.0,20.9,20.9,20.9,21.0,20.9,20.9,20.9,21.0,21.0,21.0,20.8,20.8,20.9,20.9,21.0,20.9,21.0,20.8,20.9,21.0,21.0,20.9,21.0,20.8,20.9,21.0,20.9,21.0,20.9,20.9,20.9,21.0,20.8,20.9,21.0,21.0,21.0,21.0,20.9,20.9,20.9,20.9,21.0,20.8,21.0,21.0,21.0,21.0,21.0,21.2,21.2,21.2,20.8,21.0,21.0,20.9,21.0,20.9,21.2,20.9,20.8,20.9,20.9,20.9,20.9,21.0,20.9,20.9,20.8,21.0,20.8,20.5
43,21.2,21.2,21.2,21.2,21.4,21.2,21.2,21.0,21.0,21.2,21.2,21.2,21.2,21.2,21.2,21.2,21.2,21.2,21.0,21.0,21.2,21.4,21.2,21.0,21.2,21.2,21.2,21.0,21.2,21.2,21.0,21.2,21.0,21.0,21.2,21.2,21.0,21.0,21.2,20.9,21.0,21.2,21.0,21.0,21.2,21.2,21.0,21.0,21.2,21.0,21.2,21.2,21.2,21.0,21.0,21.2,21.0,21.0,21.0,21.2,21.2,21.0,21.0,21.0,21.2,21.2,21.0,21.0,21.0,21.0,21.0,21.0,21.0,21.2,20.9,21.0,21.0,21.0,21.0,21.2,21.0,21.0,21.2,21.2,21.0,20.9,21.0,21.0,21.0,21.0,21.0,21.2,21.0,21.0,20.9,21.0,20.8,20.8,20.9,21.0,21.0,21.2,21.0,20.9,21.0,21.0,21.2,21.2,21.0,20.9,21.0,21.0,21.0,21.2,20.9,21.0,20.9,20.9,21.0,20.9,21.0,21.0,20.9,21.0,20.9,21.0,20.9,20.9,20.9,21.0,21.0,20.8,20.9,20.8,20.9,20.9,21.0,21.0,20.9,20.9,21.0,20.9,20.9,21.0,21.0,21.0,21.0,21.0,21.0,20.9,20.9,21.0,20.9,20.9,20.9,20.8,21.0,20.8,21.0,21.0,21.0,21.0,21.0,21.0,21.0,20.8,20.9,20.8,20.8,20.8,20.9,20.8,20.8,20.8,20.8,20.8,21.0,21.0,21.0,21.0,20.8,20.8,20.8,21.0,20.9,20.8,20.8,20.9,20.9,20.9,20.8,20.9,20.8,20.9,20.9,20.8,20.8,20.8,20.9,21.0,21.0,20.9,20.8,21.0,20.8,20.8,20.9,20.9,20.9,20.8,21.0,21.0,21.0,20.7,20.8,20.7,20.8,20.8,20.8,20.9,20.8,20.8,20.8,20.9,20.8,20.9,20.9,20.8,20.9,20.9,20.9,21.0,21.0,21.0,21.0,21.0,21.0,21.2,20.9,21.0,20.9,21.0,20.9,20.9,20.9,20.8,20.9,20.7,20.9,20.9,20.9,20.8,20.8,20.8,20.9,21.0
44,21.0,21.2,21.2,21.4,21.2,21.2,21.2,21.2,21.2,21.2,21.2,21.2,21.2,21.2,21.2,21.2,21.2,21.2,21.2,21.2,21.2,21.2,21.2,21.2,21.0,21.2,21.2,21.2,21.2,21.2,21.2,21.2,21.2,21.0,21.2,21.2,21.2,21.2,21.0,21.2,21.2,21.2,21.0,21.2,21.2,21.2,21.0,21.2,21.0,21.0,21.0,21.0,21.2,21.2,21.0,21.2,21.0,21.2,21.0,21.2,21.2,21.2,21.2,21.2,21.2,21.0,21.0,21.0,21.0,21.0,21.2,21.0,20.9,21.2,21.0,21.2,21.0,21.0,21.2,21.2,21.2,20.9,21.0,21.0,21.0,21.2,21.2,20.9,21.0,21.0,21.2,21.2,21.0,21.0,21.0,21.0,20.9,20.8,21.0,20.9,21.0,21.0,21.0,21.0,20.9,21.2,21.0,21.2,21.0,21.0,21.0,21.0,21.2,21.0,21.2,21.2,21.0,21.0,21.0,21.0,21.0,21.0,21.0,20.9,21.0,21.0,21.0,21.0,21.0,21.0,20.9,20.9,20.9,21.0,21.0,21.0,20.9,20.9,21.0,21.0,20.8,20.9,21.0,21.0,20.9,21.0,20.9,20.9,20.9,21.0,20.9,21.0,21.0,21.0,20.9,21.0,20.9,21.0,20.9,20.8,20.9,21.0,21.0,20.9,20.9,20.9,21.0,20.9,20.9,20.8,21.0,20.9,20.9,20.9,20.9,20.9,20.9,20.8,20.9,21.2,21.0,20.9,20.8,20.9,21.0,20.9,20.8,20.8,20.8,20.9,20.9,20.9,20.9,20.9,20.8,20.9,20.8,21.0,20.8,21.0,21.0,21.0,21.0,21.2,21.0,21.0,20.9,20.9,21.0,21.0,21.0,20.9,20.9,20.8,20.8,20.8,21.2,21.0,20.9,21.0,20.9,21.0,20.8,21.0,21.0,21.0,21.2,21.0,21.0,21.0,20.9,21.0,21.0,21.2,21.0,21.0,20.8,21.0,21.0,21.0,20.9,20.9,21.2,20.8,21.0,21.0,20.8,20.8,20.9,20.8,21.0,21.0,20.9,20.9,20.7,21.0
45,21.0,21.2,21.0,21.2,21.4,21.2,21.2,21.0,21.4,21.2,21.4,21.2,21.2,21.2,21.2,21.0,21.0,21.0,21.2,21.2,21.2,21.2,21.0,21.2,21.2,21.2,21.2,21.2,21.4,21.2,21.2,21.2,20.9,21.0,21.0,21.2,21.0,21.2,21.0,21.2,21.0,21.2,21.2,21.2,21.2,21.2,21.2,21.0,21.2,21.0,21.0,21.2,21.2,21.2,21.0,21.0,21.2,21.2,21.2,21.0,21.2,21.2,21.2,21.2,21.2,21.2,21.0,21.0,21.0,21.0,21.0,21.0,20.9,21.0,20.9,21.0,21.2,21.0,21.0,21.0,21.0,21.0,21.0,21.2,21.0,21.0,21.0,20.9,20.9,20.9,21.0,21.0,21.0,21.2,21.0,21.0,21.0,21.0,21.0,21.0,21.0,21.0,20.9,20.8,20.9,21.0,21.0,20.9,21.0,21.0,21.2,21.0,21.2,21.2,21.0,21.0,21.0,21.0,21.0,20.9,21.0,21.0,21.0,21.0,21.0,21.0,20.9,20.9,20.8,21.0,20.9,21.0,21.0,21.0,21.0,21.0,21.0,21.0,21.0,20.8,21.0,21.0,20.9,20.9,20.9,21.0,20.9,21.0,20.9,21.0,20.8,21.0,20.9,20.9,21.0,20.9,21.0,20.8,20.9,21.0,20.8,20.9,20.8,21.0,20.8,20.8,21.0,20.9,20.8,20.8,20.9,20.8,20.7,20.9,20.8,20.8,20.9,20.9,21.0,20.8,21.0,20.8,20.9,20.9,20.9,20.8,21.0,20.9,20.8,21.0,20.8,20.8,21.0,20.8,20.9,20.9,20.9,21.0,20.8,20.8,20.9,21.0,21.0,20.8,20.9,21.2,20.8,21.0,20.8,20.9,20.9,21.0,20.9,20.8,20.7,20.9,21.0,20.9,21.0,20.8,20.8,20.8,20.8,21.0,21.0,21.0,21.0,21.0,21.2,20.9,21.0,20.8,21.0,20.8,21.0,21.2,21.0,21.0,20.9,20.9,20.9,21.2,21.0,21.0,20.9,20.9,20.9,20.9,20.8,20.9,20.8,20.9,21.0,20.8,20.9,20.8
46,21.2,21.4,21.4,21.2,21.2,21.2,21.2,21.2,21.2,21.0,21.2,21.2,21.2,21.2,21.2,21.2,21.2,21.0,21.2,21.2,21.2,21.2,21.2,21.0,21.2,21.0,21.2,21.2,21.2,21.2,21.0,21.0,21.0,21.0,21.2,21.0,21.2,21.2,21.2,21.2,21.2,21.2,21.2,21.2,21.2,21.2,21.2,21.2,21.2,21.0,21.0,21.0,20.9,21.0,21.2,20.9,21.2,21.2,21.0,21.0,21.0,21.0,21.2,21.0,21.0,21.0,21.2,21.0,21.0,21.0,21.0,21.2,20.9,21.0,21.0,21.2,21.0,21.0,21.0,21.0,21.0,21.0,21.0,21.0,21.0,21.0,21.0,20.9,20.9,20.9,20.9,21.0,21.0,21.0,20.9,21.0,20.9,20.9,21.0,21.2,21.0,21.0,21.0,21.0,21.2,21.0,20.9,21.0,21.0,21.0,21.0,21.0,21.0,21.0,21.0,20.9,21.0,21.0,21.2,21.0,21.0,21.0,20.9,21.0,20.9,21.0,21.0,21.2,21.0,21.0,21.0,20.9,21.0,20.8,20.9,20.9,20.8,20.9,20.8,20.8,20.8,20.9,20.9,20.9,21.0,20.8,21.0,21.2,20.9,20.8,21.0,21.0,21.0,21.0,21.0,21.0,20.9,21.0,20.9,20.9,20.8,20.8,20.9,20.9,20.9,21.0,20.8,20.9,20.8,20.7,20.9,20.9,20.8,21.0,20.9,20.9,20.8,20.9,21.0,20.9,20.9,20.9,20.9,20.9,21.0,20.9,20.9,20.9,20.8,20.9,20.9,20.9,20.9,20.8,20.7,20.8,20.8,20.9,20.7,20.9,21.0,20.9,20.9,20.9,21.0,21.0,20.9,21.0,20.9,20.8,21.0,21.0,20.8,21.0,20.9,21.0,21.0,20.8,21.0,20.9,21.0,21.0,20.8,20.9,21.0,20.9,20.9,20.8,21.0,20.8,20.8,20.9,21.0,21.0,21.0,20.9,20.9,20.9,20.9,21.0,21.0,21.0,21.0,20.9,20.8,21.0,20.8,20.9,20.9,20.9,20.8,20.8,20.9,20.9,20.9,20.8
47,21.2,21.2,21.2,21.0,21.2,21.2,21.2,21.2,21.2,20.9,21.0,21.2,21.2,21.2,21.2,21.0,21.2,21.0,21.0,21.2,21.4,21.2,21.2,20.9,21.2,21.2,21.0,21.2,21.2,21.2,21.2,21.2,21.0,21.0,21.0,21.0,21.0,21.2,21.2,21.0,21.0,21.0,21.0,21.2,21.2,21.2,21.2,21.2,21.2,21.2,20.9,21.0,21.0,21.0,21.0,21.0,21.0,21.2,21.0,21.0,21.0,21.0,21.0,21.0,21.2,21.0,21.2,21.2,21.0,21.2,20.9,21.0,21.0,21.0,21.0,21.0,21.2,21.0,21.0,21.0,21.0,20.9,21.0,20.9,21.0,21.0,21.0,21.0,21.0,20.9,21.0,21.0,21.0,21.0,21.0,20.9,21.0,20.9,21.0,21.2,21.0,21.2,20.8,21.0,21.0,21.0,21.0,21.0,21.2,21.0,21.2,21.0,21.0,20.9,21.0,21.0,21.0,21.2,21.0,21.0,21.0,21.2,21.0,20.8,21.0,21.0,21.0,21.0,20.9,20.9,20.9,20.9,20.8,20.9,20.9,21.0,21.0,20.9,20.9,21.0,20.8,20.8,20.9,20.9,21.0,21.0,20.9,21.0,21.0,20.8,21.0,21.0,21.2,20.8,21.0,21.0,21.0,20.9,20.9,21.0,21.0,20.8,21.0,21.0,21.0,20.9,21.0,20.8,20.7,20.8,20.8,20.7,20.7,20.9,20.8,20.9,20.9,21.0,20.8,20.8,20.9,20.9,20.9,21.0,21.0,20.9,21.0,20.9,21.0,20.9,20.9,20.9,20.9,21.0,20.7,20.9,20.8,21.0,20.9,20.9,21.0,20.9,20.9,20.9,20.9,20.8,21.0,20.8,20.9,21.0,21.0,20.9,20.8,20.8,20.9,21.0,21.0,20.9,20.7,20.9,20.8,20.8,20.7,20.9,21.0,21.0,20.8,20.9,20.9,20.9,20.8,20.8,20.9,20.8,20.9,21.0,21.0,21.0,20.9,21.0,21.0,20.8,21.0,20.7,20.8,21.0,21.0,20.8,20.8,20.9,20.7,20.7,20.9,20.8,20.9,20.8
48,21.2,21.2,21.2,21.0,21.0,21.0,21.0,21.0,21.0,21.2,21.2,21.2,21.2,21.0,21.2,21.2,21.0,21.0,21.0,21.2,21.2,21.2,21.0,21.2,21.0,21.2,21.2,21.2,21.0,21.2,21.0,21.0,21.0,21.0,21.2,21.0,21.2,21.0,21.0,20.9,21.0,21.0,21.0,21.0,21.0,21.0,21.2,21.2,21.2,21.2,21.0,21.0,21.0,21.0,21.0,21.0,21.0,21.0,21.0,21.0,21.0,21.0,20.9,21.0,21.0,21.0,21.2,20.9,21.0,21.0,21.0,21.0,21.0,21.0,21.2,21.0,21.0,21.0,21.0,21.0,21.0,21.2,20.8,21.0,21.0,21.0,21.0,20.9,21.0,21.0,20.9,21.0,20.9,21.0,20.9,20.7,20.9,21.0,21.0,21.0,21.2,21.0,20.8,21.0,20.9,21.0,21.0,21.0,21.0,21.0,21.2,21.0,21.0,21.0,21.0,21.0,21.2,21.0,21.0,21.0,21.0,21.0,20.9,20.8,21.0,21.0,20.9,20.9,21.0,21.0,20.9,20.7,21.0,20.8,21.0,20.9,20.8,21.0,21.0,21.0,21.0,20.8,21.0,21.0,20.9,20.8,20.9,20.9,20.9,21.0,21.0,21.0,20.9,20.8,20.9,20.9,21.0,21.0,20.9,21.0,21.0,21.0,20.9,21.0,20.9,20.8,20.8,20.8,20.8,20.7,20.8,20.7,20.8,20.8,20.8,21.0,20.8,20.8,20.8,20.8,20.9,20.9,21.0,20.8,20.9,20.9,20.9,20.9,20.8,20.8,20.8,20.8,21.0,20.7,20.8,20.8,20.7,20.8,21.0,20.8,21.0,20.8,21.2,21.0,21.0,20.9,20.8,20.7,20.9,21.0,20.8,20.8,20.8,20.7,20.7,20.8,21.0,20.9,20.8,20.9,20.8,20.9,20.9,20.8,20.9,20.9,20.8,21.0,21.0,20.9,20.8,20.8,20.8,20.8,21.0,21.0,20.9,21.0,21.0,20.8,20.8,20.9,20.8,20.8,20.9,20.8,20.9,21.0,20.8,20.8,20.8,20.9,20.9,20.8,21.0,21.0
49,21.0,21.4,21.2,21.0,21.0,21.2,21.0,21.2,21.2,21.2,21.2,21.2,21.0,21.0,21.2,21.0,21.2,21.2,21.2,21.2,21.2,21.2,21.0,21.2,21.0,21.2,21.0,21.2,21.0,21.0,21.0,21.0,21.2,21.0,21.2,21.0,21.2,21.2,21.0,21.0,20.9,20.9,21.0,21.0,21.0,21.2,21.0,20.9,21.0,21.2,21.0,21.2,21.0,21.0,21.0,21.0,20.9,21.0,21.0,21.0,21.0,20.8,21.0,21.0,20.9,20.9,20.9,21.0,20.9,20.9,21.2,21.0,21.2,21.0,21.2,21.0,21.0,21.0,21.0,21.0,21.0,21.0,21.0,21.0,21.0,20.9,21.0,20.9,20.8,21.0,21.0,21.0,20.9,20.9,21.0,20.9,20.8,21.0,21.0,21.0,21.0,20.9,21.0,21.0,21.0,21.0,21.0,21.0,21.0,20.9,21.0,21.0,20.8,21.0,21.0,21.2,21.0,20.9,21.0,21.2,21.0,20.9,21.0,21.0,20.8,21.0,20.8,21.0,20.8,20.8,20.9,20.9,20.9,20.8,20.8,20.9,20.8,20.9,21.0,21.0,21.0,20.9,20.9,20.9,21.0,20.9,21.0,21.0,21.0,20.9,20.9,21.0,21.0,20.9,21.0,21.0,20.9,20.9,20.9,20.8,20.9,21.0,21.0,20.9,20.8,20.8,20.8,20.8,20.8,20.8,20.8,20.8,20.7,20.8,20.9,20.9,20.8,20.8,20.8,20.8,20.8,20.9,21.0,20.9,20.9,21.0,20.8,20.8,20.9,20.9,21.0,20.9,20.9,20.7,20.8,20.8,20.8,20.8,20.8,21.0,21.0,20.8,21.0,21.0,21.0,20.8,20.9,20.9,20.9,20.9,21.0,21.0,20.8,20.9,20.8,20.9,20.9,20.7,20.9,20.8,20.8,20.8,20.8,21.0,20.8,21.0,20.8,20.9,21.0,21.0,20.8,20.9,20.9,20.9,20.9,20.8,21.0,20.9,21.0,21.0,20.8,20.8,21.0,20.8,20.9,20.8,21.0,20.8,20.8,20.8,20.8,20.7,20.8,20.9,20.8,20.5
50,21.2,21.2,21.2,21.2,21.0,21.0,20.9,21.2,21.2,21.0,21.2,21.0,21.0,21.2,21.2,21.2,21.2,21.2,21.0,21.2,21.2,21.2,21.0,21.0,21.0,21.2,21.2,21.2,21.0,21.2,21.0,21.0,21.2,21.0,21.2,21.0,21.0,21.2,20.9,21.0,21.0,20.9,21.0,21.2,21.2,21.0,21.0,21.0,21.2,21.0,21.2,21.0,21.2,20.9,21.0,21.0,21.0,20.8,20.9,21.0,20.9,20.9,20.9,20.9,20.9,20.9,20.8,21.0,21.0,21.0,21.0,20.9,21.2,21.0,21.2,21.0,21.0,21.0,20.9,20.9,21.2,21.0,21.2,20.9,21.0,21.0,21.0,21.0,20.8,21.0,21.0,21.0,21.0,20.8,20.8,20.9,21.0,20.9,21.0,21.0,20.9,20.9,20.9,21.0,20.9,21.0,21.0,21.0,21.0,21.0,21.0,21.0,21.0,21.2,21.0,21.0,21.0,20.9,21.0,20.9,20.8,20.9,21.0,20.9,21.0,20.9,20.8,21.0,21.0,20.9,21.0,21.0,21.0,21.0,20.9,20.9,20.9,21.0,20.8,21.0,21.0,21.0,21.0,21.0,20.9,21.0,21.0,20.8,20.9,20.7,20.9,20.9,20.9,21.0,20.9,21.0,21.0,20.8,20.8,20.8,20.8,20.8,21.0,20.9,20.8,20.8,20.9,20.7,20.9,20.9,21.0,20.8,21.0,20.9,20.9,20.7,20.8,20.8,20.8,20.9,20.9,20.9,20.8,21.0,20.8,20.8,21.0,21.0,20.8,20.9,21.0,21.0,20.8,20.8,20.9,20.9,20.8,20.8,20.8,20.9,20.8,20.8,20.9,20.9,20.9,20.8,21.0,20.8,20.9,20.8,20.7,20.8,20.7,20.7,20.8,20.7,20.8,20.8,20.9,20.9,20.9,20.8,20.9,20.9,20.8,20.8,20.9,20.9,20.8,20.8,20.9,20.8,21.0,21.0,20.8,20.8,21.0,20.8,21.0,21.0,20.9,20.9,21.0,20.8,21.0,20.9,21.0,21.2,20.7,20.9,21.0,20.8,20.9,20.8,20.7,20.8
51,21.4,21.2,21.2,21.2,21.0,21.2,21.2,21.2,21.2,21.2,21.2,21.0,21.0,21.0,21.0,21.2,21.2,21.2,21.2,21.2,21.0,21.2,21.2,21.0,21.0,21.0,21.0,21.0,20.9,21.0,21.0,21.2,21.2,21.0,21.0,21.0,21.2,21.0,21.0,21.0,21.0,21.0,21.2,21.0,21.0,20.8,21.2,21.0,21.0,21.0,21.0,21.0,21.2,21.0,21.0,21.0,21.0,21.0,20.9,21.0,21.0,21.2,21.0,21.0,20.9,21.0,20.8,21.0,21.0,21.0,21.0,20.8,21.0,21.0,20.9,21.0,20.9,20.9,20.9,21.0,21.0,21.0,21.0,20.9,21.0,21.0,21.0,20.9,20.9,20.8,20.9,20.9,20.9,20.8,20.8,20.9,20.9,20.9,20.9,20.9,20.8,20.8,21.0,20.9,21.0,21.0,21.0,20.9,21.0,21.0,21.0,20.9,21.2,21.0,21.0,21.0,20.9,21.0,21.0,20.9,21.0,20.9,20.9,21.0,21.0,21.0,20.9,20.9,20.9,21.0,20.9,21.0,21.0,21.0,20.8,21.0,21.0,20.8,21.0,20.9,20.9,21.0,21.0,21.0,20.8,20.9,20.9,20.9,20.9,20.8,20.9,21.0,21.0,21.0,21.0,21.0,21.0,21.0,20.7,20.8,20.8,20.9,21.0,20.8,20.8,20.9,20.8,20.8,20.8,20.9,20.8,20.8,20.9,20.7,20.9,20.8,20.8,20.8,20.9,20.8,20.8,20.7,20.9,20.8,20.8,20.8,20.8,21.0,20.9,20.9,21.0,21.0,20.8,20.7,20.8,20.8,20.9,20.9,20.8,20.8,20.8,20.8,20.8,20.8,20.9,21.0,21.0,21.0,20.9,20.8,20.9,20.8,21.0,20.9,20.8,20.9,20.8,20.8,20.8,20.9,20.8,20.9,20.8,21.0,20.9,20.9,20.7,20.9,21.0,20.9,20.8,21.0,21.0,20.8,20.9,21.0,21.0,21.0,21.0,20.9,20.9,20.9,20.9,20.9,20.8,21.0,20.9,21.0,21.0,20.8,20.8,20.8,20.8,20.8,20.8,20.9
52,21.0,21.2,21.0,21.2,21.2,21.2,21.0,21.2,21.0,21.2,21.2,21.0,21.0,21.2,21.2,21.2,21.2,21.2,21.0,21.2,21.2,21.2,21.0,21.2,21.2,21.0,21.0,21.0,21.0,21.0,21.0,21.0,20.9,21.0,21.0,21.0,21.0,21.2,21.0,21.0,21.0,21.0,20.9,21.0,20.9,21.0,21.0,21.0,20.9,21.0,21.0,21.0,21.0,21.0,21.0,21.2,20.9,20.9,20.9,20.9,21.0,21.2,21.0,20.9,21.0,20.9,20.8,20.9,20.8,20.9,21.0,20.9,20.9,21.0,21.0,20.9,21.0,20.9,21.0,21.0,21.0,21.0,21.2,21.0,21.0,20.9,21.0,20.8,20.8,21.0,20.9,21.0,20.9,20.8,20.8,20.9,20.9,20.9,20.9,20.8,20.8,20.9,20.9,21.0,20.8,21.0,21.0,20.9,21.0,20.8,20.8,21.0,20.9,21.2,21.0,20.9,21.0,21.0,21.0,20.8,20.8,20.9,20.9,20.9,20.9,20.8,20.9,20.8,20.7,20.9,20.9,21.0,20.9,21.0,20.8,21.0,20.8,20.9,20.8,20.8,20.9,21.0,21.0,20.9,20.8,20.8,20.8,20.9,21.0,20.8,20.8,20.8,20.8,21.0,21.0,21.0,20.8,20.8,20.8,20.8,21.0,20.8,20.8,20.8,20.8,20.7,20.8,20.8,20.9,20.9,20.8,20.8,20.8,20.9,20.9,20.9,20.8,20.8,20.7,20.9,21.0,20.8,20.8,20.8,20.8,20.8,20.9,20.9,20.9,20.8,20.8,20.9,20.8,20.9,20.8,20.9,20.8,21.0,20.8,20.8,20.9,20.7,20.8,20.9,20.9,21.0,20.8,21.0,20.8,20.8,20.7,21.0,20.8,21.0,20.9,20.8,20.8,20.8,20.8,20.9,20.7,20.8,20.8,20.9,20.8,21.2,20.8,20.8,21.0,20.8,21.0,21.0,21.0,21.0,20.8,21.0,21.0,20.9,21.0,20.9,20.9,20.9,21.0,20.9,20.8,20.8,21.0,20.7,21.0,21.0,20.9,20.8,20.9,21.0,20.9,20.7
53,21.2,21.2,21.2,21.2,21.2,21.0,21.2,21.2,21.2,21.0,21.2,21.2,21.2,21.0,21.2,21.0,21.0,21.0,21.2,21.2,21.2,21.2,21.2,21.0,21.0,21.0,21.2,21.2,21.0,21.0,21.0,21.0,21.0,21.0,21.2,21.2,21.0,21.2,21.0,20.9,21.0,21.0,21.0,21.0,21.0,21.0,21.0,20.9,21.0,21.2,21.0,20.8,20.9,20.9,21.0,21.0,21.2,21.0,20.8,21.0,21.0,20.8,21.0,20.9,20.8,20.9,20.8,20.8,21.0,20.9,20.8,20.9,20.8,20.9,20.8,20.9,21.0,20.9,21.0,21.0,21.0,21.0,21.0,20.8,20.9,21.0,20.8,20.8,21.0,21.0,20.9,20.8,20.8,20.8,20.8,20.7,20.8,20.9,21.0,20.9,20.8,20.9,20.8,20.9,20.9,20.9,21.0,20.9,20.8,20.9,20.8,20.9,21.0,20.9,21.0,21.0,20.8,20.9,20.9,20.9,20.9,21.0,20.7,20.9,20.9,21.0,20.9,20.8,20.8,20.9,20.9,21.0,21.0,20.9,20.8,20.9,21.0,20.9,20.8,20.8,20.8,21.0,20.9,21.0,20.8,20.7,20.8,20.8,20.9,20.9,20.9,20.8,21.0,20.7,20.8,20.9,20.9,20.9,21.0,20.9,20.8,20.9,20.7,20.9,20.8,20.8,20.8,20.9,20.8,20.7,20.8,21.0,20.8,20.9,20.8,20.7,20.7,20.8,20.8,20.8,20.9,20.9,21.0,21.0,20.8,20.9,20.8,20.8,20.8,20.8,20.9,20.8,20.7,20.8,20.9,21.0,20.9,20.7,21.0,20.8,20.8,20.9,20.8,20.8,20.9,21.0,21.0,21.0,20.7,20.8,20.9,20.7,20.8,20.9,20.8,20.8,20.7,20.9,20.7,20.8,20.8,20.8,20.7,20.9,20.7,20.9,20.9,20.9,20.9,20.8,20.9,21.0,20.8,21.0,21.0,20.9,20.7,20.8,20.8,21.0,20.8,21.0,20.8,21.0,20.9,20.9,20.9,20.9,20.8,20.7,20.9,20.9,20.8,20.9,20.8,21.0
54,21.0,21.2,21.2,21.2,21.0,21.2,21.0,21.2,21.2,21.2,21.2,21.2,21.2,21.2,21.0,21.0,21.2,21.0,21.0,21.0,21.0,21.0,21.2,21.2,21.2,21.0,21.2,21.2,21.2,21.0,21.0,20.8,21.0,20.9,21.0,21.0,21.2,21.0,21.0,21.0,21.0,21.2,21.0,21.2,21.0,21.0,21.0,21.0,21.0,21.2,21.2,21.0,21.0,20.9,21.2,21.2,21.0,21.2,21.0,20.9,21.0,21.0,21.0,20.9,20.8,21.0,20.9,20.8,20.9,21.0,20.9,21.0,20.9,21.0,21.0,21.0,21.0,20.9,20.9,21.0,20.9,21.0,21.0,20.9,20.8,21.0,21.0,21.0,20.8,21.0,20.8,21.0,20.8,20.8,20.9,20.8,20.9,20.9,20.9,20.9,20.9,21.0,20.9,21.0,21.0,20.9,20.9,21.0,21.0,20.9,21.0,20.9,20.8,20.9,20.8,20.9,20.8,20.9,21.0,21.0,20.8,20.8,20.8,20.8,20.8,20.9,20.8,20.9,20.8,20.8,21.0,20.9,20.8,20.8,21.0,20.9,20.9,20.8,20.9,20.9,20.8,21.0,20.9,20.8,20.8,20.8,20.8,20.9,20.9,20.9,20.9,20.8,20.9,20.9,20.9,21.0,20.8,20.8,20.9,20.9,20.9,20.9,21.0,21.0,20.9,20.8,20.8,20.8,21.0,20.8,20.9,20.8,20.8,20.8,20.8,20.7,20.8,20.7,20.7,21.0,20.9,20.8,20.8,20.7,20.8,20.9,20.9,20.8,20.8,20.8,20.8,21.0,20.8,20.8,21.0,20.8,20.8,21.0,21.0,21.0,20.8,21.0,21.0,20.9,21.0,20.9,20.9,20.9,20.7,20.9,20.8,20.8,20.9,20.8,21.0,20.9,20.8,20.8,20.7,20.8,20.8,20.7,20.8,20.8,20.9,20.9,20.7,20.8,20.9,20.8,21.0,20.9,21.0,21.0,21.0,20.8,20.9,20.8,21.0,20.9,20.9,20.8,20.9,21.0,20.8,20.9,21.0,21.0,21.2,20.9,21.0,20.8,20.8,20.8,20.7,20.7
55,21.0,21.0,21.0,21.2,21.2,21.2,21.0,21.2,21.2,21.2,21.2,21.2,21.2,21.0,21.0,21.2,21.0,21.2,21.0,21.0,21.2,21.2,21.2,21.2,21.2,21.2,21.0,21.2,21.2,21.2,21.2,21.2,21.0,21.0,21.0,21.0,21.2,21.2,21.2,21.2,21.0,21.0,21.2,21.2,21.2,21.0,21.2,21.0,20.9,21.2,20.8,21.0,21.0,20.9,21.0,21.0,21.2,21.0,21.0,21.0,20.9,20.9,20.9,20.9,21.0,20.9,20.8,21.0,20.9,21.0,21.0,20.9,21.0,21.0,20.9,21.0,20.9,21.0,21.0,21.0,21.0,21.0,21.0,20.8,20.9,21.0,20.8,20.7,20.8,20.9,20.8,20.8,20.8,20.9,20.8,21.0,21.0,21.0,21.0,20.9,20.9,21.0,20.9,20.9,20.9,20.9,20.9,20.9,21.0,21.0,20.8,20.9,20.8,20.8,20.8,20.8,20.8,21.0,20.8,20.9,20.9,20.9,21.0,20.9,20.8,20.9,20.9,20.9,20.8,20.8,21.0,20.8,20.8,20.8,20.9,21.0,20.8,20.9,21.0,20.7,20.8,20.8,20.9,20.9,20.9,20.8,20.7,20.8,20.8,20.9,20.7,20.8,20.7,20.8,20.8,20.9,20.8,20.9,20.9,20.8,20.9,20.8,20.9,20.8,20.8,20.8,20.7,20.9,20.8,21.0,20.8,20.9,20.9,20.8,20.9,20.7,20.8,20.8,20.8,20.9,20.8,20.9,21.0,20.8,20.9,20.9,20.9,21.0,20.8,20.8,20.8,20.8,20.8,20.8,20.9,21.0,20.8,20.9,21.0,20.8,20.8,20.9,20.8,20.8,21.0,20.9,20.7,20.7,20.8,20.8,20.8,20.7,20.7,20.8,20.8,20.8,20.9,20.9,20.8,20.8,20.7,20.7,20.8,20.8,20.8,20.9,20.8,21.0,20.8,21.0,20.8,21.0,20.8,21.0,20.9,20.8,20.8,20.9,20.9,20.8,20.8,20.8,21.0,20.8,20.9,20.9,21.0,21.0,20.9,21.0,20.7,20.8,20.8,20.8,20.7,20.7
56,21.2,21.0,21.0,21.2,21.2,21.2,21.2,21.0,21.2,21.2,21.2,21.2,21.2,21.2,21.2,21.2,21.2,21.2,21.0,21.2,21.0,21.0,21.2,21.2,21.0,21.2,21.0,21.0,21.0,21.0,21.0,21.0,21.2,20.9,21.0,21.2,21.2,21.0,21.2,21.2,21.2,21.2,21.0,21.2,21.2,21.2,21.0,21.0,21.0,21.0,21.0,21.0,21.0,21.2,21.0,21.0,20.9,21.0,21.2,21.0,20.9,20.9,21.0,21.0,20.9,21.0,21.0,21.0,21.0,20.9,20.9,21.0,20.9,21.0,21.0,21.0,21.2,20.9,21.0,21.0,21.0,21.0,21.0,20.9,20.9,21.0,20.8,21.0,20.8,21.0,20.9,20.8,20.8,20.8,20.9,20.8,20.9,20.8,20.8,20.9,20.8,20.8,21.0,21.0,20.9,21.0,20.9,20.8,20.9,20.8,20.9,20.9,20.9,20.9,20.8,20.9,20.8,21.0,21.0,21.0,20.9,21.0,20.9,20.8,21.0,20.8,21.0,21.0,20.8,20.8,20.8,20.8,20.7,20.7,20.8,20.9,20.8,20.9,20.8,20.7,20.8,20.8,20.9,20.8,20.7,20.9,20.8,20.9,20.8,20.9,20.7,20.8,20.8,20.9,20.8,20.8,20.7,20.8,20.9,20.8,20.8,20.9,20.8,20.9,20.8,20.8,20.7,20.7,20.8,20.8,20.8,20.8,20.9,20.9,20.8,20.7,20.8,20.9,20.9,20.8,20.8,20.7,20.8,20.8,20.7,20.8,21.0,20.8,21.0,20.8,20.8,20.7,20.8,20.8,20.9,20.9,20.8,20.9,20.9,20.9,20.8,21.0,20.9,20.8,20.9,20.8,20.8,20.8,20.7,20.7,20.9,20.8,20.8,20.9,21.0,20.9,20.9,20.8,20.8,20.7,20.8,20.9,20.9,21.0,21.0,20.9,20.8,20.8,20.8,20.8,21.0,20.8,20.8,20.9,20.7,21.0,20.9,21.0,21.0,20.7,20.8,20.8,20.7,20.9,20.9,20.9,20.9,20.9,20.9,20.9,21.0,20.8,20.9,21.0,20.8,21.0
57,21.2,21.2,20.9,21.0,21.2,21.2,21.2,21.2,21.2,21.2,21.2,21.2,21.0,21.0,21.2,21.2,21.2,21.2,21.0,21.0,21.2,21.0,21.0,21.0,21.2,21.0,21.0,21.0,21.2,21.0,21.2,21.2,21.0,21.2,21.0,21.0,21.0,21.2,21.0,21.0,21.0,21.0,21.0,21.0,21.2,21.0,20.9,21.0,21.2,21.0,20.9,21.2,21.0,21.0,21.0,21.0,21.0,21.0,20.9,21.0,20.9,21.0,20.8,21.0,21.0,21.0,21.0,21.0,20.8,21.0,21.0,21.0,21.0,20.9,21.0,21.0,21.0,21.0,21.0,20.9,21.0,21.0,20.9,21.0,21.0,20.9,20.8,20.9,20.9,20.9,21.0,20.8,20.8,20.9,20.9,20.8,21.0,20.7,21.0,20.8,20.8,20.8,20.8,20.8,21.0,20.8,20.9,21.0,20.9,20.8,20.9,20.9,20.9,20.9,20.9,20.9,20.8,20.9,21.0,21.0,20.9,21.0,20.9,20.8,20.7,20.9,20.8,20.9,20.8,20.8,20.9,20.8,21.0,20.8,20.8,20.8,20.8,20.8,20.7,20.9,20.8,20.8,20.8,20.7,20.9,20.8,20.9,20.8,20.8,20.8,20.9,20.8,21.0,20.8,20.9,20.8,20.7,20.8,20.8,20.8,20.7,20.8,20.8,20.7,20.7,20.9,20.8,20.9,20.8,20.8,20.8,20.8,20.8,20.8,20.7,20.7,20.8,20.8,20.8,20.8,20.8,20.8,20.9,20.8,20.8,21.0,21.0,20.8,20.8,20.7,20.7,20.7,20.8,21.0,20.9,21.0,21.0,20.9,20.8,20.8,20.9,20.8,20.8,20.7,20.8,20.8,20.8,20.9,20.7,20.8,20.7,20.9,20.8,20.9,20.9,20.9,20.8,20.8,20.9,20.8,20.9,20.9,20.9,20.8,21.0,21.0,20.8,20.9,20.8,20.9,21.0,20.8,20.7,20.8,20.8,20.9,20.9,21.0,20.8,20.8,20.7,20.8,20.8,20.7,20.9,20.8,20.9,20.8,20.8,20.8,20.9,21.0,20.8,20.9,20.9,20.7
58,21.2,21.0,21.2,21.0,21.0,21.2,21.0,21.2,21.2,21.0,21.2,21.2,21.2,21.2,21.2,21.2,21.2,21.2,21.0,21.0,21.0,21.2,21.0,21.0,21.0,21.2,21.0,21.2,21.0,21.2,21.0,21.0,21.0,21.0,21.0,21.2,21.0,21.2,21.0,21.0,21.2,21.2,21.2,21.0,21.0,21.0,21.0,21.0,21.0,21.0,21.0,21.2,21.0,21.2,21.0,21.0,21.0,21.0,21.0,21.0,21.0,20.9,21.0,21.0,20.9,20.9,20.9,21.0,21.0,21.0,21.0,21.2,21.0,21.0,21.2,21.0,21.2,21.0,21.0,21.0,21.0,21.0,21.0,20.9,20.9,20.9,20.9,20.9,20.9,20.9,20.9,20.9,20.8,20.8,21.0,21.0,21.0,21.0,20.9,20.9,20.9,20.8,21.0,20.9,20.8,20.9,20.9,21.0,20.9,21.0,21.0,20.9,20.8,20.8,20.9,20.9,20.8,20.9,21.0,21.0,21.0,20.9,20.9,20.9,20.8,20.9,20.9,20.7,20.8,20.8,20.9,20.9,21.0,20.9,20.7,20.9,20.8,20.8,20.8,20.9,20.8,20.7,20.7,20.7,20.7,20.7,20.8,20.8,20.8,20.7,20.8,20.8,21.0,20.8,20.9,20.8,20.7,20.7,20.8,20.8,20.9,20.7,20.7,20.7,20.9,20.7,20.8,20.7,20.7,20.7,20.8,20.8,20.8,20.8,20.8,20.9,20.8,20.8,20.9,20.8,20.9,20.8,20.8,20.9,20.8,20.9,20.8,20.9,20.8,20.7,20.8,20.7,20.8,20.9,20.9,20.8,20.7,20.7,20.8,21.0,20.7,21.0,20.8,20.7,20.9,20.7,20.8,20.8,20.7,20.8,20.7,20.9,20.9,20.9,20.8,20.9,20.9,20.8,20.9,20.8,20.8,20.9,21.0,20.9,20.9,20.9,20.8,20.8,20.9,20.9,20.9,20.8,20.7,20.9,20.7,20.9,20.8,20.9,20.8,20.8,20.9,20.8,20.8,20.8,20.7,20.9,20.8,21.0,20.8,20.9,21.0,20.8,20.9,20.7,20.9,20.8
59,21.0,21.2,21.2,21.2,21.2,21.2,21.0,21.2,21.2,21.0,21.0,21.2,21.0,21.0,21.2,21.2,21.2,21.2,21.0,21.2,21.2,20.9,21.2,21.0,21.0,21.2,21.0,21.0,21.0,21.2,21.2,21.0,21.2,21.0,21.2,21.0,21.0,20.9,21.0,21.2,21.0,21.0,21.2,21.0,21.0,21.0,20.9,21.0,21.0,21.0,20.9,20.9,20.9,21.0,21.0,21.0,20.9,20.9,20.9,20.9,21.0,21.0,21.0,21.0,21.0,20.9,21.0,20.9,21.0,21.0,21.0,21.0,21.0,21.0,21.0,21.0,21.0,21.2,21.0,21.0,20.9,20.9,21.0,20.9,21.2,20.9,20.8,21.0,20.9,20.8,20.9,20.8,20.9,21.0,21.0,21.0,21.0,20.8,21.0,20.8,20.9,20.8,20.8,20.9,20.9,21.0,20.9,21.0,21.0,20.9,21.0,20.9,20.8,20.8,20.8,21.0,21.0,21.0,21.0,20.8,21.0,21.0,20.9,20.8,20.9,21.0,20.8,20.9,20.9,20.9,20.8,20.8,20.9,20.8,20.8,20.8,20.7,20.9,20.8,20.8,20.7,20.8,20.8,20.7,20.9,20.8,20.9,20.8,20.7,20.8,20.8,20.7,20.7,20.9,20.9,20.8,20.7,20.8,20.8,20.7,20.7,20.8,20.7,20.8,20.8,20.8,20.8,20.8,20.8,20.8,20.8,20.7,20.8,20.8,20.8,20.8,20.8,20.8,20.7,20.8,20.8,20.8,20.8,20.8,20.8,20.9,20.9,20.9,20.9,20.7,20.6,20.9,20.8,20.8,20.7,20.8,20.9,20.8,20.8,20.8,20.8,20.8,20.8,20.8,20.8,20.7,20.8,20.7,20.7,20.8,20.8,20.9,20.9,20.8,20.9,20.8,20.9,20.8,20.7,20.8,20.9,20.8,20.8,20.8,20.8,20.8,20.7,20.8,20.8,20.8,20.8,20.8,20.8,20.8,20.9,20.8,21.0,20.8,20.7,20.8,20.7,20.8,20.9,20.8,20.7,20.9,21.0,20.7,20.8,20.9,20.7,20.8,20.8,20.8,20.8,20.8
60,21.2,21.2,21.2,21.2,21.2,21.2,21.0,21.2,21.2,21.0,21.2,21.2,21.0,21.0,21.2,21.0,21.0,21.2,21.2,21.2,21.0,21.0,21.0,20.9,21.0,21.0,21.2,21.0,21.2,21.0,21.0,21.0,21.0,21.2,21.0,21.0,21.0,20.9,21.0,21.0,21.0,21.0,21.0,21.2,21.0,21.0,21.0,21.0,20.9,21.0,21.2,21.0,21.0,21.0,21.0,20.9,20.9,21.0,20.9,20.8,21.0,21.0,20.9,21.0,21.0,21.0,21.0,21.0,21.0,21.0,21.0,21.2,20.9,21.2,21.0,20.8,21.0,21.0,21.0,21.0,20.9,20.9,20.9,20.9,20.9,21.0,21.0,20.9,20.9,20.9,20.8,20.9,20.9,21.0,20.8,21.0,20.8,20.8,20.8,20.9,20.8,20.9,21.0,20.9,21.0,21.0,21.0,21.0,21.0,21.0,20.9,20.8,21.0,20.8,20.8,21.0,20.9,21.0,20.9,20.9,20.9,20.9,20.8,20.9,20.8,20.9,20.9,20.9,20.9,20.9,20.9,20.9,20.8,20.8,20.8,20.9,20.8,20.8,20.8,20.8,20.8,20.8,20.8,20.8,20.9,20.9,20.8,20.8,20.7,20.7,20.8,20.9,20.8,20.7,20.8,20.8,20.7,20.7,20.7,20.8,20.7,20.7,20.7,20.8,20.8,20.8,20.8,20.7,20.7,20.7,20.6,20.9,20.8,20.8,20.7,20.7,20.8,20.7,20.8,20.7,20.7,20.8,20.8,20.8,20.8,20.8,20.7,20.7,20.8,20.8,20.8,20.8,20.9,20.7,20.8,20.8,20.8,20.7,20.8,20.8,20.7,20.9,20.8,20.9,20.7,20.8,20.9,20.7,20.8,20.8,20.7,20.9,20.8,20.8,20.8,20.8,20.9,20.8,20.8,20.8,20.8,20.9,20.9,20.9,20.7,20.8,20.8,20.8,20.7,21.0,20.8,20.8,20.8,20.8,20.9,20.7,21.0,20.8,20.8,20.7,20.8,20.8,20.9,20.7,20.8,20.7,20.9,20.8,20.8,20.8,20.8,20.7,20.8,20.8,20.9,20.7
61,21.2,21.0,21.2,21.2,21.2,21.2,21.2,21.2,21.2,21.2,21.0,21.2,21.2,21.0,21.2,21.2,21.2,21.0,21.2,21.0,21.2,21.0,20.9,20.9,20.9,21.2,21.2,21.0,21.0,21.2,21.0,21.0,21.0,20.9,20.9,21.0,21.0,20.9,20.8,21.0,21.0,21.0,21.0,21.2,21.0,21.2,21.2,21.0,20.9,21.0,21.2,21.0,21.0,20.9,20.9,21.0,20.8,21.0,21.0,21.0,21.2,21.0,20.9,21.2,21.2,21.0,20.9,20.9,21.0,20.9,21.0,21.0,21.0,20.9,21.0,21.0,21.0,20.9,21.0,21.0,21.0,21.0,21.0,21.0,20.8,21.0,21.0,20.9,21.0,20.8,20.9,20.9,21.0,21.0,21.0,20.9,21.0,21.0,20.9,20.8,20.9,21.0,21.0,20.8,21.0,21.0,21.0,20.8,21.0,21.0,20.8,20.9,21.0,20.9,20.8,20.8,20.9,21.0,21.0,20.8,20.9,21.0,20.9,20.8,20.9,20.8,21.0,20.8,21.0,21.0,20.9,20.9,20.8,20.9,20.9,20.9,20.8,20.9,20.8,20.8,20.9,20.8,20.8,20.8,20.9,20.9,20.8,20.9,20.9,20.8,20.8,20.8,20.8,20.7,20.7,20.7,20.8,20.7,20.9,20.9,20.8,20.7,20.7,20.8,20.8,20.9,20.8,20.7,20.7,20.7,20.8,20.8,20.7,20.8,20.7,20.7,21.0,20.8,20.8,20.8,20.8,20.8,20.8,20.9,20.9,21.0,20.8,20.9,20.7,20.8,20.7,20.9,20.8,20.8,20.7,20.9,20.8,20.8,20.7,20.8,20.8,20.8,20.9,20.8,20.9,20.7,20.9,20.8,20.8,20.8,20.8,20.7,20.8,20.8,20.7,20.8,20.8,20.8,21.0,20.9,20.9,20.8,20.9,20.8,20.8,20.7,20.9,20.9,20.8,20.9,20.8,20.8,20.8,20.8,20.8,20.8,21.0,20.7,21.0,20.8,20.9,20.9,20.9,20.9,20.7,20.9,20.8,21.0,20.9,20.8,20.8,20.8,20.8,20.8,20.9,20.7
62,21.2,21.0,21.4,21.2,21.2,21.2,20.9,21.2,21.2,21.0,21.2,21.0,21.2,21.2,21.2,21.0,21.2,21.0,21.0,21.2,21.2,21.2,20.9,21.0,21.0,21.0,21.0,21.2,21.0,21.2,21.0,21.2,21.2,20.9,21.0,21.0,21.0,21.0,20.8,21.0,21.0,21.0,21.2,21.2,21.0,21.0,20.9,20.9,21.0,20.9,21.2,21.0,21.2,21.0,21.0,20.9,21.0,20.9,21.0,21.0,21.0,21.0,20.8,21.2,21.0,21.0,21.0,21.0,21.0,21.0,20.9,21.0,21.0,20.9,21.0,21.0,21.2,21.0,20.8,21.0,20.9,21.0,21.0,20.9,21.0,21.0,20.9,21.0,21.0,21.0,20.8,20.9,20.9,21.0,21.2,21.0,21.0,21.0,20.8,20.9,20.8,20.9,21.0,20.8,20.9,21.0,20.8,20.8,20.8,20.9,20.9,20.9,21.0,20.9,20.9,20.9,20.9,21.0,20.9,21.0,21.0,21.0,20.8,21.0,20.9,20.9,20.8,20.9,20.9,21.0,20.8,20.9,20.9,21.0,20.8,20.8,20.7,20.8,20.8,20.8,20.8,20.8,20.8,20.8,20.9,21.0,20.9,20.9,20.8,20.7,20.7,20.8,20.8,20.8,20.7,20.9,20.9,20.9,20.9,20.8,20.9,20.7,20.8,20.7,20.8,20.8,20.7,20.8,20.7,20.7,20.8,20.7,20.7,20.8,20.7,20.7,20.8,20.8,20.8,20.7,20.8,20.8,20.8,20.9,20.8,20.9,20.9,20.7,20.7,20.8,20.7,20.8,20.8,20.8,20.8,20.8,20.8,20.8,20.9,20.9,20.8,20.7,20.8,20.7,20.8,20.8,20.9,20.7,20.8,20.8,20.9,20.8,20.8,20.7,20.7,20.8,21.0,20.8,20.7,20.7,20.9,20.9,20.8,20.9,20.9,20.7,20.8,20.8,20.8,21.0,21.0,21.0,20.7,20.8,20.8,20.8,20.9,20.7,20.8,20.8,20.9,20.8,21.0,20.9,20.9,20.9,20.9,20.9,20.8,20.7,20.8,20.8,20.8,20.8,21.0,21.5
63,21.2,21.4,21.0,21.2,21.2,21.2,21.2,21.2,21.2,21.0,21.2,21.2,21.2,21.2,21.2,21.2,21.2,21.0,21.2,21.0,21.2,21.0,21.0,21.0,21.0,21.2,21.0,21.0,21.0,21.0,21.2,21.2,21.0,21.0,21.0,21.2,21.0,21.0,21.2,21.0,21.0,21.0,21.2,21.2,21.0,21.0,21.0,21.0,21.0,21.0,20.8,20.9,21.0,21.2,21.0,20.8,20.9,20.9,21.0,20.9,21.0,21.0,20.9,21.0,20.9,21.0,21.0,21.0,21.0,21.0,20.9,21.0,21.0,21.0,21.0,21.0,21.0,21.0,21.0,21.0,20.9,20.9,20.8,20.8,20.9,20.9,21.0,21.0,21.0,21.0,20.9,21.0,20.9,21.0,21.0,21.0,21.0,20.9,20.9,21.0,21.0,20.9,21.0,21.0,20.9,20.9,20.9,21.0,20.9,20.9,20.8,20.8,21.0,20.7,21.0,20.8,21.0,20.9,21.0,20.8,21.0,21.0,20.9,21.0,20.8,21.0,20.8,20.9,21.0,20.9,20.8,20.9,20.9,20.7,21.0,20.8,20.9,20.8,20.9,21.0,20.8,20.9,20.9,20.9,20.8,20.9,20.8,20.8,20.9,20.9,20.9,20.8,20.8,20.8,20.9,21.0,20.8,20.8,20.7,20.9,20.8,20.9,20.8,20.8,20.8,20.8,20.8,20.8,20.8,20.8,20.8,20.8,20.8,20.8,20.8,20.7,20.9,20.8,20.8,20.8,20.8,20.8,20.9,20.8,21.0,20.8,20.8,20.9,20.9,20.9,20.8,20.8,20.8,20.7,20.7,20.8,20.8,20.7,20.8,20.8,20.8,20.8,20.8,20.8,20.8,20.7,20.8,21.0,20.9,20.8,20.8,20.8,20.8,20.7,20.8,20.9,20.9,20.8,21.0,20.8,20.9,20.8,20.8,20.8,20.8,20.7,20.7,20.8,20.7,21.0,20.9,21.0,20.9,20.8,20.7,20.7,20.7,21.0,21.0,20.8,20.9,20.9,21.0,21.0,20.9,20.8,20.9,20.8,20.8,20.8,20.8,20.7,20.9,20.8,20.9,20.8
64,21.2,21.2,21.2,21.2,21.4,21.2,21.2,21.2,21.2,21.2,21.0,21.2,21.2,21.2,21.2,21.2,21.2,21.2,21.0,21.0,21.0,21.0,20.9,21.0,21.0,21.0,21.0,20.9,21.0,21.2,21.0,21.2,21.0,21.2,21.0,21.2,21.2,21.0,21.0,21.0,20.8,21.2,21.0,21.0,20.9,20.8,21.0,21.0,20.8,21.0,21.2,21.2,20.9,21.0,20.9,21.0,21.2,21.0,21.0,21.0,21.2,21.0,21.0,21.0,20.9,21.0,21.0,21.0,21.2,21.2,21.0,21.0,20.9,21.0,20.9,21.0,20.9,21.0,21.0,21.0,21.0,21.0,21.0,21.0,21.0,20.9,21.0,21.0,21.0,21.0,21.0,21.0,20.9,21.0,21.2,21.2,21.0,20.9,20.9,21.0,20.9,21.0,21.0,21.0,21.0,20.8,21.0,21.0,21.0,21.0,20.8,21.0,21.0,21.0,21.0,21.0,21.0,21.0,21.0,21.0,20.9,20.9,20.8,21.0,21.0,21.0,21.0,21.0,21.0,20.9,20.9,20.9,20.9,20.9,20.9,21.0,21.0,21.0,20.8,20.8,20.9,20.8,20.8,20.8,20.8,20.8,20.9,20.9,20.8,20.8,20.9,20.8,20.8,21.0,20.8,20.9,20.9,20.8,20.8,20.8,20.9,20.8,20.8,20.8,20.8,20.8,20.8,20.8,20.9,20.8,21.0,20.9,20.8,21.0,20.8,20.8,20.8,20.8,21.0,20.8,20.8,20.9,20.9,20.8,21.0,20.9,20.9,20.8,20.8,20.8,20.8,20.8,20.9,20.8,20.8,20.8,20.8,20.8,20.8,20.7,20.8,20.8,20.8,20.7,20.7,20.7,20.8,20.8,20.7,20.8,20.7,20.8,20.7,20.7,20.8,20.8,20.7,20.7,20.8,20.8,20.8,21.0,21.0,20.8,20.8,20.8,20.8,20.7,20.9,20.9,21.0,20.8,20.8,20.8,20.8,20.7,21.0,20.9,21.0,21.0,20.8,20.8,20.9,21.0,21.0,20.9,20.7,20.8,20.7,20.8,20.8,20.8,20.8,20.9,20.7,20.9
65,21.2,21.2,21.2,21.2,21.4,21.2,21.2,21.2,21.2,21.2,21.0,21.0,21.2,21.2,21.2,21.2,21.0,21.0,21.0,20.9,21.0,21.0,21.0,20.9,21.0,21.0,21.0,21.0,21.0,21.0,20.9,21.2,21.0,21.2,21.0,21.0,21.0,21.0,21.0,21.0,21.0,21.0,21.0,21.0,21.0,20.8,21.0,21.0,20.8,20.9,21.0,21.0,21.2,21.0,21.2,21.0,21.0,21.0,20.8,21.0,21.0,21.2,20.9,20.8,20.9,20.9,21.0,21.0,21.0,21.0,20.9,21.0,21.0,20.9,20.9,21.0,21.0,21.0,21.0,20.8,21.2,20.9,21.0,21.2,21.0,21.0,20.9,20.8,21.0,21.0,20.8,21.0,20.9,21.0,20.9,20.9,20.9,20.8,20.9,21.0,20.9,20.9,20.8,21.0,20.8,21.0,20.8,20.9,20.9,21.0,20.9,20.9,20.8,20.9,21.0,21.0,21.0,21.0,21.0,20.8,21.0,20.9,20.9,21.0,21.0,21.0,20.9,20.9,21.0,21.0,20.9,20.8,20.8,21.0,20.8,20.8,20.7,20.9,21.0,20.8,20.8,21.0,21.0,20.8,20.8,21.0,20.9,20.7,20.8,20.9,20.8,20.8,20.8,20.8,20.7,20.8,20.9,20.9,21.0,20.8,20.9,20.9,20.8,20.8,20.7,20.8,20.8,20.7,20.8,20.9,20.8,20.8,20.8,20.9,20.9,20.7,20.7,20.7,20.8,20.9,20.9,21.0,21.0,20.8,20.7,20.9,20.8,20.9,20.8,20.9,20.8,20.8,20.8,20.9,20.7,20.8,20.7,20.8,20.7,20.7,20.9,20.7,20.9,20.8,20.7,20.7,20.7,20.7,20.7,20.8,20.7,20.8,20.7,20.7,20.7,20.7,20.7,20.7,20.7,20.7,20.7,20.8,20.9,20.9,20.7,20.7,21.0,20.8,20.8,20.7,20.8,20.8,20.8,20.8,20.8,20.7,21.0,20.9,21.2,20.8,21.0,21.0,21.0,20.9,20.8,20.9,20.8,20.7,20.9,20.9,20.7,20.8,20.7,21.0,20.9,21.2
66,21.0,21.2,21.0,21.2,21.0,21.2,21.2,21.0,21.0,21.0,21.0,21.0,21.0,21.0,21.0,21.0,21.0,21.0,21.2,20.9,21.2,21.0,21.0,21.0,21.0,21.0,20.9,21.0,21.0,21.2,21.0,21.2,21.0,21.2,20.9,21.0,21.0,21.0,21.2,20.9,21.0,21.0,21.0,21.0,21.0,21.0,20.9,21.2,21.0,21.2,21.2,21.0,20.9,21.0,21.0,21.0,21.0,21.0,21.0,21.0,20.9,21.0,21.0,21.0,21.0,20.9,20.9,21.0,21.0,21.0,20.9,20.9,20.9,21.0,20.8,21.0,21.0,20.9,20.8,21.0,21.0,20.9,21.0,21.0,20.9,20.8,21.0,20.9,20.8,21.0,21.0,21.0,20.9,20.9,20.9,21.0,21.0,20.8,20.9,20.9,20.8,20.8,20.8,20.8,20.9,20.8,20.9,20.8,21.0,20.9,21.0,20.9,21.0,21.0,20.9,21.0,20.9,21.0,21.0,21.0,20.9,21.0,20.8,21.0,21.0,21.0,20.8,20.9,20.9,21.0,20.9,20.8,20.8,21.0,21.0,21.2,20.9,20.8,20.8,20.8,21.0,21.0,20.9,20.7,20.8,20.9,20.8,20.9,20.8,20.9,20.8,21.0,20.8,20.9,20.9,20.8,21.0,21.0,20.8,20.8,20.9,20.7,20.9,20.8,20.9,20.9,20.8,20.8,20.7,20.8,20.9,20.9,20.8,20.8,20.8,20.7,20.7,20.8,20.8,20.8,20.9,20.9,20.8,20.8,20.8,20.9,20.7,20.7,20.8,21.0,20.9,20.7,20.8,20.8,20.8,20.8,20.8,20.8,20.9,20.8,20.8,20.8,20.8,20.8,20.7,20.8,20.8,20.8,20.6,20.9,20.7,20.8,20.7,20.8,20.6,20.8,20.7,20.7,20.7,20.8,20.7,20.8,20.9,20.5,20.8,20.8,20.7,20.8,20.9,20.7,20.7,20.7,20.9,20.9,20.9,20.8,21.0,20.8,20.8,20.9,20.8,20.8,21.0,21.0,20.7,20.9,20.9,20.7,20.8,20.8,20.8,20.8,21.0,20.8,21.0,20.7
67,21.2,21.2,21.0,21.0,21.2,21.2,21.2,21.2,21.0,21.0,20.9,21.0,20.9,21.0,21.0,21.0,21.0,20.9,21.0,21.0,20.9,21.2,21.2,21.2,21.0,20.8,20.9,20.9,21.0,21.0,21.0,21.0,21.2,21.0,20.9,20.8,21.0,21.0,21.0,21.0,20.9,21.0,21.0,21.0,20.9,21.0,21.0,21.0,20.8,21.0,21.2,21.0,21.0,21.0,21.2,20.9,20.9,20.9,21.0,21.0,20.9,21.2,21.0,21.0,21.0,21.0,20.9,21.0,20.9,21.0,20.9,20.9,20.9,20.9,21.0,21.0,20.9,21.0,21.0,20.9,20.9,21.0,21.0,20.9,21.0,20.9,20.9,20.8,20.9,20.9,20.8,20.9,20.9,20.8,20.8,20.8,21.0,20.9,20.8,21.0,20.9,20.9,20.9,20.9,20.8,21.0,21.0,21.0,21.0,20.9,21.0,20.9,20.8,20.9,21.0,21.0,21.0,20.9,21.0,20.9,20.9,21.0,20.8,20.8,20.9,20.8,20.8,20.9,20.8,21.0,20.9,20.8,20.9,21.0,20.9,20.8,20.9,20.9,20.8,20.8,20.9,21.0,20.9,21.0,20.8,20.7,20.7,20.8,20.8,20.8,21.0,20.9,20.9,21.0,20.8,20.9,20.9,21.0,20.8,20.8,20.9,20.9,20.8,20.9,20.8,20.8,20.8,20.7,20.8,20.9,20.8,20.8,20.8,20.8,20.9,20.7,20.8,20.7,20.8,20.8,21.0,20.8,20.8,20.8,20.8,20.8,20.8,20.9,20.8,20.8,21.0,20.8,20.8,20.8,20.7,20.8,20.8,20.7,20.8,20.8,20.8,20.8,20.6,20.7,20.7,20.7,20.8,20.8,20.8,20.9,20.7,20.8,20.7,20.8,20.7,20.7,20.7,20.8,20.8,20.8,20.8,20.9,20.8,20.9,20.8,20.9,20.7,20.8,20.9,20.8,20.7,21.0,20.9,21.0,20.8,20.8,20.9,20.8,20.8,20.7,20.8,20.8,21.0,20.8,20.8,20.8,20.9,20.8,20.8,20.8,20.9,20.8,20.9,20.8,20.9,20.7
68,20.9,21.2,21.0,21.2,21.0,21.2,21.2,21.2,21.2,21.2,21.0,20.8,20.9,21.0,21.0,21.0,21.0,21.0,21.0,21.0,21.0,21.0,21.0,21.0,21.0,21.0,21.0,21.2,21.0,21.0,21.2,21.2,21.0,20.9,20.9,21.0,21.0,21.0,21.0,21.0,21.0,21.0,21.0,21.0,21.0,21.0,21.0,21.0,21.0,21.0,21.0,21.0,21.0,21.0,21.0,21.0,21.0,21.0,20.9,20.9,20.9,21.0,21.0,21.0,21.0,21.0,21.0,20.9,21.0,20.9,21.0,21.0,20.9,21.0,20.9,21.0,20.9,21.0,21.0,21.0,21.0,21.0,21.0,21.2,20.9,21.0,20.8,20.9,20.8,21.0,21.0,20.9,20.8,20.9,21.0,20.8,20.9,21.0,21.0,21.0,21.0,20.9,20.8,20.8,20.9,21.0,21.0,20.9,20.9,21.0,21.0,21.0,21.0,21.0,20.9,21.2,20.9,21.0,21.0,21.0,21.0,20.9,20.8,20.8,20.9,20.8,20.8,21.0,20.9,20.9,21.0,20.8,20.8,20.9,20.8,20.9,20.8,20.8,20.9,20.9,20.8,20.9,21.0,21.0,20.9,20.8,20.7,20.8,20.9,20.8,20.9,20.8,21.0,20.9,20.8,20.9,20.9,20.8,20.7,20.9,20.8,20.9,20.8,20.8,20.8,20.9,20.8,20.8,20.8,21.0,20.8,21.0,20.9,20.9,20.9,20.9,20.8,20.8,20.8,20.9,20.9,20.8,20.8,20.8,20.7,20.9,20.9,20.8,20.9,20.8,20.8,20.8,20.8,20.7,20.7,20.8,20.9,20.8,20.8,20.7,20.7,20.8,20.9,20.8,20.8,20.7,20.8,20.7,20.7,20.8,20.7,20.8,20.9,20.7,20.7,20.8,20.9,20.9,21.0,20.9,20.8,20.9,20.9,20.8,21.0,20.9,20.8,20.8,20.8,20.7,20.8,20.9,20.9,20.9,20.8,20.8,20.8,20.9,20.7,20.7,21.0,20.9,21.0,20.9,21.0,20.9,20.8,20.8,20.8,20.7,20.9,20.9,20.9,20.8,20.9,21.0
69,21.2,21.0,21.0,21.0,21.2,20.9,21.0,21.2,21.0,21.0,21.0,21.0,20.9,20.9,21.0,21.0,21.0,21.0,21.0,21.0,21.0,21.0,21.0,21.0,20.9,21.0,21.0,21.2,21.0,21.2,21.0,21.0,20.9,20.9,20.9,20.9,21.0,20.9,20.8,20.9,21.0,20.8,21.0,20.9,21.0,20.9,21.0,20.9,21.0,20.9,21.0,21.0,21.0,21.0,20.8,21.0,21.0,20.9,21.0,21.0,21.0,21.0,20.9,21.0,21.2,21.0,21.0,21.0,20.8,20.9,21.0,20.9,20.9,20.9,21.0,21.0,21.0,20.9,21.0,21.0,20.9,21.0,21.0,20.9,20.9,20.8,20.8,20.8,20.8,21.0,20.8,21.0,20.8,20.8,20.9,20.8,20.8,20.8,21.0,21.0,21.0,20.9,20.9,20.8,20.9,20.8,21.0,20.9,20.9,21.0,20.8,20.9,20.8,21.0,20.9,20.9,21.0,21.0,20.9,21.0,20.7,20.9,20.8,20.8,20.8,20.9,20.8,20.9,20.9,20.9,20.9,20.9,20.8,20.9,20.8,21.0,20.8,20.8,20.9,20.8,20.8,20.9,20.9,21.0,20.9,20.8,20.7,20.7,20.8,20.7,20.8,20.9,20.9,20.9,20.8,21.0,20.8,20.9,20.8,20.8,20.8,21.0,20.8,20.8,20.9,20.7,20.8,20.8,20.9,20.9,20.8,20.8,20.8,20.8,20.8,20.8,20.8,20.7,20.9,20.9,20.8,20.9,20.7,20.7,20.8,20.8,20.9,20.8,20.8,20.8,20.9,20.8,20.7,20.7,20.7,20.7,20.8,20.7,20.7,20.8,20.9,20.8,20.8,20.8,20.7,20.7,20.7,20.7,20.8,20.7,20.7,20.7,20.7,20.7,20.9,20.8,20.7,20.7,20.8,20.8,20.9,20.8,20.7,20.7,20.8,20.9,20.8,20.9,20.7,20.7,20.7,20.8,20.8,20.9,20.8,20.7,20.7,21.0,20.8,20.7,20.7,21.0,20.9,20.8,20.8,20.8,20.7,20.7,20.7,20.8,20.8,20.7,21.0,20.8,20.8,20.8
70,21.2,21.0,21.2,21.0,21.2,21.0,21.2,21.0,21.0,21.0,20.9,20.9,20.9,21.0,21.0,20.8,21.0,21.0,21.0,20.8,21.0,21.0,20.9,20.9,21.0,20.9,20.9,21.2,21.0,21.0,20.9,20.9,21.0,20.9,20.9,20.9,21.0,20.9,21.0,20.8,21.0,20.9,20.9,20.9,20.8,20.9,20.9,20.9,21.0,21.0,20.8,21.0,21.0,20.9,21.0,21.0,21.0,20.8,20.9,20.9,21.0,20.8,20.8,20.9,20.9,21.0,20.9,20.8,20.8,20.9,21.0,21.0,20.8,21.0,20.9,20.9,21.0,20.9,20.8,20.8,20.9,21.0,21.0,20.9,20.9,20.8,20.9,20.8,20.9,21.0,21.0,21.0,20.9,21.0,20.8,20.8,20.8,20.8,20.8,20.8,20.8,20.7,20.9,20.9,20.9,20.8,20.9,20.9,20.9,20.9,20.9,20.9,21.0,21.0,21.0,20.8,20.8,20.9,20.9,20.9,20.8,20.7,20.7,20.8,20.7,20.8,20.9,20.8,20.9,20.9,20.9,20.8,21.0,20.9,20.8,20.8,20.9,21.0,20.8,20.8,20.8,20.9,20.8,20.8,20.8,20.8,20.8,20.8,20.8,20.7,20.7,20.8,21.0,20.8,20.9,20.8,20.8,20.8,20.9,20.8,21.0,20.9,20.8,20.8,20.7,20.8,20.7,20.8,20.7,20.8,20.8,20.8,20.7,20.8,20.8,20.8,20.9,20.9,20.8,20.8,20.7,20.8,20.8,20.8,20.8,20.8,20.8,20.9,20.8,20.7,20.8,20.8,20.8,20.8,20.7,20.7,20.7,20.8,20.7,20.8,20.7,20.7,20.8,20.7,20.8,20.8,20.7,20.7,20.7,20.7,20.7,20.7,20.7,20.7,20.7,20.7,20.7,20.7,20.7,20.8,20.7,20.7,20.7,20.6,20.8,20.8,20.9,20.8,20.8,20.7,20.6,20.8,20.7,20.9,20.8,20.8,20.8,20.8,20.8,20.8,20.8,20.9,20.8,20.8,20.8,20.8,20.7,20.8,20.7,20.8,20.7,20.7,20.8,20.7,20.7,21.2
71,21.0,21.0,21.2,21.0,21.2,21.0,21.2,21.2,21.0,21.0,21.0,21.0,21.0,20.8,21.0,21.0,21.0,21.0,21.0,21.0,21.0,21.0,21.0,21.0,21.0,21.0,20.9,21.0,20.8,21.0,20.8,21.0,20.8,21.0,20.8,21.0,20.9,21.0,21.0,21.0,20.9,20.9,21.0,20.9,21.0,20.8,21.0,21.0,21.0,20.9,21.0,20.8,20.8,20.9,20.9,20.8,21.0,20.8,20.9,20.9,21.0,20.8,20.8,20.8,20.9,20.8,20.8,20.9,20.9,21.0,21.0,20.9,20.9,21.0,20.9,20.8,21.0,20.9,20.9,20.9,20.9,20.8,20.9,20.8,20.9,20.8,20.8,21.0,20.9,21.0,21.0,20.8,20.8,20.9,20.8,20.8,20.8,20.8,21.0,21.0,20.9,20.8,20.9,20.8,21.0,20.9,21.0,20.8,20.8,21.0,21.0,20.9,21.0,21.0,20.9,20.8,20.8,21.0,20.8,20.9,20.8,20.7,20.8,20.8,20.8,20.7,20.9,20.8,20.8,20.9,20.9,20.9,20.8,20.8,20.8,20.8,21.0,21.0,20.8,20.8,20.8,20.9,20.8,20.9,20.9,20.7,20.8,20.8,20.8,20.8,20.8,20.8,20.8,20.7,20.8,20.9,21.0,20.8,20.9,20.9,20.9,20.8,20.8,20.9,20.7,20.7,20.8,20.8,20.8,20.7,20.7,20.8,20.8,20.8,20.7,20.7,20.9,21.0,20.8,20.8,20.7,20.7,20.7,20.8,20.8,20.8,20.8,20.7,20.7,20.7,20.8,20.8,20.7,20.7,20.7,20.7,20.7,20.7,20.7,20.7,20.7,20.8,20.7,20.7,20.8,20.7,20.7,20.7,20.7,20.7,20.7,20.8,20.7,20.8,20.7,20.7,20.7,20.6,20.7,20.7,20.8,20.7,20.7,20.7,20.7,20.7,20.7,20.8,20.7,20.9,20.8,20.8,20.7,20.8,20.9,20.9,20.8,20.9,20.8,20.8,20.8,20.8,20.8,20.8,20.9,20.8,20.8,20.7,20.7,20.8,20.9,20.7,20.7,20.7,20.8,20.5
72,20.8,21.0,21.0,21.0,21.0,21.0,21.0,21.2,21.2,21.0,21.0,21.0,21.0,21.0,20.9,21.0,21.0,21.0,21.0,21.0,21.0,20.9,21.0,21.2,21.0,20.9,21.0,21.0,21.0,21.2,21.0,20.9,20.9,20.9,20.9,20.8,20.8,20.8,20.9,20.9,20.8,21.0,21.0,21.0,20.8,20.9,20.9,21.0,20.9,21.0,20.9,21.0,20.9,20.8,20.8,20.8,20.8,21.0,21.0,20.8,20.8,21.0,20.8,20.9,20.9,20.9,20.9,20.8,20.9,20.9,20.9,20.9,20.9,20.9,20.9,21.0,20.8,20.9,20.8,20.8,21.0,21.0,20.8,21.0,20.9,20.8,20.8,20.9,20.8,20.8,20.9,20.8,21.0,20.9,20.9,20.9,20.8,20.8,20.9,20.9,20.8,20.9,20.8,20.8,20.9,20.8,20.8,20.9,20.8,20.9,21.0,20.8,21.0,21.0,20.8,20.8,20.7,20.7,20.8,20.8,20.7,20.7,20.8,20.8,20.9,20.7,20.8,20.7,20.9,20.9,21.0,20.8,20.9,20.8,20.8,20.9,20.8,20.9,20.8,20.9,20.8,20.7,20.8,20.8,20.8,20.8,20.7,20.8,20.7,20.8,20.8,20.7,20.7,20.7,20.8,20.8,20.8,20.8,20.8,20.8,20.8,20.8,20.8,20.8,20.7,20.7,20.8,20.7,20.8,20.8,20.7,20.7,20.7,20.6,20.7,20.7,20.7,21.0,20.8,20.9,20.7,20.9,20.7,20.8,20.7,20.8,20.7,20.8,20.7,20.7,20.7,20.7,20.7,20.7,20.7,20.7,20.7,20.7,20.8,20.7,20.7,20.8,20.8,20.8,20.7,20.8,20.7,20.5,20.7,20.8,20.8,20.7,20.9,20.9,20.5,20.7,20.7,20.7,20.7,20.7,20.8,20.7,20.6,20.7,20.7,20.7,20.8,20.8,20.8,20.8,20.9,20.8,20.8,20.9,20.8,20.9,20.9,20.8,20.8,20.7,20.7,20.7,20.8,20.8,20.8,20.8,20.7,20.7,20.8,20.7,20.7,20.8,20.8,20.7,20.7,20.7
73,20.8,21.0,21.2,20.9,21.0,21.0,21.0,21.0,21.2,21.0,21.0,21.0,21.0,21.2,20.9,21.0,21.0,20.9,20.9,20.9,21.0,21.0,21.0,20.9,21.0,20.8,21.0,21.0,21.0,21.0,21.0,21.0,20.8,21.0,21.0,20.9,20.9,20.7,20.9,20.7,20.8,20.9,20.8,20.8,20.8,21.0,21.0,21.0,20.9,20.9,21.0,20.9,21.0,20.9,20.9,20.8,20.9,20.8,20.9,20.8,20.8,20.8,20.8,20.7,20.9,20.8,20.7,20.8,20.8,20.8,20.8,20.8,20.7,20.7,20.7,20.9,20.8,20.8,20.8,20.8,20.9,20.8,20.9,20.7,20.9,20.7,20.7,20.8,20.9,20.9,20.9,20.7,20.9,20.9,20.9,20.8,20.8,21.0,20.9,20.9,20.8,20.8,20.8,20.8,20.8,20.9,20.8,20.7,20.7,20.8,20.9,20.8,21.0,20.9,20.9,20.8,20.9,20.8,20.8,20.7,20.7,20.7,20.6,20.7,20.8,20.9,20.7,20.7,20.8,20.8,20.8,20.8,20.8,20.8,20.8,20.7,20.8,20.8,20.9,20.7,20.8,20.7,20.8,20.8,20.6,20.7,20.7,20.8,20.8,20.7,20.7,20.8,20.7,20.7,20.7,20.7,20.7,20.9,20.7,20.8,20.8,20.8,20.8,20.7,20.8,20.7,20.9,20.7,20.7,20.7,20.6,20.7,20.7,20.6,20.7,20.7,20.7,20.8,20.7,20.8,20.8,20.7,20.7,20.7,20.8,20.7,20.7,20.8,20.7,20.6,20.6,20.7,20.7,20.7,20.7,20.7,20.7,20.7,20.7,20.7,20.6,20.7,20.8,20.7,20.7,20.7,20.6,20.7,20.8,20.8,20.9,20.7,20.8,20.7,20.7,20.8,20.8,20.7,20.7,20.7,20.5,20.6,20.8,20.8,20.7,20.7,20.7,20.8,20.7,20.7,20.8,20.9,20.8,20.8,20.8,20.8,20.8,20.8,20.7,20.7,20.7,20.7,20.7,20.8,20.8,20.7,20.8,20.7,20.8,20.7,20.7,20.8,20.7,20.7,20.7,20.3
74,21.0,21.2,21.0,21.0,20.9,21.2,21.0,21.2,21.0,21.0,21.0,21.2,21.0,21.0,21.0,20.9,21.0,20.9,20.8,21.2,21.0,21.2,21.2,21.0,21.0,21.0,21.0,21.0,21.0,21.0,21.0,20.9,20.9,20.9,21.0,20.9,20.9,20.9,20.8,21.0,20.9,20.9,21.0,20.8,21.0,21.2,21.0,21.2,21.0,20.9,21.0,20.8,21.0,20.9,21.0,20.9,21.0,20.8,20.9,21.0,20.8,20.7,20.9,20.8,20.9,20.9,20.8,20.8,20.8,20.8,20.8,20.8,20.9,20.7,20.8,20.7,20.8,20.8,20.8,20.8,20.8,21.0,20.8,21.0,20.7,20.8,20.8,20.8,20.9,20.9,21.0,20.9,20.9,20.9,20.8,20.8,20.8,20.9,20.8,20.8,20.8,20.7,20.9,20.8,20.8,20.8,20.8,20.8,20.9,21.0,20.8,20.8,20.9,20.9,20.8,21.0,20.8,20.8,20.8,20.8,20.7,20.8,20.8,20.7,20.8,20.8,20.7,20.8,20.8,20.8,20.8,20.8,20.8,20.8,20.7,20.8,20.8,20.8,20.8,20.7,20.7,20.7,20.8,20.8,20.7,20.9,20.7,20.8,20.8,20.6,20.7,20.8,20.7,20.8,20.8,20.7,20.8,20.8,20.8,20.8,20.8,20.8,20.7,20.9,20.7,20.8,20.7,20.7,20.7,20.7,20.7,20.7,20.7,20.7,20.7,20.7,20.7,20.7,20.8,20.8,20.7,20.7,20.7,21.0,20.8,20.7,20.7,20.7,20.7,20.7,20.7,20.7,20.7,20.7,20.7,20.7,20.7,20.7,20.7,20.7,20.7,20.8,20.8,20.8,20.7,20.7,20.7,20.7,20.7,20.7,20.8,20.7,20.8,20.7,20.7,20.7,20.7,20.8,20.8,20.7,20.7,20.7,20.9,20.8,20.9,20.7,20.8,20.8,20.8,20.7,20.8,20.8,20.8,20.8,21.0,20.9,20.9,20.8,20.8,20.7,20.8,20.8,20.7,20.8,20.8,20.8,20.7,20.7,20.7,20.8,20.8,20.8,21.0,20.7,20.9,20.8
75,21.2,21.2,21.2,21.0,21.0,21.2,21.0,21.2,21.0,21.0,21.2,20.9,21.0,21.2,21.0,21.0,21.0,21.0,20.8,21.0,21.0,21.0,21.2,21.0,21.0,21.2,21.0,21.0,21.0,21.0,21.0,21.0,21.0,21.0,21.0,21.0,21.0,20.9,20.9,20.9,21.0,20.9,20.9,21.0,20.9,21.0,21.0,21.0,21.2,20.8,21.0,20.9,21.0,21.0,21.0,20.9,21.0,21.0,20.9,20.9,20.8,20.8,20.9,20.9,20.8,20.7,20.8,20.7,20.8,20.9,20.8,20.9,20.9,20.9,20.8,20.7,20.8,21.0,20.8,20.8,20.9,21.0,21.0,20.9,20.9,20.8,20.7,20.8,20.8,20.9,20.8,21.0,20.9,20.9,21.0,21.0,20.8,20.9,20.8,21.0,21.0,21.0,21.0,20.9,21.0,21.0,21.0,21.0,20.8,21.0,20.9,20.9,21.0,21.0,20.9,20.9,20.8,20.8,20.9,20.8,20.9,20.7,20.7,20.8,20.8,20.7,20.8,20.7,20.7,21.0,20.8,20.8,20.8,20.7,20.8,20.7,21.0,20.8,20.9,20.8,20.8,20.7,20.8,20.8,20.8,20.8,20.8,20.7,20.8,20.7,20.9,20.8,20.7,20.8,20.8,20.8,20.8,20.9,20.8,20.8,20.8,20.8,20.7,20.8,20.7,20.7,20.7,20.8,20.7,20.7,20.7,20.7,20.8,20.8,20.7,20.8,20.8,20.7,20.8,20.7,20.7,20.7,20.7,20.8,20.7,20.7,20.7,20.7,20.5,20.7,20.7,20.7,20.7,20.7,20.7,20.8,20.7,20.7,20.7,20.8,20.8,20.6,20.8,20.8,20.7,20.7,20.9,20.8,20.7,20.7,20.8,20.8,20.7,20.7,20.8,20.7,20.7,20.8,20.7,20.9,20.7,20.9,20.7,20.6,20.8,20.8,20.8,20.7,20.8,20.8,20.8,20.8,20.8,20.7,20.7,20.7,20.7,20.9,20.7,20.8,20.9,20.8,20.9,20.7,20.8,20.8,20.7,20.7,20.8,20.7,20.7,20.7,20.7,20.7,20.8,20.7
76,21.5,21.2,21.2,21.2,21.2,21.0,21.2,21.0,21.2,21.2,21.2,21.2,21.2,21.2,21.2,21.2,21.0,21.2,21.0,21.2,21.0,21.0,21.2,21.2,21.0,21.2,21.2,21.0,20.9,21.0,21.0,21.2,21.2,21.0,21.0,21.0,21.0,21.0,20.8,21.0,20.9,21.0,21.0,21.0,21.2,21.0,21.0,20.9,20.9,21.2,21.0,21.0,21.0,21.0,21.2,21.0,20.8,20.9,20.9,21.0,20.8,20.9,20.9,21.0,20.9,20.8,20.9,20.8,20.9,20.9,20.8,20.8,21.0,21.0,21.0,20.9,20.9,20.9,20.8,21.0,20.8,21.0,20.9,20.9,21.0,20.9,20.9,20.8,20.9,21.0,21.0,21.0,21.0,21.0,20.9,20.9,21.0,21.0,21.0,21.0,21.0,21.0,21.0,21.0,21.0,21.2,21.0,21.0,21.0,21.0,21.0,21.0,20.9,21.0,21.0,21.0,20.9,20.9,20.9,20.8,20.8,20.8,20.9,20.8,20.8,20.7,20.8,20.8,20.8,20.8,20.9,20.9,20.8,20.8,20.8,20.8,20.8,20.9,20.9,20.8,20.7,20.8,20.8,20.8,20.8,20.8,20.8,20.7,20.9,20.7,20.7,20.9,20.7,20.9,20.8,20.8,20.8,20.9,20.8,20.8,20.8,20.7,20.8,20.7,20.7,20.8,20.8,20.8,20.7,20.7,20.8,20.7,20.8,20.8,20.8,20.9,20.8,20.8,20.8,20.7,20.8,20.7,20.8,20.8,20.7,20.7,20.8,20.7,20.7,20.6,20.7,20.7,20.8,20.8,20.8,20.7,20.8,20.8,20.8,20.8,20.7,20.8,20.8,20.7,20.7,20.8,20.7,20.7,20.7,20.8,20.7,20.7,20.7,20.7,20.7,20.8,20.8,20.8,20.8,20.9,20.9,20.8,20.8,20.8,20.8,20.7,20.8,20.8,21.0,20.9,20.9,21.0,20.8,20.8,20.9,20.8,20.8,20.8,20.9,20.9,21.0,20.9,20.9,20.9,21.0,20.8,21.0,20.9,20.8,20.9,20.7,20.8,20.8,20.8,20.8,21.0
77,20.9,21.2,21.2,21.0,21.2,21.2,21.2,21.0,21.2,21.2,21.2,21.2,21.0,21.0,21.0,21.0,21.0,21.0,21.0,21.2,21.0,21.0,21.0,21.0,21.2,21.2,20.9,21.0,21.0,21.0,21.0,21.2,21.0,21.2,21.0,21.0,21.0,21.0,20.9,20.9,21.0,21.0,21.0,21.0,21.0,21.0,21.0,21.0,21.0,20.8,21.0,21.0,21.0,21.0,21.0,20.8,20.9,20.9,21.0,20.9,20.9,20.9,20.9,20.8,20.8,20.9,20.9,21.0,21.0,21.0,20.9,21.0,21.0,21.0,20.8,20.8,20.8,21.0,20.9,20.8,21.0,20.9,20.8,20.9,20.9,20.8,20.8,20.8,20.8,20.9,20.9,20.9,20.9,20.8,20.9,20.9,21.0,21.0,20.8,20.9,20.9,21.0,21.0,21.0,21.0,20.9,21.0,20.9,21.0,21.0,21.0,21.2,20.9,20.9,21.0,21.0,21.0,20.9,20.8,21.0,20.9,20.8,20.8,20.8,20.8,20.7,20.7,20.8,20.8,20.8,20.9,20.8,20.9,20.8,20.7,20.7,20.9,20.8,20.8,20.8,20.8,20.7,20.8,20.8,20.9,20.8,20.8,20.7,20.7,20.8,20.7,20.8,20.8,20.8,20.9,20.8,20.9,20.8,20.8,20.7,20.7,20.8,20.7,20.7,20.7,20.8,20.7,20.8,20.7,20.7,20.7,20.8,20.7,20.8,20.7,20.7,20.7,20.8,20.8,20.7,20.7,20.7,20.7,20.7,20.8,20.7,20.7,20.6,20.7,20.7,20.7,20.7,20.7,20.7,20.7,20.8,20.7,20.9,20.7,20.8,20.7,20.7,20.7,20.7,20.8,20.8,20.8,20.8,20.7,20.7,20.7,20.7,20.6,20.7,20.8,20.7,20.7,20.7,20.7,20.8,20.8,20.8,20.9,20.9,20.8,20.7,20.7,20.8,20.8,20.7,20.8,20.9,20.9,20.9,20.8,20.6,20.8,21.0,20.8,20.9,20.9,21.0,20.9,20.9,20.8,20.8,20.8,20.7,20.8,20.8,20.8,20.7,20.7,20.8,20.8,20.8
78,21.0,21.2,21.2,21.0,21.0,21.2,21.0,21.0,21.0,21.0,21.0,21.0,21.0,21.2,21.2,21.0,21.2,21.0,20.9,21.0,20.9,21.0,21.0,21.0,21.0,21.0,20.9,21.0,21.0,20.9,21.0,21.0,21.0,21.2,20.9,21.0,20.8,21.0,20.9,21.0,21.0,20.9,21.0,20.8,21.0,21.0,21.0,21.0,20.9,20.9,20.9,21.0,21.0,20.8,20.9,20.8,21.0,21.0,21.0,20.9,20.9,20.9,20.9,21.0,20.9,21.0,20.8,20.9,20.9,20.8,21.0,20.9,20.9,21.0,20.9,20.9,21.0,20.9,20.8,21.0,20.8,20.9,20.9,20.9,20.9,21.0,20.9,21.0,20.9,20.7,20.9,20.8,20.9,20.9,20.9,20.9,21.0,20.9,20.9,20.9,20.9,21.0,20.8,21.0,20.8,20.9,21.0,20.9,20.9,21.0,21.0,21.0,21.0,20.9,21.0,21.0,20.9,21.0,20.8,20.9,20.8,20.8,20.8,21.0,20.8,20.7,20.8,20.9,20.8,20.8,20.8,20.8,20.7,20.7,20.7,20.8,20.7,20.7,20.7,20.8,20.7,20.7,20.8,20.8,20.7,20.7,20.8,20.7,20.7,20.7,20.7,20.8,20.8,20.8,20.7,20.8,20.8,20.7,20.8,20.7,20.6,20.7,20.7,20.8,20.8,20.8,20.7,20.7,20.7,20.7,20.7,20.7,20.7,20.7,20.7,20.7,20.8,20.7,20.7,20.7,20.7,20.6,20.8,20.7,20.7,20.7,20.8,20.8,20.7,20.7,20.8,20.7,20.7,20.7,20.7,20.9,20.8,20.8,20.7,20.7,20.7,20.7,20.7,20.7,20.8,20.6,20.7,20.7,20.7,20.7,20.8,20.6,20.6,20.7,20.7,20.8,20.7,20.6,20.6,20.6,20.7,20.7,20.6,20.8,20.7,20.8,20.7,20.8,20.7,20.8,20.8,20.8,20.9,20.9,20.8,20.8,20.8,20.8,20.8,20.9,20.7,20.7,20.7,20.8,20.7,20.8,20.9,20.8,20.8,20.7,20.8,20.8,20.8,20.8,20.7,20.8
79,21.0,21.0,21.2,21.0,21.2,21.0,21.0,21.2,21.2,21.0,21.0,21.0,21.0,21.2,21.0,21.0,21.2,21.0,21.0,21.2,21.0,21.2,21.0,20.9,21.0,20.9,20.9,21.2,21.0,21.2,21.0,21.0,21.0,21.0,21.2,21.0,21.0,20.9,21.0,20.9,21.0,20.9,20.9,21.0,21.0,21.0,21.0,21.0,21.0,20.8,21.0,21.0,20.9,21.0,20.8,20.9,20.9,21.0,21.0,21.0,20.9,20.9,20.8,21.0,21.0,21.0,21.0,20.9,21.0,21.0,21.0,21.0,21.0,20.9,21.0,20.8,20.9,21.0,20.9,20.8,20.9,21.0,20.8,21.0,20.9,20.9,20.9,21.0,20.8,20.8,20.8,20.9,20.9,21.0,20.8,20.9,20.9,20.9,20.8,20.8,20.9,21.0,21.0,20.9,21.0,21.0,21.0,21.0,20.9,21.0,21.0,21.0,20.9,20.9,20.9,21.0,20.9,20.8,21.0,20.8,20.8,20.8,20.8,20.8,20.7,20.8,20.8,20.9,20.9,20.8,20.7,20.8,20.7,20.7,20.8,20.7,20.8,20.7,20.8,20.8,20.8,20.8,20.8,20.8,20.7,20.7,20.7,20.8,20.7,20.8,20.8,20.7,20.8,20.8,20.7,20.7,20.6,20.7,20.7,20.7,20.7,20.7,20.8,20.7,20.7,20.7,20.7,20.8,20.8,20.7,20.7,20.7,20.8,20.7,20.8,20.7,20.7,20.8,20.7,20.7,20.7,20.8,20.7,20.7,20.8,20.7,20.6,20.6,20.7,20.7,20.7,20.8,20.7,20.7,20.7,20.7,20.8,20.7,20.7,20.7,20.7,20.8,20.7,20.7,20.8,20.7,20.7,20.7,20.7,20.7,20.7,20.8,20.7,20.7,20.8,20.9,20.8,20.7,20.7,20.7,20.5,20.7,20.8,20.8,20.8,20.8,20.7,20.8,20.8,20.9,20.8,20.7,20.9,20.8,20.9,20.8,20.9,20.8,20.7,20.7,20.9,20.8,20.8,20.7,20.7,20.7,20.8,20.8,20.8,21.0,20.8,20.8,20.9,20.7,20.7,20.9
80,21.2,21.2,21.2,21.0,21.0,21.0,21.0,21.2,21.0,21.2,21.0,21.0,21.0,21.0,21.0,21.0,21.2,20.8,21.0,21.0,20.9,21.2,21.0,21.0,21.0,21.0,21.0,21.0,21.0,21.2,21.0,21.0,21.0,21.0,21.2,21.0,20.9,21.0,21.0,20.8,21.0,21.0,21.0,21.0,21.0,20.9,21.0,20.9,20.9,20.9,20.8,21.0,21.0,21.0,21.0,20.8,20.9,21.0,21.0,20.9,20.9,21.0,20.9,21.0,20.9,21.0,20.9,21.0,20.9,20.9,20.9,20.9,20.8,20.8,20.9,20.8,20.8,21.0,20.8,20.9,20.8,20.9,20.9,21.0,21.0,20.9,21.0,20.9,21.0,20.8,20.9,20.8,20.7,20.8,20.8,20.8,20.8,20.8,20.8,20.9,20.9,20.9,20.8,20.9,21.0,20.9,20.9,21.0,21.0,21.0,21.0,21.0,20.9,20.9,21.0,21.0,20.9,20.9,20.9,20.8,20.9,20.9,20.8,20.7,20.7,20.7,21.0,20.8,20.8,21.0,20.9,20.8,20.7,20.7,20.7,20.7,20.8,20.7,20.9,20.9,20.7,20.7,20.8,20.8,20.7,20.7,20.8,20.8,20.8,20.8,20.7,20.7,20.9,20.7,20.8,20.8,20.9,20.7,20.7,20.7,20.8,20.7,20.7,20.7,20.7,20.8,20.7,20.8,20.7,20.7,20.7,20.7,20.7,20.7,20.6,20.5,20.8,20.7,20.7,20.7,20.8,20.8,20.7,20.8,20.7,20.7,20.8,20.7,20.8,20.7,20.7,20.7,20.7,20.7,20.7,20.6,20.7,20.8,20.7,20.7,20.7,20.7,20.8,20.8,20.7,20.7,20.8,20.6,20.6,20.7,20.7,20.7,20.7,20.8,20.7,20.7,20.7,20.7,20.7,20.7,20.7,20.6,20.7,20.7,20.8,20.7,20.9,20.8,20.8,20.8,20.7,20.9,20.8,20.7,20.8,20.8,20.8,20.7,20.7,20.7,20.7,20.9,20.8,20.7,20.7,20.7,20.8,20.9,21.0,20.8,20.9,20.8,20.9,20.8,20.9,21.0
81,21.0,21.0,21.0,21.0,21.0,21.0,21.2,21.2,21.2,21.0,21.0,21.0,21.2,20.9,21.0,21.2,21.0,21.0,21.0,21.2,21.2,21.0,21.0,21.0,21.0,21.0,21.0,21.0,21.0,21.0,21.0,21.0,20.9,21.0,21.0,20.9,20.9,21.0,20.9,20.9,21.0,21.0,20.9,20.9,21.0,20.9,21.0,20.9,21.0,20.9,20.9,20.9,21.0,21.0,21.0,20.9,21.0,20.9,20.9,21.0,20.9,20.9,21.0,21.0,21.0,21.0,20.9,21.0,21.0,21.2,21.0,20.9,20.9,21.0,20.9,20.9,20.8,20.9,21.0,21.0,20.9,21.0,21.0,20.9,20.9,20.8,20.9,20.9,20.9,20.8,20.9,20.9,20.8,20.8,20.9,20.9,20.8,20.8,20.7,20.8,20.8,21.0,20.9,21.0,20.8,21.0,20.8,21.0,20.9,21.0,21.0,20.9,21.0,20.8,20.8,20.9,20.9,20.9,20.9,20.8,20.8,20.8,20.8,20.8,20.8,20.7,20.8,20.8,20.8,20.9,20.7,20.7,20.8,20.7,20.8,20.8,20.7,20.7,20.8,20.7,20.8,20.8,20.8,20.7,20.7,20.7,20.7,20.7,20.8,20.7,20.8,20.8,20.8,20.8,20.8,20.7,20.8,20.7,20.7,20.7,20.6,20.7,20.7,20.7,20.6,20.7,20.8,20.8,20.8,20.8,20.6,20.7,20.8,20.7,20.7,20.7,20.7,20.7,20.7,20.7,20.7,20.7,20.7,20.9,20.7,20.7,20.7,20.7,20.8,20.7,20.7,20.7,20.7,20.7,20.7,20.7,20.8,20.8,20.8,20.7,20.7,20.7,20.8,20.8,20.7,20.7,20.8,20.7,20.7,20.6,20.7,20.7,20.7,20.7,20.7,20.8,20.8,20.6,20.6,20.5,20.7,20.8,20.7,20.6,20.7,20.6,20.8,20.7,20.8,20.9,20.8,20.8,20.7,20.8,20.9,20.8,20.8,20.9,20.7,20.7,20.9,20.8,20.8,20.7,20.8,20.7,20.8,20.8,20.9,20.9,20.9,20.8,20.7,20.8,20.8,20.9
82,21.0,21.0,21.0,21.2,21.2,21.2,21.2,21.2,21.0,21.0,21.2,21.2,21.0,21.2,21.2,21.0,21.2,21.0,21.0,21.0,21.0,21.0,20.9,20.9,20.8,20.9,21.0,21.0,21.2,21.0,20.8,21.0,21.0,20.9,21.0,20.9,21.0,20.9,20.9,20.9,21.0,21.0,20.9,21.0,21.0,21.0,21.0,21.0,21.0,20.9,20.8,20.9,20.8,20.9,21.0,20.8,20.9,21.0,20.9,20.9,20.9,21.0,21.0,20.9,20.8,20.9,21.0,21.0,21.0,21.0,20.9,20.9,21.0,20.9,20.8,20.9,20.9,20.9,20.9,20.8,20.9,20.8,20.7,20.9,20.9,20.8,20.9,21.0,20.9,20.8,20.9,20.8,20.8,20.8,20.8,20.8,20.8,20.8,20.7,20.8,20.8,20.8,20.8,20.8,20.8,20.8,21.0,20.9,20.9,20.8,20.9,20.9,21.0,20.9,20.8,20.8,20.8,20.8,20.9,21.0,20.8,20.9,20.8,20.8,20.8,20.7,20.7,20.9,20.8,20.8,20.8,20.8,20.8,20.8,20.7,20.7,20.8,20.8,20.7,20.8,20.7,20.8,20.7,20.8,20.8,20.8,20.7,20.7,20.7,20.7,20.8,20.8,20.8,20.7,20.9,20.7,20.8,20.7,20.6,20.7,20.7,20.6,20.7,20.7,20.6,20.7,20.7,20.7,20.7,20.7,20.7,20.7,20.7,20.7,20.7,20.7,20.6,20.7,20.7,20.7,20.7,20.6,20.7,20.7,20.7,20.7,20.7,20.6,20.5,20.7,20.8,20.7,20.7,20.7,20.6,20.7,20.7,20.7,20.7,20.7,20.7,20.7,20.7,20.7,20.8,20.7,20.7,20.7,20.6,20.7,20.7,20.7,20.7,20.7,20.8,20.8,20.7,20.7,20.7,20.7,20.7,20.8,20.7,20.8,20.7,20.7,20.7,20.7,20.7,20.8,20.7,20.8,20.7,20.8,20.9,20.7,20.9,20.9,20.8,20.7,20.9,20.9,20.8,20.7,20.7,20.8,20.8,20.7,20.8,20.9,20.8,20.8,20.7,20.7,20.7,20.7
83,20.9,21.0,21.0,21.2,21.2,21.2,21.0,21.2,20.9,21.0,20.9,21.0,21.2,21.0,21.0,21.2,21.0,21.0,21.0,20.9,21.0,21.0,20.8,20.9,21.0,20.8,20.9,21.0,21.0,21.0,20.9,20.9,20.8,20.9,21.0,20.9,21.0,20.9,21.0,20.9,21.2,21.0,21.0,20.8,21.0,21.0,21.0,21.0,20.9,20.9,20.8,20.7,20.7,20.8,20.9,21.0,20.8,21.0,20.8,20.8,20.9,20.9,20.8,20.8,20.8,20.8,21.0,21.0,21.2,20.9,21.0,21.0,20.9,20.8,20.8,20.8,20.7,20.8,20.9,20.9,20.8,20.8,20.8,21.0,20.8,21.0,20.8,21.0,20.9,20.9,20.8,20.8,20.8,20.8,20.8,21.0,20.8,20.7,20.8,20.8,20.9,20.8,20.8,20.8,20.8,21.0,20.9,20.9,20.9,20.8,20.8,20.8,20.9,20.8,20.8,20.7,20.8,20.7,21.0,21.0,20.9,21.0,20.7,20.8,20.8,20.8,20.8,20.9,20.9,20.8,20.8,20.7,20.8,20.7,20.7,20.7,20.7,20.7,20.8,20.8,20.8,20.7,20.7,20.8,20.7,20.7,20.7,20.7,20.8,20.8,20.7,20.9,20.7,20.8,20.7,20.7,20.7,20.8,20.8,20.7,20.7,20.7,20.7,20.7,20.6,20.6,20.7,20.8,20.7,20.5,20.5,20.6,20.6,20.7,20.7,20.7,20.7,20.7,20.7,20.7,20.6,20.5,20.7,20.7,20.7,20.6,20.7,20.7,20.7,20.7,20.6,20.7,20.7,20.6,20.7,20.8,20.7,20.7,20.7,20.7,20.8,20.7,20.8,20.7,20.6,20.7,20.6,20.8,20.7,20.6,20.7,20.8,20.7,20.7,20.8,20.8,20.7,20.8,20.7,20.7,20.7,20.7,20.7,20.7,20.7,20.7,20.8,20.8,20.8,20.8,20.7,20.7,20.8,20.7,20.7,20.8,20.7,20.7,20.8,20.7,20.8,20.8,20.7,20.7,20.7,20.8,20.7,20.6,20.7,20.8,20.7,20.7,20.6,20.8,20.7,20.7
84,21.0,21.2,21.0,21.2,21.0,20.9,21.2,21.2,21.0,20.9,21.0,21.0,21.0,20.8,21.0,21.0,21.0,20.9,21.2,20.9,21.0,21.0,21.0,20.9,21.0,20.8,20.9,21.0,20.9,20.9,20.9,21.0,20.7,20.9,20.7,20.9,20.8,20.8,21.0,20.9,21.2,21.0,21.0,21.0,20.9,20.8,20.9,21.0,21.0,21.0,20.9,20.9,21.0,20.9,21.0,20.8,20.9,20.9,20.9,20.9,20.9,21.0,20.9,20.9,20.8,20.9,21.0,20.9,20.9,21.0,20.8,20.9,20.9,20.9,20.9,21.0,20.9,20.9,20.8,20.8,20.8,20.8,21.0,20.8,20.9,20.8,20.9,20.9,20.9,20.9,20.7,20.8,20.8,20.9,20.9,20.9,21.0,21.0,20.8,20.9,20.8,20.9,20.9,20.9,20.8,20.8,20.8,20.9,20.9,20.8,20.9,20.9,20.9,20.8,20.8,20.8,20.9,20.9,20.8,20.8,20.8,20.8,20.8,20.8,20.8,20.7,20.8,20.7,20.8,20.8,20.9,20.8,20.7,20.7,20.8,20.7,20.8,20.8,20.8,20.7,20.7,20.9,20.7,20.8,20.7,20.9,20.7,20.7,20.7,20.7,20.7,20.7,20.9,20.8,20.8,20.7,20.8,20.8,20.8,20.7,20.7,20.7,20.7,20.7,20.7,20.7,20.7,20.7,20.7,20.6,20.7,20.7,20.7,20.5,20.7,20.7,20.7,20.7,20.7,20.7,20.8,20.6,20.7,20.7,20.7,20.7,20.7,20.7,20.7,20.7,20.7,20.7,20.7,20.7,20.6,20.7,20.6,20.7,20.8,20.7,20.7,20.7,20.7,20.7,20.7,20.8,20.5,20.7,20.6,20.7,20.7,20.7,20.8,20.7,20.7,20.7,20.7,20.7,20.7,20.7,20.7,20.6,20.7,20.8,20.7,20.7,20.7,20.7,20.8,20.8,20.7,20.9,20.8,20.7,20.6,20.7,20.7,20.7,20.7,20.7,20.7,20.7,20.8,20.8,20.7,20.8,20.9,20.7,20.7,20.8,20.7,20.7,20.6,20.8,20.7,20.7
85,21.2,21.2,21.2,21.2,21.2,21.2,21.2,21.0,20.9,20.8,20.9,20.8,20.9,21.0,20.9,21.0,21.2,21.0,20.9,21.0,21.0,21.0,20.9,20.9,21.0,20.9,20.9,21.0,20.8,20.8,20.8,20.9,20.9,20.7,20.9,20.8,20.8,20.8,21.0,20.9,21.2,21.0,21.0,20.9,20.9,21.0,20.9,21.0,20.8,20.9,21.0,21.0,20.9,21.0,20.9,20.9,20.9,21.0,20.8,20.9,20.8,20.8,20.8,20.8,20.8,20.8,20.9,20.9,21.0,21.0,21.0,21.0,20.9,21.0,21.0,20.8,20.9,20.9,21.0,20.9,20.8,20.9,20.9,21.0,20.8,20.9,20.8,20.8,20.9,20.8,20.8,20.8,20.8,20.9,20.9,20.9,20.8,20.9,20.9,20.8,20.8,20.8,20.8,20.9,20.8,21.0,20.8,20.8,20.8,21.0,20.9,20.9,20.8,20.7,20.8,20.8,20.8,20.9,20.9,20.8,20.8,21.0,20.8,20.8,21.0,20.7,20.9,20.8,20.8,20.7,20.8,20.9,20.7,20.7,20.7,20.7,20.8,20.8,20.8,20.8,20.7,20.7,20.8,20.8,20.8,20.7,20.7,20.7,20.8,20.8,20.7,20.8,20.8,20.8,20.8,20.7,20.8,20.7,20.8,20.8,20.8,20.7,20.7,20.7,20.7,20.7,20.7,20.8,20.6,20.7,20.7,20.8,20.6,20.7,20.8,20.7,20.7,20.7,20.7,20.7,20.7,20.6,20.7,20.7,20.7,20.7,20.7,20.7,20.6,20.7,20.6,20.5,20.7,20.6,20.6,20.6,20.7,20.5,20.7,20.7,20.7,20.6,20.7,20.7,20.7,20.7,20.7,20.7,20.7,20.6,20.7,20.7,20.7,20.7,20.6,20.7,20.7,20.7,20.6,20.6,20.7,20.6,20.7,20.7,20.7,20.7,20.7,20.7,20.8,20.7,20.9,20.8,20.9,20.8,20.6,20.8,20.8,20.7,20.9,20.5,20.7,20.8,20.8,20.6,20.7,20.7,20.8,20.8,20.8,20.7,20.7,20.6,20.8,20.8,20.7,20.7
86,20.9,21.0,21.0,21.2,21.0,21.0,21.2,21.0,20.9,20.9,20.9,20.9,21.0,20.9,21.0,21.0,21.0,21.0,21.0,21.0,20.8,21.0,21.0,20.9,20.9,20.8,21.0,21.0,21.0,21.0,21.0,20.8,20.8,20.8,21.0,20.9,20.9,20.9,20.9,21.0,21.0,20.8,21.0,21.0,20.9,20.9,20.9,20.8,20.8,20.9,20.9,21.0,21.0,21.0,20.9,20.9,20.9,20.9,20.8,20.8,20.9,20.8,20.8,20.8,20.8,20.8,20.8,20.8,20.9,20.8,20.9,20.9,21.0,21.0,20.9,20.9,20.8,21.0,20.8,21.0,21.0,20.8,20.9,20.8,20.8,20.8,20.8,20.8,20.8,20.8,20.8,20.8,20.8,20.8,21.0,20.8,20.8,20.7,20.8,20.9,20.8,20.7,20.9,20.9,20.8,20.9,20.8,20.8,20.8,20.9,20.8,20.9,20.9,20.8,20.8,20.9,20.9,20.8,20.9,20.8,20.8,20.7,20.8,20.8,20.9,20.9,20.7,20.8,20.8,20.7,20.9,20.8,20.8,20.7,20.7,20.7,20.7,20.8,20.7,20.7,20.7,20.7,20.7,20.8,20.7,20.7,20.8,20.6,20.8,20.7,20.8,20.7,20.8,20.8,20.8,20.8,20.8,20.7,20.7,20.8,20.8,20.9,20.7,20.8,20.7,20.8,20.7,20.7,20.7,20.8,20.7,20.7,20.6,20.7,20.7,20.7,20.7,20.8,20.6,20.7,20.6,20.6,20.6,20.7,20.7,20.7,20.7,20.7,20.6,20.7,20.7,20.6,20.7,20.7,20.6,20.5,20.6,20.7,20.6,20.7,20.7,20.7,20.7,20.7,20.7,20.7,20.6,20.6,20.6,20.7,20.6,20.7,20.6,20.7,20.7,20.7,20.7,20.7,20.7,20.7,20.6,20.5,20.7,20.7,20.8,20.7,20.7,20.8,20.5,20.8,20.9,20.7,20.8,20.8,20.7,20.8,20.7,20.7,20.7,20.7,20.7,20.7,20.8,20.9,20.8,20.7,20.7,20.8,20.6,20.7,20.7,20.8,20.6,20.8,20.6,20.5
87,21.0,21.0,21.0,21.0,21.0,21.0,21.0,20.9,21.2,20.9,20.8,20.9,21.0,21.0,20.9,21.0,21.0,21.0,21.0,20.8,20.9,21.0,21.0,20.8,21.0,20.9,20.8,20.9,20.8,20.7,20.9,20.9,20.7,20.9,20.9,20.8,21.0,20.9,20.8,20.9,20.9,21.0,20.8,20.9,21.0,20.8,20.9,21.0,20.9,20.9,21.0,21.0,20.9,20.9,20.9,20.8,21.0,20.8,20.9,20.9,20.8,20.8,20.8,20.8,20.7,20.7,20.8,20.8,20.7,20.8,20.8,20.8,20.9,20.8,20.8,20.9,20.9,20.8,20.8,20.8,20.8,20.9,20.9,20.8,20.8,20.7,20.8,20.8,20.9,20.8,20.8,20.8,20.8,20.9,20.8,20.8,20.8,20.8,20.8,20.8,20.8,20.8,20.8,20.8,20.8,20.8,20.9,20.8,20.8,20.8,20.8,20.8,20.9,20.8,20.8,20.9,20.8,20.8,20.8,20.8,20.8,20.8,20.7,20.8,20.8,20.8,20.8,20.8,20.8,20.8,20.8,20.8,20.7,20.7,20.8,20.7,20.7,20.7,20.7,20.7,20.8,20.8,20.7,20.7,20.8,20.7,20.7,20.7,20.7,20.8,20.8,20.8,20.8,20.8,20.8,20.8,20.7,20.7,20.8,20.7,20.7,20.8,20.7,20.7,20.7,20.7,20.5,20.6,20.7,20.7,20.7,20.7,20.7,20.7,20.7,20.7,20.6,20.7,20.7,20.6,20.6,20.6,20.7,20.7,20.7,20.6,20.7,20.7,20.7,20.6,20.7,20.7,20.6,20.5,20.5,20.7,20.5,20.6,20.6,20.6,20.7,20.6,20.7,20.7,20.7,20.6,20.7,20.7,20.6,20.7,20.7,20.6,20.7,20.9,20.6,20.6,20.5,20.6,20.7,20.5,20.6,20.6,20.8,20.7,20.6,20.8,20.7,20.7,20.7,20.7,20.6,20.7,20.7,20.7,20.7,20.8,20.8,20.8,20.7,20.7,20.6,20.8,20.9,20.7,20.7,20.7,20.7,20.8,20.7,20.7,20.7,20.7,20.8,20.7,20.7,21.2
88,21.0,20.9,21.0,20.9,21.2,21.0,20.8,21.0,20.9,21.0,20.9,21.0,21.0,21.0,21.0,21.2,21.0,21.0,21.0,20.8,20.8,20.8,21.0,21.0,20.9,21.0,20.9,20.8,20.9,20.9,20.9,20.9,20.8,20.8,21.0,21.0,21.0,20.9,20.9,20.9,20.9,20.8,20.9,20.9,20.9,20.8,20.8,20.9,20.9,21.0,20.8,21.0,20.9,21.0,20.7,21.0,20.8,20.9,20.8,21.0,20.7,20.8,20.8,20.8,20.8,20.8,21.0,20.8,20.7,20.9,20.9,20.8,20.8,20.8,20.8,20.9,21.0,21.0,21.0,20.8,20.9,20.8,20.7,20.8,20.7,20.8,20.7,20.7,20.9,20.8,20.8,20.7,20.9,20.7,20.8,20.7,20.7,20.7,20.8,20.6,20.8,20.8,20.9,20.8,20.7,20.9,20.8,20.8,20.7,21.0,21.0,20.9,20.7,20.9,20.8,20.8,20.8,20.7,20.7,20.7,20.7,20.8,20.8,20.7,20.9,20.8,20.7,20.8,20.8,20.8,20.8,20.8,20.8,20.8,20.7,20.7,20.6,20.7,20.7,20.6,20.8,20.7,20.8,20.8,20.7,20.8,20.6,20.8,20.7,20.7,20.7,20.7,20.7,20.8,20.8,20.7,20.7,20.7,20.7,20.7,20.7,20.8,20.7,20.7,20.7,20.8,20.7,20.6,20.6,20.8,20.7,20.7,20.7,20.7,20.7,20.6,20.5,20.7,20.6,20.6,20.6,20.6,20.6,20.7,20.7,20.6,20.6,20.5,20.6,20.8,20.8,20.6,20.7,20.6,20.5,20.6,20.5,20.7,20.5,20.7,20.7,20.7,20.7,20.6,20.6,20.5,20.5,20.6,20.7,20.6,20.7,20.7,20.7,20.7,20.5,20.6,20.7,20.6,20.6,20.6,20.5,20.8,20.7,20.7,20.8,20.7,20.8,20.8,20.8,20.7,20.7,20.8,20.7,20.5,20.7,20.6,20.7,20.7,20.9,20.8,20.7,20.6,20.7,20.6,20.8,20.7,20.8,20.7,20.6,20.6,20.7,20.7,20.7,20.6,20.8,20.7
89,20.9,21.2,21.0,21.0,21.0,20.9,21.0,20.9,20.9,21.0,20.8,20.9,21.0,20.9,21.0,20.9,21.0,20.9,20.9,21.0,21.0,21.0,20.8,20.9,21.0,20.8,20.7,20.9,21.2,20.9,20.9,21.0,20.9,20.8,21.0,20.8,21.0,21.0,21.0,21.0,20.9,21.0,20.9,20.8,21.0,20.9,20.9,20.9,21.0,21.0,20.9,21.0,21.0,20.7,20.9,20.8,20.9,21.0,20.8,20.8,20.9,20.8,20.7,20.9,20.7,20.9,20.7,20.8,20.7,20.8,20.8,20.8,20.9,20.9,20.8,20.8,20.9,20.9,20.8,20.9,20.8,20.8,20.9,20.8,20.7,20.7,20.8,20.8,20.9,20.7,20.7,20.8,20.8,20.7,20.7,20.8,20.9,20.7,20.9,20.8,20.8,20.8,20.8,20.7,20.8,20.7,20.8,20.9,20.8,20.7,20.9,20.8,20.8,20.8,20.8,20.8,20.8,20.8,20.7,20.7,20.8,20.8,20.8,20.7,20.7,20.7,20.6,20.7,20.8,20.8,20.7,20.8,20.9,20.7,20.7,20.7,20.7,20.7,20.5,20.6,20.7,20.7,20.8,20.8,20.9,20.7,20.7,20.7,20.7,20.7,20.8,20.8,20.8,20.8,20.7,20.7,20.7,20.5,20.7,20.7,20.7,20.7,20.7,20.7,20.6,20.7,20.7,20.6,20.5,20.7,20.6,20.6,20.7,20.7,20.7,20.7,20.7,20.7,20.7,20.6,20.7,20.7,20.7,20.7,20.7,20.6,20.6,20.7,20.7,20.7,20.7,20.6,20.7,20.6,20.5,20.6,20.5,20.6,20.7,20.7,20.7,20.7,20.7,20.7,20.6,20.6,20.6,20.5,20.7,20.6,20.7,20.7,20.7,20.7,20.7,20.5,20.5,20.7,20.5,20.7,20.7,20.7,20.7,20.8,20.7,20.7,20.8,20.7,20.8,20.7,20.7,20.7,20.8,20.7,20.7,20.8,20.8,20.7,20.7,20.9,20.7,20.7,20.7,20.8,20.7,20.8,20.7,20.7,20.7,20.6,20.7,20.7,20.6,20.7,20.7,20.8
90,21.2,21.2,21.2,21.0,21.0,20.8,21.0,21.0,20.8,21.0,21.0,20.9,21.0,21.0,21.0,21.2,21.0,21.0,20.8,20.9,20.9,20.9,20.8,20.8,20.8,21.0,20.9,21.0,20.9,20.8,20.9,20.9,20.9,20.9,21.0,21.0,21.0,20.9,20.9,20.9,20.9,20.8,20.9,20.9,20.9,21.0,21.0,21.0,21.0,20.9,20.9,20.9,20.9,20.8,20.8,20.8,20.9,20.9,20.9,20.9,21.0,20.9,21.0,20.9,20.8,20.9,20.8,20.9,20.8,20.7,20.8,20.8,20.9,20.8,20.8,20.9,20.9,21.0,21.0,21.0,20.8,20.9,20.8,20.8,20.7,20.8,20.8,20.8,20.7,20.8,20.7,20.8,20.8,20.7,20.8,20.7,20.8,20.9,20.8,20.8,20.7,20.8,20.7,20.7,20.7,20.7,20.9,20.7,20.8,20.9,20.8,20.8,20.9,20.8,20.9,20.8,20.9,20.9,20.8,20.7,20.7,20.7,20.8,20.8,20.8,20.8,20.7,20.9,20.8,20.7,20.7,20.7,20.7,20.8,20.7,20.7,20.7,20.9,20.6,20.8,20.8,20.8,21.0,20.7,20.7,20.7,20.7,20.7,20.7,20.9,20.8,20.7,20.7,20.7,20.8,20.7,20.7,20.7,20.7,20.7,20.7,20.7,20.7,20.7,20.7,20.7,20.7,20.7,20.7,20.7,20.6,20.7,20.7,20.7,20.7,20.7,20.7,20.8,20.7,20.7,20.7,20.7,20.7,20.7,20.7,20.7,20.7,20.5,20.6,20.8,20.8,20.7,20.7,20.6,20.7,20.6,20.7,20.7,20.7,20.7,20.7,20.7,20.7,20.8,20.7,20.7,20.7,20.6,20.5,20.7,20.6,20.7,20.8,20.8,20.6,20.7,20.5,20.7,20.7,20.7,20.6,20.7,20.6,20.7,20.7,20.7,20.8,20.7,20.8,20.7,20.8,20.7,20.8,20.7,20.7,20.7,20.7,20.7,20.8,20.7,20.7,20.7,20.7,20.7,20.7,20.8,20.7,20.6,20.7,20.7,20.7,20.8,20.8,20.7,20.7,20.7
91,21.2,21.0,21.0,21.0,20.9,20.9,20.8,21.0,20.7,20.9,20.9,20.9,20.8,21.2,21.0,21.0,20.8,21.0,20.9,20.8,20.8,20.8,20.8,21.0,20.8,21.0,21.0,21.0,21.0,20.9,20.9,20.9,20.9,20.9,20.9,20.8,20.9,20.9,20.8,20.8,20.8,20.8,20.8,20.8,20.8,20.9,20.8,21.0,20.9,20.8,20.9,20.8,20.8,20.8,20.8,20.7,20.8,20.9,20.9,21.0,20.8,20.9,20.9,20.7,20.8,20.8,20.7,20.8,20.8,20.7,20.8,20.7,20.7,20.8,20.9,20.8,21.0,20.9,20.9,20.8,20.8,20.8,20.8,20.8,20.8,20.7,20.8,20.7,20.7,20.7,20.8,20.7,20.8,20.8,20.8,20.7,20.8,20.8,20.8,20.9,20.9,20.8,20.7,20.7,20.8,20.8,20.8,20.8,20.8,20.8,20.8,20.8,20.7,20.9,20.8,20.8,20.9,20.8,20.7,20.8,20.7,20.7,20.8,20.8,20.8,20.7,20.8,20.8,20.7,20.7,20.7,20.7,20.7,20.6,20.7,20.7,20.7,20.7,20.7,20.8,20.8,20.7,20.7,20.7,20.7,20.8,20.7,20.8,20.7,20.7,20.7,20.8,20.8,20.8,20.7,20.7,20.7,20.7,20.7,20.7,20.6,20.7,20.7,20.7,20.7,20.7,20.7,20.7,20.5,20.7,20.7,20.6,20.7,20.7,20.8,20.7,20.7,20.6,20.7,20.7,20.7,20.7,20.7,20.7,20.7,20.6,20.6,20.6,20.7,20.9,20.7,20.8,20.7,20.7,20.6,20.7,20.6,20.7,20.6,20.7,20.7,20.7,20.8,20.6,20.7,20.7,20.7,20.8,20.7,20.7,20.7,20.5,20.7,20.5,20.6,20.6,20.6,20.6,20.7,20.8,20.6,20.7,20.7,20.6,20.8,20.8,20.7,20.8,20.8,20.9,20.9,20.9,20.7,20.8,20.7,20.9,20.7,20.8,20.7,20.7,20.8,20.7,20.7,20.7,20.6,20.8,20.9,20.7,20.5,20.7,20.6,20.7,20.6,20.7,20.7,20.5
92,20.8,21.0,21.2,21.0,20.8,21.0,20.9,20.9,20.9,21.0,21.0,21.0,20.8,21.0,21.0,21.0,21.0,20.9,20.9,20.9,20.9,20.7,20.9,20.9,20.8,20.9,21.0,21.0,21.0,21.0,20.9,20.8,20.8,20.8,20.8,20.9,20.9,20.8,20.8,20.8,20.8,20.7,20.8,20.7,20.9,20.8,20.7,20.8,20.9,20.9,20.8,20.8,20.9,20.8,20.8,20.8,20.9,20.9,20.9,21.0,20.8,20.8,20.8,20.7,20.8,20.9,20.8,21.0,20.8,20.8,20.7,20.7,20.7,20.8,21.0,20.8,20.9,20.9,21.0,20.8,20.8,20.7,20.7,20.8,20.9,20.9,20.9,20.8,20.7,20.8,20.8,20.8,20.9,21.0,20.8,20.9,20.8,20.8,20.9,20.9,20.8,20.7,20.7,20.8,20.8,20.9,20.9,20.8,20.8,21.0,20.8,20.7,20.8,20.8,20.8,20.7,20.9,20.8,20.8,20.7,20.8,20.8,20.8,20.8,20.8,20.8,20.7,20.7,20.8,20.7,20.8,20.7,20.7,20.8,20.8,20.7,20.8,20.7,20.7,20.7,20.8,20.7,20.8,20.6,20.8,20.8,20.7,20.7,20.8,20.7,20.7,20.8,20.8,20.9,20.7,20.7,20.7,20.7,20.8,20.7,20.7,20.7,20.7,20.7,20.7,20.8,20.6,20.7,20.7,20.7,20.7,20.7,20.7,20.7,20.7,20.6,20.7,20.5,20.7,20.7,20.8,20.8,20.7,20.6,20.7,20.8,20.7,20.7,20.7,20.8,20.8,20.7,20.7,20.7,20.7,20.8,20.7,20.9,20.8,20.7,20.7,20.7,20.8,20.7,20.6,20.7,20.7,20.7,20.7,20.8,20.6,20.5,20.6,20.7,20.7,20.7,20.7,20.7,20.7,20.7,20.6,20.8,20.7,20.8,20.7,20.7,20.7,20.8,20.7,20.8,20.9,20.8,20.8,20.7,20.8,20.8,20.7,20.7,20.7,20.7,20.7,20.7,20.7,20.8,20.8,20.7,20.7,20.7,20.7,20.6,20.8,20.7,20.7,20.6,20.7,20.8
93,21.2,21.2,21.0,21.0,20.9,21.0,20.8,21.0,21.0,20.9,21.0,20.9,20.9,21.2,21.0,21.2,20.9,21.0,21.0,20.8,20.8,20.9,21.0,20.8,20.9,20.9,21.0,21.0,20.9,20.9,21.0,20.9,20.9,20.8,20.8,21.0,20.8,21.0,20.8,20.9,20.9,20.8,20.7,20.8,20.8,20.8,20.8,20.8,20.9,20.8,20.9,20.7,20.9,20.9,20.8,20.9,20.9,20.9,20.9,21.0,20.8,20.8,20.9,20.7,20.8,20.8,20.8,20.7,20.9,20.8,20.7,20.7,20.7,20.7,20.8,20.8,20.9,20.9,20.9,20.9,20.8,20.7,20.8,20.8,20.8,20.7,20.9,20.8,20.8,20.8,20.8,20.7,20.9,20.8,20.8,20.8,20.9,20.8,20.8,20.7,20.7,20.8,20.8,20.8,20.8,20.9,20.9,20.9,20.8,21.0,20.9,21.0,20.8,20.9,20.8,20.7,20.8,20.8,20.9,20.8,20.8,20.8,20.8,20.8,20.7,20.7,20.8,20.7,20.9,20.7,20.7,20.7,20.7,20.7,20.7,20.8,20.7,20.7,20.8,20.7,20.8,20.8,20.8,20.7,20.7,20.7,20.7,20.7,20.6,20.7,20.7,20.8,20.7,20.8,20.7,20.7,20.7,20.7,20.7,20.7,20.7,20.8,20.7,20.7,20.7,20.6,20.6,20.7,20.7,20.7,20.7,20.6,20.7,20.7,20.8,20.7,20.7,20.7,20.7,20.8,20.7,20.6,20.7,20.7,20.8,20.7,20.8,20.7,20.8,20.8,20.7,20.7,20.5,20.7,20.7,20.7,20.7,20.7,20.7,20.6,20.7,20.7,20.6,20.6,20.7,20.7,20.7,20.5,20.7,20.5,20.7,20.7,20.5,20.6,20.7,20.7,20.6,20.6,20.6,20.7,20.6,20.7,20.6,20.7,20.7,20.7,20.8,20.7,20.7,20.8,20.8,20.8,20.7,20.7,20.7,20.7,20.8,20.8,20.7,20.7,20.7,20.6,20.7,20.6,20.8,20.7,20.8,20.7,20.7,20.7,20.7,20.8,20.7,20.7,20.7,20.6
94,21.2,21.2,21.2,21.0,20.9,21.2,21.0,21.0,21.2,21.0,21.0,21.0,20.9,21.0,20.8,20.9,21.0,20.9,20.8,21.0,20.8,20.9,20.8,20.8,20.9,20.8,20.9,21.0,21.0,20.8,21.0,20.8,20.8,20.8,20.8,20.7,20.8,20.8,20.8,20.8,20.8,20.8,20.8,20.8,20.8,20.8,20.8,20.8,20.9,20.9,20.9,20.9,20.9,21.0,20.9,20.9,20.8,20.9,20.8,20.8,20.9,20.9,20.8,20.8,20.7,20.7,20.7,20.8,20.9,20.8,20.8,20.7,20.8,20.7,20.8,20.8,20.8,20.9,20.9,20.9,20.9,20.8,20.8,20.7,20.7,20.8,20.8,20.8,20.9,20.7,20.9,20.7,20.8,20.7,20.7,20.7,20.8,20.7,20.7,20.6,20.7,20.7,20.7,20.8,20.8,20.9,20.9,20.8,20.9,20.8,20.8,20.8,20.7,20.9,20.8,20.7,20.8,20.8,20.8,20.8,20.8,20.8,20.7,20.7,20.8,20.8,20.8,20.9,20.7,20.7,20.7,20.7,20.6,20.7,20.7,20.7,20.7,20.7,20.7,20.7,20.7,20.7,20.7,20.7,20.7,20.7,20.7,20.6,20.7,20.7,20.8,20.7,20.7,20.7,20.7,20.7,20.8,20.7,20.7,20.8,20.7,20.7,20.5,20.6,20.7,20.7,20.7,20.7,20.6,20.8,20.6,20.7,20.6,20.7,20.7,20.7,20.7,20.7,20.7,20.6,20.7,20.7,20.6,20.7,20.7,20.7,20.8,20.8,20.7,20.8,20.7,20.7,20.7,20.6,20.6,20.7,20.7,20.7,20.7,20.7,20.7,20.7,20.7,20.8,20.7,20.7,20.7,20.9,20.8,20.7,20.7,20.7,20.8,20.7,20.7,20.6,20.7,20.7,20.7,20.7,20.7,20.8,20.7,20.7,20.7,20.7,20.7,20.6,20.8,20.8,20.7,20.7,20.8,20.8,20.7,20.7,20.7,20.7,20.7,20.7,20.6,20.7,20.7,20.7,20.7,20.6,20.7,20.7,20.7,20.8,20.7,20.9,20.8,20.7,20.8,20.6
95,21.2,21.2,21.0,21.0,21.0,21.0,21.0,21.0,20.9,21.2,21.2,21.2,21.0,20.9,21.0,20.9,20.8,20.9,21.0,20.9,21.0,21.0,20.9,20.8,20.9,20.8,20.8,21.0,20.9,21.0,21.0,20.7,20.8,20.8,20.9,20.9,20.7,20.8,20.8,20.8,20.8,20.7,20.8,20.8,20.8,20.8,20.7,20.8,20.8,20.8,20.7,20.8,20.9,20.8,20.9,20.9,20.7,20.7,20.8,20.8,20.9,20.7,20.7,20.8,20.8,20.8,20.7,20.7,20.7,20.9,20.7,20.7,20.8,20.7,20.8,20.8,20.7,20.8,20.8,20.7,20.8,20.9,20.8,20.7,20.8,20.9,20.8,20.8,20.7,20.7,20.8,20.9,20.7,20.7,20.7,20.7,20.7,20.7,20.7,20.7,20.7,20.7,20.8,20.9,20.8,20.9,20.9,20.9,20.8,20.8,20.7,20.8,20.7,20.8,20.7,20.7,20.7,20.7,20.8,20.7,20.7,20.7,20.8,20.7,20.8,20.7,20.8,20.6,20.7,20.5,20.8,20.6,20.6,20.7,20.8,20.7,20.9,20.7,20.7,20.7,20.7,20.7,20.7,20.7,20.7,20.7,20.7,20.7,20.6,20.6,20.7,20.6,20.6,20.6,20.7,20.7,20.8,20.7,20.7,20.7,20.7,20.6,20.7,20.7,20.8,20.7,20.7,20.6,20.7,20.7,20.6,20.7,20.7,20.7,20.7,20.5,20.6,20.6,20.7,20.6,20.6,20.7,20.6,20.7,20.8,20.7,20.8,20.7,20.5,20.7,20.7,20.7,20.7,20.7,20.6,20.7,20.7,20.7,20.7,20.7,20.7,20.7,20.7,20.7,20.8,20.7,20.7,20.7,20.7,20.7,20.6,20.7,20.7,20.7,20.7,20.7,20.7,20.7,20.7,20.7,20.6,20.7,20.7,20.8,20.6,20.7,20.8,20.7,20.7,20.7,20.7,20.8,20.8,20.7,20.8,20.7,20.7,20.7,20.8,20.6,20.6,20.7,20.7,20.6,20.6,20.8,20.7,20.7,20.7,20.7,20.6,20.7,20.7,20.7,20.7,20.5
96,21.0,21.0,21.0,21.0,21.0,21.0,20.9,20.9,21.0,21.0,21.0,21.2,21.2,21.0,21.0,21.0,21.0,20.9,20.8,21.0,20.9,21.0,20.9,21.0,20.9,20.9,20.9,20.8,20.8,21.0,21.0,20.8,21.0,20.8,20.9,20.9,20.9,20.9,20.8,20.7,20.9,21.0,21.0,21.0,21.0,20.9,20.9,20.8,20.8,20.8,20.8,20.9,20.8,20.8,20.8,20.8,20.9,20.8,20.7,20.7,20.7,20.7,20.8,20.9,20.9,20.8,20.7,20.8,20.8,20.8,20.7,20.8,20.7,20.7,20.7,20.7,20.8,20.8,20.8,20.7,20.9,20.8,20.8,20.8,20.9,20.8,20.9,20.7,20.7,20.9,20.8,20.7,20.7,20.8,20.9,20.7,20.7,20.7,20.7,20.7,20.8,20.7,20.9,20.7,20.7,20.8,20.8,20.8,20.7,20.6,20.8,20.8,20.7,20.7,20.7,20.7,20.7,20.7,20.8,20.7,20.7,20.7,20.8,20.7,20.8,20.7,20.7,20.7,20.7,20.6,20.7,20.7,20.7,20.7,20.7,20.7,20.7,20.6,20.7,20.6,20.6,20.7,20.6,20.7,20.6,20.7,20.6,20.7,20.5,20.7,20.5,20.6,20.6,20.6,20.7,20.7,20.7,20.7,20.6,20.8,20.7,20.6,20.6,20.5,20.6,20.7,20.6,20.6,20.6,20.6,20.5,20.7,20.6,20.6,20.6,20.6,20.6,20.6,20.6,20.5,20.7,20.7,20.7,20.5,20.4,20.6,20.7,20.7,20.7,20.7,20.8,20.6,20.8,20.5,20.7,20.6,20.6,20.5,20.6,20.7,20.7,20.7,20.7,20.6,20.7,20.6,20.6,20.7,20.7,20.6,20.5,20.6,20.7,20.7,20.7,20.7,20.6,20.7,20.7,20.7,20.7,20.5,20.7,20.6,20.6,20.7,20.6,20.7,20.7,20.7,20.7,20.7,20.7,20.7,20.8,20.7,20.5,20.6,20.6,20.7,20.7,20.7,20.9,20.8,20.8,20.6,20.7,20.7,20.7,20.7,20.7,20.7,20.9,20.7,20.7,20.7
97,21.2,21.2,21.0,21.0,21.0,21.0,21.0,21.0,20.9,21.0,21.0,21.0,21.0,21.0,21.0,21.0,20.9,20.9,21.0,21.0,20.9,21.0,21.0,20.9,20.9,21.0,21.0,21.0,20.8,20.8,21.0,20.9,20.8,20.9,20.8,20.8,20.9,21.0,20.8,20.8,21.0,20.9,20.9,21.0,20.7,20.8,20.9,20.8,20.8,20.8,20.8,20.7,20.7,20.8,20.7,20.8,20.7,20.7,20.7,21.0,20.8,20.8,20.7,20.8,20.8,20.7,20.8,20.8,20.8,20.7,20.9,20.7,20.7,20.8,20.8,20.8,20.8,20.9,20.7,20.7,20.8,20.8,20.8,20.9,20.9,20.8,20.8,20.8,20.8,21.0,20.8,20.8,20.8,20.8,20.7,20.8,20.7,20.7,20.7,20.7,20.8,20.9,20.8,20.8,20.8,20.7,20.7,20.8,20.8,20.7,20.7,20.7,20.8,20.8,20.7,20.7,20.7,20.7,20.7,20.8,20.7,20.6,20.7,20.7,20.7,20.8,20.8,20.7,20.6,20.7,20.7,20.7,20.8,20.7,20.7,20.7,20.7,20.6,20.7,20.7,20.7,20.7,20.6,20.7,20.6,20.7,20.6,20.7,20.7,20.8,20.7,20.6,20.7,20.7,20.7,20.7,20.7,20.7,20.7,20.7,20.7,20.7,20.6,20.7,20.7,20.7,20.7,20.5,20.6,20.7,20.7,20.6,20.7,20.7,20.7,20.6,20.6,20.5,20.7,20.7,20.6,20.7,20.5,20.5,20.5,20.5,20.7,20.7,20.6,20.7,20.7,20.5,20.6,20.6,20.5,20.5,20.6,20.6,20.6,20.7,20.7,20.7,20.7,20.7,20.7,20.6,20.7,20.7,20.6,20.6,20.7,20.6,20.7,20.8,20.8,20.7,20.6,20.8,20.7,20.7,20.7,20.7,20.7,20.7,20.7,20.7,20.6,20.7,20.7,20.7,20.6,20.6,20.8,20.8,20.8,20.7,20.5,20.6,20.7,20.8,20.5,20.7,20.8,20.8,20.9,20.6,20.7,20.9,20.7,20.7,20.7,20.9,20.7,20.7,20.8,20.7
98,21.2,21.0,21.0,21.0,21.0,21.0,21.0,21.0,21.0,21.0,20.8,20.9,21.0,20.9,21.0,21.0,21.0,21.0,20.9,21.0,20.8,20.9,20.9,20.9,21.0,21.0,21.0,20.8,21.0,21.0,21.0,20.9,21.0,20.8,20.9,20.8,21.0,20.9,20.8,20.8,20.9,20.8,20.9,20.9,20.8,20.8,20.9,20.8,20.7,20.8,20.8,20.8,20.8,20.7,20.9,20.8,20.8,20.9,20.9,20.8,20.7,20.8,20.8,20.8,20.7,20.7,20.7,20.8,21.0,20.8,20.7,20.8,20.7,20.8,20.8,20.8,20.8,20.7,20.8,20.7,20.9,20.9,20.7,20.8,20.8,20.8,21.0,21.0,20.9,20.9,21.0,20.8,20.7,20.7,20.8,20.8,20.7,20.7,20.8,20.7,20.8,20.8,20.8,20.7,20.9,20.7,20.8,20.7,20.7,20.8,20.9,20.8,20.8,20.7,20.7,20.7,20.7,20.8,20.7,20.7,20.7,20.7,20.8,20.8,20.8,20.8,20.7,20.7,20.7,20.7,20.6,20.5,20.7,20.7,20.7,20.7,20.7,20.6,20.7,20.7,20.7,20.6,20.6,20.6,20.5,20.7,20.6,20.7,20.7,20.7,20.7,20.7,20.6,20.7,20.6,20.7,20.7,20.6,20.7,20.7,20.7,20.7,20.7,20.7,20.7,20.7,20.7,20.6,20.6,20.6,20.6,20.6,20.7,20.6,20.6,20.6,20.5,20.7,20.7,20.5,20.7,20.5,20.6,20.7,20.7,20.5,20.5,20.5,20.6,20.7,20.7,20.5,20.7,20.6,20.5,20.5,20.6,20.6,20.7,20.7,20.8,20.7,20.7,20.8,20.8,20.7,20.7,20.6,20.7,20.6,20.5,20.7,20.6,20.7,20.7,20.7,20.7,20.7,20.7,20.7,20.7,20.7,20.6,20.6,20.7,20.5,20.5,20.7,20.7,20.7,20.7,20.7,20.7,20.7,20.7,20.7,20.7,20.7,20.8,20.7,20.7,20.7,20.9,20.9,20.7,20.7,20.8,20.8,20.7,20.7,20.6,20.5,20.6,20.7,20.7,20.8
99,20.9,21.0,21.0,21.0,21.0,21.2,21.0,21.0,21.2,21.0,20.8,20.8,20.9,21.0,21.0,21.0,21.2,21.0,21.0,21.0,21.0,20.9,21.0,20.9,20.9,21.0,21.0,20.9,21.2,21.0,20.8,21.0,20.9,21.0,21.0,20.9,21.0,20.9,20.9,20.8,20.9,20.9,20.8,20.9,21.0,20.9,21.0,20.7,20.8,20.8,20.9,20.9,21.0,21.0,20.9,21.2,20.8,20.8,20.8,21.0,20.9,20.8,20.8,20.8,20.8,20.8,20.7,20.8,20.8,20.8,20.8,20.7,20.9,20.8,20.8,20.8,20.9,20.8,20.8,20.8,20.8,20.9,20.8,20.8,20.9,21.0,21.0,20.8,21.0,20.9,20.9,20.9,20.7,20.7,20.7,20.7,20.8,20.7,20.8,20.7,20.7,20.8,20.7,20.7,20.8,20.8,20.8,20.8,20.8,20.8,20.7,20.8,20.8,20.7,20.8,20.7,20.8,20.9,20.8,20.7,20.7,20.7,20.8,20.8,20.7,20.8,20.7,20.7,20.8,20.6,20.6,20.7,20.6,20.7,20.7,20.7,20.7,20.7,20.7,20.8,20.8,20.6,20.5,20.5,20.7,20.7,20.7,20.7,20.7,20.7,20.7,20.7,20.6,20.6,20.7,20.6,20.7,20.6,20.6,20.6,20.7,20.7,20.7,20.7,20.7,20.7,20.7,20.6,20.7,20.7,20.5,20.6,20.6,20.7,20.7,20.6,20.7,20.7,20.7,20.7,20.6,20.6,20.6,20.4,20.6,20.7,20.7,20.6,20.5,20.7,20.6,20.6,20.7,20.5,20.6,20.5,20.6,20.6,20.6,20.8,20.7,20.7,20.7,20.7,20.7,20.6,20.6,20.5,20.6,20.6,20.5,20.7,20.7,20.7,20.5,20.7,20.6,20.7,20.6,20.7,20.7,20.8,20.7,20.7,20.7,20.6,20.6,20.7,20.7,20.7,20.6,20.8,20.8,20.8,20.7,20.6,20.6,20.6,20.7,20.9,20.7,20.8,20.8,20.8,20.8,20.8,20.7,20.8,20.7,20.6,20.6,20.7,20.9,20.6,20.6,20.7
100,21.2,21.0,21.0,21.0,21.0,21.0,21.0,20.9,20.9,21.0,21.0,21.0,21.0,20.9,21.0,20.9,20.9,20.8,20.9,20.8,21.0,20.9,21.0,21.0,21.0,20.9,20.9,20.9,21.0,21.0,21.0,21.0,20.9,21.0,20.9,20.9,20.9,20.9,20.8,20.9,21.0,20.9,20.8,20.8,20.8,20.8,20.8,20.9,20.9,20.8,20.9,20.9,20.9,20.9,20.8,20.8,20.8,20.7,20.8,20.9,20.8,21.0,20.7,20.8,20.7,20.8,20.8,20.8,20.7,20.7,20.8,20.7,20.8,20.8,20.8,20.8,20.7,20.8,20.7,20.8,20.7,20.7,20.7,20.8,20.8,20.8,20.9,20.8,20.8,20.8,20.8,20.8,20.9,20.8,20.8,20.8,20.8,20.8,20.7,20.8,20.7,20.7,20.7,20.7,20.8,20.7,20.9,20.8,20.8,20.7,20.7,20.7,20.8,20.7,20.7,20.6,20.7,20.8,20.7,20.8,20.8,20.6,20.8,20.7,20.7,20.7,20.7,20.7,20.7,20.7,20.6,20.7,20.6,20.7,20.6,20.7,20.6,20.7,20.7,20.7,20.7,20.7,20.6,20.7,20.7,20.5,20.7,20.8,20.7,20.7,20.6,20.6,20.7,20.6,20.6,20.6,20.5,20.7,20.6,20.7,20.7,20.7,20.7,20.7,20.7,20.7,20.6,20.7,20.5,20.5,20.5,20.5,20.6,20.6,20.6,20.6,20.6,20.7,20.7,20.6,20.7,20.6,20.5,20.6,20.4,20.6,20.6,20.5,20.5,20.7,20.6,20.5,20.5,20.5,20.7,20.6,20.5,20.6,20.5,20.6,20.6,20.7,20.7,20.7,20.5,20.4,20.6,20.6,20.5,20.6,20.6,20.7,20.6,20.7,20.6,20.7,20.5,20.5,20.6,20.7,20.7,20.7,20.6,20.6,20.7,20.7,20.7,20.7,20.7,20.7,20.8,20.8,20.9,20.7,20.7,20.7,20.6,20.8,20.7,20.7,20.7,20.8,20.7,20.8,20.7,20.9,20.8,20.8,20.7,20.7,20.7,20.7,20.6,20.8,20.7,20.5
101,20.9,21.0,20.8,20.9,20.9,20.9,20.8,21.0,21.0,21.0,20.9,21.0,21.0,20.8,21.0,20.8,20.9,20.8,21.0,20.9,21.0,20.9,20.9,21.2,20.9,20.9,20.8,21.0,20.8,21.0,20.8,20.9,21.0,21.0,21.0,20.8,20.9,20.9,20.9,21.0,21.0,20.8,20.7,20.8,20.8,20.9,20.9,20.9,20.8,20.8,20.8,20.8,20.8,21.0,20.9,20.9,20.7,20.9,21.0,20.9,20.8,20.8,20.8,20.8,20.8,20.8,20.8,20.8,20.8,20.7,20.8,20.8,20.9,20.9,20.8,20.8,20.8,20.7,20.7,20.7,20.8,20.7,20.8,20.8,20.7,20.7,20.9,20.8,20.7,21.0,20.8,20.9,20.8,20.8,20.8,20.7,20.8,20.8,20.9,20.8,20.8,20.7,20.7,20.7,20.8,20.7,20.8,20.7,20.7,20.7,20.7,20.7,20.7,20.8,20.7,20.8,20.8,20.7,20.7,20.7,20.7,20.7,20.8,20.7,20.7,20.7,20.7,20.7,20.7,20.7,20.7,20.7,20.7,20.6,20.7,20.7,20.7,20.5,20.7,20.6,20.7,20.5,20.7,20.6,20.6,20.6,20.5,20.7,20.5,20.7,20.6,20.6,20.7,20.6,20.6,20.7,20.6,20.7,20.7,20.7,20.6,20.7,20.7,20.7,20.6,20.6,20.7,20.6,20.7,20.6,20.6,20.5,20.7,20.7,20.5,20.5,20.6,20.6,20.6,20.6,20.7,20.6,20.5,20.7,20.7,20.5,20.7,20.5,20.5,20.5,20.5,20.6,20.5,20.7,20.5,20.6,20.7,20.5,20.6,20.6,20.5,20.6,20.6,20.7,20.7,20.5,20.5,20.5,20.6,20.7,20.7,20.7,20.5,20.6,20.7,20.7,20.5,20.7,20.7,20.7,20.7,20.8,20.7,20.8,20.7,20.7,20.7,20.7,20.8,20.7,20.7,20.8,20.7,20.7,20.6,20.7,20.7,20.7,20.7,20.7,20.7,20.7,20.8,20.8,20.6,20.7,20.8,20.8,20.7,20.5,20.8,20.7,20.7,20.6,20.7,20.7
102,21.0,21.0,20.8,21.0,21.0,20.9,20.9,20.9,21.2,21.2,21.0,20.8,21.0,20.8,20.9,21.0,21.0,20.9,21.0,20.9,20.8,20.9,21.0,21.0,20.8,20.8,20.9,20.7,21.0,20.9,20.9,21.0,21.0,20.9,21.0,20.9,20.8,21.0,20.8,20.8,20.9,20.8,20.7,20.8,20.9,20.9,20.9,20.8,20.8,21.0,20.9,20.8,21.0,20.8,21.0,20.8,20.8,20.9,20.8,20.8,20.8,20.9,20.8,20.7,20.9,21.0,20.8,20.7,20.8,20.8,20.9,20.8,21.0,20.8,20.9,20.8,20.8,20.7,20.8,20.7,20.8,20.8,20.8,20.8,20.8,20.7,20.7,20.7,20.7,20.8,20.8,20.7,20.8,20.8,20.8,20.8,20.8,20.7,20.8,20.8,20.7,20.7,20.8,20.6,20.7,20.7,20.8,20.8,20.7,20.7,20.7,20.7,20.7,20.8,20.7,20.7,20.8,20.7,20.7,20.6,20.7,20.7,20.8,20.7,20.6,20.5,20.7,20.6,20.7,20.7,20.7,20.6,20.6,20.5,20.7,20.6,20.6,20.6,20.7,20.7,20.6,20.7,20.7,20.6,20.6,20.6,20.6,20.7,20.5,20.5,20.7,20.6,20.5,20.7,20.7,20.7,20.6,20.6,20.5,20.6,20.7,20.6,20.7,20.6,20.7,20.6,20.6,20.7,20.5,20.4,20.5,20.5,20.5,20.6,20.7,20.5,20.5,20.6,20.7,20.6,20.6,20.7,20.6,20.6,20.6,20.6,20.6,20.6,20.5,20.6,20.6,20.5,20.6,20.5,20.5,20.5,20.6,20.7,20.7,20.6,20.6,20.6,20.6,20.6,20.6,20.7,20.6,20.7,20.7,20.6,20.7,20.6,20.6,20.7,20.6,20.7,20.6,20.7,20.7,20.7,20.6,20.5,20.7,20.7,20.7,20.6,20.6,20.8,20.7,20.7,20.7,20.7,20.5,20.7,20.7,20.6,20.7,20.6,20.8,20.7,20.6,20.7,20.7,20.6,20.6,20.6,20.7,20.7,20.8,20.7,20.7,20.6,20.7,20.7,20.6,20.5
103,21.2,20.9,21.0,20.9,20.8,21.0,20.9,21.0,21.0,21.0,21.0,20.9,21.0,20.9,21.0,20.9,21.0,21.0,21.2,21.0,20.9,20.8,20.9,20.8,20.9,20.7,20.8,21.0,20.9,20.9,20.8,20.9,20.8,20.8,21.0,20.9,20.8,20.9,20.8,20.9,20.7,20.9,20.7,20.8,20.8,20.8,20.7,20.9,20.9,20.8,20.9,21.0,20.9,20.8,20.8,20.9,20.8,20.9,20.9,20.8,20.7,20.8,20.7,20.9,20.8,21.0,20.7,20.7,20.7,20.7,20.8,21.0,20.8,20.8,20.8,20.8,20.7,20.9,20.8,20.7,20.8,20.8,20.8,20.9,20.8,20.8,20.8,20.8,20.8,20.8,20.8,20.8,20.9,20.8,20.7,20.8,20.7,20.6,20.7,20.7,20.7,20.8,20.8,20.7,20.7,20.7,20.8,20.8,20.8,20.8,20.7,20.8,20.8,20.7,20.7,20.8,20.7,20.7,20.7,20.7,20.8,20.7,20.7,20.8,20.7,20.7,20.7,20.5,20.6,20.5,20.6,20.6,20.5,20.4,20.6,20.6,20.6,20.6,20.7,20.6,20.6,20.6,20.7,20.7,20.7,20.6,20.7,20.6,20.7,20.6,20.7,20.7,20.7,20.6,20.7,20.7,20.6,20.6,20.5,20.6,20.5,20.7,20.5,20.5,20.5,20.7,20.6,20.5,20.4,20.5,20.5,20.7,20.6,20.5,20.5,20.6,20.6,20.5,20.6,20.6,20.7,20.6,20.7,20.7,20.6,20.6,20.5,20.6,20.5,20.6,20.4,20.4,20.5,20.6,20.4,20.6,20.5,20.6,20.6,20.5,20.5,20.4,20.7,20.7,20.6,20.6,20.6,20.7,20.7,20.6,20.5,20.5,20.6,20.6,20.5,20.7,20.6,20.6,20.6,20.6,20.8,20.7,20.7,20.7,20.7,20.7,20.6,20.7,20.7,20.7,20.7,20.7,20.7,20.8,20.7,20.7,20.7,20.7,20.9,20.7,20.6,20.6,20.6,20.7,20.6,20.6,20.7,20.6,20.7,20.7,20.5,20.5,20.6,20.6,20.7,20.7
104,21.0,21.2,20.9,21.0,20.9,21.0,21.0,21.0,20.8,21.0,21.0,21.0,21.0,21.0,21.0,21.0,21.2,21.0,21.0,21.0,21.0,21.0,21.0,20.7,20.8,20.9,20.8,20.8,20.8,20.9,21.0,20.9,20.9,20.9,21.0,20.9,21.0,21.0,20.8,20.7,20.8,20.7,20.8,20.8,20.9,20.9,20.8,20.7,21.0,20.9,20.9,20.8,20.8,20.8,20.8,20.8,20.8,21.0,20.9,20.9,20.9,20.8,20.9,20.8,20.8,20.9,20.8,20.8,20.7,20.9,20.8,20.8,20.8,20.8,20.8,20.7,20.7,20.8,20.8,20.8,20.7,20.9,20.8,20.9,20.9,20.9,20.9,20.8,20.8,20.8,20.8,20.8,20.8,20.8,20.6,20.7,20.7,20.8,20.7,20.8,20.8,20.8,20.7,20.8,20.8,20.8,20.8,20.7,20.8,20.8,20.9,20.8,20.8,20.7,20.7,20.7,20.8,20.7,20.7,20.7,20.7,20.8,20.7,20.7,20.7,20.7,20.7,20.6,20.6,20.5,20.6,20.6,20.5,20.7,20.6,20.7,20.6,20.7,20.7,20.6,20.6,20.7,20.7,20.7,20.7,20.7,20.6,20.7,20.6,20.7,20.6,20.5,20.5,20.5,20.5,20.6,20.5,20.6,20.5,20.6,20.6,20.7,20.6,20.5,20.7,20.6,20.6,20.6,20.5,20.5,20.6,20.5,20.5,20.6,20.7,20.5,20.5,20.6,20.7,20.6,20.6,20.5,20.6,20.5,20.6,20.5,20.6,20.5,20.6,20.5,20.5,20.7,20.5,20.6,20.4,20.5,20.7,20.6,20.7,20.5,20.6,20.6,20.7,20.7,20.6,20.5,20.5,20.5,20.7,20.7,20.5,20.5,20.5,20.6,20.7,20.7,20.7,20.7,20.6,20.8,20.7,20.7,20.7,20.8,20.7,20.7,20.5,20.7,20.7,20.6,20.7,20.7,20.7,20.7,20.7,20.7,20.6,20.7,20.7,20.7,20.7,20.7,20.7,20.6,20.5,20.6,20.8,20.7,20.7,20.7,20.5,20.7,20.7,20.7,20.7,20.8
105,21.0,21.0,20.9,20.9,21.0,20.8,21.0,20.8,21.0,20.9,21.0,20.9,20.9,21.0,21.0,20.9,20.9,20.9,20.8,20.9,20.9,20.9,20.8,20.8,20.8,20.8,20.8,20.8,20.9,20.8,20.8,20.9,20.8,20.8,20.8,20.8,20.9,20.9,20.9,20.8,20.8,20.9,20.9,20.8,20.8,20.9,20.8,20.7,20.7,20.7,20.9,20.8,20.8,20.8,21.0,20.7,20.9,20.9,20.9,20.9,20.8,20.8,20.8,20.9,20.8,20.9,20.8,20.7,20.8,20.8,20.8,20.7,20.7,20.8,20.8,20.7,20.7,20.7,20.7,20.9,20.8,20.8,20.8,20.8,20.8,20.8,20.8,20.9,20.9,20.8,20.8,20.8,20.8,20.8,20.7,20.7,20.7,20.7,20.8,20.8,20.7,20.7,20.8,20.8,20.7,20.8,20.7,20.7,20.8,20.7,20.9,20.7,20.7,20.8,20.7,20.8,20.7,20.6,20.7,20.7,20.7,20.7,20.6,20.7,20.7,20.7,20.7,20.6,20.7,20.7,20.6,20.7,20.7,20.7,20.8,20.6,20.7,20.7,20.7,20.6,20.7,20.6,20.7,20.5,20.5,20.6,20.7,20.6,20.7,20.7,20.7,20.5,20.6,20.5,20.5,20.6,20.5,20.5,20.5,20.7,20.5,20.6,20.6,20.5,20.5,20.5,20.7,20.6,20.6,20.5,20.5,20.5,20.4,20.5,20.5,20.5,20.6,20.5,20.7,20.6,20.7,20.7,20.4,20.7,20.6,20.6,20.5,20.5,20.4,20.5,20.6,20.6,20.5,20.6,20.4,20.7,20.7,20.7,20.6,20.6,20.5,20.5,20.5,20.7,20.5,20.6,20.5,20.5,20.5,20.7,20.6,20.6,20.6,20.5,20.6,20.7,20.7,20.7,20.7,20.7,20.7,20.7,20.6,20.5,20.6,20.7,20.7,20.6,20.6,20.6,20.7,20.7,20.7,20.7,20.7,20.7,20.7,20.8,20.7,20.7,20.7,20.7,20.7,20.4,20.5,20.5,20.7,20.7,20.5,20.5,20.5,20.5,20.6,20.7,20.5,20.6
106,21.0,21.2,20.8,20.8,21.0,21.0,20.8,21.0,20.9,21.0,21.0,20.8,21.0,21.0,21.0,21.0,20.9,20.9,20.9,21.0,20.8,21.0,21.0,21.0,20.8,20.8,20.9,20.9,20.8,20.8,20.7,20.8,20.7,20.9,20.9,21.0,21.0,20.9,20.8,20.9,20.8,20.7,20.8,20.8,20.7,20.7,20.9,20.7,20.7,20.8,20.7,20.8,20.7,20.8,20.8,20.8,20.9,20.8,20.9,20.9,20.8,20.8,20.9,20.8,20.9,20.8,20.7,20.7,20.9,20.7,20.8,20.8,20.7,20.9,20.8,20.7,20.7,20.7,20.7,20.9,20.8,20.7,20.8,20.8,20.9,20.9,20.8,20.9,20.8,20.7,20.9,20.8,20.7,20.7,20.7,20.7,20.7,20.7,20.7,20.7,20.7,20.7,20.8,20.7,20.8,20.8,20.7,20.7,20.7,20.8,20.8,20.7,20.8,20.8,20.8,20.8,20.7,20.7,20.7,20.7,20.7,20.7,20.7,20.7,20.8,20.7,20.7,20.6,20.6,20.7,20.7,20.8,20.6,20.8,20.7,20.5,20.7,20.7,20.6,20.6,20.6,20.6,20.6,20.6,20.5,20.7,20.7,20.7,20.7,20.7,20.7,20.6,20.5,20.5,20.5,20.5,20.5,20.6,20.6,20.6,20.5,20.5,20.5,20.6,20.5,20.5,20.5,20.6,20.7,20.6,20.5,20.5,20.5,20.7,20.7,20.5,20.5,20.5,20.7,20.6,20.6,20.6,20.5,20.5,20.5,20.5,20.5,20.5,20.5,20.5,20.5,20.4,20.5,20.5,20.5,20.7,20.5,20.6,20.6,20.6,20.7,20.5,20.7,20.6,20.4,20.5,20.6,20.5,20.5,20.6,20.5,20.7,20.5,20.6,20.6,20.7,20.5,20.5,20.5,20.6,20.5,20.6,20.5,20.4,20.7,20.7,20.7,20.7,20.7,20.7,20.7,20.7,20.7,20.7,20.7,20.7,20.5,20.7,20.7,20.7,20.6,20.5,20.7,20.6,20.6,20.5,20.7,20.6,20.6,20.7,20.6,20.7,20.4,20.6,20.5,20.4
107,21.0,20.9,21.0,20.8,21.0,20.9,21.0,21.0,21.0,20.9,20.9,21.0,20.8,21.0,21.0,21.0,20.9,20.9,21.0,20.9,20.8,20.8,20.9,20.8,20.8,20.7,20.8,20.8,21.0,20.8,20.8,20.7,20.8,20.8,21.0,20.9,20.9,20.9,20.9,20.8,20.9,20.8,20.8,20.8,20.8,20.9,20.7,20.8,21.0,20.9,20.8,20.8,20.8,20.7,20.7,20.7,20.8,20.8,21.0,20.9,20.7,20.8,20.9,20.8,20.9,20.9,20.8,20.7,20.7,20.8,20.7,20.8,20.7,20.8,20.8,20.7,20.9,20.8,20.8,20.9,20.8,20.8,20.9,20.7,20.8,20.8,20.8,20.8,20.7,20.7,20.9,20.7,20.8,20.7,20.7,20.7,20.7,20.7,20.7,20.7,20.7,20.8,20.8,20.7,20.8,20.7,20.8,20.7,20.7,20.8,20.7,20.7,20.8,20.7,20.9,20.8,20.7,20.8,20.7,20.7,20.6,20.7,20.6,20.7,20.7,20.6,20.5,20.7,20.7,20.5,20.7,20.7,20.7,20.7,20.6,20.7,20.7,20.6,20.6,20.7,20.6,20.7,20.7,20.7,20.6,20.7,20.7,20.7,20.7,20.7,20.6,20.5,20.5,20.6,20.5,20.6,20.6,20.6,20.6,20.7,20.6,20.6,20.5,20.5,20.5,20.5,20.6,20.6,20.5,20.5,20.5,20.6,20.5,20.5,20.5,20.5,20.5,20.5,20.5,20.5,20.4,20.6,20.6,20.5,20.5,20.4,20.4,20.5,20.5,20.5,20.5,20.4,20.4,20.5,20.6,20.6,20.4,20.5,20.5,20.5,20.5,20.4,20.5,20.7,20.5,20.5,20.5,20.5,20.5,20.5,20.5,20.7,20.7,20.5,20.5,20.5,20.5,20.5,20.5,20.5,20.7,20.7,20.6,20.6,20.5,20.7,20.6,20.7,20.5,20.6,20.7,20.6,20.7,20.7,20.7,20.6,20.7,20.6,20.8,20.6,20.6,20.6,20.5,20.4,20.5,20.5,20.5,20.6,20.5,20.6,20.7,20.5,20.6,20.5,20.6,20.5
108,21.0,20.8,21.0,20.9,20.9,20.9,21.0,20.9,21.2,21.0,20.8,20.9,20.9,20.8,20.8,20.9,20.8,20.9,20.8,21.0,20.8,20.8,20.9,20.8,20.8,20.8,20.8,20.8,20.9,20.8,20.8,20.8,20.9,20.8,21.0,20.9,20.9,20.9,20.8,20.8,20.9,20.7,20.7,20.7,20.8,20.7,20.7,20.8,20.8,20.8,20.8,20.8,20.8,20.7,20.8,20.8,20.9,20.8,21.0,20.7,20.8,20.8,20.7,20.9,20.8,20.7,20.7,20.8,20.8,20.8,20.7,20.7,20.7,20.8,20.8,20.8,20.8,20.7,20.8,20.9,20.8,20.8,20.7,20.8,20.7,20.8,20.8,20.8,20.7,20.8,20.7,20.9,20.8,20.8,20.8,20.7,20.8,20.7,20.7,20.7,20.7,20.7,20.8,20.8,20.8,20.8,20.8,20.8,20.7,20.8,20.7,20.7,20.7,20.8,20.8,20.8,20.9,20.7,20.7,20.7,20.5,20.6,20.7,20.7,20.6,20.7,20.7,20.7,20.7,20.7,20.6,20.6,20.6,20.6,20.5,20.7,20.6,20.7,20.7,20.6,20.7,20.6,20.6,20.7,20.5,20.7,20.7,20.7,20.7,20.6,20.6,20.5,20.5,20.6,20.7,20.5,20.5,20.7,20.6,20.6,20.7,20.6,20.5,20.5,20.7,20.7,20.6,20.6,20.6,20.6,20.5,20.5,20.5,20.5,20.6,20.6,20.6,20.7,20.6,20.5,20.6,20.5,20.5,20.5,20.5,20.5,20.4,20.5,20.6,20.6,20.6,20.5,20.5,20.4,20.5,20.4,20.5,20.5,20.5,20.5,20.5,20.6,20.5,20.6,20.5,20.5,20.4,20.5,20.6,20.5,20.5,20.8,20.6,20.6,20.5,20.5,20.5,20.6,20.6,20.6,20.4,20.7,20.5,20.5,20.6,20.5,20.7,20.5,20.5,20.5,20.7,20.6,20.7,20.7,20.7,20.7,20.8,20.7,20.7,20.7,20.6,20.7,20.5,20.6,20.5,20.6,20.5,20.5,20.5,20.7,20.5,20.6,20.7,20.8,20.7,20.8
109,20.8,20.8,20.8,20.9,20.9,20.7,20.8,20.9,20.9,20.8,20.9,20.8,20.8,21.0,20.9,20.8,20.8,20.8,20.8,20.8,20.9,20.7,20.7,20.8,20.8,20.7,20.8,20.8,20.9,20.9,20.6,20.8,20.8,20.8,20.9,20.7,20.9,20.8,20.9,20.8,20.9,20.7,20.8,20.8,20.7,20.8,20.7,20.8,20.8,20.8,20.8,20.7,20.7,20.8,20.7,20.7,20.8,20.7,20.8,20.9,20.7,20.8,20.8,20.8,20.7,20.7,20.7,20.8,20.8,20.7,20.7,20.7,20.7,20.7,20.8,20.7,20.7,20.8,20.8,20.8,20.8,20.7,20.7,20.7,20.7,20.7,20.7,20.8,20.8,20.7,20.7,20.8,20.8,20.7,20.7,20.7,20.7,20.7,20.8,20.8,20.8,20.8,20.8,20.7,20.7,20.7,20.8,20.8,20.8,20.7,20.7,20.7,20.8,20.8,20.8,20.8,20.8,20.7,20.7,20.6,20.6,20.6,20.5,20.7,20.6,20.7,20.6,20.7,20.6,20.7,20.6,20.7,20.7,20.5,20.7,20.7,20.6,20.7,20.6,20.7,20.7,20.8,20.7,20.6,20.6,20.7,20.6,20.7,20.6,20.6,20.7,20.6,20.7,20.7,20.7,20.7,20.6,20.6,20.6,20.5,20.6,20.4,20.5,20.5,20.5,20.7,20.5,20.6,20.5,20.6,20.6,20.6,20.5,20.5,20.5,20.6,20.5,20.5,20.6,20.5,20.6,20.5,20.6,20.6,20.4,20.4,20.5,20.5,20.5,20.5,20.4,20.6,20.6,20.5,20.5,20.4,20.5,20.6,20.5,20.4,20.5,20.4,20.5,20.5,20.5,20.5,20.5,20.7,20.5,20.5,20.5,20.5,20.6,20.5,20.7,20.6,20.5,20.6,20.6,20.5,20.5,20.5,20.6,20.5,20.5,20.5,20.5,20.4,20.7,20.7,20.7,20.7,20.7,20.7,20.7,20.7,20.7,20.6,20.7,20.7,20.5,20.7,20.6,20.7,20.5,20.6,20.5,20.5,20.6,20.7,20.6,20.8,20.6,20.7,20.6,21.0
110,20.8,20.8,21.0,20.9,20.8,20.8,20.8,21.0,21.0,20.8,21.0,21.0,20.9,20.8,21.0,20.9,20.9,20.8,20.8,20.8,21.0,21.0,21.0,20.8,20.8,20.8,21.0,20.9,20.9,20.8,20.7,20.8,20.8,20.8,20.7,20.8,20.7,20.8,20.9,20.8,20.8,20.8,20.9,20.9,20.8,20.8,20.7,20.8,20.7,20.7,20.7,20.8,20.8,20.8,20.8,20.8,20.8,20.8,20.7,20.9,20.7,20.7,20.7,20.8,20.7,20.8,20.7,20.7,20.7,20.8,20.7,20.7,20.7,20.7,20.7,20.7,20.8,20.8,20.7,20.8,20.7,20.8,20.8,20.7,20.6,20.8,20.7,20.6,20.7,20.8,20.7,20.8,20.7,20.8,20.8,20.8,20.7,20.7,20.7,20.8,20.7,20.7,20.7,20.8,20.7,20.6,20.7,20.7,20.7,20.8,20.7,20.7,20.7,20.8,20.7,20.8,20.7,20.7,20.6,20.6,20.5,20.5,20.7,20.7,20.7,20.7,20.7,20.7,20.7,20.7,20.7,20.6,20.7,20.7,20.5,20.6,20.6,20.6,20.7,20.7,20.7,20.7,20.7,20.7,20.7,20.8,20.7,20.7,20.6,20.5,20.6,20.6,20.7,20.7,20.6,20.6,20.6,20.7,20.7,20.7,20.7,20.6,20.6,20.6,20.6,20.5,20.6,20.6,20.6,20.6,20.6,20.7,20.7,20.4,20.5,20.5,20.7,20.5,20.5,20.5,20.6,20.7,20.5,20.6,20.6,20.7,20.7,20.7,20.5,20.7,20.5,20.7,20.7,20.5,20.5,20.5,20.5,20.5,20.4,20.6,20.4,20.6,20.5,20.6,20.6,20.5,20.6,20.5,20.5,20.5,20.5,20.6,20.7,20.7,20.6,20.6,20.6,20.6,20.7,20.5,20.5,20.4,20.5,20.5,20.5,20.5,20.5,20.6,20.7,20.5,20.6,20.7,20.7,20.7,20.7,20.7,20.7,20.7,20.8,20.7,20.6,20.5,20.6,20.7,20.5,20.5,20.5,20.6,20.5,20.6,20.5,20.6,20.4,20.4,20.4,20.6
111,20.8,20.8,20.8,20.8,20.7,20.9,20.8,20.8,20.9,20.8,20.9,20.9,20.7,20.8,20.9,21.0,21.0,20.9,20.7,20.7,20.7,21.0,20.8,20.8,20.9,20.8,20.7,20.9,20.8,20.8,20.8,20.7,20.7,20.8,20.7,20.7,20.7,20.8,20.6,20.8,20.8,20.7,20.7,20.8,20.7,20.8,20.8,20.7,20.7,20.7,20.7,20.7,20.7,20.7,20.7,20.8,20.8,20.8,20.7,20.7,20.7,20.7,20.8,20.7,20.7,20.6,20.7,20.8,20.7,20.7,20.9,20.7,20.7,20.7,20.7,20.7,20.7,20.8,20.8,20.8,20.7,20.7,20.7,20.7,20.7,20.7,20.6,20.6,20.7,20.7,20.7,20.7,20.7,20.8,20.7,20.7,20.8,20.7,20.7,20.7,20.8,20.7,20.8,20.7,20.8,20.7,20.7,20.7,20.8,20.7,20.7,20.6,20.7,20.8,20.7,20.7,20.7,20.7,20.7,20.7,20.4,20.5,20.5,20.7,20.7,20.5,20.7,20.7,20.7,20.7,20.7,20.7,20.6,20.7,20.7,20.7,20.7,20.6,20.7,20.7,20.7,20.7,20.7,20.6,20.7,20.7,20.7,20.7,20.7,20.6,20.7,20.7,20.7,20.7,20.7,20.6,20.6,20.7,20.7,20.7,20.7,20.5,20.7,20.5,20.5,20.5,20.6,20.5,20.5,20.6,20.7,20.7,20.6,20.6,20.5,20.5,20.6,20.6,20.4,20.5,20.6,20.5,20.6,20.5,20.6,20.5,20.6,20.7,20.5,20.7,20.6,20.5,20.6,20.7,20.6,20.6,20.5,20.6,20.6,20.4,20.5,20.5,20.5,20.5,20.5,20.7,20.5,20.4,20.6,20.5,20.5,20.5,20.5,20.6,20.5,20.5,20.5,20.7,20.6,20.6,20.5,20.5,20.7,20.7,20.4,20.6,20.5,20.5,20.5,20.6,20.6,20.5,20.7,20.7,20.7,20.7,20.7,20.7,20.7,20.7,20.7,20.5,20.7,20.7,20.6,20.5,20.7,20.6,20.6,20.4,20.6,20.5,20.5,20.5,20.6,20.7
112,20.7,20.8,21.0,20.9,20.8,20.8,20.8,20.9,20.8,21.0,20.9,20.9,20.8,20.9,21.0,20.9,20.8,20.8,20.7,20.7,20.8,20.8,20.9,20.7,21.0,20.7,20.8,20.8,20.9,20.8,20.8,20.8,20.8,20.8,20.7,20.7,20.7,20.7,20.7,20.7,20.8,20.8,20.8,20.7,20.7,20.8,20.8,20.7,20.7,20.8,20.7,20.7,20.7,20.7,20.7,20.7,20.7,20.7,20.7,20.7,20.7,20.7,20.7,20.7,20.7,20.8,20.7,20.8,20.8,20.6,20.7,20.8,20.7,20.7,20.7,20.8,20.8,20.8,20.8,20.7,20.7,20.8,20.7,20.7,20.7,20.7,20.6,20.7,20.7,20.7,20.7,20.7,20.7,20.7,20.7,20.8,20.7,20.7,20.6,20.7,20.7,20.7,20.7,20.7,20.7,20.7,20.7,20.7,20.7,20.7,20.7,20.8,20.7,20.7,20.7,20.7,20.7,20.6,20.7,20.6,20.6,20.6,20.7,20.7,20.7,20.7,20.7,20.7,20.7,20.7,20.7,20.7,20.7,20.8,20.7,20.7,20.6,20.6,20.7,20.6,20.5,20.6,20.6,20.7,20.6,20.7,20.6,20.6,20.7,20.7,20.6,20.6,20.5,20.7,20.7,20.7,20.5,20.5,20.7,20.6,20.7,20.7,20.6,20.6,20.5,20.6,20.5,20.7,20.5,20.5,20.6,20.6,20.6,20.6,20.6,20.5,20.4,20.6,20.5,20.6,20.7,20.5,20.5,20.6,20.6,20.6,20.6,20.5,20.7,20.6,20.6,20.6,20.7,20.6,20.5,20.6,20.5,20.5,20.7,20.6,20.5,20.7,20.5,20.5,20.7,20.7,20.5,20.6,20.6,20.6,20.7,20.7,20.5,20.5,20.5,20.7,20.6,20.7,20.7,20.6,20.4,20.5,20.5,20.5,20.7,20.6,20.7,20.5,20.6,20.6,20.5,20.7,20.6,20.7,20.7,20.6,20.6,20.7,20.8,20.5,20.6,20.6,20.7,20.6,20.6,20.7,20.7,20.7,20.7,20.6,20.5,20.5,20.6,20.4,20.5,20.7
113,20.7,20.7,20.8,20.8,20.9,20.8,20.9,20.8,20.9,20.9,20.7,20.9,20.8,20.8,20.8,21.0,20.9,20.8,20.8,20.8,20.9,20.8,20.9,20.8,20.8,20.9,20.8,21.0,21.0,20.8,20.8,20.8,20.7,20.8,20.8,20.7,20.7,20.6,20.8,20.8,20.7,20.8,20.7,20.7,20.7,20.7,20.6,20.7,20.6,20.7,20.7,20.7,20.7,20.7,20.7,20.7,20.7,20.7,20.6,20.7,20.7,20.7,20.7,20.7,20.7,20.7,20.7,20.7,20.7,20.7,20.8,20.7,20.7,20.7,20.6,20.7,20.7,20.7,20.7,20.7,20.7,20.7,20.8,20.7,20.7,20.7,20.7,20.7,20.6,20.6,20.7,20.7,20.7,20.7,20.8,20.8,20.7,20.7,20.7,20.7,20.8,20.7,20.7,20.6,20.7,20.7,20.6,20.7,20.8,20.7,20.7,20.7,20.7,20.6,20.7,20.7,20.6,20.6,20.7,20.7,20.6,20.6,20.6,20.7,20.7,20.6,20.7,20.7,20.7,20.7,20.7,20.7,20.7,20.7,20.7,20.7,20.7,20.6,20.6,20.7,20.6,20.6,20.7,20.6,20.7,20.7,20.7,20.7,20.7,20.7,20.6,20.6,20.6,20.5,20.6,20.6,20.5,20.7,20.7,20.6,20.7,20.6,20.7,20.7,20.5,20.6,20.5,20.6,20.5,20.5,20.6,20.6,20.5,20.6,20.5,20.5,20.5,20.5,20.5,20.5,20.6,20.5,20.5,20.6,20.5,20.7,20.7,20.7,20.7,20.7,20.6,20.6,20.7,20.5,20.7,20.6,20.5,20.6,20.7,20.7,20.5,20.7,20.4,20.6,20.5,20.6,20.5,20.5,20.7,20.7,20.6,20.6,20.7,20.6,20.5,20.6,20.7,20.6,20.6,20.5,20.5,20.5,20.6,20.7,20.7,20.8,20.5,20.6,20.5,20.6,20.7,20.5,20.7,20.7,20.7,20.6,20.7,20.7,20.7,20.6,20.7,20.6,20.5,20.7,20.6,20.6,20.7,20.7,20.7,20.5,20.8,20.5,20.5,20.4,20.7,20.7
114,21.0,20.8,20.9,21.0,20.9,20.9,21.0,20.9,21.0,20.9,20.9,21.0,20.9,20.9,21.0,20.8,21.0,21.0,20.9,20.8,20.9,20.9,20.9,20.9,20.8,20.8,20.9,20.9,20.8,20.8,20.8,20.8,20.8,20.7,20.7,20.7,20.7,20.7,20.7,20.7,20.7,20.8,20.7,20.7,20.8,20.8,20.8,20.7,20.7,20.7,20.8,20.8,20.7,20.7,20.8,20.7,20.7,20.8,20.7,20.7,20.6,20.7,20.7,20.8,20.7,20.8,20.8,20.7,20.8,20.7,20.7,20.8,20.7,20.7,20.7,20.8,20.7,20.7,20.8,20.7,20.7,20.7,20.7,20.8,20.8,20.7,20.7,20.8,20.7,20.8,20.7,20.7,20.6,20.6,20.7,20.7,20.7,20.6,20.7,20.7,20.8,20.8,20.7,20.7,20.7,20.7,20.7,20.7,20.8,20.7,20.7,20.6,20.7,20.7,20.8,20.7,20.6,20.7,20.7,20.7,20.8,20.7,20.8,20.5,20.6,20.6,20.6,20.7,20.7,20.7,20.7,20.7,20.7,20.7,20.7,20.7,20.7,20.7,20.7,20.7,20.5,20.7,20.7,20.7,20.6,20.7,20.7,20.6,20.6,20.7,20.7,20.6,20.5,20.6,20.7,20.6,20.7,20.7,20.6,20.7,20.7,20.7,20.6,20.6,20.6,20.5,20.7,20.6,20.6,20.6,20.5,20.6,20.5,20.6,20.7,20.7,20.7,20.6,20.7,20.6,20.5,20.6,20.6,20.5,20.6,20.7,20.6,20.5,20.6,20.6,20.6,20.6,20.6,20.5,20.5,20.6,20.7,20.7,20.7,20.6,20.6,20.6,20.6,20.6,20.7,20.7,20.7,20.7,20.7,20.5,20.8,20.6,20.7,20.7,20.7,20.7,20.7,20.7,20.6,20.7,20.7,20.6,20.5,20.5,20.6,20.6,20.7,20.6,20.7,20.7,20.7,20.6,20.7,20.6,20.6,20.7,20.7,20.7,20.7,20.6,20.7,20.8,20.6,20.7,20.7,20.7,20.7,20.6,20.7,20.5,20.6,20.5,20.7,20.6,20.8,20.7
115,20.8,21.0,20.9,20.9,20.9,20.8,21.0,21.0,21.0,20.8,21.0,21.0,20.9,20.9,20.9,21.0,21.0,21.0,20.8,20.9,21.0,21.0,21.0,20.8,20.9,20.9,20.8,20.8,20.8,20.8,20.7,20.8,20.7,20.7,20.8,20.7,20.6,20.8,20.7,20.7,20.8,20.8,20.9,20.8,20.8,20.8,20.7,20.8,20.7,20.9,20.8,20.8,20.7,20.7,20.7,20.8,20.7,20.7,20.7,20.7,20.8,20.7,20.7,20.7,20.8,20.8,20.8,20.7,20.8,20.8,20.7,20.7,20.8,20.7,20.6,20.7,20.8,20.7,20.7,20.7,20.7,20.7,20.8,20.8,20.7,20.7,20.7,20.8,20.6,20.5,20.7,20.7,20.9,20.7,20.7,20.8,20.7,20.7,20.7,20.7,20.8,20.6,20.7,20.7,20.7,20.7,20.7,20.8,20.7,20.7,20.7,20.7,20.7,20.7,20.7,20.7,20.7,20.7,20.7,20.7,20.7,20.6,20.7,20.7,20.6,20.7,20.7,20.7,20.7,20.7,20.7,20.7,20.7,20.6,20.7,20.7,20.7,20.8,20.7,20.7,20.8,20.6,20.7,20.7,20.7,20.7,20.5,20.6,20.7,20.7,20.8,20.7,20.6,20.5,20.7,20.7,20.7,20.7,20.7,20.7,20.7,20.7,20.7,20.7,20.7,20.7,20.7,20.6,20.7,20.6,20.7,20.5,20.7,20.7,20.5,20.7,20.6,20.7,20.6,20.6,20.6,20.7,20.6,20.6,20.6,20.7,20.7,20.7,20.5,20.7,20.7,20.5,20.6,20.5,20.6,20.6,20.6,20.6,20.6,20.5,20.6,20.5,20.6,20.5,20.6,20.7,20.7,20.7,20.7,20.7,20.6,20.6,20.7,20.6,20.7,20.7,20.6,20.5,20.6,20.7,20.6,20.5,20.6,20.6,20.6,20.7,20.7,20.6,20.6,20.5,20.7,20.7,20.7,20.7,20.7,20.6,20.7,20.8,20.6,20.7,20.5,20.8,20.7,20.6,20.6,20.7,20.7,20.7,20.6,20.8,20.5,20.7,20.7,20.6,20.7,20.7
116,21.0,20.9,20.8,21.0,21.2,21.0,21.0,21.0,21.0,21.0,21.0,21.0,20.9,20.9,21.0,21.0,20.9,20.9,20.9,20.8,21.0,21.0,20.9,20.9,20.8,20.9,21.0,21.0,20.8,20.8,20.8,20.7,20.9,20.7,20.9,20.8,20.7,20.8,20.8,20.7,20.8,20.9,20.8,20.8,20.8,20.8,20.8,20.8,20.7,20.7,20.8,20.8,20.8,20.8,20.8,20.8,20.7,20.7,20.8,20.8,20.7,20.7,20.7,20.8,20.7,20.7,20.8,20.9,20.8,20.8,20.8,20.7,20.8,20.7,20.7,20.8,20.9,20.7,20.8,20.8,20.8,20.9,20.9,20.8,20.7,20.8,20.7,20.8,20.7,20.9,20.7,20.7,20.8,20.7,20.7,20.9,20.7,20.7,20.7,20.7,20.8,20.7,20.6,20.7,20.7,20.7,20.7,20.8,20.8,20.7,20.8,20.7,20.8,20.7,20.7,20.7,20.7,20.5,20.8,20.7,20.7,20.7,20.6,20.6,20.6,20.7,20.7,20.7,20.7,20.6,20.7,20.6,20.7,20.6,20.6,20.6,20.7,20.7,20.7,20.7,20.6,20.7,20.7,20.6,20.7,20.7,20.7,20.7,20.6,20.7,20.5,20.7,20.7,20.7,20.6,20.8,20.8,20.6,20.6,20.6,20.6,20.7,20.7,20.7,20.7,20.7,20.6,20.6,20.6,20.7,20.7,20.6,20.7,20.7,20.8,20.7,20.7,20.7,20.7,20.6,20.7,20.7,20.6,20.5,20.6,20.7,20.7,20.7,20.6,20.7,20.7,20.5,20.5,20.5,20.5,20.5,20.6,20.7,20.7,20.7,20.7,20.5,20.7,20.6,20.7,20.6,20.6,20.6,20.7,20.7,20.7,20.7,20.7,20.7,20.7,20.7,20.7,20.6,20.6,20.7,20.7,20.6,20.7,20.6,20.7,20.7,20.8,20.6,20.7,20.7,20.8,20.7,20.7,20.8,20.8,20.7,20.7,20.7,20.7,20.6,20.7,20.7,20.7,20.7,20.7,20.7,20.6,20.7,20.6,20.7,20.7,20.7,20.7,20.6,20.5,20.7
117,20.8,20.9,21.0,21.0,21.0,20.9,21.0,21.0,20.9,20.9,21.0,21.0,20.9,21.0,21.0,21.0,21.0,20.8,21.2,21.0,21.2,21.0,21.0,20.9,20.9,21.0,21.2,21.0,20.9,21.0,20.8,20.9,20.9,20.8,20.8,21.0,20.8,20.7,20.8,20.7,20.9,20.8,20.9,20.9,21.0,20.9,20.8,20.7,20.8,20.8,20.8,20.7,20.7,20.8,20.7,20.7,20.7,20.9,20.7,20.8,20.9,20.8,20.8,20.8,20.7,20.8,20.7,20.7,20.8,20.7,20.8,20.7,20.9,20.6,20.7,20.7,20.7,20.7,20.8,20.9,20.8,20.8,20.8,21.0,20.8,20.8,20.8,20.8,20.9,20.8,20.7,20.8,20.7,20.7,20.7,20.8,20.7,20.8,20.7,20.7,20.7,20.8,20.7,20.8,20.7,20.8,20.8,20.8,20.7,20.8,20.9,20.8,20.8,20.7,20.8,20.7,20.6,20.7,20.7,20.8,20.7,20.7,20.6,20.7,20.7,20.7,20.7,20.7,20.7,20.7,20.7,20.7,20.7,20.7,20.6,20.7,20.7,20.7,20.7,20.7,20.8,20.7,20.6,20.7,20.7,20.6,20.5,20.6,20.6,20.6,20.7,20.7,20.7,20.8,20.7,20.7,20.7,20.7,20.8,20.6,20.7,20.7,20.7,20.6,20.7,20.6,20.5,20.6,20.6,20.6,20.5,20.6,20.7,20.7,20.6,20.7,20.7,20.7,20.6,20.7,20.6,20.7,20.6,20.7,20.7,20.7,20.6,20.5,20.6,20.7,20.7,20.7,20.5,20.5,20.6,20.7,20.5,20.6,20.6,20.7,20.6,20.6,20.6,20.7,20.6,20.7,20.7,20.8,20.6,20.8,20.7,20.7,20.7,20.7,20.7,20.7,20.6,20.6,20.5,20.6,20.7,20.6,20.7,20.6,20.7,20.7,20.7,20.7,20.8,20.8,20.7,20.7,20.8,20.6,20.7,20.8,20.7,20.7,20.7,20.8,20.7,20.7,20.6,20.7,20.6,20.7,20.7,20.7,20.6,20.5,20.7,20.6,20.7,20.6,20.5,20.2
118,21.2,21.0,21.0,21.0,20.9,21.0,20.9,21.0,21.0,21.0,21.0,20.9,21.0,21.0,20.9,20.8,21.0,20.8,21.0,21.2,21.0,21.0,20.9,21.0,20.9,20.9,20.9,20.9,20.8,20.8,20.8,20.9,20.9,20.8,21.0,20.9,20.8,20.7,20.7,20.8,20.8,20.8,21.0,20.7,20.8,20.8,20.8,20.9,21.0,20.9,20.7,20.7,20.8,20.7,20.7,20.8,20.7,20.6,20.6,20.7,20.7,20.7,20.7,20.7,20.7,20.7,20.8,20.7,20.6,20.7,20.7,20.6,20.8,20.7,20.6,20.7,20.7,20.7,20.7,21.0,20.9,20.8,21.0,20.9,20.8,20.9,20.9,21.0,21.0,20.8,20.8,20.8,20.7,20.7,20.7,20.7,20.8,20.8,20.7,20.8,20.7,20.8,20.8,20.7,20.8,20.7,20.7,20.7,20.7,20.6,20.8,20.7,20.9,20.7,20.7,20.7,20.7,20.7,20.7,20.6,20.7,20.6,20.7,20.7,20.7,20.7,20.7,20.6,20.7,20.7,20.7,20.7,20.4,20.5,20.7,20.7,20.7,20.7,20.7,20.7,20.5,20.5,20.6,20.5,20.6,20.6,20.6,20.6,20.6,20.5,20.6,20.6,20.6,20.6,20.5,20.6,20.6,20.6,20.7,20.7,20.6,20.7,20.5,20.6,20.7,20.6,20.7,20.6,20.5,20.6,20.6,20.5,20.5,20.6,20.6,20.6,20.7,20.5,20.6,20.6,20.5,20.5,20.6,20.7,20.7,20.6,20.6,20.7,20.5,20.6,20.6,20.6,20.5,20.4,20.6,20.7,20.5,20.6,20.6,20.5,20.5,20.6,20.5,20.6,20.7,20.7,20.7,20.7,20.7,20.6,20.6,20.6,20.6,20.5,20.7,20.7,20.4,20.5,20.5,20.5,20.6,20.7,20.8,20.7,20.8,20.7,20.5,20.7,20.7,20.6,20.7,20.7,20.6,20.7,20.5,20.7,20.7,20.8,20.8,20.8,20.7,20.7,20.8,20.7,20.7,20.6,20.6,20.6,20.5,20.6,20.4,20.5,20.6,20.6,20.6,20.7
119,20.9,21.2,21.0,21.0,21.0,20.9,21.0,21.0,21.0,20.9,20.9,21.0,21.0,20.9,20.8,20.8,21.0,21.0,20.9,21.0,20.8,20.9,21.0,20.9,20.9,20.9,20.9,21.0,20.9,20.9,20.8,20.8,20.8,20.8,20.9,20.8,20.8,20.7,20.8,20.7,20.7,20.7,20.8,21.0,20.9,20.9,20.9,20.9,20.7,20.8,20.7,20.9,20.8,20.8,20.7,20.8,20.8,20.8,20.8,20.7,20.7,20.7,20.7,20.7,20.8,20.8,20.7,20.7,20.7,20.8,20.7,20.6,20.7,20.7,20.6,20.7,20.8,20.7,20.7,20.7,20.8,20.9,20.8,20.9,20.8,21.0,20.9,20.9,21.0,20.8,20.8,20.7,20.8,20.6,20.7,20.7,20.7,20.7,20.8,20.8,20.8,20.7,20.8,20.8,20.7,20.8,20.8,20.7,20.7,20.7,20.8,20.8,20.7,20.8,20.6,20.8,20.7,20.7,20.7,20.6,20.6,20.6,20.7,20.6,20.6,20.7,20.7,20.7,20.7,20.6,20.7,20.6,20.5,20.4,20.7,20.7,20.7,20.7,20.4,20.5,20.5,20.5,20.6,20.5,20.6,20.6,20.5,20.6,20.6,20.6,20.6,20.7,20.6,20.7,20.7,20.7,20.7,20.6,20.6,20.5,20.7,20.7,20.5,20.6,20.5,20.5,20.5,20.7,20.5,20.5,20.5,20.5,20.5,20.5,20.5,20.6,20.6,20.6,20.6,20.6,20.5,20.5,20.5,20.6,20.7,20.6,20.6,20.5,20.5,20.6,20.6,20.6,20.5,20.6,20.6,20.6,20.6,20.5,20.5,20.5,20.5,20.5,20.7,20.7,20.5,20.7,20.7,20.7,20.4,20.6,20.6,20.6,20.5,20.7,20.5,20.7,20.5,20.6,20.5,20.4,20.6,20.7,20.5,20.7,20.6,20.7,20.7,20.7,20.7,20.7,20.5,20.5,20.8,20.7,20.8,20.7,20.7,20.7,20.7,20.7,20.6,20.7,20.7,20.6,20.6,20.5,20.5,20.5,20.5,20.7,20.7,20.6,20.6,20.7,20.5,20.6
120,20.8,21.0,21.0,21.2,20.9,21.2,20.9,20.9,20.8,21.0,21.0,20.9,20.9,20.9,20.8,20.8,20.8,20.9,21.0,20.9,20.8,20.8,20.8,20.8,20.9,20.9,20.8,20.8,20.8,20.8,20.9,20.8,21.0,21.0,20.9,20.8,21.0,20.8,20.9,20.7,20.7,20.7,20.8,20.8,21.0,20.8,20.7,20.7,20.7,20.7,20.8,20.7,20.8,20.8,20.7,20.7,20.7,20.7,20.6,20.7,20.7,20.8,20.8,20.8,20.8,20.7,20.7,20.8,20.7,20.7,20.7,20.6,20.7,20.7,20.7,20.7,20.7,20.8,20.7,20.7,20.9,20.8,20.7,20.8,20.8,20.8,20.8,20.9,20.8,20.8,20.7,20.7,20.7,20.7,20.7,20.7,20.7,20.7,20.8,20.9,20.8,20.8,20.7,20.7,20.7,20.7,20.6,20.7,20.7,20.7,20.6,20.7,20.8,20.8,20.8,20.7,20.9,20.7,20.6,20.7,20.8,20.6,20.6,20.7,20.7,20.6,20.6,20.5,20.5,20.6,20.6,20.7,20.5,20.6,20.6,20.5,20.5,20.7,20.5,20.5,20.6,20.6,20.7,20.5,20.5,20.7,20.5,20.6,20.7,20.5,20.5,20.6,20.7,20.5,20.5,20.5,20.5,20.5,20.5,20.5,20.6,20.6,20.6,20.5,20.6,20.5,20.5,20.5,20.6,20.6,20.5,20.6,20.5,20.4,20.5,20.7,20.5,20.5,20.5,20.5,20.5,20.6,20.5,20.7,20.6,20.6,20.6,20.5,20.6,20.5,20.5,20.5,20.5,20.7,20.7,20.5,20.4,20.5,20.5,20.5,20.6,20.5,20.6,20.5,20.7,20.5,20.6,20.7,20.7,20.5,20.5,20.5,20.5,20.5,20.5,20.7,20.6,20.5,20.5,20.5,20.6,20.6,20.5,20.8,20.7,20.6,20.7,20.5,20.7,20.7,20.7,20.7,20.7,20.8,20.7,20.7,20.7,20.7,20.6,20.7,20.7,20.8,20.6,20.5,20.6,20.5,20.5,20.4,20.5,20.5,20.5,20.5,20.6,20.6,20.6,20.6
121,20.9,21.0,21.0,21.0,21.0,21.0,21.0,21.0,21.0,21.0,20.9,21.0,20.9,20.9,20.9,21.0,21.2,21.0,21.0,20.8,21.0,20.8,21.0,20.9,20.8,20.7,20.8,20.8,20.8,20.8,20.8,20.9,20.9,21.0,20.8,21.0,21.0,20.8,20.8,20.8,20.8,20.7,20.8,20.7,20.8,20.8,20.7,20.7,20.8,20.8,20.8,20.7,20.8,20.8,20.7,20.8,20.6,20.8,20.6,20.7,20.8,20.7,20.7,20.8,20.7,20.7,20.8,20.7,20.7,20.7,20.7,20.7,20.7,20.8,20.8,20.8,20.7,20.7,20.7,20.8,20.8,20.8,20.7,20.7,20.7,20.8,20.8,20.8,20.8,20.8,20.7,20.6,20.7,20.7,20.7,20.7,20.7,20.7,20.8,20.8,20.7,20.8,20.7,20.6,20.7,20.7,20.7,20.8,20.7,20.7,20.7,20.8,20.7,20.8,20.8,20.8,20.7,20.8,20.8,20.8,20.8,20.8,20.7,20.7,20.7,20.7,20.6,20.6,20.6,20.6,20.5,20.5,20.6,20.5,20.6,20.6,20.6,20.6,20.6,20.5,20.5,20.6,20.6,20.7,20.6,20.7,20.6,20.6,20.5,20.5,20.6,20.5,20.5,20.6,20.7,20.5,20.5,20.6,20.3,20.5,20.5,20.5,20.4,20.4,20.6,20.6,20.5,20.5,20.5,20.6,20.4,20.5,20.6,20.6,20.6,20.5,20.6,20.5,20.6,20.6,20.5,20.4,20.5,20.6,20.5,20.5,20.5,20.5,20.5,20.5,20.5,20.5,20.6,20.6,20.5,20.5,20.4,20.6,20.7,20.7,20.6,20.6,20.5,20.5,20.4,20.7,20.5,20.8,20.5,20.5,20.5,20.5,20.5,20.5,20.7,20.5,20.6,20.7,20.7,20.5,20.6,20.6,20.6,20.7,20.6,20.6,20.7,20.7,20.7,20.6,20.6,20.5,20.6,20.7,20.7,20.6,20.7,20.7,20.7,20.6,20.7,20.7,20.7,20.7,20.5,20.5,20.5,20.5,20.5,20.6,20.5,20.6,20.6,20.5,20.7,20.7
122,21.0,21.0,20.9,21.0,20.9,21.0,20.9,21.0,20.9,20.9,20.9,20.8,20.9,20.9,20.8,20.9,20.9,20.9,20.8,20.8,21.0,21.0,20.9,20.9,20.8,20.8,20.7,20.9,20.8,20.9,21.0,20.9,20.8,21.0,20.8,21.2,20.9,20.8,20.7,21.0,20.7,20.9,20.8,20.8,20.8,20.7,20.9,20.9,20.8,20.8,20.8,20.8,20.8,20.7,20.8,20.8,20.8,20.7,20.7,20.7,20.8,20.8,20.8,20.8,20.8,20.8,20.6,20.7,20.7,20.7,20.8,20.8,20.8,20.8,20.8,20.8,20.8,20.9,20.8,20.8,20.9,20.7,20.7,20.8,20.7,20.7,20.8,20.7,20.8,20.7,20.7,20.7,20.6,20.6,20.7,20.7,20.7,20.7,20.8,20.7,20.8,20.8,20.8,20.7,20.7,20.8,20.7,20.8,20.8,20.7,20.7,20.7,20.8,20.8,20.7,20.7,20.8,20.7,20.8,20.8,20.7,20.8,20.7,20.7,20.7,20.6,20.7,20.5,20.6,20.5,20.6,20.5,20.5,20.5,20.6,20.5,20.5,20.6,20.6,20.5,20.7,20.5,20.6,20.6,20.7,20.7,20.5,20.6,20.7,20.6,20.6,20.5,20.6,20.7,20.4,20.6,20.7,20.5,20.5,20.6,20.6,20.6,20.6,20.6,20.5,20.6,20.5,20.5,20.5,20.4,20.5,20.5,20.4,20.6,20.6,20.5,20.7,20.5,20.6,20.7,20.6,20.5,20.5,20.6,20.5,20.6,20.5,20.5,20.5,20.6,20.6,20.5,20.5,20.5,20.5,20.3,20.6,20.6,20.6,20.6,20.7,20.6,20.5,20.7,20.7,20.6,20.5,20.6,20.7,20.6,20.6,20.7,20.6,20.6,20.5,20.7,20.7,20.5,20.6,20.7,20.7,20.6,20.6,20.6,20.5,20.7,20.7,20.8,20.7,20.7,20.7,20.5,20.7,20.6,20.7,20.6,20.5,20.5,20.7,20.6,20.7,20.7,20.7,20.6,20.6,20.5,20.5,20.6,20.6,20.5,20.5,20.5,20.6,20.5,20.5,20.5
123,20.8,20.9,20.9,21.0,21.0,20.9,21.2,21.0,20.8,20.8,21.0,20.8,20.9,21.2,21.2,20.9,21.0,21.0,20.7,20.8,20.8,21.0,21.0,20.8,20.8,20.8,20.7,20.7,20.7,20.8,20.7,20.9,20.9,20.8,20.9,20.8,20.7,20.8,20.9,20.7,20.8,20.8,20.8,20.7,20.7,20.8,20.8,20.8,20.7,20.7,20.7,20.7,20.8,20.7,20.7,20.8,20.8,20.9,20.7,20.7,20.7,20.8,20.8,20.9,20.8,20.7,20.7,20.7,20.7,20.7,20.7,20.8,20.7,20.7,20.7,20.9,20.8,20.8,20.8,20.7,20.8,20.8,20.8,20.7,20.7,20.7,20.7,20.8,20.7,20.8,20.7,20.7,20.7,20.7,20.7,20.7,20.7,20.7,20.7,20.7,20.6,20.7,20.7,20.7,20.7,20.7,20.7,20.8,20.7,20.7,20.7,20.7,20.7,20.7,20.8,20.7,20.7,20.8,20.8,20.8,20.8,20.8,20.7,20.6,20.7,20.6,20.5,20.6,20.5,20.5,20.5,20.4,20.7,20.6,20.5,20.5,20.5,20.5,20.6,20.6,20.5,20.7,20.5,20.6,20.7,20.6,20.5,20.7,20.6,20.7,20.6,20.5,20.4,20.5,20.5,20.5,20.6,20.5,20.4,20.6,20.5,20.5,20.6,20.6,20.5,20.5,20.6,20.5,20.4,20.4,20.5,20.5,20.4,20.6,20.5,20.6,20.5,20.5,20.5,20.7,20.7,20.6,20.4,20.5,20.5,20.5,20.6,20.4,20.5,20.5,20.5,20.5,20.4,20.6,20.5,20.5,20.4,20.7,20.5,20.6,20.5,20.5,20.7,20.7,20.5,20.6,20.7,20.5,20.5,20.6,20.7,20.5,20.6,20.6,20.5,20.5,20.6,20.6,20.5,20.6,20.5,20.7,20.6,20.6,20.6,20.7,20.6,20.7,20.7,20.6,20.4,20.6,20.6,20.7,20.7,20.7,20.7,20.7,20.7,20.7,20.7,20.5,20.6,20.7,20.6,20.6,20.6,20.7,20.6,20.6,20.5,20.5,20.5,20.5,20.5,20.4
124,20.7,21.0,20.8,20.9,20.9,20.9,21.0,21.0,21.0,20.7,20.7,20.8,20.8,21.0,20.9,20.9,20.8,20.8,20.8,20.8,20.9,20.9,20.8,21.0,20.8,20.8,20.8,20.7,20.8,21.0,20.8,20.9,20.8,20.7,20.8,20.8,20.8,20.8,20.9,20.9,21.0,20.8,20.7,20.8,20.7,20.8,20.7,20.8,21.0,20.8,20.8,20.9,20.8,20.8,20.8,20.8,20.8,20.7,20.8,20.7,20.7,20.8,20.8,21.0,21.0,20.8,20.8,20.8,20.8,20.8,20.8,20.8,20.7,20.7,20.8,20.8,20.9,20.8,20.8,20.8,20.8,20.7,20.8,20.8,20.8,20.7,20.7,20.7,20.8,20.8,20.8,20.7,20.8,20.8,20.7,20.6,20.7,20.7,20.8,20.7,20.7,20.7,20.7,20.7,20.8,20.8,20.8,20.7,20.8,20.7,20.7,20.7,20.7,20.6,20.8,20.7,20.7,20.7,20.8,20.7,20.8,20.7,20.7,20.7,20.7,20.5,20.5,20.6,20.6,20.6,20.6,20.6,20.7,20.6,20.6,20.5,20.6,20.6,20.7,20.6,20.5,20.6,20.5,20.7,20.5,20.6,20.7,20.6,20.6,20.6,20.5,20.4,20.5,20.6,20.5,20.6,20.5,20.5,20.6,20.5,20.6,20.5,20.4,20.6,20.7,20.5,20.5,20.5,20.4,20.3,20.4,20.6,20.5,20.5,20.4,20.4,20.5,20.5,20.5,20.5,20.6,20.3,20.5,20.5,20.5,20.5,20.5,20.4,20.6,20.5,20.6,20.4,20.5,20.6,20.4,20.4,20.6,20.7,20.6,20.5,20.6,20.6,20.6,20.6,20.7,20.6,20.7,20.6,20.5,20.6,20.5,20.6,20.7,20.6,20.5,20.5,20.6,20.5,20.7,20.5,20.6,20.4,20.6,20.5,20.6,20.7,20.5,20.6,20.6,20.5,20.6,20.7,20.7,20.6,20.7,20.7,20.6,20.7,20.7,20.7,20.7,20.7,20.7,20.6,20.7,20.7,20.5,20.7,20.5,20.6,20.7,20.5,20.6,20.4,20.5,20.7
125,20.7,20.9,21.0,20.8,21.0,21.0,21.0,21.0,21.0,21.0,20.9,21.0,21.2,20.9,20.9,20.9,21.0,21.0,20.9,20.9,20.9,20.8,20.9,20.8,20.8,20.8,20.7,20.8,20.8,20.9,20.9,20.8,20.8,20.8,20.8,20.8,20.8,20.9,20.8,20.8,20.8,20.8,20.8,20.8,20.8,20.7,20.7,20.8,20.8,20.8,20.8,20.8,20.8,21.0,20.9,20.8,20.7,20.8,20.8,20.8,20.7,20.8,20.8,20.8,20.7,20.8,20.8,20.8,20.7,20.8,20.8,20.7,20.7,20.8,20.8,20.9,20.8,20.7,20.8,20.8,20.8,20.8,20.8,20.7,20.9,20.8,20.7,20.8,20.8,20.7,20.7,20.8,20.7,20.7,20.8,20.7,20.7,20.7,20.7,20.8,20.7,20.7,20.7,20.7,20.7,20.8,20.8,20.7,20.7,20.8,20.6,20.7,20.7,20.8,20.8,20.8,20.7,20.7,20.7,20.7,20.8,20.7,20.7,20.7,20.6,20.6,20.5,20.6,20.7,20.6,20.6,20.6,20.6,20.7,20.7,20.5,20.6,20.6,20.7,20.6,20.7,20.5,20.6,20.6,20.6,20.7,20.6,20.6,20.6,20.5,20.5,20.5,20.5,20.6,20.6,20.7,20.5,20.7,20.6,20.6,20.6,20.6,20.5,20.5,20.5,20.5,20.5,20.5,20.4,20.5,20.5,20.5,20.7,20.5,20.5,20.5,20.4,20.5,20.5,20.5,20.5,20.5,20.4,20.5,20.6,20.5,20.5,20.5,20.4,20.5,20.4,20.5,20.4,20.7,20.5,20.5,20.5,20.5,20.6,20.5,20.5,20.5,20.5,20.5,20.6,20.7,20.6,20.5,20.5,20.5,20.6,20.6,20.6,20.5,20.5,20.5,20.5,20.5,20.6,20.5,20.5,20.6,20.6,20.7,20.5,20.5,20.5,20.5,20.5,20.7,20.6,20.6,20.7,20.7,20.6,20.7,20.7,20.7,20.7,20.7,20.6,20.7,20.6,20.7,20.7,20.5,20.7,20.7,20.6,20.7,20.6,20.6,20.5,20.5,20.6,20.7
126,20.6,21.0,21.0,20.8,20.9,21.0,21.2,21.2,21.0,21.0,20.8,21.0,20.8,20.9,20.8,20.7,21.0,20.8,20.9,20.8,21.0,20.8,20.8,20.8,20.7,20.8,20.8,20.8,20.9,20.8,20.7,20.7,20.7,20.8,20.8,20.8,20.7,20.9,20.8,20.8,20.9,20.7,20.8,20.8,20.8,20.7,20.7,20.8,20.9,21.0,20.8,20.8,20.8,20.8,20.8,20.8,20.8,20.8,20.8,20.8,20.9,20.8,20.8,20.8,20.7,20.7,20.7,20.7,20.8,20.7,20.7,20.8,20.8,20.8,20.8,20.8,20.8,20.7,20.8,20.7,20.7,20.7,20.9,20.7,20.8,20.9,20.8,20.8,20.7,20.8,20.7,20.7,20.8,20.8,20.7,20.7,20.8,20.7,20.7,20.8,20.7,20.7,20.6,20.7,20.7,20.7,20.8,20.8,20.8,20.8,20.7,20.7,20.6,20.7,20.7,20.8,20.7,20.6,20.7,20.7,20.7,20.8,20.7,20.7,20.8,20.6,20.5,20.7,20.7,20.7,20.7,20.6,20.7,20.7,20.6,20.7,20.7,20.5,20.6,20.4,20.5,20.5,20.5,20.6,20.5,20.6,20.7,20.5,20.5,20.5,20.5,20.5,20.5,20.5,20.6,20.5,20.6,20.5,20.5,20.5,20.7,20.5,20.5,20.5,20.5,20.5,20.5,20.5,20.6,20.6,20.5,20.7,20.7,20.5,20.6,20.4,20.5,20.4,20.6,20.7,20.5,20.5,20.4,20.4,20.4,20.5,20.5,20.4,20.5,20.5,20.5,20.5,20.5,20.5,20.5,20.4,20.5,20.5,20.4,20.4,20.5,20.6,20.6,20.6,20.6,20.6,20.5,20.5,20.6,20.7,20.7,20.5,20.6,20.6,20.6,20.6,20.6,20.6,20.6,20.5,20.7,20.7,20.6,20.5,20.6,20.4,20.5,20.4,20.4,20.5,20.6,20.7,20.7,20.5,20.5,20.7,20.7,20.7,20.7,20.5,20.6,20.6,20.6,20.6,20.6,20.6,20.5,20.7,20.6,20.6,20.7,20.5,20.7,20.5,20.5,20.4
127,20.7,21.0,20.8,20.8,21.0,21.0,21.0,21.2,21.0,21.0,20.9,20.9,20.8,20.9,20.7,20.8,20.8,20.9,20.8,20.8,20.8,20.9,20.8,20.8,20.7,20.7,20.8,20.8,20.8,20.9,21.0,20.9,20.7,20.8,20.8,21.0,20.9,20.8,20.8,20.8,20.9,20.7,20.8,20.8,20.8,20.7,20.7,20.8,20.7,20.8,21.0,20.8,20.8,20.9,20.7,20.8,20.8,20.8,21.0,20.7,20.7,20.7,20.7,20.8,20.7,20.7,20.7,20.7,20.7,20.8,20.8,20.7,20.8,20.8,20.8,20.9,20.9,20.8,20.7,20.7,20.9,20.8,20.8,20.8,20.8,20.8,20.7,20.7,20.7,20.6,20.7,20.8,20.8,20.8,20.8,20.7,20.7,20.6,20.7,20.7,20.7,20.8,20.7,20.7,20.7,20.7,20.7,20.7,20.8,20.7,20.8,20.8,20.7,20.7,20.7,20.8,20.7,20.7,20.7,20.7,20.8,20.8,20.7,20.8,20.7,20.7,20.5,20.7,20.7,20.6,20.7,20.7,20.7,20.7,20.7,20.7,20.7,20.7,20.7,20.6,20.8,20.7,20.7,20.7,20.6,20.6,20.6,20.6,20.5,20.6,20.5,20.5,20.5,20.6,20.6,20.5,20.7,20.5,20.6,20.5,20.5,20.5,20.6,20.5,20.4,20.4,20.4,20.5,20.6,20.6,20.6,20.5,20.7,20.5,20.5,20.6,20.6,20.6,20.5,20.5,20.4,20.4,20.4,20.4,20.5,20.6,20.6,20.5,20.5,20.5,20.5,20.5,20.4,20.4,20.4,20.5,20.5,20.4,20.5,20.5,20.5,20.7,20.5,20.4,20.5,20.5,20.5,20.4,20.4,20.6,20.5,20.5,20.4,20.6,20.6,20.7,20.5,20.4,20.5,20.6,20.5,20.6,20.6,20.5,20.5,20.5,20.5,20.4,20.5,20.6,20.4,20.6,20.7,20.5,20.5,20.7,20.5,20.6,20.6,20.7,20.6,20.5,20.5,20.7,20.7,20.5,20.7,20.6,20.6,20.6,20.5,20.7,20.6,20.7,20.6,20.4
128,20.8,20.8,20.8,20.8,20.8,20.8,21.0,20.9,21.0,20.7,20.8,20.8,20.9,20.9,20.8,21.0,20.9,20.8,20.7,20.7,20.8,20.9,20.8,20.9,20.8,20.7,20.7,20.8,20.8,20.8,20.8,20.8,20.8,20.8,20.8,20.8,20.7,20.9,20.7,20.7,21.0,20.8,20.8,20.8,20.8,20.8,20.8,20.7,20.8,20.9,20.8,20.8,20.8,20.7,20.8,20.9,20.8,20.7,20.8,20.7,20.8,20.8,20.7,20.7,20.8,20.7,20.6,20.7,20.7,20.7,20.8,20.8,20.8,20.7,20.7,20.7,20.8,20.7,20.8,20.7,20.8,20.8,20.9,20.8,20.8,20.8,20.8,20.7,20.7,20.7,20.7,20.7,20.8,20.8,20.8,20.7,20.7,20.7,20.8,20.7,20.7,20.8,20.7,20.7,20.7,20.7,20.8,20.7,20.7,20.7,20.7,20.7,20.7,20.7,20.7,20.6,20.7,20.7,20.7,20.8,20.7,20.7,20.8,20.7,20.7,20.7,20.7,20.7,20.7,20.6,20.7,20.7,20.6,20.6,20.6,20.7,20.7,20.6,20.6,20.6,20.7,20.7,20.7,20.7,20.5,20.6,20.6,20.6,20.5,20.6,20.5,20.5,20.6,20.7,20.5,20.6,20.5,20.5,20.5,20.6,20.6,20.6,20.6,20.5,20.5,20.4,20.5,20.4,20.5,20.5,20.7,20.6,20.5,20.5,20.5,20.5,20.6,20.5,20.5,20.5,20.5,20.5,20.5,20.4,20.4,20.5,20.6,20.4,20.5,20.4,20.6,20.5,20.4,20.4,20.4,20.5,20.4,20.4,20.5,20.5,20.5,20.7,20.6,20.5,20.5,20.5,20.6,20.5,20.5,20.7,20.5,20.6,20.6,20.7,20.7,20.5,20.5,20.6,20.7,20.6,20.6,20.5,20.5,20.6,20.5,20.4,20.5,20.5,20.6,20.5,20.5,20.5,20.4,20.6,20.5,20.5,20.6,20.5,20.6,20.6,20.6,20.7,20.5,20.7,20.6,20.7,20.7,20.7,20.5,20.6,20.5,20.5,20.6,20.7,20.6,20.5
129,20.9,20.7,20.8,21.0,20.9,20.9,20.9,20.8,21.0,20.8,20.8,20.8,20.8,20.8,21.0,20.8,20.7,20.8,20.7,20.8,20.9,20.8,20.8,20.7,20.9,20.8,20.7,20.7,20.8,20.8,20.9,20.8,20.7,20.7,20.7,20.7,20.9,20.8,20.8,20.8,20.8,20.7,20.8,20.8,20.8,20.8,20.8,20.7,20.7,20.8,20.7,20.7,20.8,20.8,20.8,20.7,20.8,20.8,20.8,20.7,20.7,20.7,20.6,20.7,20.7,20.7,20.7,20.7,20.7,20.7,20.7,20.8,20.8,20.7,20.8,20.8,20.8,20.8,20.7,20.7,20.7,20.7,20.7,20.7,20.8,20.7,20.7,20.6,20.7,20.7,20.7,20.7,20.7,20.7,20.7,20.7,20.7,20.7,20.7,20.7,20.7,20.7,20.7,20.7,20.7,20.7,20.7,20.7,20.7,20.7,20.7,20.7,20.8,20.7,20.8,20.7,20.8,20.7,20.8,20.8,20.7,20.7,20.7,20.7,20.6,20.7,20.7,20.5,20.7,20.7,20.7,20.7,20.7,20.7,20.6,20.7,20.7,20.7,20.7,20.6,20.7,20.7,20.6,20.7,20.6,20.5,20.6,20.7,20.6,20.6,20.6,20.6,20.7,20.6,20.6,20.6,20.6,20.7,20.7,20.7,20.5,20.7,20.6,20.5,20.5,20.4,20.5,20.6,20.5,20.6,20.6,20.7,20.7,20.6,20.6,20.4,20.6,20.5,20.5,20.6,20.5,20.6,20.6,20.4,20.4,20.4,20.4,20.5,20.4,20.4,20.5,20.4,20.4,20.4,20.4,20.5,20.6,20.4,20.4,20.4,20.5,20.5,20.5,20.5,20.5,20.5,20.4,20.5,20.5,20.5,20.6,20.6,20.5,20.5,20.7,20.6,20.6,20.6,20.6,20.6,20.5,20.6,20.6,20.6,20.5,20.6,20.6,20.6,20.5,20.7,20.5,20.5,20.6,20.6,20.5,20.5,20.7,20.7,20.6,20.7,20.5,20.6,20.6,20.7,20.6,20.7,20.6,20.6,20.7,20.5,20.7,20.6,20.5,20.6,20.5,20.8
130,21.0,20.8,21.0,20.8,20.8,20.8,20.8,20.9,20.9,20.8,20.8,20.7,20.7,20.8,20.9,20.9,20.8,20.8,20.8,20.8,20.8,20.8,20.7,20.8,20.8,20.7,20.7,20.7,20.8,20.7,20.7,20.7,20.8,20.7,20.7,20.7,20.7,20.9,20.8,20.7,20.7,20.8,20.7,20.8,20.8,20.9,20.9,20.7,20.7,20.7,20.7,20.8,20.7,20.9,20.7,20.7,20.7,20.8,20.7,20.7,20.7,20.7,20.7,20.8,20.8,20.7,20.7,20.7,20.8,20.8,20.8,20.8,20.8,20.7,20.8,20.7,20.7,20.7,20.8,20.8,20.6,20.7,20.8,20.7,20.7,20.6,20.8,20.7,20.7,20.8,20.7,20.8,20.7,20.7,20.7,20.7,20.7,20.8,20.7,20.7,20.7,20.7,20.7,20.7,20.7,20.8,20.8,20.7,20.7,20.7,20.7,20.7,20.7,20.7,20.8,20.7,20.7,20.7,20.7,20.6,20.7,20.7,20.6,20.7,20.5,20.7,20.7,20.6,20.7,20.7,20.7,20.7,20.5,20.7,20.7,20.7,20.7,20.7,20.6,20.6,20.7,20.7,20.6,20.5,20.6,20.7,20.7,20.6,20.6,20.7,20.6,20.4,20.5,20.6,20.7,20.6,20.6,20.5,20.6,20.5,20.6,20.6,20.6,20.7,20.5,20.7,20.6,20.5,20.7,20.7,20.6,20.6,20.7,20.4,20.5,20.6,20.5,20.6,20.6,20.6,20.6,20.5,20.5,20.5,20.5,20.5,20.6,20.6,20.5,20.5,20.4,20.5,20.4,20.4,20.4,20.4,20.6,20.4,20.5,20.4,20.5,20.5,20.5,20.5,20.5,20.5,20.4,20.6,20.5,20.5,20.7,20.5,20.7,20.5,20.5,20.6,20.6,20.5,20.5,20.5,20.4,20.5,20.5,20.5,20.7,20.5,20.5,20.6,20.5,20.5,20.6,20.6,20.6,20.7,20.7,20.5,20.6,20.7,20.7,20.7,20.6,20.6,20.8,20.7,20.5,20.6,20.7,20.5,20.5,20.4,20.6,20.7,20.6,20.7,20.7,20.5
131,20.8,21.0,21.0,20.8,21.0,20.8,20.9,20.7,20.8,20.8,20.9,20.8,20.8,21.0,21.0,20.8,20.9,20.9,20.9,20.8,20.8,20.7,20.7,20.9,20.7,20.8,20.7,20.8,20.7,20.8,20.8,20.7,20.7,20.8,20.7,20.8,20.7,20.7,20.8,20.7,20.7,20.7,20.7,21.0,20.9,20.9,20.9,20.8,20.7,20.7,20.7,20.7,20.8,20.8,20.8,20.9,20.7,20.7,20.7,20.7,20.7,20.7,20.7,20.7,20.8,20.8,20.7,20.8,20.8,20.8,20.7,20.7,20.8,20.8,20.8,20.7,20.8,20.7,20.8,20.7,20.8,20.7,20.7,20.7,20.7,20.7,20.8,20.7,20.8,20.8,20.8,20.8,20.7,20.8,20.7,20.7,20.6,20.7,20.6,20.6,20.7,20.7,20.6,20.7,20.8,20.8,20.7,20.7,20.7,20.6,20.7,20.7,20.6,20.7,20.7,20.6,20.7,20.7,20.7,20.6,20.7,20.7,20.7,20.6,20.6,20.7,20.7,20.7,20.7,20.6,20.7,20.6,20.7,20.6,20.7,20.7,20.7,20.7,20.6,20.6,20.6,20.5,20.6,20.7,20.7,20.7,20.6,20.7,20.6,20.6,20.6,20.6,20.6,20.6,20.6,20.5,20.6,20.6,20.7,20.5,20.6,20.5,20.6,20.7,20.5,20.5,20.5,20.7,20.5,20.7,20.6,20.6,20.6,20.6,20.6,20.5,20.5,20.6,20.6,20.6,20.7,20.6,20.7,20.5,20.5,20.6,20.4,20.6,20.5,20.4,20.7,20.5,20.5,20.6,20.5,20.6,20.6,20.6,20.7,20.6,20.6,20.5,20.6,20.5,20.5,20.5,20.7,20.7,20.5,20.7,20.7,20.5,20.5,20.7,20.5,20.7,20.5,20.6,20.6,20.5,20.5,20.5,20.7,20.7,20.6,20.7,20.7,20.5,20.6,20.5,20.4,20.6,20.5,20.4,20.5,20.6,20.6,20.6,20.5,20.7,20.6,20.7,20.7,20.6,20.5,20.7,20.7,20.5,20.5,20.6,20.5,20.7,20.6,20.6,20.5,20.5
132,21.4,20.9,21.0,21.0,20.9,20.9,20.8,20.8,20.9,20.9,20.8,20.8,21.0,21.0,20.8,20.8,20.8,20.8,20.8,20.8,20.7,20.8,20.7,20.8,20.7,20.7,20.7,20.8,20.8,20.7,20.8,20.8,20.9,20.8,21.0,20.8,20.7,20.7,20.6,20.8,20.8,20.8,20.8,20.8,20.8,20.8,20.8,20.8,20.9,20.7,20.8,20.9,20.8,21.0,20.9,20.7,20.8,20.7,20.9,20.7,20.8,20.8,20.7,20.7,20.7,20.7,20.8,20.9,20.7,20.8,20.8,20.7,20.7,20.7,20.8,20.8,20.8,20.8,20.8,20.8,20.8,20.7,20.8,20.8,20.7,20.7,20.7,20.8,20.7,20.7,20.8,20.8,20.7,20.7,20.8,20.7,20.6,20.7,20.6,20.8,20.7,20.7,20.7,20.8,20.7,20.8,20.8,20.8,20.7,20.7,20.8,20.6,20.7,20.7,20.6,20.5,20.7,20.7,20.7,20.8,20.7,20.7,20.6,20.6,20.7,20.7,20.7,20.7,20.7,20.7,20.6,20.7,20.7,20.6,20.7,20.7,20.7,20.7,20.6,20.6,20.6,20.7,20.7,20.5,20.7,20.7,20.7,20.5,20.7,20.5,20.7,20.5,20.6,20.6,20.7,20.7,20.7,20.7,20.6,20.7,20.6,20.5,20.5,20.7,20.7,20.7,20.7,20.5,20.5,20.6,20.6,20.6,20.7,20.7,20.7,20.5,20.4,20.7,20.7,20.5,20.5,20.7,20.7,20.7,20.5,20.5,20.6,20.5,20.5,20.6,20.5,20.7,20.5,20.6,20.5,20.5,20.5,20.6,20.6,20.6,20.6,20.6,20.7,20.6,20.7,20.6,20.7,20.5,20.6,20.5,20.7,20.5,20.5,20.7,20.5,20.7,20.7,20.6,20.7,20.6,20.6,20.7,20.4,20.7,20.6,20.6,20.7,20.6,20.5,20.6,20.5,20.7,20.5,20.7,20.5,20.7,20.7,20.7,20.6,20.7,20.6,20.7,20.8,20.8,20.5,20.7,20.5,20.6,20.6,20.7,20.5,20.6,20.7,20.5,20.5,20.6
133,20.9,20.9,20.9,21.0,20.9,20.8,20.7,20.8,20.8,20.8,20.9,20.8,20.8,20.8,20.9,20.8,20.8,20.8,20.7,21.0,20.7,20.7,20.7,20.8,20.8,20.7,20.8,20.8,20.7,20.7,20.8,20.7,20.8,20.8,20.8,20.8,20.7,20.8,20.8,20.6,20.7,20.7,20.7,20.7,20.7,20.8,20.7,20.7,20.8,20.8,20.8,20.7,20.9,20.8,20.7,20.7,20.7,20.7,20.8,20.7,20.7,20.6,20.7,20.7,20.7,20.6,20.8,20.7,20.8,20.7,20.7,20.7,20.7,20.7,20.7,20.7,20.7,20.8,20.8,20.7,20.7,20.6,20.7,20.7,20.7,20.7,20.8,20.7,20.6,20.7,20.7,20.7,20.7,20.8,20.6,20.7,20.8,20.7,20.7,20.8,20.7,20.7,20.8,20.8,20.7,20.7,20.6,20.7,20.7,20.8,20.6,20.7,20.7,20.8,20.7,20.7,20.6,20.6,20.7,20.8,20.7,20.7,20.6,20.7,20.6,20.6,20.6,20.6,20.7,20.7,20.7,20.7,20.7,20.7,20.7,20.7,20.7,20.5,20.7,20.6,20.5,20.5,20.6,20.6,20.5,20.5,20.5,20.4,20.4,20.5,20.6,20.6,20.7,20.6,20.4,20.5,20.7,20.7,20.6,20.7,20.6,20.5,20.6,20.6,20.5,20.5,20.5,20.5,20.5,20.7,20.5,20.6,20.5,20.6,20.7,20.5,20.5,20.5,20.7,20.6,20.7,20.6,20.6,20.6,20.6,20.5,20.5,20.6,20.5,20.5,20.5,20.5,20.5,20.6,20.6,20.7,20.5,20.6,20.6,20.5,20.6,20.6,20.5,20.6,20.7,20.7,20.7,20.6,20.6,20.7,20.5,20.6,20.6,20.5,20.5,20.7,20.6,20.5,20.5,20.5,20.4,20.5,20.7,20.6,20.6,20.4,20.5,20.5,20.5,20.7,20.6,20.6,20.7,20.6,20.7,20.6,20.5,20.7,20.7,20.7,20.5,20.6,20.7,20.7,20.7,20.7,20.7,20.7,20.7,20.6,20.6,20.6,20.5,20.4,20.5,20.7
134,20.9,20.9,21.0,20.8,20.9,20.9,20.8,20.9,20.8,20.7,21.0,21.0,21.0,21.0,21.0,20.9,20.9,20.8,20.9,20.9,20.8,20.7,20.8,20.7,20.8,20.7,20.8,20.7,20.7,20.8,20.7,20.8,20.8,20.7,20.7,20.7,20.7,20.7,20.7,20.7,20.8,20.7,20.7,20.7,20.7,20.7,20.8,20.8,20.7,20.7,20.7,20.8,20.8,20.9,20.7,20.7,20.8,20.8,20.8,20.8,20.7,20.7,20.7,20.5,20.7,20.7,20.7,20.7,20.7,20.7,20.7,20.7,20.7,20.7,20.7,20.8,20.8,20.7,20.7,20.6,20.7,20.7,20.7,20.7,20.7,20.6,20.5,20.5,20.5,20.7,20.7,20.9,20.7,20.8,20.8,20.7,20.7,20.7,20.7,20.6,20.7,20.7,20.7,20.7,20.6,20.7,20.7,20.7,20.7,20.7,20.7,20.7,20.8,20.7,20.7,20.7,20.6,20.6,20.7,20.7,20.7,20.7,20.7,20.7,20.5,20.7,20.6,20.7,20.7,20.6,20.7,20.7,20.7,20.7,20.6,20.7,20.5,20.5,20.6,20.7,20.7,20.5,20.7,20.5,20.7,20.6,20.4,20.5,20.6,20.5,20.5,20.6,20.5,20.6,20.5,20.6,20.6,20.6,20.5,20.5,20.6,20.7,20.6,20.6,20.6,20.4,20.4,20.5,20.5,20.5,20.4,20.5,20.5,20.7,20.7,20.4,20.6,20.5,20.7,20.5,20.7,20.5,20.7,20.6,20.6,20.5,20.5,20.5,20.4,20.4,20.5,20.4,20.4,20.6,20.6,20.7,20.5,20.5,20.6,20.6,20.7,20.6,20.7,20.7,20.7,20.7,20.7,20.5,20.4,20.5,20.6,20.6,20.4,20.6,20.7,20.5,20.7,20.6,20.8,20.8,20.6,20.6,20.5,20.6,20.4,20.5,20.6,20.6,20.5,20.5,20.7,20.7,20.8,20.6,20.7,20.5,20.7,20.6,20.6,20.7,20.6,20.7,20.7,20.7,20.5,20.5,20.7,20.6,20.7,20.5,20.6,20.6,20.7,20.6,20.6,20.5
135,20.7,21.0,20.8,20.9,20.7,20.8,20.8,20.8,20.8,20.8,21.0,20.8,20.8,20.9,21.0,20.9,21.0,20.8,20.8,20.8,20.7,20.7,20.7,20.6,20.8,20.8,20.8,20.8,20.8,20.7,20.6,20.8,20.7,20.7,20.7,20.7,20.7,20.7,20.6,20.7,20.7,20.7,20.6,20.7,20.8,20.7,20.7,20.7,20.7,20.7,20.7,20.7,20.7,20.7,20.8,20.7,20.7,20.8,20.7,20.8,20.7,20.7,20.7,20.7,20.6,20.7,20.7,20.8,20.8,20.7,20.7,20.7,20.8,20.7,20.7,20.7,20.7,20.7,20.5,20.7,20.7,20.7,20.7,20.7,20.7,20.5,20.6,20.7,20.7,20.7,20.6,20.8,20.7,20.8,20.7,20.7,20.7,20.5,20.6,20.6,20.6,20.6,20.6,20.6,20.6,20.5,20.6,20.6,20.6,20.7,20.7,20.7,20.7,20.7,20.6,20.5,20.7,20.7,20.7,20.6,20.7,20.5,20.5,20.6,20.6,20.7,20.6,20.6,20.6,20.6,20.7,20.6,20.5,20.7,20.6,20.5,20.6,20.6,20.7,20.6,20.6,20.7,20.6,20.7,20.6,20.5,20.5,20.5,20.6,20.5,20.6,20.5,20.5,20.6,20.6,20.7,20.5,20.5,20.5,20.5,20.7,20.6,20.6,20.5,20.7,20.5,20.6,20.5,20.7,20.5,20.5,20.5,20.6,20.5,20.6,20.7,20.6,20.4,20.6,20.5,20.6,20.6,20.5,20.6,20.6,20.6,20.4,20.5,20.4,20.5,20.5,20.5,20.5,20.5,20.5,20.5,20.6,20.7,20.5,20.7,20.7,20.7,20.5,20.6,20.5,20.7,20.5,20.5,20.5,20.7,20.5,20.5,20.5,20.7,20.6,20.5,20.6,20.7,20.6,20.7,20.6,20.6,20.5,20.5,20.5,20.6,20.5,20.6,20.5,20.6,20.5,20.7,20.6,20.7,20.7,20.4,20.6,20.6,20.7,20.7,20.5,20.7,20.7,20.6,20.6,20.5,20.7,20.6,20.6,20.7,20.5,20.5,20.6,20.5,20.7,20.5
136,20.8,20.9,20.8,20.7,20.8,20.8,20.9,20.9,20.8,20.8,21.0,20.9,21.0,20.9,20.9,21.0,21.0,20.9,20.8,20.9,20.9,20.7,20.8,20.9,20.9,20.8,20.8,20.8,20.8,20.7,20.7,20.8,20.7,20.7,20.7,20.7,20.7,20.7,20.7,20.5,20.5,20.7,20.5,20.6,20.7,20.7,20.7,20.5,20.6,20.7,20.7,20.7,20.7,20.7,20.7,20.7,20.7,20.5,20.7,20.8,20.7,20.7,20.7,20.7,20.7,20.7,20.6,20.6,20.6,20.8,20.7,20.6,20.7,20.6,20.7,20.7,20.7,20.7,20.7,20.7,20.7,20.6,20.7,20.7,20.7,20.7,20.6,20.6,20.6,20.8,20.6,20.7,20.6,20.5,20.6,20.7,20.5,20.5,20.6,20.5,20.5,20.7,20.7,20.7,20.7,20.5,20.6,20.6,20.6,20.6,20.7,20.6,20.6,20.6,20.6,20.6,20.7,20.7,20.7,20.7,20.6,20.6,20.7,20.6,20.7,20.6,20.6,20.5,20.5,20.5,20.6,20.7,20.6,20.6,20.6,20.5,20.6,20.5,20.7,20.6,20.7,20.6,20.7,20.7,20.5,20.5,20.5,20.6,20.6,20.5,20.5,20.5,20.5,20.5,20.7,20.6,20.6,20.5,20.6,20.6,20.5,20.7,20.4,20.5,20.4,20.4,20.4,20.5,20.5,20.5,20.4,20.4,20.5,20.5,20.6,20.5,20.5,20.5,20.7,20.5,20.5,20.6,20.7,20.5,20.7,20.5,20.6,20.5,20.5,20.6,20.6,20.7,20.6,20.6,20.6,20.7,20.7,20.7,20.6,20.5,20.7,20.7,20.6,20.6,20.7,20.7,20.5,20.6,20.5,20.6,20.7,20.4,20.6,20.6,20.3,20.6,20.6,20.7,20.5,20.7,20.5,20.6,20.5,20.6,20.5,20.6,20.6,20.6,20.6,20.7,20.6,20.7,20.7,20.6,20.7,20.6,20.7,20.5,20.6,20.6,20.5,20.5,20.6,20.5,20.6,20.5,20.7,20.7,20.6,20.5,20.5,20.5,20.5,20.5,20.7,20.8
137,21.0,20.8,20.8,20.8,20.9,20.8,21.0,20.9,20.9,21.0,21.0,21.0,21.0,21.0,21.0,21.0,20.9,20.9,20.9,21.0,20.8,20.8,21.0,20.9,20.9,20.9,20.8,20.8,20.8,20.9,20.7,20.7,20.8,20.8,20.7,20.7,20.7,20.7,20.6,20.6,20.7,20.5,20.6,20.8,20.7,20.7,20.7,20.7,20.7,20.7,20.7,20.8,20.7,20.7,20.7,20.7,20.7,20.8,20.7,20.6,20.6,20.7,20.7,20.7,20.7,20.7,20.7,20.6,20.7,20.7,20.7,20.6,20.8,20.7,20.7,20.7,20.5,20.7,20.6,20.7,20.5,20.6,20.7,20.8,20.7,20.6,20.7,20.5,20.7,20.7,20.7,20.6,20.7,20.7,20.7,20.7,20.7,20.5,20.6,20.5,20.6,20.7,20.7,20.7,20.7,20.5,20.5,20.5,20.5,20.7,20.6,20.7,20.6,20.7,20.7,20.7,20.7,20.7,20.7,20.6,20.5,20.7,20.6,20.7,20.6,20.6,20.7,20.6,20.5,20.6,20.5,20.5,20.6,20.6,20.5,20.5,20.6,20.5,20.6,20.7,20.7,20.5,20.6,20.6,20.6,20.5,20.7,20.7,20.7,20.6,20.6,20.7,20.5,20.6,20.5,20.4,20.7,20.7,20.7,20.7,20.5,20.6,20.5,20.6,20.5,20.5,20.5,20.7,20.5,20.6,20.5,20.5,20.5,20.5,20.5,20.7,20.5,20.5,20.4,20.5,20.6,20.5,20.5,20.6,20.6,20.5,20.5,20.7,20.6,20.7,20.5,20.6,20.5,20.6,20.6,20.6,20.7,20.6,20.5,20.7,20.6,20.5,20.6,20.5,20.7,20.7,20.6,20.6,20.5,20.7,20.5,20.7,20.6,20.6,20.5,20.5,20.5,20.5,20.6,20.5,20.6,20.6,20.7,20.6,20.5,20.6,20.5,20.5,20.6,20.6,20.7,20.6,20.6,20.8,20.8,20.7,20.7,20.7,20.7,20.5,20.6,20.6,20.5,20.6,20.6,20.7,20.7,20.5,20.5,20.6,20.4,20.5,20.5,20.5,20.7,20.7
138,20.9,20.9,20.9,21.0,21.0,21.0,20.9,21.0,20.9,21.0,21.0,21.0,21.2,21.0,21.0,21.0,20.9,21.0,21.0,20.9,21.0,20.9,21.0,21.0,21.0,20.9,20.8,20.9,20.8,20.9,20.9,20.8,20.8,20.8,20.7,20.6,20.8,20.8,20.7,20.6,20.7,20.7,20.7,20.7,20.7,20.8,20.8,20.8,20.8,20.7,20.7,20.8,20.8,20.7,20.7,20.7,20.7,20.6,20.7,20.6,20.5,20.7,20.7,20.7,20.7,20.6,20.6,20.7,20.7,20.7,20.6,20.7,20.7,20.8,20.8,20.7,20.7,20.7,20.7,20.6,20.7,20.7,20.7,20.7,20.7,20.7,20.7,20.7,20.7,20.7,20.7,20.7,20.7,20.7,20.7,20.7,20.7,20.7,20.5,20.4,20.7,20.5,20.7,20.6,20.5,20.6,20.6,20.7,20.7,20.6,20.7,20.6,20.7,20.6,20.7,20.7,20.7,20.7,20.8,20.6,20.6,20.5,20.7,20.7,20.7,20.6,20.5,20.6,20.5,20.7,20.6,20.5,20.6,20.7,20.6,20.7,20.6,20.5,20.7,20.7,20.7,20.7,20.7,20.5,20.6,20.6,20.5,20.7,20.5,20.5,20.6,20.5,20.5,20.5,20.5,20.7,20.6,20.7,20.7,20.6,20.6,20.5,20.5,20.6,20.5,20.7,20.5,20.4,20.5,20.5,20.5,20.6,20.5,20.5,20.5,20.5,20.6,20.6,20.5,20.5,20.6,20.6,20.6,20.6,20.6,20.6,20.7,20.6,20.7,20.7,20.5,20.6,20.6,20.7,20.6,20.5,20.7,20.7,20.7,20.7,20.7,20.7,20.6,20.7,20.7,20.7,20.6,20.5,20.7,20.6,20.7,20.5,20.7,20.7,20.5,20.6,20.6,20.7,20.7,20.6,20.6,20.6,20.6,20.5,20.6,20.6,20.6,20.5,20.6,20.5,20.7,20.6,20.7,20.7,20.7,20.8,20.7,20.7,20.5,20.7,20.6,20.6,20.8,20.5,20.6,20.8,20.7,20.7,20.7,20.5,20.5,20.5,20.4,20.4,20.4,20.6
139,21.2,20.8,21.0,21.0,20.9,21.0,20.9,21.0,21.0,21.0,21.0,21.0,20.9,21.0,21.2,21.0,21.0,21.2,20.9,21.0,21.0,21.0,20.8,21.0,21.0,20.9,20.9,20.9,20.8,20.9,21.0,20.9,20.8,20.7,20.7,20.7,20.8,20.8,20.8,20.8,20.8,20.7,20.8,20.7,20.7,20.8,20.8,20.7,20.8,20.7,20.7,20.8,20.7,20.7,20.7,20.7,20.8,20.7,20.7,20.7,20.6,20.6,20.6,20.7,20.7,20.7,20.7,20.7,20.7,20.6,20.7,20.7,20.8,20.8,20.7,20.7,20.6,20.6,20.7,20.5,20.6,20.5,20.7,20.6,20.7,20.7,20.7,20.7,20.7,20.7,20.6,20.7,20.7,20.7,20.7,20.7,20.7,20.7,20.6,20.6,20.7,20.7,20.6,20.7,20.5,20.6,20.6,20.6,20.7,20.7,20.7,20.6,20.7,20.7,20.7,20.6,20.7,20.7,20.7,20.7,20.5,20.5,20.6,20.7,20.7,20.7,20.6,20.5,20.5,20.6,20.5,20.5,20.5,20.6,20.6,20.7,20.6,20.7,20.6,20.7,20.6,20.5,20.6,20.6,20.6,20.7,20.7,20.5,20.5,20.7,20.6,20.6,20.6,20.5,20.6,20.7,20.7,20.5,20.6,20.6,20.5,20.7,20.5,20.5,20.5,20.4,20.5,20.6,20.5,20.7,20.4,20.4,20.5,20.4,20.4,20.4,20.6,20.6,20.7,20.5,20.6,20.5,20.7,20.6,20.6,20.5,20.5,20.6,20.6,20.7,20.7,20.6,20.6,20.5,20.6,20.7,20.6,20.6,20.6,20.5,20.6,20.5,20.6,20.6,20.7,20.7,20.7,20.7,20.5,20.7,20.7,20.7,20.7,20.7,20.7,20.6,20.7,20.7,20.5,20.7,20.5,20.7,20.4,20.6,20.5,20.6,20.4,20.6,20.7,20.6,20.7,20.6,20.7,20.7,20.7,20.7,20.7,20.7,20.7,20.6,20.4,20.7,20.7,20.7,20.6,20.6,20.6,20.6,20.6,20.7,20.5,20.4,20.4,20.5,20.5,20.5
140,20.8,20.8,21.0,20.9,20.8,20.9,20.8,21.0,21.0,21.0,20.9,20.8,21.0,21.0,21.0,20.8,21.0,20.9,21.0,21.0,21.0,21.0,20.9,21.0,20.9,21.0,21.0,20.9,21.0,20.9,20.9,20.7,20.7,20.7,20.8,20.7,20.7,20.8,20.9,20.8,20.8,20.7,20.8,20.8,20.9,21.0,20.9,20.9,20.8,21.0,20.8,20.8,20.9,20.8,21.0,20.8,20.8,20.7,20.7,20.7,20.6,20.7,20.7,20.7,20.7,20.7,20.8,20.7,20.7,20.8,20.7,20.8,20.8,20.7,20.8,20.8,20.7,20.7,20.8,20.8,20.7,20.7,20.6,20.7,20.7,20.8,20.7,20.7,20.7,20.7,20.7,20.8,20.9,20.9,20.8,20.8,20.7,20.7,20.7,20.7,20.6,20.7,20.8,20.8,20.7,20.6,20.7,20.7,20.6,20.6,20.7,20.7,20.8,20.5,20.7,20.7,20.7,20.7,20.6,20.6,20.7,20.7,20.7,20.6,20.7,20.7,20.7,20.5,20.6,20.5,20.7,20.4,20.5,20.5,20.6,20.6,20.6,20.6,20.7,20.7,20.7,20.7,20.5,20.7,20.7,20.5,20.5,20.5,20.5,20.5,20.7,20.6,20.6,20.5,20.6,20.6,20.7,20.5,20.4,20.6,20.5,20.5,20.5,20.6,20.6,20.5,20.6,20.5,20.5,20.5,20.4,20.5,20.5,20.4,20.5,20.5,20.4,20.6,20.6,20.4,20.6,20.5,20.5,20.5,20.7,20.5,20.4,20.5,20.5,20.6,20.6,20.5,20.5,20.6,20.7,20.6,20.6,20.5,20.7,20.7,20.5,20.7,20.7,20.6,20.5,20.7,20.7,20.5,20.7,20.6,20.7,20.7,20.6,20.5,20.7,20.7,20.7,20.7,20.6,20.7,20.6,20.7,20.6,20.7,20.5,20.7,20.7,20.7,20.7,20.7,20.7,20.8,20.7,20.7,20.6,20.7,20.7,20.8,20.7,20.6,20.6,20.6,20.6,20.8,20.6,20.7,20.7,20.6,20.6,20.8,20.5,20.4,20.6,20.4,20.5,20.2
141,21.2,21.2,21.0,21.0,21.0,21.2,21.0,20.8,21.0,20.9,21.0,20.9,21.0,21.2,21.2,21.0,20.9,21.0,20.9,21.0,21.2,21.0,20.9,20.8,20.8,20.9,20.8,20.9,20.9,21.0,21.0,20.9,21.0,20.8,20.9,20.7,20.8,20.9,20.8,20.8,20.7,20.8,20.7,20.8,20.8,20.9,20.9,20.9,20.8,20.8,20.8,20.9,20.7,20.8,21.0,20.9,20.9,20.9,20.7,20.7,20.8,20.8,20.7,20.8,20.7,20.7,20.7,20.7,20.8,20.7,20.8,20.8,20.7,20.7,20.8,20.8,20.7,20.7,20.6,20.7,20.8,20.7,20.7,20.6,20.6,20.8,20.9,20.7,20.6,20.7,20.8,20.9,21.0,20.8,20.8,20.9,20.8,20.8,20.8,20.8,20.8,20.8,20.9,20.9,20.9,20.9,20.8,20.8,20.7,20.8,20.8,20.7,20.8,20.7,20.7,20.7,20.7,20.7,20.7,20.7,20.7,20.5,20.6,20.6,20.6,20.6,20.7,20.4,20.7,20.6,20.7,20.6,20.7,20.6,20.6,20.6,20.6,20.7,20.7,20.7,20.6,20.6,20.6,20.5,20.6,20.5,20.5,20.6,20.6,20.5,20.7,20.6,20.5,20.5,20.7,20.7,20.5,20.6,20.5,20.5,20.5,20.5,20.5,20.5,20.5,20.5,20.5,20.5,20.5,20.5,20.5,20.4,20.5,20.6,20.5,20.5,20.4,20.5,20.6,20.6,20.5,20.5,20.5,20.7,20.5,20.5,20.5,20.4,20.5,20.5,20.5,20.5,20.5,20.6,20.6,20.7,20.7,20.6,20.7,20.6,20.6,20.5,20.7,20.6,20.7,20.7,20.5,20.6,20.6,20.5,20.7,20.7,20.7,20.7,20.6,20.6,20.7,20.6,20.7,20.6,20.7,20.4,20.6,20.7,20.7,20.7,20.6,20.7,20.7,20.7,20.7,20.7,20.7,20.7,20.8,20.7,20.6,20.8,20.8,20.7,20.8,20.7,20.6,20.7,20.7,20.8,20.6,20.7,20.8,20.6,20.6,20.5,20.7,20.6,20.7,20.4
142,21.2,20.9,21.0,20.9,21.0,21.0,21.2,21.0,21.0,21.0,20.9,20.9,21.0,20.9,21.0,21.0,21.0,21.0,20.9,21.0,21.0,20.9,20.9,20.9,20.9,21.0,20.9,20.9,20.8,20.7,20.7,20.8,20.8,20.9,21.0,21.0,20.8,20.9,20.8,20.8,20.7,20.8,20.8,20.9,20.8,21.0,20.9,20.8,20.9,21.0,20.9,21.0,20.8,20.9,20.8,20.7,20.8,20.8,20.8,20.9,20.8,20.9,20.8,20.9,20.7,20.8,20.8,20.8,20.9,20.9,20.7,20.8,20.9,20.8,20.8,20.8,20.7,20.8,20.8,20.7,20.7,20.7,20.7,20.7,20.7,20.7,20.7,20.9,20.7,20.8,20.8,20.8,20.8,20.8,20.7,20.8,20.8,20.8,20.9,20.8,20.9,20.9,20.7,20.9,20.8,20.8,20.9,20.7,20.8,20.8,20.9,20.7,20.7,20.8,20.7,20.8,20.8,20.8,20.7,20.7,20.6,20.6,20.6,20.6,20.6,20.5,20.6,20.5,20.5,20.7,20.6,20.6,20.6,20.5,20.5,20.6,20.6,20.6,20.6,20.7,20.7,20.6,20.5,20.7,20.5,20.6,20.5,20.6,20.4,20.7,20.6,20.7,20.6,20.6,20.6,20.7,20.7,20.6,20.6,20.5,20.6,20.5,20.5,20.5,20.5,20.5,20.6,20.5,20.5,20.5,20.6,20.5,20.5,20.5,20.5,20.5,20.5,20.5,20.6,20.5,20.5,20.5,20.7,20.6,20.6,20.4,20.6,20.5,20.5,20.6,20.6,20.4,20.4,20.4,20.5,20.5,20.6,20.5,20.5,20.5,20.6,20.5,20.7,20.5,20.7,20.5,20.5,20.6,20.5,20.6,20.6,20.6,20.6,20.6,20.6,20.7,20.6,20.6,20.5,20.5,20.7,20.5,20.6,20.7,20.7,20.8,20.7,20.8,20.7,20.6,20.7,20.7,20.7,20.8,20.7,20.6,20.7,20.8,20.8,20.6,20.6,20.7,20.7,20.6,20.7,20.7,20.7,20.6,20.8,20.7,20.6,20.6,20.7,20.7,20.7,20.7
143,21.0,21.0,21.0,20.8,21.0,21.0,20.9,20.9,21.0,20.9,21.2,21.0,21.0,21.0,21.2,20.9,21.0,21.0,21.0,20.9,21.0,20.9,21.0,20.9,20.8,20.9,20.8,20.8,21.0,20.8,20.8,21.0,20.8,20.8,20.8,20.8,21.0,20.9,20.8,20.8,20.8,20.8,20.9,20.7,20.8,20.7,20.9,20.7,20.8,21.0,20.9,20.8,21.0,20.8,20.8,20.8,20.9,20.8,20.8,20.8,20.9,21.0,20.8,20.9,20.8,20.8,20.8,20.7,20.9,20.9,20.7,20.8,20.8,20.9,20.9,20.8,20.7,20.8,20.8,20.8,20.8,20.7,20.7,20.7,20.8,20.7,20.8,20.8,20.7,20.8,20.7,20.7,20.7,20.9,20.7,20.9,20.9,20.8,20.8,20.8,20.8,20.8,20.7,20.8,20.7,20.7,20.7,20.7,20.8,20.7,20.7,20.8,20.8,20.8,20.7,20.8,20.7,20.7,20.7,20.7,20.7,20.7,20.7,20.6,20.6,20.7,20.6,20.6,20.5,20.6,20.6,20.7,20.6,20.5,20.5,20.6,20.6,20.6,20.6,20.7,20.6,20.5,20.6,20.5,20.6,20.6,20.5,20.5,20.6,20.4,20.7,20.5,20.7,20.6,20.5,20.6,20.7,20.5,20.5,20.5,20.5,20.5,20.5,20.5,20.5,20.6,20.7,20.5,20.7,20.4,20.4,20.6,20.6,20.5,20.5,20.5,20.5,20.6,20.5,20.3,20.4,20.5,20.5,20.5,20.6,20.4,20.6,20.5,20.5,20.4,20.4,20.5,20.5,20.5,20.5,20.7,20.5,20.5,20.7,20.6,20.5,20.6,20.5,20.7,20.6,20.6,20.7,20.6,20.6,20.6,20.7,20.5,20.6,20.5,20.6,20.7,20.5,20.6,20.8,20.6,20.4,20.6,20.7,20.6,20.8,20.4,20.7,20.6,20.7,20.8,20.7,20.7,20.7,20.7,20.8,20.5,20.9,20.7,20.6,20.8,20.6,20.8,20.7,20.7,20.7,20.7,20.7,20.7,20.7,20.6,20.7,20.5,20.7,20.7,20.7,20.4
144,21.0,21.0,21.0,20.9,21.0,20.9,21.0,21.0,21.0,21.0,20.9,20.9,20.9,21.0,20.9,21.0,21.0,21.0,21.0,20.9,21.0,20.7,20.8,20.9,20.9,21.0,20.8,20.9,21.0,20.9,20.8,20.8,20.7,20.8,20.9,20.8,20.8,20.8,20.8,21.0,20.8,21.0,20.8,20.7,21.0,20.8,20.8,20.8,20.9,20.8,20.9,20.8,21.0,20.9,20.9,20.9,20.9,20.8,20.9,20.8,20.8,20.8,20.8,20.8,20.8,20.7,20.7,20.8,20.8,20.8,20.8,20.9,20.8,20.9,20.7,20.7,20.7,21.0,20.8,20.8,20.7,20.7,20.7,20.7,20.8,20.8,20.7,20.9,20.8,20.7,20.7,20.7,20.7,20.7,20.8,20.7,20.7,20.8,20.8,20.8,20.7,20.8,20.8,20.7,20.7,20.7,20.7,20.8,20.8,20.8,20.8,20.9,20.9,20.7,20.7,20.7,20.6,20.7,20.6,20.7,20.6,20.5,20.7,20.5,20.5,20.7,20.6,20.7,20.7,20.6,20.5,20.5,20.7,20.5,20.6,20.6,20.4,20.6,20.7,20.5,20.7,20.6,20.5,20.4,20.5,20.5,20.4,20.5,20.5,20.5,20.5,20.6,20.6,20.6,20.6,20.5,20.5,20.5,20.5,20.5,20.6,20.4,20.5,20.5,20.5,20.6,20.6,20.6,20.6,20.6,20.5,20.5,20.6,20.6,20.5,20.6,20.6,20.5,20.4,20.5,20.5,20.6,20.6,20.5,20.5,20.4,20.5,20.5,20.5,20.5,20.5,20.5,20.4,20.4,20.4,20.6,20.6,20.6,20.6,20.5,20.6,20.6,20.6,20.7,20.5,20.6,20.5,20.5,20.5,20.6,20.5,20.6,20.5,20.6,20.5,20.6,20.6,20.7,20.7,20.6,20.5,20.6,20.5,20.7,20.7,20.6,20.6,20.7,20.7,20.5,20.6,20.7,20.7,20.6,20.7,20.7,20.7,20.7,20.6,20.8,20.6,20.6,20.7,20.6,20.6,20.7,20.7,20.6,20.7,20.7,20.6,20.7,20.7,20.8,20.8,20.8
145,20.9,20.9,21.0,20.8,20.7,20.8,20.8,20.9,20.9,21.0,20.8,20.8,20.9,20.9,21.0,20.7,20.8,20.9,20.8,20.8,20.8,20.9,20.9,21.0,20.8,20.8,20.9,20.7,20.8,20.8,20.9,21.0,20.8,20.8,20.9,20.8,20.8,20.8,20.8,20.8,20.8,20.9,20.7,21.0,20.8,20.7,20.8,20.8,20.8,20.9,20.8,20.8,20.8,20.8,20.7,20.8,20.9,20.8,20.8,20.8,20.8,20.8,20.8,21.0,21.0,20.8,20.8,20.8,20.8,20.9,20.7,20.8,20.8,20.7,20.8,20.7,20.7,20.7,20.7,20.8,20.8,20.7,20.7,20.9,20.8,20.8,20.7,20.8,20.8,20.8,20.7,20.7,20.7,20.8,20.7,20.7,20.7,20.6,20.7,20.7,20.7,20.7,20.8,20.7,20.6,20.7,20.8,20.7,20.8,20.7,20.8,20.8,20.8,20.8,20.7,20.6,20.5,20.7,20.6,20.7,20.7,20.7,20.6,20.6,20.7,20.5,20.5,20.6,20.7,20.6,20.5,20.5,20.5,20.5,20.6,20.5,20.5,20.7,20.6,20.6,20.5,20.5,20.5,20.4,20.5,20.5,20.5,20.5,20.5,20.5,20.7,20.6,20.7,20.7,20.4,20.5,20.6,20.5,20.4,20.5,20.5,20.5,20.4,20.5,20.6,20.4,20.5,20.5,20.5,20.6,20.6,20.6,20.5,20.6,20.5,20.5,20.5,20.4,20.5,20.5,20.4,20.5,20.5,20.4,20.5,20.4,20.5,20.6,20.6,20.5,20.6,20.5,20.5,20.5,20.5,20.5,20.6,20.5,20.4,20.6,20.7,20.6,20.6,20.6,20.6,20.6,20.7,20.7,20.7,20.5,20.7,20.6,20.7,20.5,20.4,20.4,20.6,20.7,20.6,20.6,20.6,20.7,20.6,20.7,20.5,20.6,20.7,20.5,20.7,20.7,20.5,20.6,20.7,20.8,20.7,20.6,20.7,20.7,20.6,20.6,20.6,20.7,20.8,20.7,20.5,20.7,20.5,20.5,20.5,20.7,20.7,20.7,20.5,20.6,20.6,20.8
146,20.8,21.0,21.0,20.9,20.9,20.9,20.9,20.9,21.0,20.9,21.0,20.9,20.9,20.9,20.9,20.8,21.0,20.9,20.8,20.8,20.9,20.9,20.8,20.9,20.9,20.8,20.7,20.8,20.8,20.8,21.0,21.0,20.9,20.8,20.8,20.8,20.9,20.9,20.8,21.0,20.7,20.8,20.8,20.9,21.0,21.0,20.8,20.9,20.9,20.9,20.9,20.9,20.8,20.8,20.8,20.8,21.0,20.8,20.8,20.8,20.8,20.9,20.8,20.9,20.9,20.8,20.7,20.9,20.7,20.9,20.8,20.8,20.7,20.8,20.7,20.8,20.8,20.8,20.8,20.9,20.8,20.8,20.8,20.8,20.9,20.8,20.8,20.8,20.8,20.8,20.7,20.7,20.7,20.7,20.7,20.7,20.6,20.7,20.7,20.7,20.7,20.7,20.9,20.7,20.7,20.8,20.6,20.7,20.7,20.7,20.7,20.8,20.7,20.7,20.7,20.5,20.6,20.7,20.7,20.7,20.7,20.7,20.7,20.7,20.5,20.7,20.6,20.6,20.6,20.7,20.6,20.6,20.6,20.5,20.6,20.6,20.7,20.6,20.6,20.6,20.6,20.5,20.5,20.7,20.5,20.5,20.5,20.6,20.5,20.6,20.5,20.6,20.7,20.5,20.6,20.6,20.5,20.6,20.5,20.6,20.5,20.5,20.5,20.6,20.5,20.4,20.5,20.6,20.5,20.5,20.6,20.6,20.5,20.6,20.5,20.4,20.5,20.5,20.4,20.5,20.5,20.4,20.4,20.4,20.4,20.6,20.7,20.5,20.5,20.5,20.7,20.6,20.6,20.6,20.5,20.5,20.6,20.4,20.5,20.6,20.6,20.7,20.6,20.7,20.7,20.5,20.7,20.5,20.5,20.7,20.5,20.5,20.6,20.5,20.6,20.7,20.5,20.6,20.6,20.5,20.7,20.7,20.5,20.7,20.6,20.5,20.6,20.5,20.5,20.6,20.5,20.6,20.5,20.7,20.6,20.6,20.7,20.7,20.5,20.5,20.6,20.6,20.7,20.7,20.7,20.8,20.7,20.7,20.7,20.6,20.5,20.6,20.5,20.7,20.7,20.6
147,20.9,21.0,21.0,20.7,20.8,21.0,20.8,21.0,21.0,21.0,20.9,20.9,20.8,20.9,20.7,20.9,21.0,20.7,20.8,20.8,20.8,20.9,20.9,20.8,20.8,20.8,20.7,20.7,20.8,20.9,20.8,20.8,20.9,20.8,20.8,20.8,21.0,20.9,20.8,20.8,20.8,20.8,20.8,20.9,21.0,20.8,20.7,20.7,20.7,20.8,20.7,20.8,20.8,20.8,20.7,20.8,20.8,20.8,20.8,20.9,20.7,20.7,20.7,20.7,20.9,20.9,20.7,20.7,20.8,20.7,20.7,20.7,20.8,20.7,20.8,20.8,20.7,20.7,20.8,20.8,20.8,20.8,20.8,20.7,20.7,20.8,20.8,20.7,20.8,20.7,20.7,20.7,20.6,20.7,20.7,20.7,20.6,20.7,20.6,20.6,20.7,20.8,20.8,20.7,20.7,20.7,20.7,20.8,20.7,20.7,20.7,20.7,20.7,20.7,20.5,20.6,20.6,20.6,20.7,20.7,20.7,20.6,20.7,20.7,20.7,20.7,20.7,20.6,20.5,20.5,20.5,20.6,20.6,20.5,20.6,20.5,20.6,20.6,20.4,20.6,20.6,20.5,20.6,20.6,20.5,20.5,20.5,20.5,20.5,20.5,20.4,20.6,20.4,20.4,20.4,20.5,20.4,20.6,20.5,20.5,20.5,20.6,20.6,20.5,20.5,20.5,20.5,20.4,20.4,20.5,20.4,20.6,20.5,20.5,20.5,20.5,20.5,20.5,20.5,20.5,20.5,20.4,20.3,20.4,20.4,20.4,20.5,20.6,20.5,20.5,20.5,20.6,20.6,20.5,20.5,20.5,20.6,20.4,20.6,20.5,20.5,20.6,20.6,20.4,20.6,20.7,20.5,20.5,20.6,20.6,20.6,20.6,20.6,20.5,20.7,20.5,20.6,20.5,20.5,20.6,20.5,20.7,20.7,20.7,20.5,20.7,20.5,20.4,20.6,20.7,20.5,20.5,20.5,20.4,20.6,20.5,20.6,20.7,20.7,20.6,20.7,20.7,20.6,20.7,20.7,20.5,20.7,20.4,20.6,20.6,20.7,20.6,20.6,20.5,20.6,20.7
148,21.0,21.2,20.9,21.0,21.0,20.9,20.8,20.9,20.9,20.9,20.9,20.9,20.7,20.9,20.8,21.0,20.7,20.9,20.7,20.8,20.8,20.8,21.0,20.9,20.9,20.8,20.8,20.8,20.8,20.9,20.8,21.0,20.8,20.8,20.8,20.8,20.8,21.0,20.8,20.8,20.8,20.7,20.8,20.8,20.8,20.8,20.7,20.7,20.8,20.7,20.8,20.8,20.7,20.8,20.8,20.7,20.7,20.8,20.8,20.7,20.7,20.7,20.8,20.8,20.8,20.8,20.8,20.7,20.8,20.8,20.8,20.8,20.8,20.6,20.6,20.8,20.8,20.7,20.8,20.7,20.8,20.7,20.7,20.8,20.7,20.7,20.7,20.8,20.7,20.8,20.7,20.8,20.7,20.6,20.7,20.7,20.7,20.7,20.7,20.7,20.7,20.8,20.8,20.8,20.6,20.7,20.8,20.7,20.7,20.7,20.7,20.7,20.7,20.7,20.7,20.6,20.7,20.7,20.6,20.7,20.7,20.7,20.7,20.6,20.8,20.7,20.7,20.5,20.7,20.6,20.7,20.6,20.7,20.6,20.6,20.7,20.5,20.5,20.7,20.5,20.6,20.6,20.5,20.6,20.4,20.6,20.5,20.4,20.5,20.5,20.6,20.6,20.6,20.6,20.4,20.6,20.5,20.5,20.5,20.5,20.5,20.5,20.4,20.4,20.4,20.5,20.5,20.4,20.4,20.4,20.5,20.5,20.4,20.4,20.6,20.4,20.5,20.6,20.5,20.4,20.4,20.4,20.4,20.4,20.5,20.5,20.5,20.5,20.4,20.4,20.5,20.5,20.6,20.5,20.6,20.5,20.5,20.5,20.6,20.5,20.6,20.6,20.5,20.7,20.6,20.6,20.5,20.5,20.5,20.6,20.5,20.7,20.6,20.6,20.6,20.6,20.5,20.6,20.5,20.6,20.7,20.7,20.6,20.5,20.5,20.7,20.6,20.5,20.6,20.5,20.6,20.5,20.6,20.6,20.7,20.7,20.7,20.7,20.7,20.7,20.5,20.5,20.6,20.7,20.5,20.7,20.6,20.5,20.6,20.7,20.7,20.5,20.6,20.7,20.7,20.4
149,21.0,20.8,20.8,20.7,20.8,20.9,20.8,20.8,20.8,20.8,20.9,20.9,21.0,20.8,20.8,21.0,20.8,20.8,20.8,20.8,20.8,20.9,20.9,20.9,20.9,21.0,20.8,20.9,20.9,20.9,20.9,20.8,20.8,20.7,20.9,20.7,20.9,20.9,20.8,20.7,20.7,20.8,20.8,20.9,20.7,20.7,20.7,20.7,20.8,20.7,20.8,20.7,20.7,20.7,20.7,20.8,20.8,20.8,20.8,20.8,20.9,20.9,20.8,20.7,20.8,20.7,20.8,20.8,20.7,20.8,20.7,20.8,20.8,20.7,20.7,20.7,20.8,20.8,20.7,20.6,20.7,20.7,20.8,20.7,20.7,20.7,20.7,20.8,20.8,20.8,20.8,20.7,20.7,20.6,20.6,20.7,20.7,20.8,20.7,20.8,20.7,20.8,20.8,20.9,20.7,20.7,20.7,20.7,20.7,20.7,20.6,20.7,20.8,20.8,20.7,20.8,20.7,20.7,20.7,20.6,20.7,20.8,20.7,20.7,20.7,20.6,20.7,20.7,20.7,20.7,20.7,20.7,20.7,20.6,20.7,20.5,20.7,20.7,20.6,20.6,20.5,20.6,20.6,20.6,20.6,20.5,20.6,20.6,20.5,20.7,20.5,20.7,20.7,20.5,20.6,20.6,20.7,20.5,20.6,20.5,20.6,20.5,20.5,20.6,20.4,20.5,20.5,20.5,20.5,20.5,20.4,20.4,20.4,20.5,20.5,20.5,20.5,20.5,20.6,20.4,20.5,20.4,20.3,20.4,20.4,20.4,20.4,20.5,20.7,20.6,20.5,20.5,20.5,20.5,20.5,20.5,20.4,20.4,20.4,20.5,20.4,20.5,20.5,20.5,20.4,20.5,20.3,20.5,20.5,20.6,20.7,20.5,20.6,20.5,20.4,20.6,20.4,20.4,20.6,20.7,20.5,20.7,20.7,20.4,20.4,20.5,20.5,20.7,20.5,20.7,20.5,20.8,20.6,20.6,20.5,20.7,20.7,20.8,20.8,20.7,20.5,20.7,20.7,20.5,20.5,20.5,20.6,20.7,20.7,20.5,20.7,20.7,20.7,20.6,20.7,20.8
150,20.7,20.8,20.8,20.7,20.8,20.8,20.8,20.8,20.8,20.8,20.9,20.9,20.8,20.8,20.7,20.9,20.9,20.7,20.8,20.8,20.7,20.8,20.9,20.8,20.8,20.7,20.8,20.8,20.8,20.9,20.8,20.9,20.7,20.7,20.6,20.8,20.7,20.8,20.8,20.8,20.7,20.7,20.8,20.8,20.7,20.7,20.8,20.8,20.8,20.7,20.7,20.7,20.6,20.6,20.6,20.8,20.7,20.7,20.8,20.8,20.7,20.7,20.7,20.7,20.7,20.9,20.8,20.9,20.9,20.7,20.7,20.8,20.7,20.7,20.7,20.8,20.7,20.8,20.8,20.7,20.6,20.6,20.8,20.6,20.7,20.7,20.8,20.8,20.8,20.7,20.7,20.7,20.7,20.7,20.7,20.7,20.7,20.6,20.7,20.7,20.7,20.8,20.6,20.8,20.8,20.7,20.7,20.7,20.7,20.7,20.6,20.7,20.7,20.7,20.7,20.7,20.6,20.6,20.6,20.6,20.7,20.8,20.7,20.7,20.6,20.7,20.6,20.7,20.7,20.7,20.7,20.7,20.7,20.7,20.7,20.6,20.7,20.7,20.6,20.6,20.5,20.6,20.6,20.5,20.5,20.6,20.5,20.4,20.5,20.6,20.7,20.7,20.6,20.7,20.6,20.7,20.7,20.6,20.5,20.5,20.5,20.5,20.5,20.4,20.4,20.6,20.5,20.5,20.5,20.4,20.4,20.4,20.4,20.5,20.3,20.5,20.4,20.5,20.4,20.4,20.5,20.4,20.4,20.3,20.2,20.5,20.5,20.4,20.5,20.5,20.5,20.4,20.5,20.4,20.3,20.4,20.4,20.5,20.6,20.5,20.4,20.5,20.6,20.5,20.4,20.6,20.4,20.4,20.4,20.5,20.4,20.4,20.6,20.7,20.5,20.6,20.5,20.4,20.4,20.6,20.4,20.5,20.5,20.5,20.5,20.5,20.4,20.4,20.5,20.5,20.4,20.6,20.5,20.7,20.7,20.7,20.7,20.6,20.5,20.7,20.7,20.7,20.5,20.5,20.5,20.6,20.6,20.7,20.7,20.5,20.5,20.7,20.5,20.4,20.4,20.4
151,21.0,20.8,20.9,20.8,20.9,20.9,20.9,21.0,20.9,20.9,20.8,20.7,20.8,20.7,20.8,20.7,20.8,20.8,20.7,20.8,20.8,20.7,20.9,20.8,20.7,20.8,20.8,20.8,20.7,20.7,20.8,21.0,20.8,20.7,20.8,20.8,20.7,20.7,20.8,20.7,20.7,20.7,20.8,20.7,20.7,20.8,20.7,20.8,20.7,20.8,20.8,20.7,20.7,20.8,20.8,20.7,20.8,20.7,20.8,20.9,20.8,20.8,20.7,20.7,20.7,20.7,20.7,20.8,20.9,20.8,20.8,20.7,20.7,20.7,20.7,20.7,20.7,20.8,20.8,20.7,20.7,20.9,20.7,20.7,20.8,20.8,20.7,20.7,20.7,20.7,20.7,20.7,20.7,20.7,20.7,20.6,20.7,20.7,20.7,20.7,20.8,20.7,20.7,20.7,20.7,20.7,20.7,20.7,20.7,20.8,20.8,20.7,20.7,20.7,20.5,20.7,20.6,20.7,20.7,20.7,20.8,20.7,20.7,20.7,20.6,20.7,20.7,20.7,20.7,20.7,20.7,20.7,20.7,20.7,20.7,20.7,20.7,20.7,20.7,20.6,20.5,20.6,20.7,20.5,20.6,20.5,20.5,20.4,20.5,20.7,20.7,20.7,20.7,20.5,20.5,20.7,20.6,20.6,20.5,20.5,20.5,20.5,20.5,20.4,20.5,20.6,20.5,20.6,20.5,20.5,20.4,20.5,20.6,20.4,20.4,20.4,20.5,20.5,20.5,20.4,20.4,20.6,20.5,20.5,20.4,20.5,20.5,20.5,20.6,20.5,20.5,20.5,20.4,20.4,20.5,20.6,20.5,20.6,20.5,20.7,20.6,20.7,20.7,20.4,20.5,20.4,20.4,20.5,20.4,20.7,20.5,20.4,20.5,20.6,20.5,20.4,20.5,20.6,20.6,20.5,20.5,20.4,20.5,20.6,20.4,20.5,20.6,20.5,20.4,20.7,20.5,20.6,20.6,20.4,20.6,20.5,20.5,20.7,20.6,20.7,20.5,20.7,20.6,20.5,20.5,20.5,20.7,20.5,20.6,20.7,20.7,20.7,20.4,20.5,20.5,20.5
152,20.9,20.9,20.9,20.8,20.8,21.0,21.0,20.8,21.0,21.0,20.8,21.0,20.9,20.8,21.0,20.8,20.9,20.9,20.8,20.8,20.8,20.8,20.7,20.9,20.8,20.8,20.8,20.7,20.8,20.9,20.8,20.8,20.9,20.8,20.9,20.8,20.7,20.7,20.7,20.7,20.8,20.7,20.9,20.8,20.7,20.8,20.8,20.8,20.7,20.7,20.7,20.7,20.6,20.8,20.7,20.7,20.8,20.6,20.8,20.8,20.6,20.7,20.7,20.7,20.6,20.7,20.7,20.8,20.8,20.7,20.7,20.7,20.6,20.6,20.5,20.7,20.8,20.8,20.7,20.9,20.7,20.8,20.7,20.7,20.6,20.7,20.6,20.8,20.7,20.5,20.6,20.7,20.7,20.7,20.7,20.7,20.7,20.6,20.7,20.8,20.7,20.7,20.7,20.6,20.9,20.8,20.8,20.8,20.8,20.7,20.8,20.7,20.7,20.7,20.7,20.7,20.7,20.7,20.7,20.5,20.6,20.5,20.7,20.7,20.7,20.7,20.7,20.7,20.7,20.7,20.7,20.6,20.7,20.7,20.7,20.6,20.6,20.6,20.5,20.6,20.7,20.7,20.7,20.7,20.7,20.5,20.7,20.5,20.6,20.7,20.7,20.7,20.7,20.8,20.7,20.6,20.7,20.6,20.5,20.5,20.6,20.6,20.7,20.5,20.6,20.5,20.7,20.6,20.6,20.6,20.5,20.4,20.5,20.5,20.5,20.4,20.5,20.5,20.5,20.5,20.6,20.4,20.6,20.6,20.5,20.6,20.4,20.4,20.5,20.5,20.5,20.4,20.5,20.5,20.5,20.5,20.7,20.6,20.5,20.6,20.6,20.5,20.5,20.5,20.5,20.5,20.5,20.5,20.6,20.7,20.5,20.5,20.6,20.5,20.7,20.5,20.5,20.6,20.6,20.5,20.6,20.5,20.6,20.5,20.4,20.5,20.4,20.7,20.6,20.7,20.7,20.6,20.5,20.5,20.6,20.6,20.6,20.5,20.6,20.7,20.5,20.6,20.5,20.5,20.5,20.5,20.7,20.6,20.6,20.5,20.5,20.6,20.5,20.5,20.7,20.4
153,20.7,21.0,21.0,21.0,21.0,21.0,20.9,21.0,20.8,20.8,21.0,21.0,21.0,20.7,21.0,20.7,20.7,20.9,20.8,20.8,20.8,20.8,20.9,20.8,20.7,20.7,20.8,20.8,20.7,20.8,20.9,20.9,20.8,20.8,20.7,20.7,20.7,20.8,20.7,20.7,20.8,20.7,20.7,20.8,20.7,20.7,20.7,20.7,20.8,20.7,20.7,20.7,20.8,20.8,20.6,20.7,20.8,20.7,20.7,20.7,20.7,20.7,20.6,20.8,20.7,20.7,20.7,20.6,20.7,20.7,20.8,20.7,20.7,20.7,20.6,20.7,20.7,20.8,20.8,20.7,20.8,20.7,20.7,20.6,20.7,20.6,20.7,20.7,20.6,20.6,20.7,20.6,20.7,20.6,20.7,20.7,20.7,20.7,20.6,20.7,20.7,20.7,20.6,20.6,20.7,20.6,20.7,20.7,20.7,20.7,20.7,20.7,20.7,20.6,20.7,20.7,20.7,20.7,20.8,20.6,20.7,20.7,20.8,20.7,20.6,20.7,20.7,20.6,20.7,20.7,20.7,20.7,20.7,20.6,20.7,20.7,20.7,20.6,20.5,20.7,20.7,20.5,20.7,20.7,20.7,20.7,20.6,20.6,20.6,20.7,20.6,20.6,20.7,20.7,20.7,20.7,20.6,20.5,20.6,20.7,20.5,20.7,20.6,20.7,20.7,20.7,20.7,20.6,20.6,20.5,20.7,20.6,20.5,20.5,20.4,20.4,20.7,20.4,20.4,20.5,20.4,20.6,20.5,20.7,20.5,20.4,20.5,20.5,20.5,20.6,20.5,20.4,20.6,20.5,20.5,20.5,20.5,20.5,20.5,20.5,20.5,20.7,20.5,20.5,20.5,20.5,20.5,20.6,20.6,20.7,20.6,20.6,20.6,20.5,20.5,20.6,20.6,20.6,20.7,20.5,20.5,20.6,20.6,20.5,20.6,20.6,20.5,20.6,20.7,20.7,20.5,20.7,20.7,20.5,20.6,20.6,20.7,20.6,20.7,20.7,20.5,20.7,20.7,20.5,20.7,20.5,20.6,20.7,20.7,20.7,20.6,20.6,20.7,20.6,20.7,20.6
154,21.4,21.0,21.0,21.0,21.0,20.8,21.0,20.9,21.0,21.0,21.0,20.9,21.0,20.8,20.8,20.9,21.0,20.8,20.8,20.8,20.9,20.7,20.8,20.8,20.5,20.7,20.8,20.8,20.8,20.8,20.7,20.8,20.7,20.7,20.7,20.8,20.8,20.8,20.7,20.7,20.7,20.7,20.7,20.8,20.7,20.7,20.7,20.7,20.8,20.6,20.8,20.7,20.7,20.7,20.8,20.7,20.8,20.7,20.8,20.7,20.7,20.8,20.6,20.7,20.6,20.6,20.7,20.7,20.7,20.7,20.7,20.8,20.6,20.6,20.7,20.7,20.6,20.7,20.7,20.8,20.7,20.7,20.8,20.7,20.7,20.7,20.7,20.7,20.7,20.7,20.7,20.6,20.7,20.8,20.7,20.7,20.6,20.6,20.7,20.7,20.6,20.6,20.6,20.7,20.6,20.7,20.7,20.8,20.7,20.8,20.7,20.7,20.7,20.7,20.7,20.8,20.7,20.7,20.7,20.7,20.6,20.7,20.7,20.7,20.7,20.6,20.7,20.5,20.7,20.7,20.8,20.8,20.7,20.7,20.6,20.8,20.7,20.7,20.7,20.7,20.6,20.7,20.8,20.7,20.8,20.7,20.7,20.7,20.7,20.7,20.7,20.8,20.7,20.7,20.7,20.7,20.7,20.6,20.7,20.6,20.6,20.5,20.7,20.5,20.6,20.5,20.7,20.6,20.7,20.4,20.6,20.5,20.7,20.7,20.5,20.6,20.4,20.5,20.5,20.5,20.6,20.6,20.6,20.6,20.6,20.7,20.7,20.6,20.6,20.5,20.4,20.6,20.5,20.5,20.6,20.5,20.5,20.6,20.7,20.5,20.7,20.6,20.6,20.7,20.6,20.6,20.5,20.7,20.6,20.5,20.5,20.5,20.7,20.7,20.6,20.6,20.6,20.7,20.5,20.6,20.7,20.5,20.5,20.6,20.6,20.5,20.6,20.6,20.7,20.7,20.5,20.7,20.7,20.6,20.7,20.5,20.7,20.6,20.6,20.7,20.8,20.8,20.7,20.6,20.6,20.6,20.6,20.7,20.6,20.6,20.5,20.7,20.5,20.7,20.5,20.7
155,21.2,21.0,21.0,20.9,20.9,21.0,20.8,21.0,21.0,21.0,21.0,20.8,20.9,20.8,20.9,20.8,21.0,20.9,20.8,20.8,20.7,20.9,20.8,20.7,20.9,20.7,20.8,20.8,20.7,20.7,20.8,20.8,20.7,20.8,20.7,20.7,20.7,20.8,20.9,20.7,20.7,20.8,20.6,20.7,20.7,20.7,20.7,20.7,20.8,20.6,20.7,20.7,20.7,20.7,20.8,20.7,20.7,20.7,20.7,20.8,20.8,20.7,20.7,20.6,20.7,20.8,20.7,20.8,20.7,20.8,20.7,20.8,20.7,20.7,20.7,20.7,20.7,20.8,20.7,20.7,20.7,20.7,20.8,20.6,20.7,20.7,20.7,20.7,20.6,20.7,20.7,20.7,20.7,20.6,20.7,20.7,20.7,20.7,20.7,20.6,20.7,20.7,20.7,20.6,20.5,20.7,20.6,20.7,20.7,20.7,20.7,20.7,20.7,20.7,20.7,20.7,20.7,20.7,20.6,20.7,20.7,20.6,20.6,20.7,20.4,20.7,20.6,20.6,20.6,20.7,20.7,20.8,20.7,20.6,20.7,20.8,20.6,20.6,20.6,20.7,20.7,20.7,20.7,20.6,20.7,20.6,20.7,20.7,20.7,20.7,20.7,20.7,20.7,20.7,20.7,20.7,20.5,20.6,20.7,20.6,20.7,20.7,20.7,20.5,20.6,20.7,20.7,20.7,20.5,20.5,20.5,20.6,20.5,20.5,20.6,20.6,20.5,20.6,20.4,20.6,20.6,20.5,20.5,20.6,20.7,20.5,20.7,20.5,20.4,20.4,20.6,20.5,20.7,20.7,20.5,20.6,20.6,20.6,20.7,20.7,20.7,20.6,20.7,20.7,20.6,20.6,20.5,20.7,20.7,20.7,20.5,20.6,20.6,20.7,20.7,20.7,20.7,20.5,20.7,20.7,20.7,20.6,20.7,20.5,20.7,20.5,20.5,20.7,20.6,20.7,20.6,20.8,20.7,20.6,20.5,20.6,20.7,20.5,20.5,20.7,20.5,20.6,20.6,20.5,20.7,20.5,20.7,20.6,20.6,20.7,20.6,20.8,20.5,20.5,20.5,20.9
156,21.2,21.0,20.9,21.0,21.0,21.0,21.0,21.0,20.9,21.0,20.9,21.0,21.0,20.8,20.8,20.9,21.0,21.0,20.8,21.0,20.9,21.0,20.9,21.0,20.8,20.8,20.7,20.8,20.8,20.7,20.7,20.8,20.7,20.8,20.8,20.7,20.7,20.7,20.8,20.8,20.8,20.7,20.8,20.7,20.7,20.7,20.8,20.7,20.7,20.7,20.7,20.7,20.8,20.7,20.7,20.7,20.7,20.7,20.8,20.7,20.7,20.8,20.8,20.8,20.7,20.7,20.7,20.7,20.7,20.8,20.7,20.8,20.7,20.7,20.7,20.7,20.7,20.6,20.7,20.7,20.7,20.7,20.8,20.8,20.6,20.7,20.7,20.6,20.6,20.7,20.5,20.5,20.7,20.7,20.7,20.7,20.7,20.7,20.7,20.6,20.6,20.7,20.7,20.7,20.5,20.7,20.7,20.7,20.7,20.8,20.7,20.7,20.7,20.7,20.7,20.7,20.7,20.7,20.8,20.6,20.7,20.6,20.6,20.5,20.7,20.7,20.5,20.6,20.7,20.7,20.7,20.7,20.6,20.7,20.7,20.7,20.6,20.6,20.7,20.7,20.7,20.6,20.7,20.7,20.7,20.7,20.7,20.7,20.7,20.7,20.6,20.7,20.7,20.6,20.7,20.7,20.7,20.7,20.7,20.7,20.7,20.7,20.7,20.5,20.7,20.7,20.7,20.6,20.7,20.7,20.7,20.6,20.6,20.5,20.6,20.7,20.7,20.7,20.6,20.5,20.5,20.5,20.6,20.7,20.6,20.6,20.5,20.5,20.4,20.6,20.6,20.6,20.6,20.6,20.6,20.6,20.6,20.5,20.6,20.7,20.7,20.7,20.5,20.6,20.5,20.6,20.7,20.7,20.7,20.5,20.5,20.5,20.7,20.6,20.5,20.5,20.7,20.6,20.6,20.5,20.7,20.4,20.5,20.5,20.7,20.7,20.7,20.7,20.7,20.7,20.7,20.6,20.6,20.7,20.6,20.7,20.6,20.6,20.7,20.7,20.7,20.7,20.7,20.5,20.5,20.7,20.5,20.6,20.6,20.7,20.6,20.6,20.6,20.5,20.4,20.8
157,20.7,20.9,20.9,21.0,21.0,21.0,21.0,20.9,21.0,20.8,21.0,20.9,21.0,21.0,20.8,21.2,21.0,21.0,21.0,20.8,20.9,21.0,20.9,20.9,20.8,20.9,20.7,20.8,20.8,20.8,20.8,20.8,20.8,20.8,20.8,20.7,20.7,20.7,20.8,20.7,20.7,20.7,20.7,20.7,20.7,20.8,20.7,20.8,20.7,20.7,20.7,20.8,20.7,20.8,20.7,20.9,20.7,20.8,20.7,20.7,20.7,20.7,20.6,20.7,20.7,20.7,20.8,20.7,20.7,20.8,20.8,20.7,20.7,20.7,20.7,20.7,20.7,20.6,20.6,20.6,20.7,20.8,20.7,20.7,20.7,20.7,20.7,20.6,20.7,20.6,20.7,20.8,20.6,20.7,20.7,20.7,20.6,20.7,20.5,20.7,20.7,20.7,20.5,20.7,20.7,20.6,20.7,20.7,20.5,20.7,20.6,20.7,20.7,20.7,20.6,20.4,20.7,20.5,20.7,20.6,20.6,20.5,20.7,20.6,20.6,20.6,20.5,20.6,20.6,20.7,20.7,20.7,20.7,20.7,20.7,20.6,20.6,20.7,20.7,20.7,20.6,20.4,20.6,20.7,20.6,20.6,20.6,20.6,20.6,20.6,20.5,20.7,20.7,20.7,20.5,20.6,20.7,20.7,20.7,20.7,20.6,20.7,20.7,20.5,20.7,20.6,20.7,20.7,20.5,20.7,20.5,20.7,20.6,20.5,20.5,20.5,20.4,20.5,20.5,20.4,20.6,20.5,20.6,20.7,20.5,20.6,20.6,20.7,20.5,20.5,20.5,20.5,20.6,20.4,20.4,20.5,20.5,20.5,20.5,20.6,20.6,20.6,20.6,20.6,20.6,20.7,20.5,20.5,20.6,20.5,20.5,20.6,20.5,20.6,20.6,20.5,20.6,20.4,20.6,20.5,20.7,20.6,20.5,20.6,20.5,20.7,20.6,20.7,20.7,20.6,20.5,20.5,20.6,20.6,20.6,20.6,20.7,20.7,20.5,20.6,20.7,20.5,20.8,20.6,20.5,20.6,20.6,20.7,20.6,20.7,20.5,20.7,20.5,20.7,20.5,20.6
158,20.9,21.0,21.0,21.2,21.0,21.0,21.0,21.0,21.0,21.0,21.0,20.9,20.8,21.2,20.8,21.0,21.0,20.8,20.9,20.9,21.0,20.8,21.0,20.8,21.0,20.8,20.8,20.9,20.8,20.9,20.9,20.9,20.8,20.9,20.9,20.8,20.8,20.9,20.8,20.8,20.9,20.9,20.8,20.8,20.8,20.8,20.7,20.7,20.8,20.8,20.7,20.8,20.8,20.7,20.7,20.8,20.9,20.7,20.8,20.7,20.7,20.7,20.8,20.8,20.7,20.7,20.7,20.8,20.8,20.9,20.8,20.8,20.6,20.7,20.8,20.7,20.7,20.7,20.5,20.7,20.7,20.7,20.9,20.7,20.7,20.7,20.6,20.5,20.5,20.7,20.7,20.7,20.6,20.7,20.7,20.7,20.7,20.6,20.6,20.6,20.7,20.6,20.6,20.7,20.7,20.6,20.7,20.7,20.7,20.7,20.6,20.8,20.7,20.5,20.6,20.7,20.7,20.7,20.6,20.6,20.6,20.7,20.7,20.6,20.7,20.7,20.7,20.7,20.7,20.5,20.7,20.7,20.7,20.7,20.7,20.7,20.6,20.6,20.6,20.7,20.7,20.6,20.7,20.7,20.6,20.7,20.7,20.7,20.8,20.6,20.6,20.7,20.6,20.7,20.7,20.6,20.7,20.7,20.6,20.8,20.8,20.7,20.6,20.7,20.6,20.6,20.7,20.8,20.6,20.7,20.7,20.6,20.7,20.7,20.6,20.5,20.7,20.8,20.7,20.7,20.7,20.7,20.6,20.7,20.6,20.5,20.7,20.5,20.7,20.5,20.6,20.5,20.4,20.6,20.6,20.6,20.6,20.5,20.6,20.6,20.5,20.7,20.6,20.7,20.7,20.7,20.7,20.6,20.7,20.6,20.5,20.7,20.6,20.7,20.4,20.7,20.6,20.7,20.5,20.5,20.5,20.6,20.6,20.7,20.7,20.7,20.7,20.7,20.8,20.7,20.5,20.5,20.7,20.7,20.7,20.6,20.5,20.6,20.5,20.7,20.7,20.7,20.7,20.7,20.6,20.5,20.7,20.7,20.5,20.5,20.5,20.5,20.7,20.7,20.6,20.7
159,21.0,21.0,21.0,21.0,20.9,21.0,20.9,20.8,21.0,21.0,20.9,20.9,21.0,20.9,21.0,21.0,20.9,20.9,21.0,20.9,20.9,21.0,20.9,21.0,20.8,20.9,20.8,20.8,20.8,20.9,21.0,20.9,20.8,20.8,21.0,20.9,20.8,21.0,20.8,20.8,20.8,20.9,21.0,21.0,20.9,20.8,20.8,20.7,20.8,20.9,21.0,20.9,20.8,20.8,20.8,20.8,20.8,20.8,20.7,20.7,20.7,20.7,20.7,20.7,20.7,20.7,20.7,20.7,20.9,20.7,20.7,20.7,20.7,20.6,20.7,20.7,20.6,20.5,20.7,20.7,20.6,20.6,20.7,20.6,20.7,20.7,20.7,20.6,20.6,20.6,20.7,20.7,20.6,20.6,20.6,20.7,20.7,20.7,20.7,20.7,20.6,20.7,20.7,20.6,20.6,20.5,20.7,20.6,20.5,20.7,20.7,20.7,20.7,20.7,20.6,20.7,20.7,20.7,20.6,20.6,20.7,20.7,20.7,20.7,20.7,20.6,20.6,20.7,20.7,20.7,20.6,20.7,20.6,20.7,20.7,20.6,20.7,20.5,20.7,20.5,20.6,20.6,20.6,20.6,20.6,20.7,20.7,20.7,20.7,20.6,20.7,20.7,20.7,20.7,20.8,20.7,20.6,20.7,20.7,20.7,20.7,20.7,20.7,20.7,20.5,20.6,20.7,20.7,20.5,20.7,20.6,20.7,20.6,20.6,20.6,20.5,20.6,20.6,20.7,20.7,20.7,20.6,20.7,20.7,20.7,20.5,20.6,20.7,20.6,20.5,20.5,20.6,20.4,20.4,20.5,20.5,20.5,20.7,20.7,20.6,20.7,20.7,20.6,20.5,20.7,20.6,20.7,20.7,20.6,20.6,20.6,20.5,20.5,20.5,20.6,20.7,20.5,20.7,20.6,20.5,20.5,20.6,20.6,20.7,20.7,20.8,20.9,20.7,20.8,20.7,20.7,20.6,20.8,20.6,20.8,20.6,20.5,20.6,20.6,20.7,20.6,20.6,20.6,20.5,20.7,20.5,20.7,20.7,20.7,20.7,20.5,20.6,20.6,20.7,20.7,20.7
160,20.8,20.8,20.9,20.8,20.8,20.9,20.9,20.9,20.9,20.9,21.0,20.9,21.0,21.0,20.9,20.8,20.9,21.0,20.8,20.9,21.0,20.9,21.0,20.8,20.8,20.8,20.8,20.9,20.8,21.0,20.9,20.8,20.8,20.8,20.8,20.8,20.8,20.8,20.7,20.8,20.7,20.8,20.9,20.8,20.8,20.8,20.6,20.7,20.7,20.8,20.7,20.8,20.7,20.7,20.8,20.7,20.8,20.9,20.7,20.5,20.8,20.7,20.7,20.7,20.5,20.6,20.7,20.7,20.7,20.7,20.6,20.7,20.7,20.7,20.8,20.7,20.7,20.7,20.7,20.7,20.5,20.5,20.6,20.7,20.7,20.6,20.7,20.6,20.6,20.7,20.6,20.6,20.6,20.5,20.6,20.5,20.7,20.6,20.6,20.7,20.6,20.6,20.5,20.6,20.4,20.6,20.6,20.6,20.7,20.5,20.6,20.6,20.7,20.6,20.6,20.6,20.7,20.6,20.7,20.5,20.7,20.6,20.5,20.7,20.6,20.7,20.5,20.6,20.6,20.6,20.7,20.5,20.6,20.7,20.6,20.7,20.7,20.6,20.4,20.5,20.7,20.6,20.5,20.6,20.6,20.7,20.6,20.7,20.7,20.5,20.5,20.5,20.5,20.6,20.7,20.6,20.7,20.5,20.7,20.5,20.6,20.6,20.7,20.7,20.5,20.4,20.5,20.6,20.5,20.5,20.5,20.5,20.5,20.5,20.5,20.4,20.5,20.5,20.5,20.7,20.5,20.7,20.7,20.7,20.7,20.6,20.5,20.5,20.5,20.5,20.5,20.5,20.4,20.5,20.5,20.4,20.5,20.5,20.6,20.7,20.5,20.5,20.7,20.6,20.6,20.6,20.5,20.7,20.5,20.6,20.5,20.6,20.5,20.5,20.5,20.5,20.6,20.5,20.4,20.5,20.5,20.5,20.7,20.7,20.7,20.7,20.8,20.6,20.7,20.7,20.6,20.6,20.4,20.5,20.6,20.5,20.6,20.5,20.4,20.6,20.5,20.4,20.6,20.7,20.5,20.6,20.5,20.6,20.7,20.6,20.6,20.5,20.5,20.4,20.5,20.5
161,20.8,20.9,21.0,21.0,21.0,20.8,21.0,20.9,21.0,21.0,20.9,20.9,20.8,20.9,21.0,20.8,20.9,20.8,21.0,21.0,20.9,20.8,20.9,20.9,20.9,20.9,20.9,21.0,20.9,20.8,20.9,20.9,20.9,20.9,20.8,21.0,20.8,20.8,20.8,20.7,20.7,20.8,20.8,20.7,20.9,20.7,20.7,20.7,20.8,20.7,20.7,20.8,20.8,20.8,20.8,20.8,20.9,20.8,20.8,20.7,20.7,20.8,20.7,20.7,20.7,20.5,20.7,20.7,20.7,20.7,20.7,20.6,20.7,20.7,20.7,20.6,20.8,20.7,20.7,20.7,20.7,20.6,20.7,20.7,20.7,20.6,20.7,20.6,20.5,20.7,20.6,20.6,20.6,20.6,20.5,20.6,20.6,20.6,20.7,20.6,20.6,20.7,20.6,20.6,20.7,20.7,20.7,20.6,20.7,20.6,20.6,20.5,20.7,20.7,20.6,20.6,20.7,20.7,20.7,20.7,20.7,20.6,20.6,20.6,20.6,20.5,20.7,20.5,20.6,20.6,20.7,20.6,20.7,20.7,20.7,20.7,20.7,20.5,20.5,20.5,20.5,20.7,20.5,20.5,20.5,20.5,20.5,20.5,20.7,20.6,20.5,20.7,20.6,20.5,20.5,20.5,20.5,20.5,20.6,20.6,20.7,20.7,20.6,20.6,20.6,20.4,20.7,20.6,20.5,20.5,20.6,20.5,20.5,20.4,20.2,20.6,20.5,20.6,20.6,20.6,20.5,20.6,20.4,20.5,20.5,20.5,20.5,20.6,20.4,20.5,20.6,20.5,20.6,20.5,20.4,20.5,20.5,20.6,20.5,20.5,20.6,20.6,20.7,20.7,20.6,20.5,20.5,20.5,20.6,20.6,20.5,20.7,20.5,20.7,20.5,20.6,20.6,20.6,20.7,20.7,20.5,20.5,20.7,20.6,20.7,20.7,20.6,20.6,20.6,20.5,20.5,20.5,20.7,20.7,20.6,20.5,20.6,20.5,20.7,20.5,20.4,20.7,20.7,20.7,20.6,20.7,20.5,20.7,20.7,20.6,20.7,20.6,20.7,20.6,20.7,20.4
162,21.0,21.0,20.8,21.0,20.9,21.0,20.8,20.8,21.0,20.9,20.9,20.9,20.9,20.8,20.9,21.0,20.9,21.0,21.0,20.9,21.0,20.9,20.9,20.8,20.8,20.8,20.8,21.0,20.8,21.0,21.0,20.7,20.8,20.9,20.8,20.8,20.9,20.8,20.8,20.8,20.8,20.8,20.7,20.8,20.8,20.8,20.8,20.8,20.7,20.8,20.8,20.8,20.7,20.9,20.7,20.8,20.8,20.7,20.8,20.8,20.8,20.8,20.7,20.8,20.8,20.7,20.8,20.7,20.7,20.7,20.7,20.7,20.7,20.6,20.7,20.7,20.7,20.7,20.8,20.7,20.7,20.7,20.7,20.7,20.8,20.8,20.7,20.7,20.7,20.7,20.7,20.6,20.5,20.7,20.6,20.7,20.6,20.5,20.7,20.6,20.6,20.6,20.6,20.7,20.6,20.7,20.7,20.6,20.7,20.7,20.7,20.7,20.7,20.7,20.7,20.6,20.6,20.7,20.7,20.7,20.7,20.7,20.6,20.6,20.7,20.5,20.7,20.7,20.5,20.6,20.5,20.7,20.7,20.8,20.6,20.7,20.5,20.6,20.5,20.5,20.5,20.7,20.5,20.5,20.6,20.7,20.6,20.5,20.6,20.5,20.5,20.7,20.7,20.6,20.5,20.6,20.4,20.5,20.4,20.6,20.4,20.6,20.6,20.5,20.6,20.5,20.5,20.4,20.5,20.5,20.4,20.3,20.4,20.4,20.4,20.4,20.6,20.4,20.5,20.6,20.5,20.6,20.6,20.5,20.5,20.5,20.5,20.5,20.6,20.5,20.6,20.6,20.5,20.4,20.5,20.6,20.4,20.5,20.6,20.6,20.6,20.7,20.5,20.5,20.5,20.4,20.6,20.5,20.7,20.5,20.5,20.7,20.6,20.6,20.4,20.5,20.5,20.7,20.6,20.7,20.5,20.6,20.5,20.6,20.6,20.7,20.5,20.6,20.7,20.7,20.6,20.7,20.7,20.7,20.5,20.7,20.5,20.6,20.7,20.6,20.5,20.4,20.7,20.6,20.6,20.7,20.7,20.6,20.6,20.5,20.5,20.6,20.7,20.6,20.7,20.8
163,21.2,20.8,20.8,20.8,20.9,21.0,20.8,20.8,21.0,20.9,21.0,20.8,20.8,20.8,20.9,20.8,20.8,20.7,20.7,20.8,21.0,20.9,20.8,21.0,20.9,20.9,21.0,20.9,20.9,20.9,20.9,20.8,20.7,20.9,20.7,20.9,20.8,20.9,20.8,20.9,20.9,20.9,20.8,20.9,20.9,20.8,20.8,20.6,20.7,20.7,20.7,20.8,20.8,20.9,20.8,20.7,20.7,20.7,20.8,20.7,20.8,20.8,20.8,20.8,20.7,20.7,20.8,20.8,20.8,20.6,20.6,20.8,20.7,20.7,20.7,20.7,20.8,20.7,20.7,20.7,20.7,20.7,20.8,20.7,20.7,20.7,20.8,20.7,20.5,20.6,20.5,20.5,20.5,20.6,20.7,20.7,20.6,20.6,20.6,20.5,20.7,20.6,20.7,20.7,20.5,20.6,20.6,20.7,20.7,20.6,20.7,20.7,20.7,20.6,20.6,20.7,20.7,20.6,20.7,20.7,20.7,20.7,20.6,20.5,20.7,20.5,20.6,20.7,20.5,20.5,20.7,20.7,20.5,20.6,20.6,20.6,20.5,20.5,20.5,20.5,20.6,20.5,20.6,20.6,20.6,20.5,20.5,20.6,20.7,20.4,20.7,20.7,20.7,20.5,20.5,20.5,20.5,20.5,20.5,20.5,20.5,20.4,20.5,20.5,20.5,20.4,20.5,20.4,20.5,20.5,20.6,20.5,20.5,20.5,20.3,20.4,20.4,20.6,20.7,20.5,20.6,20.6,20.5,20.7,20.7,20.4,20.4,20.5,20.5,20.4,20.5,20.5,20.5,20.5,20.6,20.5,20.3,20.5,20.5,20.5,20.6,20.5,20.5,20.4,20.5,20.5,20.4,20.6,20.6,20.6,20.4,20.5,20.6,20.4,20.4,20.5,20.3,20.5,20.5,20.6,20.6,20.6,20.5,20.6,20.7,20.7,20.7,20.5,20.5,20.4,20.6,20.7,20.6,20.7,20.7,20.5,20.4,20.6,20.6,20.6,20.4,20.5,20.6,20.6,20.6,20.6,20.6,20.4,20.6,20.7,20.5,20.5,20.6,20.6,20.6,20.5
164,20.7,20.9,20.8,20.7,20.7,20.8,20.9,20.8,20.8,20.8,20.8,21.0,20.9,20.8,20.8,20.8,20.8,20.7,20.8,20.7,20.9,20.8,20.9,20.8,20.8,20.8,20.8,20.9,20.8,20.8,20.8,20.8,20.8,20.8,20.8,20.8,20.8,20.7,20.8,20.7,20.8,20.7,20.8,20.8,20.9,20.7,20.9,20.7,20.8,20.8,20.8,20.7,20.8,20.9,20.8,20.7,20.7,20.7,20.7,20.8,20.8,20.7,20.8,20.8,20.8,20.8,20.7,20.8,20.7,20.8,20.7,20.7,20.7,20.7,20.7,20.7,20.9,20.7,20.7,20.6,20.7,20.6,20.7,20.7,20.7,20.7,20.6,20.7,20.7,20.5,20.7,20.6,20.6,20.7,20.7,20.6,20.7,20.5,20.7,20.6,20.5,20.7,20.6,20.6,20.6,20.6,20.7,20.5,20.7,20.6,20.6,20.4,20.7,20.7,20.6,20.7,20.6,20.5,20.6,20.5,20.7,20.6,20.6,20.7,20.6,20.7,20.7,20.7,20.7,20.7,20.5,20.6,20.6,20.7,20.5,20.5,20.6,20.5,20.5,20.4,20.5,20.5,20.5,20.5,20.5,20.5,20.4,20.5,20.6,20.5,20.4,20.6,20.6,20.5,20.5,20.5,20.5,20.5,20.6,20.4,20.5,20.4,20.5,20.6,20.6,20.4,20.6,20.5,20.6,20.4,20.5,20.5,20.5,20.5,20.5,20.4,20.5,20.4,20.5,20.5,20.4,20.3,20.5,20.5,20.5,20.4,20.4,20.5,20.4,20.3,20.4,20.4,20.5,20.5,20.6,20.4,20.5,20.5,20.5,20.5,20.5,20.4,20.5,20.4,20.5,20.4,20.4,20.3,20.5,20.4,20.5,20.5,20.5,20.7,20.5,20.4,20.4,20.3,20.5,20.6,20.7,20.6,20.6,20.5,20.7,20.6,20.6,20.5,20.7,20.5,20.4,20.7,20.5,20.7,20.6,20.6,20.5,20.7,20.5,20.7,20.4,20.4,20.5,20.5,20.5,20.6,20.6,20.7,20.6,20.7,20.5,20.5,20.5,20.5,20.7,20.7
165,20.8,20.8,20.8,20.8,21.0,20.9,20.7,20.9,20.8,20.9,20.8,20.9,20.9,20.9,20.7,20.8,20.8,20.7,20.8,20.9,20.8,20.9,20.9,21.0,20.8,21.0,20.8,20.9,21.0,20.7,20.8,20.7,20.8,20.7,20.7,20.7,20.8,21.0,20.9,20.9,20.9,20.8,20.8,20.9,20.8,20.8,20.9,20.7,20.8,20.7,20.8,20.8,20.8,20.7,20.9,20.7,20.8,20.8,20.8,20.8,20.8,20.8,20.8,20.7,20.8,20.7,20.7,20.8,20.7,20.7,20.7,20.7,20.8,20.7,20.7,20.8,20.8,20.8,20.7,20.8,20.7,20.8,20.8,20.7,20.7,20.7,20.6,20.7,20.7,20.7,20.7,20.7,20.7,20.7,20.7,20.6,20.6,20.6,20.7,20.5,20.7,20.7,20.7,20.6,20.6,20.7,20.6,20.7,20.7,20.7,20.5,20.5,20.5,20.6,20.6,20.6,20.7,20.6,20.5,20.5,20.7,20.5,20.6,20.6,20.5,20.5,20.5,20.5,20.7,20.7,20.6,20.6,20.5,20.6,20.5,20.5,20.5,20.5,20.5,20.5,20.5,20.5,20.6,20.6,20.6,20.6,20.5,20.6,20.5,20.6,20.6,20.6,20.6,20.5,20.6,20.5,20.6,20.6,20.5,20.5,20.4,20.5,20.5,20.6,20.6,20.5,20.5,20.5,20.5,20.5,20.4,20.6,20.6,20.4,20.5,20.4,20.4,20.5,20.6,20.5,20.5,20.5,20.5,20.5,20.6,20.5,20.5,20.5,20.5,20.3,20.4,20.5,20.5,20.3,20.4,20.5,20.5,20.4,20.5,20.6,20.5,20.5,20.5,20.6,20.5,20.5,20.4,20.5,20.4,20.4,20.5,20.5,20.6,20.7,20.5,20.5,20.5,20.7,20.6,20.7,20.6,20.6,20.5,20.6,20.7,20.7,20.6,20.6,20.6,20.5,20.5,20.7,20.7,20.6,20.5,20.6,20.6,20.7,20.7,20.4,20.5,20.6,20.5,20.5,20.4,20.6,20.7,20.5,20.7,20.6,20.4,20.6,20.5,20.6,20.6,20.7
166,20.8,20.9,20.7,20.8,20.8,20.9,20.9,20.8,20.8,20.8,20.8,20.8,20.7,20.8,20.7,20.8,20.8,20.8,20.7,20.8,20.9,20.7,21.0,20.8,20.9,20.8,20.9,20.9,20.8,20.9,21.0,20.7,20.7,20.7,20.8,20.8,20.7,20.7,20.8,20.8,20.8,20.8,20.8,20.7,20.7,20.7,20.7,20.8,20.8,20.7,20.7,20.7,20.8,20.8,20.8,20.7,20.7,20.7,20.9,20.8,20.7,20.7,20.7,20.8,20.7,20.7,20.7,20.7,20.7,20.7,20.7,20.8,20.8,20.7,20.8,20.7,20.8,20.7,20.8,20.8,20.9,20.8,20.8,20.7,20.7,20.7,20.7,20.6,20.7,20.7,20.7,20.7,20.7,20.7,20.7,20.7,20.7,20.7,20.6,20.7,20.7,20.7,20.7,20.7,20.6,20.7,20.7,20.7,20.7,20.7,20.6,20.7,20.6,20.5,20.7,20.6,20.6,20.6,20.6,20.5,20.5,20.7,20.5,20.5,20.6,20.7,20.7,20.4,20.5,20.7,20.5,20.6,20.6,20.5,20.4,20.5,20.4,20.4,20.4,20.4,20.5,20.5,20.7,20.6,20.6,20.6,20.5,20.7,20.7,20.7,20.7,20.7,20.6,20.6,20.4,20.6,20.5,20.5,20.5,20.5,20.4,20.5,20.4,20.5,20.4,20.5,20.6,20.4,20.5,20.5,20.5,20.5,20.5,20.4,20.4,20.4,20.3,20.4,20.5,20.5,20.4,20.4,20.5,20.7,20.6,20.5,20.5,20.5,20.5,20.5,20.4,20.3,20.4,20.5,20.5,20.6,20.2,20.4,20.7,20.4,20.5,20.5,20.7,20.5,20.5,20.5,20.6,20.5,20.5,20.4,20.5,20.5,20.6,20.5,20.6,20.4,20.4,20.5,20.6,20.5,20.6,20.6,20.6,20.5,20.7,20.6,20.7,20.5,20.7,20.6,20.6,20.7,20.6,20.6,20.7,20.5,20.6,20.6,20.7,20.5,20.5,20.5,20.6,20.5,20.6,20.6,20.7,20.6,20.5,20.6,20.7,20.5,20.5,20.7,20.6,20.7
167,20.7,20.8,20.7,20.7,20.8,21.0,20.7,20.8,20.8,20.7,20.8,20.7,20.8,20.8,20.8,20.8,20.8,20.7,20.7,20.8,20.8,20.8,20.8,20.8,20.8,20.9,20.7,20.9,20.8,20.8,20.9,20.8,20.7,20.7,20.7,20.7,20.7,20.8,20.7,20.7,20.8,20.7,20.8,20.7,20.8,20.8,20.8,20.7,20.7,20.8,20.7,20.7,20.8,20.7,20.7,20.8,20.7,20.8,20.8,20.8,20.9,20.7,20.6,20.7,20.7,20.7,20.8,20.7,20.6,20.8,20.8,20.8,20.8,20.8,20.8,20.7,20.9,20.8,20.7,20.8,20.8,20.8,20.7,20.7,20.6,20.7,20.7,20.7,20.6,20.7,20.8,20.6,20.7,20.6,20.7,20.7,20.6,20.7,20.7,20.7,20.7,20.7,20.7,20.7,20.7,20.7,20.7,20.6,20.7,20.6,20.6,20.7,20.5,20.7,20.6,20.7,20.7,20.7,20.5,20.6,20.5,20.7,20.5,20.6,20.7,20.7,20.7,20.5,20.7,20.6,20.5,20.6,20.5,20.5,20.5,20.6,20.4,20.5,20.4,20.5,20.6,20.5,20.5,20.7,20.4,20.6,20.5,20.5,20.5,20.5,20.7,20.5,20.6,20.5,20.5,20.5,20.6,20.5,20.5,20.4,20.5,20.4,20.6,20.4,20.5,20.5,20.5,20.5,20.5,20.5,20.4,20.5,20.5,20.4,20.5,20.4,20.5,20.5,20.5,20.5,20.5,20.4,20.4,20.5,20.5,20.6,20.5,20.4,20.4,20.4,20.5,20.4,20.4,20.4,20.5,20.4,20.4,20.4,20.5,20.5,20.5,20.6,20.5,20.4,20.5,20.5,20.6,20.6,20.5,20.5,20.5,20.6,20.5,20.7,20.6,20.6,20.5,20.5,20.5,20.5,20.5,20.5,20.5,20.5,20.5,20.5,20.4,20.6,20.7,20.7,20.7,20.6,20.7,20.5,20.6,20.5,20.5,20.5,20.5,20.6,20.4,20.4,20.6,20.5,20.4,20.4,20.7,20.4,20.6,20.5,20.6,20.5,20.5,20.5,20.7,20.6
168,21.0,20.8,20.7,20.8,20.8,20.7,20.7,20.7,20.8,20.8,20.8,20.9,20.8,20.8,20.8,20.7,20.8,20.8,20.8,20.8,20.8,20.8,20.8,20.8,20.8,20.8,20.8,20.7,20.9,20.8,20.8,20.9,20.7,20.8,20.8,20.7,20.8,20.9,20.8,20.8,20.7,20.8,20.7,20.7,20.7,20.7,20.8,20.9,20.7,20.8,20.7,20.7,20.8,20.8,20.9,20.8,20.7,20.7,20.8,20.9,20.7,20.8,20.8,20.7,20.7,20.7,20.7,20.6,20.7,20.8,20.8,20.7,20.8,20.9,20.8,20.9,20.7,20.8,20.8,20.7,20.7,20.7,20.7,20.8,20.7,20.7,20.7,20.9,20.7,20.8,20.7,20.7,20.7,20.7,20.7,20.7,20.8,20.7,20.6,20.7,20.7,20.7,20.7,20.6,20.5,20.7,20.7,20.7,20.7,20.7,20.8,20.6,20.8,20.7,20.8,20.7,20.6,20.7,20.7,20.5,20.8,20.6,20.7,20.6,20.7,20.7,20.7,20.5,20.6,20.5,20.6,20.7,20.7,20.6,20.6,20.7,20.5,20.4,20.6,20.6,20.5,20.6,20.6,20.6,20.5,20.4,20.5,20.6,20.5,20.6,20.6,20.5,20.5,20.6,20.5,20.7,20.6,20.4,20.4,20.4,20.4,20.4,20.5,20.4,20.3,20.5,20.5,20.5,20.5,20.6,20.5,20.5,20.5,20.5,20.4,20.4,20.4,20.6,20.5,20.5,20.5,20.6,20.4,20.5,20.5,20.5,20.5,20.4,20.5,20.3,20.4,20.3,20.5,20.5,20.5,20.4,20.4,20.4,20.5,20.5,20.6,20.4,20.5,20.7,20.7,20.5,20.5,20.4,20.4,20.5,20.4,20.6,20.5,20.6,20.5,20.5,20.6,20.5,20.5,20.5,20.4,20.4,20.7,20.5,20.4,20.6,20.5,20.6,20.5,20.4,20.6,20.7,20.4,20.5,20.4,20.4,20.6,20.4,20.4,20.4,20.5,20.7,20.4,20.5,20.4,20.6,20.4,20.6,20.6,20.4,20.4,20.5,20.6,20.5,20.5,20.7
169,21.2,20.7,20.8,20.8,20.7,20.7,20.8,20.7,20.8,20.8,20.8,20.8,20.8,20.9,20.8,20.8,20.7,20.7,20.7,20.8,20.8,20.8,20.8,20.7,20.8,20.7,20.7,20.8,20.9,20.8,20.7,20.7,20.8,20.7,20.8,20.8,20.8,20.8,20.8,20.7,20.7,20.6,20.7,20.7,20.8,20.8,20.7,20.7,20.6,20.8,20.8,20.7,20.7,20.7,20.8,20.8,20.7,20.8,20.7,20.6,20.7,20.7,20.8,20.7,20.6,20.6,20.6,20.6,20.7,20.9,20.8,20.8,20.9,20.8,20.9,20.7,20.7,20.7,20.7,20.8,20.8,20.8,20.7,20.7,20.7,20.7,20.7,20.8,20.8,20.8,20.7,20.8,20.7,20.7,20.7,20.7,20.7,20.7,20.7,20.7,20.7,20.7,20.7,20.7,20.6,20.8,20.6,20.7,20.6,20.7,20.7,20.7,20.6,20.7,20.7,20.7,20.7,20.7,20.7,20.7,20.7,20.7,20.7,20.6,20.7,20.7,20.6,20.7,20.7,20.5,20.7,20.8,20.7,20.6,20.7,20.7,20.7,20.5,20.7,20.6,20.5,20.6,20.6,20.5,20.6,20.5,20.5,20.4,20.5,20.6,20.6,20.5,20.6,20.6,20.5,20.6,20.6,20.5,20.4,20.4,20.4,20.4,20.4,20.4,20.5,20.4,20.4,20.4,20.6,20.4,20.5,20.5,20.5,20.6,20.5,20.4,20.5,20.5,20.5,20.5,20.4,20.5,20.4,20.4,20.6,20.7,20.5,20.3,20.5,20.4,20.5,20.4,20.5,20.5,20.4,20.5,20.4,20.5,20.5,20.5,20.4,20.5,20.5,20.6,20.5,20.5,20.6,20.5,20.4,20.4,20.5,20.4,20.5,20.5,20.5,20.7,20.4,20.5,20.6,20.6,20.4,20.5,20.5,20.7,20.6,20.6,20.4,20.5,20.6,20.4,20.4,20.6,20.6,20.5,20.5,20.5,20.4,20.4,20.4,20.5,20.5,20.5,20.6,20.5,20.4,20.4,20.5,20.6,20.5,20.5,20.7,20.5,20.6,20.5,20.7,20.6
170,20.8,20.8,20.7,20.7,20.8,20.8,20.7,20.8,20.7,20.9,20.8,20.7,20.7,20.8,20.7,20.7,20.8,20.8,20.7,20.7,20.8,20.8,20.7,20.8,20.8,20.8,20.7,20.8,20.8,20.7,20.7,20.9,20.9,20.8,20.7,20.7,20.7,20.8,20.8,20.7,20.7,20.6,20.7,20.8,20.7,20.7,20.7,20.7,20.7,20.7,20.8,20.7,20.7,20.8,20.8,20.8,20.8,20.7,20.8,20.8,20.7,20.7,20.7,20.8,20.5,20.7,20.7,20.6,20.6,20.8,20.7,20.7,20.8,20.7,20.8,20.8,20.8,20.8,20.9,20.8,20.7,20.7,20.7,20.7,20.7,20.7,20.7,20.8,20.8,20.8,20.7,20.7,20.6,20.8,20.8,20.7,20.8,20.7,20.7,20.7,20.7,20.6,20.6,20.7,20.6,20.7,20.7,20.8,20.7,20.7,20.6,20.7,20.7,20.5,20.7,20.6,20.7,20.6,20.6,20.6,20.7,20.6,20.6,20.6,20.5,20.7,20.7,20.7,20.7,20.7,20.7,20.6,20.7,20.6,20.5,20.6,20.6,20.6,20.5,20.5,20.5,20.5,20.6,20.5,20.5,20.5,20.4,20.4,20.5,20.6,20.5,20.5,20.7,20.5,20.5,20.5,20.7,20.6,20.6,20.5,20.5,20.4,20.5,20.4,20.5,20.5,20.5,20.5,20.5,20.4,20.4,20.4,20.5,20.5,20.5,20.4,20.3,20.4,20.5,20.4,20.5,20.4,20.6,20.5,20.5,20.4,20.4,20.4,20.3,20.4,20.5,20.5,20.4,20.5,20.4,20.5,20.4,20.4,20.4,20.5,20.4,20.4,20.3,20.5,20.4,20.5,20.5,20.4,20.5,20.4,20.4,20.5,20.5,20.7,20.5,20.5,20.5,20.6,20.6,20.5,20.4,20.5,20.5,20.4,20.6,20.5,20.4,20.5,20.4,20.4,20.6,20.5,20.5,20.5,20.7,20.6,20.5,20.5,20.5,20.6,20.7,20.5,20.5,20.6,20.5,20.5,20.5,20.5,20.5,20.5,20.5,20.4,20.6,20.6,20.7,20.4
171,21.2,20.9,20.9,20.8,20.7,21.0,20.8,21.0,20.9,21.0,20.9,20.8,20.7,20.8,20.7,20.7,20.8,20.7,20.7,20.8,20.8,20.8,20.9,20.8,20.8,20.7,20.7,20.8,20.7,20.7,20.7,20.8,20.7,20.8,20.7,20.7,20.6,20.6,20.8,20.7,20.7,20.8,20.8,20.7,20.7,20.8,20.7,20.9,20.7,20.7,20.7,20.7,20.7,20.8,20.8,20.6,20.7,20.8,20.7,20.8,20.8,20.7,20.7,20.7,20.7,20.7,20.7,20.6,20.7,20.6,20.7,20.7,20.8,20.7,20.7,20.8,20.8,20.8,20.7,20.7,20.8,20.8,20.7,20.7,20.7,20.7,20.7,20.7,20.7,20.7,20.6,20.7,20.7,20.8,20.7,20.7,20.7,20.6,20.7,20.7,20.7,20.6,20.7,20.7,20.6,20.6,20.7,20.7,20.7,20.7,20.6,20.7,20.7,20.6,20.7,20.5,20.7,20.7,20.6,20.5,20.7,20.6,20.5,20.6,20.5,20.7,20.6,20.7,20.7,20.7,20.7,20.6,20.7,20.6,20.7,20.7,20.6,20.6,20.5,20.6,20.7,20.7,20.7,20.6,20.6,20.5,20.6,20.6,20.6,20.5,20.5,20.7,20.6,20.7,20.5,20.6,20.6,20.7,20.6,20.5,20.4,20.6,20.5,20.5,20.7,20.5,20.5,20.5,20.4,20.4,20.4,20.5,20.5,20.6,20.5,20.5,20.4,20.4,20.5,20.5,20.6,20.4,20.5,20.5,20.6,20.8,20.5,20.4,20.5,20.4,20.5,20.5,20.5,20.5,20.4,20.4,20.2,20.4,20.5,20.5,20.5,20.4,20.5,20.5,20.5,20.6,20.5,20.5,20.4,20.5,20.5,20.5,20.5,20.5,20.5,20.6,20.4,20.5,20.5,20.5,20.5,20.6,20.6,20.6,20.7,20.7,20.5,20.5,20.6,20.5,20.6,20.7,20.8,20.7,20.7,20.6,20.5,20.5,20.5,20.5,20.6,20.6,20.5,20.7,20.5,20.4,20.5,20.5,20.5,20.4,20.5,20.5,20.6,20.6,20.6,20.6
172,21.2,20.9,21.0,20.7,21.0,21.0,21.0,20.8,21.0,20.9,20.9,20.7,20.9,21.0,20.7,20.9,20.9,20.8,20.7,20.8,20.8,20.8,20.9,20.8,20.8,20.8,20.8,20.8,20.8,20.9,20.7,20.7,20.7,20.8,20.7,20.7,20.6,20.9,20.7,20.7,20.7,20.7,20.8,20.8,20.8,20.8,20.9,20.7,20.7,20.6,20.7,20.7,20.7,20.7,20.8,20.7,20.7,20.7,20.8,20.8,20.8,20.7,20.7,20.7,20.7,20.7,20.5,20.7,20.5,20.6,20.6,20.7,20.7,20.7,20.6,20.8,20.8,20.8,20.7,20.7,20.7,20.7,20.7,20.7,20.7,20.7,20.7,20.7,20.7,20.7,20.7,20.7,20.7,20.5,20.7,20.6,20.7,20.7,20.7,20.7,20.6,20.7,20.6,20.7,20.5,20.7,20.6,20.7,20.7,20.7,20.7,20.6,20.7,20.7,20.6,20.8,20.6,20.7,20.7,20.6,20.6,20.4,20.5,20.6,20.6,20.7,20.6,20.6,20.6,20.7,20.5,20.7,20.6,20.5,20.6,20.6,20.6,20.7,20.5,20.7,20.7,20.7,20.7,20.7,20.6,20.7,20.5,20.6,20.7,20.5,20.7,20.4,20.6,20.7,20.6,20.6,20.7,20.5,20.6,20.6,20.7,20.5,20.4,20.6,20.5,20.6,20.6,20.4,20.4,20.5,20.5,20.5,20.4,20.4,20.5,20.4,20.4,20.5,20.7,20.6,20.5,20.6,20.4,20.5,20.7,20.5,20.7,20.4,20.5,20.5,20.5,20.5,20.6,20.5,20.5,20.4,20.4,20.5,20.5,20.5,20.4,20.5,20.5,20.5,20.5,20.6,20.4,20.6,20.5,20.6,20.6,20.7,20.5,20.5,20.5,20.5,20.5,20.6,20.4,20.7,20.7,20.7,20.6,20.7,20.5,20.6,20.6,20.4,20.7,20.4,20.5,20.6,20.5,20.4,20.4,20.6,20.6,20.5,20.5,20.5,20.5,20.7,20.6,20.7,20.6,20.5,20.5,20.5,20.4,20.5,20.6,20.6,20.7,20.4,20.7,20.6
173,21.2,20.9,21.0,21.0,21.0,20.8,20.9,21.0,21.0,21.0,20.9,20.8,20.9,21.0,20.9,20.8,20.9,20.9,20.9,20.8,20.8,20.7,20.7,20.7,20.8,20.8,20.8,20.8,20.7,20.7,20.8,20.7,20.7,20.7,20.7,20.7,20.7,20.7,20.7,20.7,20.8,20.7,20.8,20.9,20.9,21.0,20.8,20.7,20.7,20.8,20.7,20.7,20.7,20.8,20.8,20.7,20.8,20.7,20.9,20.8,20.8,20.7,20.7,20.7,20.7,20.7,20.7,20.6,20.7,20.5,20.7,20.7,20.7,20.7,20.8,20.7,20.7,20.8,20.7,20.7,20.7,20.7,20.7,20.7,20.8,20.7,20.7,20.6,20.7,20.7,20.6,20.6,20.7,20.7,20.6,20.7,20.7,20.6,20.7,20.7,20.6,20.7,20.5,20.7,20.7,20.7,20.6,20.7,20.7,20.7,20.7,20.6,20.7,20.7,20.7,20.7,20.6,20.7,20.7,20.7,20.7,20.7,20.7,20.6,20.5,20.6,20.7,20.7,20.7,20.7,20.7,20.7,20.6,20.7,20.7,20.7,20.7,20.7,20.8,20.7,20.7,20.5,20.6,20.7,20.7,20.7,20.6,20.6,20.5,20.6,20.7,20.6,20.6,20.5,20.6,20.7,20.7,20.6,20.5,20.7,20.7,20.5,20.6,20.5,20.5,20.4,20.3,20.5,20.4,20.4,20.4,20.5,20.6,20.6,20.5,20.6,20.5,20.5,20.7,20.7,20.6,20.6,20.5,20.6,20.7,20.7,20.6,20.4,20.6,20.4,20.5,20.5,20.5,20.7,20.6,20.5,20.5,20.5,20.5,20.5,20.6,20.6,20.7,20.5,20.5,20.7,20.5,20.7,20.7,20.7,20.5,20.7,20.5,20.6,20.5,20.6,20.5,20.5,20.5,20.8,20.7,20.7,20.6,20.6,20.6,20.7,20.7,20.7,20.5,20.5,20.6,20.4,20.6,20.5,20.6,20.5,20.7,20.7,20.5,20.6,20.6,20.7,20.7,20.7,20.7,20.6,20.7,20.6,20.5,20.5,20.6,20.7,20.7,20.7,20.5,20.4
174,21.2,21.0,20.9,21.0,21.0,21.0,20.9,20.9,20.9,20.8,21.0,20.9,20.9,21.0,20.8,21.0,20.9,20.8,21.0,20.8,20.9,20.9,20.7,20.8,20.8,20.8,20.8,20.8,20.8,20.8,20.7,20.7,20.8,20.7,20.8,20.7,20.7,20.8,20.8,20.6,20.6,20.7,20.7,20.8,20.8,20.8,20.7,20.7,20.7,20.7,20.7,20.8,20.7,20.6,20.8,20.7,20.8,20.7,20.7,20.8,20.8,20.7,20.7,20.7,20.7,20.6,20.7,20.7,20.7,20.6,20.7,20.7,20.7,20.7,20.8,20.8,20.7,20.7,20.7,20.8,20.7,20.5,20.7,20.7,20.7,20.7,20.7,20.6,20.6,20.6,20.7,20.7,20.7,20.7,20.7,20.8,20.7,20.6,20.6,20.5,20.6,20.6,20.7,20.7,20.6,20.7,20.7,20.7,20.8,20.8,20.6,20.6,20.7,20.7,20.7,20.7,20.7,20.6,20.7,20.7,20.7,20.7,20.6,20.7,20.6,20.7,20.7,20.7,20.7,20.7,20.7,20.7,20.7,20.7,20.7,20.7,20.7,20.7,20.7,20.7,20.6,20.6,20.7,20.7,20.5,20.6,20.5,20.7,20.6,20.6,20.7,20.6,20.7,20.6,20.7,20.7,20.6,20.5,20.5,20.7,20.6,20.6,20.6,20.7,20.5,20.5,20.5,20.7,20.5,20.5,20.6,20.5,20.5,20.5,20.6,20.4,20.5,20.5,20.5,20.5,20.7,20.6,20.5,20.5,20.5,20.6,20.6,20.5,20.6,20.6,20.5,20.4,20.6,20.6,20.7,20.5,20.5,20.4,20.5,20.6,20.5,20.6,20.6,20.6,20.7,20.6,20.5,20.6,20.7,20.5,20.7,20.7,20.7,20.8,20.6,20.6,20.6,20.5,20.5,20.7,20.7,20.7,20.7,20.8,20.7,20.5,20.5,20.6,20.6,20.4,20.6,20.7,20.5,20.5,20.8,20.6,20.8,20.7,20.6,20.8,20.7,20.6,20.6,20.7,20.5,20.7,20.7,20.5,20.7,20.5,20.7,20.7,20.6,20.5,20.6,20.4
175,20.9,20.9,21.0,21.0,21.0,20.9,21.0,21.0,21.0,20.9,20.8,20.9,20.7,21.0,20.9,20.8,21.0,20.8,20.7,20.8,20.9,20.8,20.9,20.8,20.8,20.8,20.8,20.8,20.7,20.8,20.7,20.7,20.7,20.6,20.7,20.7,20.7,20.6,20.7,20.7,20.8,20.7,20.7,20.8,20.8,20.8,20.8,20.7,20.7,20.7,20.8,20.7,20.7,20.7,20.7,20.7,20.7,20.5,20.7,20.8,20.7,20.7,20.7,20.7,20.5,20.7,20.7,20.7,20.6,20.6,20.7,20.6,20.6,20.6,20.8,20.7,20.8,20.8,20.7,20.8,20.7,20.6,20.7,20.7,20.7,20.7,20.7,20.6,20.5,20.5,20.5,20.5,20.7,20.6,20.7,20.7,20.6,20.5,20.7,20.5,20.6,20.6,20.6,20.5,20.7,20.7,20.7,20.7,20.7,20.7,20.7,20.7,20.6,20.7,20.7,20.6,20.7,20.7,20.7,20.7,20.6,20.5,20.6,20.6,20.6,20.7,20.7,20.7,20.7,20.7,20.7,20.6,20.7,20.7,20.6,20.6,20.5,20.7,20.7,20.7,20.6,20.8,20.6,20.6,20.7,20.6,20.5,20.7,20.7,20.7,20.7,20.7,20.6,20.7,20.5,20.6,20.5,20.4,20.5,20.6,20.4,20.5,20.7,20.5,20.7,20.6,20.5,20.5,20.5,20.4,20.5,20.6,20.5,20.5,20.5,20.5,20.5,20.4,20.5,20.7,20.5,20.7,20.6,20.6,20.7,20.4,20.6,20.6,20.5,20.6,20.7,20.5,20.6,20.5,20.5,20.6,20.5,20.6,20.6,20.5,20.6,20.6,20.6,20.5,20.6,20.5,20.6,20.7,20.7,20.7,20.6,20.7,20.7,20.7,20.6,20.7,20.5,20.5,20.6,20.7,20.5,20.7,20.7,20.7,20.7,20.5,20.5,20.5,20.7,20.6,20.6,20.8,20.7,20.8,20.7,20.7,20.7,20.8,20.7,20.7,20.6,20.7,20.7,20.7,20.7,20.5,20.7,20.7,20.7,20.7,20.5,20.6,20.6,20.5,20.5,20.5
176,20.7,20.9,21.0,21.0,21.0,20.9,20.9,21.0,20.9,21.0,20.8,20.9,20.8,20.8,21.0,20.9,21.0,20.7,20.8,20.7,20.8,20.9,20.7,20.8,20.9,20.8,20.8,20.8,21.0,20.9,20.8,20.9,20.8,20.8,20.8,20.7,20.7,20.9,20.7,20.7,20.7,20.7,20.7,20.8,20.9,20.7,20.7,20.7,20.7,20.7,20.8,20.7,20.7,20.7,20.6,20.7,20.6,20.7,20.7,20.7,20.6,20.7,20.5,20.7,20.7,20.7,20.7,20.7,20.7,20.8,20.8,20.7,20.7,20.6,20.7,20.8,20.8,20.8,20.8,20.8,20.7,20.6,20.6,20.7,20.5,20.7,20.6,20.6,20.6,20.5,20.5,20.7,20.7,20.7,20.7,20.6,20.6,20.7,20.7,20.7,20.7,20.6,20.7,20.6,20.6,20.6,20.7,20.6,20.7,20.5,20.7,20.6,20.7,20.7,20.7,20.7,20.5,20.7,20.7,20.7,20.7,20.5,20.7,20.7,20.5,20.6,20.6,20.6,20.8,20.7,20.7,20.5,20.7,20.6,20.7,20.5,20.5,20.7,20.6,20.7,20.6,20.7,20.4,20.6,20.5,20.7,20.5,20.7,20.7,20.5,20.6,20.5,20.6,20.6,20.6,20.7,20.6,20.6,20.5,20.5,20.5,20.5,20.6,20.6,20.6,20.5,20.4,20.5,20.5,20.5,20.6,20.5,20.6,20.6,20.5,20.4,20.5,20.5,20.5,20.5,20.5,20.5,20.5,20.6,20.5,20.6,20.5,20.7,20.7,20.6,20.7,20.7,20.4,20.7,20.5,20.6,20.6,20.5,20.5,20.7,20.7,20.6,20.7,20.7,20.6,20.7,20.7,20.5,20.5,20.5,20.6,20.6,20.7,20.7,20.5,20.5,20.5,20.5,20.5,20.6,20.6,20.8,20.7,20.5,20.7,20.6,20.6,20.6,20.5,20.7,20.5,20.7,20.6,20.7,20.6,20.5,20.7,20.7,20.6,20.7,20.7,20.4,20.6,20.6,20.7,20.5,20.6,20.5,20.4,20.7,20.5,20.5,20.4,20.5,20.6,20.7
177,21.0,20.9,21.2,21.0,21.0,20.8,20.9,21.0,20.9,20.9,21.0,20.8,20.9,21.0,20.8,20.9,20.9,20.7,20.9,20.8,21.0,20.8,20.8,20.7,20.8,20.9,20.8,20.8,20.9,20.7,20.9,20.8,20.8,20.8,20.7,20.7,20.7,20.5,20.8,20.8,20.7,20.6,20.8,20.7,20.7,20.7,20.7,20.7,20.6,20.7,20.7,20.7,20.7,20.7,20.8,20.6,20.6,20.7,20.7,20.7,20.7,20.6,20.6,20.7,20.5,20.7,20.5,20.5,20.6,20.7,20.7,20.6,20.6,20.7,20.6,20.7,20.8,20.8,20.8,20.7,20.8,20.6,20.7,20.7,20.7,20.6,20.4,20.6,20.6,20.6,20.6,20.5,20.7,20.6,20.6,20.4,20.6,20.5,20.6,20.5,20.7,20.7,20.7,20.7,20.7,20.7,20.7,20.7,20.7,20.6,20.6,20.6,20.7,20.7,20.7,20.6,20.7,20.7,20.6,20.4,20.5,20.6,20.5,20.7,20.5,20.5,20.5,20.6,20.6,20.5,20.6,20.5,20.5,20.5,20.5,20.5,20.5,20.6,20.5,20.5,20.6,20.6,20.5,20.6,20.5,20.5,20.7,20.5,20.7,20.6,20.7,20.5,20.4,20.4,20.5,20.5,20.5,20.5,20.6,20.5,20.4,20.5,20.7,20.6,20.5,20.4,20.5,20.5,20.6,20.4,20.5,20.5,20.5,20.5,20.6,20.5,20.4,20.4,20.4,20.3,20.4,20.5,20.5,20.5,20.6,20.5,20.6,20.7,20.5,20.6,20.6,20.5,20.5,20.5,20.4,20.5,20.7,20.6,20.7,20.6,20.6,20.5,20.5,20.6,20.5,20.7,20.5,20.6,20.4,20.7,20.6,20.7,20.7,20.5,20.5,20.5,20.4,20.6,20.7,20.6,20.7,20.5,20.5,20.5,20.6,20.6,20.5,20.6,20.6,20.7,20.5,20.6,20.5,20.6,20.7,20.5,20.8,20.5,20.7,20.7,20.5,20.5,20.6,20.6,20.4,20.5,20.6,20.6,20.4,20.5,20.4,20.6,20.5,20.4,20.6,20.8
178,20.8,20.8,21.0,21.0,20.9,21.0,20.9,20.9,20.8,20.8,21.0,20.8,20.8,21.0,20.8,21.0,20.8,20.8,20.8,20.9,20.8,20.8,20.8,20.8,20.7,20.9,20.8,21.0,20.8,20.9,20.8,20.9,20.9,21.0,21.0,20.7,20.8,20.8,20.8,20.8,20.7,20.9,20.7,20.8,20.8,20.7,20.7,20.7,20.7,20.6,20.7,20.8,20.7,20.5,20.7,20.7,20.6,20.6,20.7,20.7,20.7,20.6,20.6,20.7,20.6,20.7,20.7,20.8,20.7,20.8,20.8,20.7,20.7,20.7,20.7,20.8,20.7,20.6,20.7,20.7,20.5,20.7,20.5,20.7,20.7,20.7,20.7,20.6,20.6,20.7,20.5,20.5,20.6,20.6,20.7,20.6,20.5,20.7,20.5,20.6,20.7,20.7,20.6,20.7,20.7,20.7,20.7,20.7,20.7,20.7,20.7,20.7,20.6,20.7,20.6,20.7,20.6,20.7,20.6,20.6,20.7,20.6,20.5,20.5,20.5,20.5,20.5,20.5,20.5,20.5,20.5,20.7,20.5,20.5,20.6,20.6,20.7,20.5,20.6,20.5,20.5,20.5,20.5,20.5,20.5,20.7,20.7,20.7,20.6,20.7,20.7,20.5,20.5,20.6,20.7,20.5,20.5,20.5,20.5,20.6,20.5,20.6,20.5,20.4,20.5,20.6,20.6,20.6,20.5,20.5,20.6,20.7,20.5,20.5,20.6,20.5,20.6,20.4,20.4,20.5,20.5,20.4,20.5,20.5,20.5,20.5,20.7,20.6,20.6,20.5,20.6,20.6,20.7,20.5,20.4,20.5,20.5,20.6,20.8,20.5,20.5,20.4,20.5,20.6,20.7,20.7,20.5,20.5,20.5,20.7,20.6,20.5,20.5,20.5,20.5,20.7,20.6,20.6,20.4,20.5,20.7,20.7,20.7,20.5,20.6,20.6,20.6,20.5,20.6,20.5,20.6,20.5,20.6,20.6,20.6,20.5,20.4,20.5,20.7,20.5,20.7,20.6,20.6,20.4,20.5,20.5,20.5,20.3,20.5,20.5,20.4,20.4,20.5,20.5,20.5,20.5
179,20.8,20.9,21.0,21.0,21.0,20.9,20.8,20.8,21.0,20.8,20.8,20.9,21.0,20.9,20.8,20.9,20.9,20.8,20.8,20.8,20.9,20.9,20.8,20.8,20.8,20.9,20.8,21.0,20.8,21.0,20.9,20.8,20.9,20.8,20.9,20.9,20.9,20.8,20.8,20.7,20.8,20.8,20.8,20.7,20.8,20.8,20.7,20.8,20.8,20.5,20.8,20.7,20.9,20.7,20.7,20.6,20.7,20.8,20.7,20.8,20.7,20.8,20.7,20.7,20.7,20.7,20.7,20.7,20.7,20.7,20.7,20.6,20.5,20.7,20.7,20.7,20.6,20.6,20.7,20.6,20.7,20.6,20.7,20.7,20.7,20.6,20.7,20.6,20.6,20.7,20.7,20.7,20.7,20.5,20.6,20.6,20.5,20.7,20.5,20.6,20.7,20.6,20.7,20.7,20.7,20.7,20.7,20.7,20.7,20.7,20.6,20.7,20.6,20.7,20.7,20.7,20.6,20.7,20.6,20.7,20.5,20.6,20.6,20.6,20.7,20.5,20.5,20.6,20.6,20.6,20.7,20.6,20.5,20.5,20.7,20.7,20.7,20.5,20.5,20.5,20.6,20.5,20.6,20.5,20.5,20.6,20.7,20.6,20.7,20.7,20.6,20.6,20.5,20.6,20.6,20.6,20.5,20.5,20.5,20.5,20.6,20.5,20.5,20.5,20.6,20.6,20.5,20.5,20.5,20.6,20.6,20.6,20.6,20.6,20.5,20.7,20.6,20.6,20.5,20.4,20.6,20.5,20.5,20.5,20.5,20.6,20.6,20.5,20.5,20.5,20.6,20.5,20.6,20.6,20.5,20.6,20.7,20.5,20.7,20.6,20.6,20.5,20.6,20.5,20.6,20.5,20.7,20.6,20.6,20.6,20.7,20.7,20.6,20.6,20.5,20.5,20.5,20.5,20.7,20.7,20.5,20.6,20.5,20.6,20.6,20.6,20.5,20.6,20.5,20.7,20.7,20.7,20.6,20.7,20.5,20.7,20.7,20.7,20.6,20.7,20.5,20.5,20.9,20.5,20.4,20.4,20.6,20.5,20.5,20.5,20.7,20.7,20.6,20.5,20.5,20.5
180,20.8,21.0,20.8,20.8,20.9,20.9,20.8,20.8,20.8,20.8,20.8,20.8,20.8,20.9,20.8,20.8,20.9,20.8,20.9,20.9,20.9,20.8,20.9,20.9,20.7,20.8,20.7,21.0,20.8,21.0,20.8,21.0,20.8,20.8,21.0,20.8,20.9,20.8,20.8,20.8,20.9,21.0,20.8,20.8,20.7,21.0,20.7,20.7,20.7,20.8,20.8,20.7,20.7,20.7,20.7,20.6,20.7,20.7,20.8,20.7,20.8,20.8,20.7,20.7,20.7,20.7,20.7,20.7,20.8,20.8,20.7,20.7,20.7,20.6,20.8,20.7,20.7,20.7,20.6,20.6,20.7,20.5,20.7,20.7,20.7,20.8,20.6,20.6,20.7,20.7,20.7,20.7,20.5,20.6,20.7,20.7,20.7,20.6,20.6,20.5,20.5,20.5,20.6,20.7,20.8,20.7,20.6,20.7,20.7,20.6,20.7,20.6,20.7,20.7,20.7,20.6,20.6,20.7,20.8,20.7,20.7,20.4,20.5,20.6,20.6,20.6,20.6,20.5,20.6,20.5,20.6,20.6,20.7,20.5,20.6,20.5,20.7,20.6,20.7,20.5,20.5,20.6,20.5,20.4,20.5,20.5,20.6,20.6,20.5,20.5,20.5,20.4,20.5,20.5,20.4,20.5,20.5,20.6,20.5,20.5,20.5,20.4,20.5,20.5,20.6,20.6,20.6,20.5,20.5,20.6,20.6,20.5,20.5,20.5,20.5,20.6,20.5,20.6,20.4,20.4,20.5,20.5,20.5,20.5,20.5,20.6,20.6,20.5,20.6,20.5,20.4,20.5,20.6,20.5,20.5,20.6,20.5,20.6,20.6,20.6,20.4,20.5,20.5,20.5,20.5,20.5,20.6,20.5,20.5,20.6,20.5,20.5,20.6,20.5,20.5,20.4,20.5,20.4,20.5,20.6,20.6,20.5,20.5,20.4,20.6,20.6,20.5,20.5,20.6,20.5,20.5,20.5,20.6,20.6,20.5,20.6,20.7,20.7,20.6,20.7,20.5,20.8,20.7,20.5,20.5,20.5,20.6,20.6,20.7,20.5,20.6,20.5,20.5,20.5,20.6,20.5
181,20.7,20.9,20.8,20.9,20.8,20.8,20.8,20.8,20.9,20.8,20.7,20.8,20.9,20.8,20.8,20.8,20.8,20.8,20.8,20.8,20.9,20.8,20.7,20.8,20.7,20.8,20.8,20.8,20.8,21.0,20.9,20.9,20.7,21.0,20.7,20.8,20.8,20.8,20.7,20.8,20.7,20.8,20.8,20.7,20.7,20.7,20.8,20.8,20.8,20.7,20.7,20.8,20.7,20.7,20.7,20.7,20.8,20.7,20.7,20.8,20.8,20.9,20.7,20.7,20.6,20.7,20.8,20.6,20.7,20.7,20.9,20.7,20.7,20.7,20.7,20.6,20.7,20.7,20.5,20.7,20.6,20.6,20.6,20.7,20.7,20.7,20.7,20.6,20.6,20.7,20.5,20.7,20.6,20.5,20.6,20.7,20.6,20.7,20.7,20.6,20.7,20.7,20.7,20.6,20.7,20.5,20.7,20.7,20.6,20.5,20.6,20.6,20.6,20.7,20.7,20.5,20.8,20.6,20.7,20.7,20.7,20.5,20.5,20.5,20.5,20.5,20.6,20.7,20.7,20.5,20.7,20.6,20.6,20.5,20.6,20.6,20.7,20.5,20.5,20.5,20.5,20.6,20.5,20.5,20.4,20.5,20.5,20.6,20.7,20.7,20.5,20.5,20.4,20.5,20.5,20.5,20.4,20.5,20.5,20.5,20.4,20.5,20.4,20.4,20.4,20.4,20.4,20.6,20.5,20.5,20.5,20.6,20.5,20.6,20.5,20.6,20.6,20.5,20.5,20.5,20.6,20.4,20.4,20.6,20.4,20.5,20.5,20.5,20.5,20.4,20.5,20.4,20.5,20.6,20.4,20.5,20.4,20.4,20.6,20.6,20.5,20.6,20.7,20.5,20.5,20.6,20.5,20.5,20.5,20.5,20.7,20.4,20.5,20.4,20.5,20.4,20.5,20.4,20.5,20.5,20.5,20.5,20.5,20.5,20.5,20.5,20.5,20.5,20.6,20.5,20.6,20.6,20.5,20.5,20.7,20.4,20.7,20.7,20.6,20.6,20.5,20.7,20.7,20.7,20.5,20.7,20.7,20.6,20.2,20.5,20.5,20.5,20.5,20.6,20.5,20.7
182,21.0,20.8,20.7,20.8,20.8,20.9,20.9,21.0,20.9,20.8,20.8,20.7,20.9,20.8,20.8,20.9,20.9,20.9,20.7,20.8,20.8,20.8,20.9,20.8,20.8,20.8,20.8,21.0,20.8,21.0,20.9,20.8,20.7,20.9,21.0,20.8,20.8,20.9,21.0,20.8,20.8,20.8,20.7,20.8,20.7,20.8,20.8,20.8,20.8,20.9,20.8,20.8,20.7,20.7,20.9,20.8,20.8,20.8,20.8,20.8,20.8,20.8,20.8,20.7,20.7,20.7,20.7,20.8,20.8,20.7,20.7,20.7,20.7,20.7,20.8,20.6,20.7,20.7,20.6,20.8,20.7,20.6,20.7,20.7,20.5,20.7,20.6,20.6,20.5,20.6,20.7,20.7,20.6,20.6,20.6,20.6,20.6,20.6,20.7,20.6,20.5,20.6,20.6,20.7,20.6,20.7,20.7,20.5,20.7,20.7,20.5,20.6,20.6,20.6,20.7,20.7,20.7,20.7,20.6,20.6,20.5,20.7,20.5,20.7,20.6,20.7,20.6,20.7,20.7,20.6,20.6,20.6,20.7,20.6,20.6,20.7,20.6,20.5,20.6,20.6,20.5,20.5,20.5,20.5,20.6,20.6,20.5,20.6,20.5,20.5,20.5,20.5,20.5,20.5,20.4,20.5,20.5,20.5,20.4,20.5,20.5,20.4,20.5,20.4,20.5,20.5,20.5,20.6,20.5,20.7,20.5,20.7,20.6,20.5,20.6,20.6,20.5,20.5,20.5,20.5,20.5,20.5,20.5,20.4,20.5,20.5,20.4,20.6,20.4,20.5,20.6,20.5,20.5,20.6,20.6,20.6,20.7,20.7,20.5,20.7,20.6,20.7,20.6,20.7,20.6,20.5,20.6,20.5,20.6,20.7,20.4,20.5,20.5,20.4,20.5,20.5,20.5,20.4,20.4,20.5,20.4,20.5,20.5,20.4,20.5,20.7,20.5,20.5,20.5,20.6,20.4,20.5,20.6,20.7,20.6,20.5,20.7,20.8,20.7,20.7,20.5,20.7,20.7,20.5,20.5,20.7,20.7,20.4,20.7,20.6,20.5,20.5,20.5,20.7,20.6,20.4
183,20.7,20.9,20.9,20.8,20.7,20.8,20.8,20.7,20.9,20.7,20.8,20.8,20.8,20.8,20.8,20.8,21.0,20.9,20.8,20.7,20.8,20.9,21.0,21.0,20.8,20.8,20.8,20.8,20.8,20.8,20.8,20.8,20.8,20.8,20.8,20.7,20.9,20.7,20.8,20.7,20.8,20.6,20.7,20.7,20.7,20.8,20.8,20.8,20.8,20.7,20.9,20.9,20.8,20.9,20.7,20.9,20.7,20.8,20.7,20.9,20.8,20.9,20.7,20.7,20.8,20.7,20.7,20.9,20.8,20.7,20.8,20.7,20.7,20.8,20.8,20.8,20.7,20.8,20.7,20.7,20.6,20.7,20.7,20.7,20.6,20.7,20.7,20.6,20.6,20.5,20.8,20.7,20.6,20.5,20.6,20.7,20.6,20.7,20.7,20.5,20.5,20.6,20.7,20.6,20.5,20.7,20.6,20.7,20.5,20.6,20.7,20.7,20.7,20.7,20.6,20.7,20.7,20.7,20.7,20.6,20.7,20.6,20.6,20.7,20.6,20.5,20.7,20.7,20.7,20.7,20.6,20.5,20.5,20.6,20.7,20.5,20.5,20.6,20.5,20.5,20.4,20.5,20.6,20.6,20.6,20.6,20.6,20.4,20.5,20.4,20.6,20.5,20.5,20.4,20.5,20.5,20.5,20.4,20.4,20.5,20.5,20.5,20.5,20.4,20.5,20.5,20.5,20.5,20.4,20.5,20.6,20.5,20.4,20.5,20.6,20.4,20.4,20.5,20.7,20.5,20.5,20.4,20.5,20.5,20.5,20.5,20.4,20.5,20.6,20.6,20.6,20.6,20.4,20.4,20.4,20.7,20.6,20.6,20.7,20.7,20.7,20.6,20.5,20.7,20.6,20.6,20.6,20.7,20.5,20.4,20.5,20.6,20.5,20.6,20.5,20.4,20.5,20.5,20.5,20.5,20.5,20.5,20.6,20.5,20.4,20.5,20.5,20.4,20.4,20.4,20.6,20.7,20.5,20.5,20.7,20.5,20.7,20.7,20.7,20.7,20.5,20.7,20.5,20.7,20.7,20.7,20.5,20.7,20.7,20.7,20.5,20.5,20.6,20.6,20.6,20.5
184,21.0,21.0,20.7,20.7,20.8,20.7,20.8,20.8,21.0,20.8,20.7,20.8,21.0,20.8,20.9,20.8,20.9,20.8,20.7,20.9,20.8,20.8,20.9,20.7,20.7,20.7,20.7,20.8,20.7,20.7,20.7,20.7,20.7,20.8,20.9,20.7,20.7,20.9,20.8,20.7,20.8,20.7,20.8,20.6,20.7,20.7,20.7,20.8,20.7,20.7,20.8,20.7,20.8,20.7,20.7,20.7,20.7,20.8,20.8,20.7,20.8,20.7,20.7,20.8,20.7,20.8,20.7,20.7,20.7,20.6,20.7,20.7,20.6,20.7,20.8,20.7,20.7,20.7,20.7,20.7,20.8,20.6,20.7,20.7,20.7,20.7,20.6,20.6,20.6,20.7,20.6,20.7,20.7,20.5,20.6,20.5,20.7,20.6,20.6,20.4,20.6,20.6,20.5,20.6,20.6,20.7,20.6,20.5,20.6,20.5,20.7,20.5,20.5,20.7,20.6,20.6,20.7,20.5,20.5,20.6,20.6,20.6,20.5,20.7,20.6,20.6,20.5,20.6,20.8,20.4,20.5,20.5,20.6,20.5,20.5,20.7,20.4,20.5,20.6,20.4,20.5,20.5,20.5,20.5,20.5,20.4,20.4,20.5,20.4,20.4,20.5,20.5,20.5,20.5,20.6,20.5,20.5,20.4,20.6,20.6,20.4,20.4,20.4,20.4,20.5,20.4,20.5,20.6,20.5,20.4,20.3,20.5,20.3,20.5,20.5,20.5,20.5,20.5,20.7,20.5,20.5,20.4,20.4,20.5,20.6,20.5,20.4,20.5,20.5,20.5,20.4,20.6,20.5,20.5,20.6,20.5,20.5,20.5,20.5,20.5,20.6,20.5,20.6,20.4,20.6,20.7,20.4,20.5,20.5,20.4,20.4,20.5,20.5,20.7,20.6,20.7,20.4,20.6,20.5,20.5,20.3,20.4,20.3,20.5,20.5,20.6,20.5,20.4,20.3,20.5,20.6,20.6,20.5,20.6,20.7,20.5,20.6,20.6,20.7,20.6,20.4,20.7,20.6,20.6,20.5,20.4,20.7,20.6,20.7,20.6,20.5,20.6,20.6,20.5,20.5,20.7
185,20.8,20.9,20.8,20.6,20.7,20.7,20.8,21.0,20.8,20.8,20.8,20.8,20.8,20.7,20.8,20.8,20.7,20.8,20.7,20.8,20.7,20.9,20.9,20.8,20.8,20.8,20.8,20.7,20.7,20.7,20.7,20.8,20.7,20.8,20.8,20.7,20.8,20.8,20.8,20.7,20.7,20.7,20.7,20.7,20.7,20.8,20.7,20.7,20.7,20.8,20.7,20.8,20.7,20.8,20.7,20.8,20.8,20.7,20.9,20.9,20.8,20.8,20.6,20.7,20.7,20.7,20.8,20.7,20.7,20.6,20.8,20.7,20.7,20.7,20.7,20.7,20.8,20.7,20.7,20.7,20.7,20.7,20.7,20.8,20.7,20.6,20.7,20.8,20.7,20.8,20.7,20.6,20.7,20.7,20.6,20.7,20.7,20.6,20.7,20.7,20.6,20.7,20.7,20.6,20.5,20.6,20.7,20.6,20.6,20.6,20.5,20.7,20.6,20.7,20.6,20.5,20.6,20.6,20.6,20.6,20.6,20.6,20.5,20.6,20.5,20.6,20.7,20.4,20.5,20.5,20.5,20.5,20.6,20.6,20.5,20.5,20.5,20.7,20.4,20.4,20.5,20.4,20.5,20.6,20.6,20.5,20.4,20.5,20.5,20.5,20.5,20.4,20.6,20.5,20.7,20.4,20.6,20.4,20.5,20.6,20.5,20.5,20.4,20.5,20.4,20.6,20.6,20.5,20.5,20.3,20.4,20.4,20.4,20.4,20.4,20.6,20.4,20.5,20.4,20.4,20.6,20.5,20.4,20.6,20.5,20.5,20.6,20.6,20.5,20.4,20.5,20.4,20.5,20.4,20.5,20.5,20.6,20.5,20.5,20.6,20.7,20.6,20.5,20.6,20.5,20.5,20.5,20.5,20.5,20.5,20.5,20.5,20.6,20.6,20.6,20.5,20.5,20.4,20.5,20.5,20.5,20.4,20.4,20.4,20.7,20.4,20.6,20.4,20.4,20.5,20.4,20.5,20.5,20.6,20.5,20.5,20.5,20.5,20.6,20.6,20.5,20.5,20.5,20.6,20.4,20.5,20.7,20.6,20.5,20.4,20.5,20.6,20.4,20.7,20.7,20.8
186,20.6,20.8,20.9,20.7,20.6,20.8,20.7,20.7,20.8,20.8,20.8,20.7,20.7,20.8,20.9,20.8,20.8,20.7,20.8,20.7,20.9,20.8,20.8,20.7,20.7,20.8,20.8,20.7,20.6,20.8,20.8,20.8,20.8,20.7,20.7,20.7,20.8,20.8,20.8,20.7,20.7,20.7,20.7,20.7,20.8,20.8,20.8,20.7,20.7,20.7,20.7,20.7,20.7,20.7,20.7,20.7,20.9,20.8,20.8,20.7,20.8,20.8,20.7,20.8,20.7,20.7,20.7,20.7,20.7,20.7,20.7,20.8,20.7,20.7,20.7,20.7,20.7,20.7,20.7,20.7,20.7,20.7,20.9,20.9,20.7,20.7,20.7,20.7,20.7,20.7,20.7,20.7,20.7,20.8,20.7,20.7,20.7,20.7,20.7,20.7,20.7,20.7,20.7,20.7,20.6,20.7,20.7,20.7,20.7,20.6,20.6,20.5,20.6,20.7,20.7,20.7,20.5,20.6,20.7,20.6,20.5,20.5,20.5,20.5,20.7,20.6,20.6,20.7,20.7,20.4,20.5,20.6,20.4,20.6,20.5,20.5,20.4,20.7,20.5,20.5,20.5,20.5,20.6,20.5,20.5,20.4,20.4,20.5,20.5,20.4,20.4,20.5,20.4,20.6,20.6,20.5,20.6,20.6,20.5,20.5,20.5,20.5,20.4,20.4,20.5,20.3,20.5,20.5,20.5,20.4,20.2,20.5,20.3,20.4,20.3,20.5,20.5,20.5,20.6,20.6,20.6,20.5,20.5,20.5,20.5,20.4,20.4,20.6,20.5,20.5,20.4,20.4,20.4,20.3,20.5,20.5,20.6,20.5,20.5,20.6,20.6,20.6,20.5,20.7,20.6,20.6,20.4,20.5,20.5,20.4,20.4,20.6,20.5,20.5,20.4,20.6,20.5,20.7,20.4,20.4,20.6,20.6,20.4,20.7,20.4,20.4,20.5,20.4,20.5,20.4,20.6,20.5,20.5,20.7,20.4,20.4,20.6,20.7,20.5,20.6,20.7,20.7,20.6,20.5,20.5,20.6,20.5,20.6,20.6,20.7,20.5,20.5,20.4,20.7,20.7,20.6
187,20.7,20.9,20.8,20.8,20.6,20.7,20.7,20.8,20.8,20.7,20.7,20.7,20.8,20.7,20.8,20.7,20.8,20.7,20.7,20.7,20.7,20.7,20.8,20.7,20.8,20.7,20.7,20.7,20.7,20.7,20.9,20.9,20.7,20.7,20.7,20.7,20.8,20.7,20.5,20.7,20.8,20.8,20.7,20.7,20.7,20.7,20.7,20.7,20.6,20.6,20.7,20.7,20.8,20.7,20.7,20.7,20.8,20.7,20.7,20.8,20.7,20.7,20.6,20.7,20.8,20.7,20.7,20.8,20.7,20.7,20.7,20.7,20.7,20.8,20.7,20.7,20.8,20.7,20.6,20.8,20.8,20.8,20.7,20.7,20.7,20.7,20.7,20.7,20.6,20.7,20.7,20.7,20.6,20.8,20.6,20.7,20.8,20.7,20.7,20.7,20.7,20.7,20.7,20.7,20.7,20.6,20.7,20.7,20.7,20.7,20.6,20.6,20.5,20.7,20.5,20.6,20.6,20.6,20.6,20.7,20.6,20.6,20.5,20.5,20.7,20.6,20.6,20.4,20.7,20.5,20.5,20.5,20.8,20.6,20.5,20.5,20.5,20.4,20.4,20.5,20.6,20.5,20.4,20.5,20.6,20.4,20.3,20.5,20.5,20.5,20.6,20.6,20.5,20.5,20.5,20.5,20.6,20.5,20.4,20.5,20.4,20.5,20.5,20.4,20.4,20.4,20.5,20.4,20.4,20.4,20.3,20.4,20.4,20.4,20.4,20.5,20.5,20.5,20.6,20.4,20.5,20.3,20.4,20.4,20.5,20.4,20.5,20.5,20.5,20.6,20.4,20.4,20.3,20.5,20.5,20.5,20.4,20.5,20.4,20.4,20.6,20.5,20.5,20.5,20.5,20.5,20.4,20.5,20.4,20.4,20.5,20.5,20.6,20.5,20.5,20.6,20.5,20.5,20.5,20.4,20.5,20.5,20.4,20.3,20.4,20.5,20.4,20.2,20.3,20.4,20.4,20.4,20.5,20.5,20.6,20.4,20.5,20.5,20.5,20.5,20.6,20.5,20.6,20.5,20.4,20.5,20.6,20.5,20.4,20.5,20.7,20.5,20.2,20.5,20.6,20.4
188,20.7,20.8,20.7,20.8,20.8,20.8,20.6,20.8,20.7,20.7,20.7,20.7,21.0,20.7,20.8,20.8,20.9,20.8,20.7,20.8,20.8,20.7,20.7,20.7,20.7,20.6,20.7,20.7,20.7,20.8,20.8,20.7,20.8,20.7,20.8,20.8,20.7,20.8,20.7,20.9,20.7,20.8,20.7,20.8,20.7,20.8,20.6,20.6,20.8,20.8,20.7,20.7,20.7,20.8,20.8,20.7,20.8,20.7,20.8,20.7,20.7,20.8,20.7,20.7,20.8,20.8,20.8,20.8,20.8,20.8,20.8,20.7,20.8,20.7,20.7,20.7,20.7,20.7,20.7,20.7,20.8,20.7,20.7,20.8,20.7,20.7,20.8,20.7,20.8,20.8,20.7,20.7,20.7,20.7,20.7,20.6,20.6,20.6,20.6,20.7,20.8,20.7,20.6,20.7,20.7,20.8,20.7,20.7,20.6,20.6,20.7,20.7,20.7,20.5,20.7,20.7,20.7,20.7,20.7,20.8,20.5,20.7,20.6,20.6,20.8,20.6,20.7,20.8,20.7,20.6,20.6,20.6,20.5,20.7,20.7,20.6,20.6,20.4,20.7,20.6,20.7,20.5,20.6,20.5,20.4,20.6,20.4,20.4,20.5,20.5,20.5,20.6,20.7,20.4,20.5,20.5,20.4,20.5,20.5,20.4,20.5,20.5,20.5,20.5,20.4,20.6,20.4,20.4,20.4,20.6,20.4,20.4,20.5,20.4,20.5,20.5,20.6,20.5,20.5,20.4,20.5,20.5,20.6,20.5,20.4,20.4,20.5,20.4,20.5,20.4,20.4,20.5,20.7,20.5,20.5,20.5,20.6,20.4,20.4,20.4,20.5,20.5,20.5,20.5,20.5,20.5,20.4,20.5,20.5,20.5,20.8,20.5,20.5,20.6,20.7,20.4,20.6,20.5,20.5,20.6,20.5,20.6,20.6,20.6,20.5,20.5,20.4,20.4,20.4,20.5,20.4,20.5,20.5,20.6,20.5,20.5,20.6,20.4,20.6,20.5,20.7,20.5,20.6,20.4,20.5,20.4,20.5,20.5,20.4,20.5,20.6,20.7,20.7,20.6,20.5,20.7
189,21.2,21.0,20.9,20.8,20.9,20.8,20.8,20.9,20.8,20.7,20.8,20.7,20.8,20.8,20.8,20.8,20.7,20.7,20.7,20.7,20.8,21.0,20.7,20.7,20.7,20.7,20.7,20.7,20.7,20.7,20.7,20.8,20.8,20.8,21.0,20.9,20.8,20.9,20.8,20.8,20.8,20.8,20.7,20.7,20.7,20.7,20.6,20.7,20.7,20.7,20.7,20.7,20.7,20.7,20.8,20.7,20.8,20.8,20.7,20.7,20.7,20.7,20.7,20.8,20.8,20.8,20.7,20.8,20.7,20.7,20.7,20.8,20.7,20.7,20.6,20.7,20.6,20.7,20.7,20.7,20.7,20.8,20.8,20.8,20.7,20.7,20.7,20.9,20.7,20.7,20.7,20.8,20.7,20.7,20.7,20.5,20.7,20.7,20.7,20.8,20.7,20.7,20.7,20.7,20.6,20.7,20.7,20.7,20.8,20.7,20.7,20.6,20.5,20.7,20.7,20.7,20.8,20.7,20.7,20.7,20.5,20.7,20.6,20.6,20.7,20.7,20.6,20.7,20.6,20.7,20.7,20.7,20.6,20.7,20.7,20.6,20.5,20.6,20.6,20.6,20.5,20.6,20.6,20.5,20.4,20.4,20.6,20.4,20.6,20.5,20.6,20.6,20.7,20.5,20.6,20.4,20.5,20.4,20.5,20.5,20.4,20.5,20.5,20.5,20.4,20.5,20.5,20.4,20.5,20.4,20.5,20.5,20.5,20.5,20.5,20.5,20.4,20.4,20.5,20.7,20.6,20.5,20.6,20.4,20.5,20.3,20.4,20.4,20.4,20.5,20.6,20.4,20.6,20.5,20.4,20.3,20.4,20.5,20.4,20.6,20.5,20.5,20.4,20.4,20.6,20.4,20.6,20.4,20.5,20.5,20.4,20.5,20.5,20.4,20.4,20.6,20.6,20.4,20.4,20.5,20.5,20.4,20.4,20.5,20.5,20.4,20.4,20.4,20.5,20.5,20.5,20.5,20.4,20.4,20.5,20.7,20.5,20.5,20.6,20.5,20.4,20.4,20.4,20.4,20.5,20.6,20.6,20.5,20.4,20.6,20.5,20.7,20.5,20.5,20.7,21.0
190,20.8,21.0,20.8,20.9,20.9,20.8,20.7,21.0,20.7,20.8,20.8,20.9,20.6,20.7,20.9,20.8,20.8,20.7,20.7,20.7,20.8,20.8,20.7,20.7,20.7,20.8,20.7,20.8,20.7,20.8,20.7,20.8,20.8,20.8,20.9,20.8,20.9,20.7,20.8,20.7,20.7,20.8,20.7,20.7,20.7,20.7,20.7,20.7,20.9,20.7,20.7,20.8,20.6,20.7,20.7,20.7,20.7,20.7,20.7,20.8,20.9,20.7,20.8,21.0,20.7,20.8,20.8,20.7,20.8,20.9,20.7,20.7,20.7,20.7,20.8,20.6,20.6,20.6,20.7,20.7,20.9,20.7,20.8,20.7,20.7,20.7,20.5,20.5,20.8,20.7,20.7,20.5,20.8,20.8,20.7,20.6,20.6,20.7,20.7,20.7,20.7,20.7,20.7,20.6,20.7,20.7,20.7,20.7,20.7,20.7,20.6,20.7,20.7,20.7,20.8,20.7,20.8,20.8,20.7,20.6,20.7,20.7,20.7,20.5,20.5,20.5,20.7,20.7,20.6,20.7,20.7,20.7,20.7,20.8,20.6,20.8,20.6,20.7,20.5,20.5,20.7,20.8,20.7,20.7,20.6,20.6,20.6,20.7,20.4,20.5,20.7,20.5,20.7,20.6,20.6,20.8,20.6,20.6,20.7,20.7,20.5,20.5,20.4,20.4,20.5,20.5,20.4,20.5,20.4,20.5,20.5,20.6,20.5,20.6,20.5,20.5,20.4,20.4,20.6,20.7,20.4,20.5,20.6,20.4,20.4,20.5,20.5,20.5,20.5,20.5,20.6,20.5,20.6,20.5,20.6,20.5,20.6,20.7,20.6,20.6,20.5,20.5,20.5,20.4,20.4,20.5,20.6,20.6,20.5,20.7,20.5,20.7,20.5,20.4,20.5,20.6,20.6,20.6,20.5,20.6,20.5,20.6,20.6,20.6,20.4,20.5,20.5,20.4,20.5,20.4,20.5,20.6,20.5,20.7,20.7,20.6,20.7,20.7,20.7,20.5,20.5,20.4,20.4,20.7,20.6,20.6,20.6,20.6,20.7,20.8,20.7,20.6,20.6,20.6,20.5,20.5
191,20.8,20.7,21.0,20.8,21.0,21.0,20.7,21.0,20.7,20.8,20.7,20.8,20.8,20.7,20.8,20.7,21.2,20.8,20.7,20.9,20.7,20.8,20.7,20.7,20.7,20.7,20.7,20.7,20.7,20.7,20.7,20.6,20.9,20.8,20.8,20.9,21.0,21.0,20.8,20.6,20.8,21.0,20.7,21.0,20.7,20.7,20.9,20.8,20.8,20.7,20.7,20.7,20.9,20.8,20.8,20.8,20.5,20.8,20.7,20.8,20.7,20.7,20.7,21.0,20.7,20.5,21.0,20.7,20.9,20.7,20.8,21.0,20.5,20.8,20.7,20.7,20.3,20.7,20.7,20.4,20.7,20.7,20.3,20.7,20.6,20.5,20.7,20.4,20.8,20.8,20.8,20.7,20.7,21.0,20.5,20.7,20.7,20.7,20.4,20.7,20.7,20.7,20.4,20.7,20.7,20.8,20.8,20.7,20.7,20.9,20.7,20.6,20.5,20.5,20.8,20.8,20.7,20.7,20.7,21.0,20.6,20.5,20.5,20.4,20.7,20.1,20.3,20.8,20.4,20.6,20.7,20.6,20.6,20.7,20.4,20.7,20.3,20.4,20.7,20.4,20.4,20.5,20.6,20.6,20.8,20.7,20.7,20.9,20.4,20.7,20.6,20.4,20.6,20.4,20.6,20.5,20.2,20.4,20.6,20.8,20.5,20.5,20.5,20.5,20.4,20.2,20.5,20.4,20.2,20.4,20.5,20.5,20.5,20.2,20.6,20.4,20.5,20.5,20.4,20.7,20.2,20.4,20.7,20.5,20.0,20.5,20.4,20.5,20.4,20.4,20.5,20.5,20.5,20.7,20.4,20.4,20.6,20.7,20.2,20.7,20.7,20.4,20.7,20.5,20.5,20.4,20.3,20.5,20.1,20.7,20.4,20.7,20.4,19.8,20.4,20.7,20.5,20.2,20.6,20.6,20.6,20.6,20.3,20.8,20.7,20.5,20.4,20.8,20.5,20.5,20.4,20.8,20.5,20.7,20.6,20.7,20.5,20.6,20.9,20.6,20.8,20.6,20.3,20.5,20.4,20.6,20.8,20.4,20.5,20.8,20.7,20.5,20.8,20.5,20.4,20.8
